Oct 07 18:36:06 ubuntu kernel: Linux version 6.8.0-142-generic (buildd@lcy02-amd64-049) (x86_64-linux-gnu-gcc-13 (Ubuntu 13.3.0-6ubuntu2~24.04.1) 13.3.0, GNU ld (GNU Binutils for Ubuntu) 2.42) #142-Ubuntu SMP PREEMPT_DYNAMIC Wed Sep  2 14:24:27 UTC 2026 (Ubuntu 6.8.0-142.142-generic 6.8.12)
Oct 07 18:36:06 ubuntu kernel: Command line: BOOT_IMAGE=/vmlinuz-6.8.0-142-generic root=LABEL=cloudimg-rootfs ro console=tty1 console=ttyS0
Oct 07 18:36:06 ubuntu kernel: KERNEL supported cpus:
Oct 07 18:36:06 ubuntu kernel:   Intel GenuineIntel
Oct 07 18:36:06 ubuntu kernel:   AMD AuthenticAMD
Oct 07 18:36:06 ubuntu kernel:   Hygon HygonGenuine
Oct 07 18:36:06 ubuntu kernel:   Centaur CentaurHauls
Oct 07 18:36:06 ubuntu kernel:   zhaoxin   Shanghai  
Oct 07 18:36:06 ubuntu kernel: BIOS-provided physical RAM map:
Oct 07 18:36:06 ubuntu kernel: BIOS-e820: [mem 0x0000000000000000-0x000000000009fbff] usable
Oct 07 18:36:06 ubuntu kernel: BIOS-e820: [mem 0x000000000009fc00-0x000000000009ffff] reserved
Oct 07 18:36:06 ubuntu kernel: BIOS-e820: [mem 0x00000000000f0000-0x00000000000fffff] reserved
Oct 07 18:36:06 ubuntu kernel: BIOS-e820: [mem 0x0000000000100000-0x00000000bffdcfff] usable
Oct 07 18:36:06 ubuntu kernel: BIOS-e820: [mem 0x00000000bffdd000-0x00000000bfffffff] reserved
Oct 07 18:36:06 ubuntu kernel: BIOS-e820: [mem 0x00000000feffc000-0x00000000feffffff] reserved
Oct 07 18:36:06 ubuntu kernel: BIOS-e820: [mem 0x00000000fffc0000-0x00000000ffffffff] reserved
Oct 07 18:36:06 ubuntu kernel: BIOS-e820: [mem 0x0000000100000000-0x000000013fffffff] usable
Oct 07 18:36:06 ubuntu kernel: NX (Execute Disable) protection: active
Oct 07 18:36:06 ubuntu kernel: APIC: Static calls initialized
Oct 07 18:36:06 ubuntu kernel: SMBIOS 3.0.0 present.
Oct 07 18:36:06 ubuntu kernel: DMI: QEMU Ubuntu 24.04 PC v2 (i440FX + PIIX, arch_caps fix, 1996), BIOS 1.16.3-debian-1.16.3-2 04/01/2014
Oct 07 18:36:06 ubuntu kernel: Hypervisor detected: KVM
Oct 07 18:36:06 ubuntu kernel: kvm-clock: Using msrs 4b564d01 and 4b564d00
Oct 07 18:36:06 ubuntu kernel: kvm-clock: using sched offset of 2005542894 cycles
Oct 07 18:36:06 ubuntu kernel: clocksource: kvm-clock: mask: 0xffffffffffffffff max_cycles: 0x1cd42e4dffb, max_idle_ns: 881590591483 ns
Oct 07 18:36:06 ubuntu kernel: tsc: Detected 3599.892 MHz processor
Oct 07 18:36:06 ubuntu kernel: e820: update [mem 0x00000000-0x00000fff] usable ==> reserved
Oct 07 18:36:06 ubuntu kernel: e820: remove [mem 0x000a0000-0x000fffff] usable
Oct 07 18:36:06 ubuntu kernel: last_pfn = 0x140000 max_arch_pfn = 0x400000000
Oct 07 18:36:06 ubuntu kernel: MTRR map: 4 entries (3 fixed + 1 variable; max 19), built from 8 variable MTRRs
Oct 07 18:36:06 ubuntu kernel: x86/PAT: Configuration [0-7]: WB  WC  UC- UC  WB  WP  UC- WT  
Oct 07 18:36:06 ubuntu kernel: last_pfn = 0xbffdd max_arch_pfn = 0x400000000
Oct 07 18:36:06 ubuntu kernel: found SMP MP-table at [mem 0x000f5470-0x000f547f]
Oct 07 18:36:06 ubuntu kernel: Using GB pages for direct mapping
Oct 07 18:36:06 ubuntu kernel: RAMDISK: [mem 0x3455f000-0x362a6fff]
Oct 07 18:36:06 ubuntu kernel: ACPI: Early table checksum verification disabled
Oct 07 18:36:06 ubuntu kernel: ACPI: RSDP 0x00000000000F5260 000014 (v00 BOCHS )
Oct 07 18:36:06 ubuntu kernel: ACPI: RSDT 0x00000000BFFE1D6F 000034 (v01 BOCHS  BXPC     00000001 BXPC 00000001)
Oct 07 18:36:06 ubuntu kernel: ACPI: FACP 0x00000000BFFE1C0B 000074 (v01 BOCHS  BXPC     00000001 BXPC 00000001)
Oct 07 18:36:06 ubuntu kernel: ACPI: DSDT 0x00000000BFFE0040 001BCB (v01 BOCHS  BXPC     00000001 BXPC 00000001)
Oct 07 18:36:06 ubuntu kernel: ACPI: FACS 0x00000000BFFE0000 000040
Oct 07 18:36:06 ubuntu kernel: ACPI: APIC 0x00000000BFFE1C7F 000090 (v03 BOCHS  BXPC     00000001 BXPC 00000001)
Oct 07 18:36:06 ubuntu kernel: ACPI: HPET 0x00000000BFFE1D0F 000038 (v01 BOCHS  BXPC     00000001 BXPC 00000001)
Oct 07 18:36:06 ubuntu kernel: ACPI: WAET 0x00000000BFFE1D47 000028 (v01 BOCHS  BXPC     00000001 BXPC 00000001)
Oct 07 18:36:06 ubuntu kernel: ACPI: Reserving FACP table memory at [mem 0xbffe1c0b-0xbffe1c7e]
Oct 07 18:36:06 ubuntu kernel: ACPI: Reserving DSDT table memory at [mem 0xbffe0040-0xbffe1c0a]
Oct 07 18:36:06 ubuntu kernel: ACPI: Reserving FACS table memory at [mem 0xbffe0000-0xbffe003f]
Oct 07 18:36:06 ubuntu kernel: ACPI: Reserving APIC table memory at [mem 0xbffe1c7f-0xbffe1d0e]
Oct 07 18:36:06 ubuntu kernel: ACPI: Reserving HPET table memory at [mem 0xbffe1d0f-0xbffe1d46]
Oct 07 18:36:06 ubuntu kernel: ACPI: Reserving WAET table memory at [mem 0xbffe1d47-0xbffe1d6e]
Oct 07 18:36:06 ubuntu kernel: No NUMA configuration found
Oct 07 18:36:06 ubuntu kernel: Faking a node at [mem 0x0000000000000000-0x000000013fffffff]
Oct 07 18:36:06 ubuntu kernel: NODE_DATA(0) allocated [mem 0x13ffd3000-0x13fffdfff]
Oct 07 18:36:06 ubuntu kernel: Zone ranges:
Oct 07 18:36:06 ubuntu kernel:   DMA      [mem 0x0000000000001000-0x0000000000ffffff]
Oct 07 18:36:06 ubuntu kernel:   DMA32    [mem 0x0000000001000000-0x00000000ffffffff]
Oct 07 18:36:06 ubuntu kernel:   Normal   [mem 0x0000000100000000-0x000000013fffffff]
Oct 07 18:36:06 ubuntu kernel:   Device   empty
Oct 07 18:36:06 ubuntu kernel: Movable zone start for each node
Oct 07 18:36:06 ubuntu kernel: Early memory node ranges
Oct 07 18:36:06 ubuntu kernel:   node   0: [mem 0x0000000000001000-0x000000000009efff]
Oct 07 18:36:06 ubuntu kernel:   node   0: [mem 0x0000000000100000-0x00000000bffdcfff]
Oct 07 18:36:06 ubuntu kernel:   node   0: [mem 0x0000000100000000-0x000000013fffffff]
Oct 07 18:36:06 ubuntu kernel: Initmem setup node 0 [mem 0x0000000000001000-0x000000013fffffff]
Oct 07 18:36:06 ubuntu kernel: On node 0, zone DMA: 1 pages in unavailable ranges
Oct 07 18:36:06 ubuntu kernel: On node 0, zone DMA: 97 pages in unavailable ranges
Oct 07 18:36:06 ubuntu kernel: On node 0, zone Normal: 35 pages in unavailable ranges
Oct 07 18:36:06 ubuntu kernel: ACPI: PM-Timer IO Port: 0x608
Oct 07 18:36:06 ubuntu kernel: ACPI: LAPIC_NMI (acpi_id[0xff] dfl dfl lint[0x1])
Oct 07 18:36:06 ubuntu kernel: IOAPIC[0]: apic_id 0, version 17, address 0xfec00000, GSI 0-23
Oct 07 18:36:06 ubuntu kernel: ACPI: INT_SRC_OVR (bus 0 bus_irq 0 global_irq 2 dfl dfl)
Oct 07 18:36:06 ubuntu kernel: ACPI: INT_SRC_OVR (bus 0 bus_irq 5 global_irq 5 high level)
Oct 07 18:36:06 ubuntu kernel: ACPI: INT_SRC_OVR (bus 0 bus_irq 9 global_irq 9 high level)
Oct 07 18:36:06 ubuntu kernel: ACPI: INT_SRC_OVR (bus 0 bus_irq 10 global_irq 10 high level)
Oct 07 18:36:06 ubuntu kernel: ACPI: INT_SRC_OVR (bus 0 bus_irq 11 global_irq 11 high level)
Oct 07 18:36:06 ubuntu kernel: ACPI: Using ACPI (MADT) for SMP configuration information
Oct 07 18:36:06 ubuntu kernel: ACPI: HPET id: 0x8086a201 base: 0xfed00000
Oct 07 18:36:06 ubuntu kernel: TSC deadline timer available
Oct 07 18:36:06 ubuntu kernel: smpboot: Allowing 4 CPUs, 0 hotplug CPUs
Oct 07 18:36:06 ubuntu kernel: kvm-guest: APIC: eoi() replaced with kvm_guest_apic_eoi_write()
Oct 07 18:36:06 ubuntu kernel: kvm-guest: KVM setup pv remote TLB flush
Oct 07 18:36:06 ubuntu kernel: kvm-guest: setup PV sched yield
Oct 07 18:36:06 ubuntu kernel: PM: hibernation: Registered nosave memory: [mem 0x00000000-0x00000fff]
Oct 07 18:36:06 ubuntu kernel: PM: hibernation: Registered nosave memory: [mem 0x0009f000-0x000fffff]
Oct 07 18:36:06 ubuntu kernel: PM: hibernation: Registered nosave memory: [mem 0xbffdd000-0xffffffff]
Oct 07 18:36:06 ubuntu kernel: [mem 0xc0000000-0xfeffbfff] available for PCI devices
Oct 07 18:36:06 ubuntu kernel: Booting paravirtualized kernel on KVM
Oct 07 18:36:06 ubuntu kernel: clocksource: refined-jiffies: mask: 0xffffffff max_cycles: 0xffffffff, max_idle_ns: 1910969940391419 ns
Oct 07 18:36:06 ubuntu kernel: setup_percpu: NR_CPUS:8192 nr_cpumask_bits:4 nr_cpu_ids:4 nr_node_ids:1
Oct 07 18:36:06 ubuntu kernel: percpu: Embedded 86 pages/cpu s229376 r8192 d114688 u524288
Oct 07 18:36:06 ubuntu kernel: pcpu-alloc: s229376 r8192 d114688 u524288 alloc=1*2097152
Oct 07 18:36:06 ubuntu kernel: pcpu-alloc: [0] 0 1 2 3 
Oct 07 18:36:06 ubuntu kernel: kvm-guest: PV spinlocks enabled
Oct 07 18:36:06 ubuntu kernel: PV qspinlock hash table entries: 256 (order: 0, 4096 bytes, linear)
Oct 07 18:36:06 ubuntu kernel: Kernel command line: BOOT_IMAGE=/vmlinuz-6.8.0-142-generic root=LABEL=cloudimg-rootfs ro console=tty1 console=ttyS0
Oct 07 18:36:06 ubuntu kernel: random: crng init done
Oct 07 18:36:06 ubuntu kernel: Dentry cache hash table entries: 524288 (order: 10, 4194304 bytes, linear)
Oct 07 18:36:06 ubuntu kernel: Inode-cache hash table entries: 262144 (order: 9, 2097152 bytes, linear)
Oct 07 18:36:06 ubuntu kernel: Fallback order for Node 0: 0 
Oct 07 18:36:06 ubuntu kernel: Built 1 zonelists, mobility grouping on.  Total pages: 1031901
Oct 07 18:36:06 ubuntu kernel: Policy zone: Normal
Oct 07 18:36:06 ubuntu kernel: mem auto-init: stack:all(zero), heap alloc:on, heap free:off
Oct 07 18:36:06 ubuntu kernel: software IO TLB: area num 4.
Oct 07 18:36:06 ubuntu kernel: Memory: 3969952K/4193772K available (22528K kernel code, 4441K rwdata, 14428K rodata, 4932K init, 4776K bss, 223560K reserved, 0K cma-reserved)
Oct 07 18:36:06 ubuntu kernel: SLUB: HWalign=64, Order=0-3, MinObjects=0, CPUs=4, Nodes=1
Oct 07 18:36:06 ubuntu kernel: ftrace: allocating 58336 entries in 228 pages
Oct 07 18:36:06 ubuntu kernel: ftrace: allocated 228 pages with 4 groups
Oct 07 18:36:06 ubuntu kernel: Dynamic Preempt: voluntary
Oct 07 18:36:06 ubuntu kernel: rcu: Preemptible hierarchical RCU implementation.
Oct 07 18:36:06 ubuntu kernel: rcu:         RCU restricting CPUs from NR_CPUS=8192 to nr_cpu_ids=4.
Oct 07 18:36:06 ubuntu kernel:         Trampoline variant of Tasks RCU enabled.
Oct 07 18:36:06 ubuntu kernel:         Rude variant of Tasks RCU enabled.
Oct 07 18:36:06 ubuntu kernel:         Tracing variant of Tasks RCU enabled.
Oct 07 18:36:06 ubuntu kernel: rcu: RCU calculated value of scheduler-enlistment delay is 100 jiffies.
Oct 07 18:36:06 ubuntu kernel: rcu: Adjusting geometry for rcu_fanout_leaf=16, nr_cpu_ids=4
Oct 07 18:36:06 ubuntu kernel: RCU Tasks: Setting shift to 2 and lim to 1 rcu_task_cb_adjust=1 rcu_task_cpu_ids=4.
Oct 07 18:36:06 ubuntu kernel: RCU Tasks Rude: Setting shift to 2 and lim to 1 rcu_task_cb_adjust=1 rcu_task_cpu_ids=4.
Oct 07 18:36:06 ubuntu kernel: RCU Tasks Trace: Setting shift to 2 and lim to 1 rcu_task_cb_adjust=1 rcu_task_cpu_ids=4.
Oct 07 18:36:06 ubuntu kernel: NR_IRQS: 524544, nr_irqs: 456, preallocated irqs: 16
Oct 07 18:36:06 ubuntu kernel: rcu: srcu_init: Setting srcu_struct sizes based on contention.
Oct 07 18:36:06 ubuntu kernel: Console: colour VGA+ 80x25
Oct 07 18:36:06 ubuntu kernel: printk: legacy console [tty1] enabled
Oct 07 18:36:06 ubuntu kernel: printk: legacy console [ttyS0] enabled
Oct 07 18:36:06 ubuntu kernel: ACPI: Core revision 20230628
Oct 07 18:36:06 ubuntu kernel: clocksource: hpet: mask: 0xffffffff max_cycles: 0xffffffff, max_idle_ns: 19112604467 ns
Oct 07 18:36:06 ubuntu kernel: APIC: Switch to symmetric I/O mode setup
Oct 07 18:36:06 ubuntu kernel: x2apic enabled
Oct 07 18:36:06 ubuntu kernel: APIC: Switched APIC routing to: physical x2apic
Oct 07 18:36:06 ubuntu kernel: kvm-guest: APIC: send_IPI_mask() replaced with kvm_send_ipi_mask()
Oct 07 18:36:06 ubuntu kernel: kvm-guest: APIC: send_IPI_mask_allbutself() replaced with kvm_send_ipi_mask_allbutself()
Oct 07 18:36:06 ubuntu kernel: kvm-guest: setup PV IPIs
Oct 07 18:36:06 ubuntu kernel: ..TIMER: vector=0x30 apic1=0 pin1=2 apic2=-1 pin2=-1
Oct 07 18:36:06 ubuntu kernel: clocksource: tsc-early: mask: 0xffffffffffffffff max_cycles: 0x33e3ed16497, max_idle_ns: 440795313184 ns
Oct 07 18:36:06 ubuntu kernel: Calibrating delay loop (skipped) preset value.. 7199.78 BogoMIPS (lpj=3599892)
Oct 07 18:36:06 ubuntu kernel: x86/cpu: User Mode Instruction Prevention (UMIP) activated
Oct 07 18:36:06 ubuntu kernel: Last level iTLB entries: 4KB 0, 2MB 0, 4MB 0
Oct 07 18:36:06 ubuntu kernel: Last level dTLB entries: 4KB 0, 2MB 0, 4MB 0, 1GB 0
Oct 07 18:36:06 ubuntu kernel: Spectre V1 : Mitigation: usercopy/swapgs barriers and __user pointer sanitization
Oct 07 18:36:06 ubuntu kernel: Spectre V2 : Spectre BHI mitigation: SW BHB clearing on vm exit
Oct 07 18:36:06 ubuntu kernel: Spectre V2 : Spectre BHI mitigation: SW BHB clearing on syscall
Oct 07 18:36:06 ubuntu kernel: Spectre V2 : Mitigation: IBRS
Oct 07 18:36:06 ubuntu kernel: Spectre V2 : Spectre v2 / SpectreRSB: Filling RSB on context switch and VMEXIT
Oct 07 18:36:06 ubuntu kernel: RETBleed: Mitigation: IBRS
Oct 07 18:36:06 ubuntu kernel: Spectre V2 : mitigation: Enabling conditional Indirect Branch Prediction Barrier
Oct 07 18:36:06 ubuntu kernel: Speculative Store Bypass: Mitigation: Speculative Store Bypass disabled via prctl
Oct 07 18:36:06 ubuntu kernel: MDS: Mitigation: Clear CPU buffers
Oct 07 18:36:06 ubuntu kernel: MMIO Stale Data: Mitigation: Clear CPU buffers
Oct 07 18:36:06 ubuntu kernel: SRBDS: Unknown: Dependent on hypervisor status
Oct 07 18:36:06 ubuntu kernel: GDS: Unknown: Dependent on hypervisor status
Oct 07 18:36:06 ubuntu kernel: active return thunk: its_return_thunk
Oct 07 18:36:06 ubuntu kernel: ITS: Mitigation: Aligned branch/return thunks
Oct 07 18:36:06 ubuntu kernel: x86/fpu: Supporting XSAVE feature 0x001: 'x87 floating point registers'
Oct 07 18:36:06 ubuntu kernel: x86/fpu: Supporting XSAVE feature 0x002: 'SSE registers'
Oct 07 18:36:06 ubuntu kernel: x86/fpu: Supporting XSAVE feature 0x004: 'AVX registers'
Oct 07 18:36:06 ubuntu kernel: x86/fpu: Supporting XSAVE feature 0x008: 'MPX bounds registers'
Oct 07 18:36:06 ubuntu kernel: x86/fpu: Supporting XSAVE feature 0x010: 'MPX CSR'
Oct 07 18:36:06 ubuntu kernel: x86/fpu: xstate_offset[2]:  576, xstate_sizes[2]:  256
Oct 07 18:36:06 ubuntu kernel: x86/fpu: xstate_offset[3]:  832, xstate_sizes[3]:   64
Oct 07 18:36:06 ubuntu kernel: x86/fpu: xstate_offset[4]:  896, xstate_sizes[4]:   64
Oct 07 18:36:06 ubuntu kernel: x86/fpu: Enabled xstate features 0x1f, context size is 960 bytes, using 'compacted' format.
Oct 07 18:36:06 ubuntu kernel: Freeing SMP alternatives memory: 48K
Oct 07 18:36:06 ubuntu kernel: pid_max: default: 32768 minimum: 301
Oct 07 18:36:06 ubuntu kernel: LSM: initializing lsm=lockdown,capability,landlock,yama,apparmor,integrity
Oct 07 18:36:06 ubuntu kernel: landlock: Up and running.
Oct 07 18:36:06 ubuntu kernel: Yama: becoming mindful.
Oct 07 18:36:06 ubuntu kernel: AppArmor: AppArmor initialized
Oct 07 18:36:06 ubuntu kernel: Mount-cache hash table entries: 8192 (order: 4, 65536 bytes, linear)
Oct 07 18:36:06 ubuntu kernel: Mountpoint-cache hash table entries: 8192 (order: 4, 65536 bytes, linear)
Oct 07 18:36:06 ubuntu kernel: smpboot: CPU0: Intel(R) Core(TM) i9-9900K CPU @ 3.60GHz (family: 0x6, model: 0x9e, stepping: 0xc)
Oct 07 18:36:06 ubuntu kernel: Performance Events: Skylake events, full-width counters, Intel PMU driver.
Oct 07 18:36:06 ubuntu kernel: ... version:                2
Oct 07 18:36:06 ubuntu kernel: ... bit width:              48
Oct 07 18:36:06 ubuntu kernel: ... generic registers:      4
Oct 07 18:36:06 ubuntu kernel: ... value mask:             0000ffffffffffff
Oct 07 18:36:06 ubuntu kernel: ... max period:             00007fffffffffff
Oct 07 18:36:06 ubuntu kernel: ... fixed-purpose events:   3
Oct 07 18:36:06 ubuntu kernel: ... event mask:             000000070000000f
Oct 07 18:36:06 ubuntu kernel: signal: max sigframe size: 2032
Oct 07 18:36:06 ubuntu kernel: rcu: Hierarchical SRCU implementation.
Oct 07 18:36:06 ubuntu kernel: rcu:         Max phase no-delay instances is 400.
Oct 07 18:36:06 ubuntu kernel: smp: Bringing up secondary CPUs ...
Oct 07 18:36:06 ubuntu kernel: smpboot: x86: Booting SMP configuration:
Oct 07 18:36:06 ubuntu kernel: .... node  #0, CPUs:      #1 #2 #3
Oct 07 18:36:06 ubuntu kernel: smp: Brought up 1 node, 4 CPUs
Oct 07 18:36:06 ubuntu kernel: smpboot: Max logical packages: 1
Oct 07 18:36:06 ubuntu kernel: smpboot: Total of 4 processors activated (28799.13 BogoMIPS)
Oct 07 18:36:06 ubuntu kernel: devtmpfs: initialized
Oct 07 18:36:06 ubuntu kernel: x86/mm: Memory block size: 128MB
Oct 07 18:36:06 ubuntu kernel: clocksource: jiffies: mask: 0xffffffff max_cycles: 0xffffffff, max_idle_ns: 1911260446275000 ns
Oct 07 18:36:06 ubuntu kernel: futex hash table entries: 1024 (order: 4, 65536 bytes, linear)
Oct 07 18:36:06 ubuntu kernel: pinctrl core: initialized pinctrl subsystem
Oct 07 18:36:06 ubuntu kernel: PM: RTC time: 18:36:02, date: 2026-10-07
Oct 07 18:36:06 ubuntu kernel: NET: Registered PF_NETLINK/PF_ROUTE protocol family
Oct 07 18:36:06 ubuntu kernel: DMA: preallocated 512 KiB GFP_KERNEL pool for atomic allocations
Oct 07 18:36:06 ubuntu kernel: DMA: preallocated 512 KiB GFP_KERNEL|GFP_DMA pool for atomic allocations
Oct 07 18:36:06 ubuntu kernel: DMA: preallocated 512 KiB GFP_KERNEL|GFP_DMA32 pool for atomic allocations
Oct 07 18:36:06 ubuntu kernel: audit: initializing netlink subsys (disabled)
Oct 07 18:36:06 ubuntu kernel: audit: type=2000 audit(1791398163.503:1): state=initialized audit_enabled=0 res=1
Oct 07 18:36:06 ubuntu kernel: thermal_sys: Registered thermal governor 'fair_share'
Oct 07 18:36:06 ubuntu kernel: thermal_sys: Registered thermal governor 'bang_bang'
Oct 07 18:36:06 ubuntu kernel: thermal_sys: Registered thermal governor 'step_wise'
Oct 07 18:36:06 ubuntu kernel: thermal_sys: Registered thermal governor 'user_space'
Oct 07 18:36:06 ubuntu kernel: thermal_sys: Registered thermal governor 'power_allocator'
Oct 07 18:36:06 ubuntu kernel: cpuidle: using governor ladder
Oct 07 18:36:06 ubuntu kernel: cpuidle: using governor menu
Oct 07 18:36:06 ubuntu kernel: acpiphp: ACPI Hot Plug PCI Controller Driver version: 0.5
Oct 07 18:36:06 ubuntu kernel: PCI: Using configuration type 1 for base access
Oct 07 18:36:06 ubuntu kernel: kprobes: kprobe jump-optimization is enabled. All kprobes are optimized if possible.
Oct 07 18:36:06 ubuntu kernel: HugeTLB: registered 1.00 GiB page size, pre-allocated 0 pages
Oct 07 18:36:06 ubuntu kernel: HugeTLB: 16380 KiB vmemmap can be freed for a 1.00 GiB page
Oct 07 18:36:06 ubuntu kernel: HugeTLB: registered 2.00 MiB page size, pre-allocated 0 pages
Oct 07 18:36:06 ubuntu kernel: HugeTLB: 28 KiB vmemmap can be freed for a 2.00 MiB page
Oct 07 18:36:06 ubuntu kernel: ACPI: Added _OSI(Module Device)
Oct 07 18:36:06 ubuntu kernel: ACPI: Added _OSI(Processor Device)
Oct 07 18:36:06 ubuntu kernel: ACPI: Added _OSI(Processor Aggregator Device)
Oct 07 18:36:06 ubuntu kernel: ACPI: 1 ACPI AML tables successfully acquired and loaded
Oct 07 18:36:06 ubuntu kernel: ACPI: _OSC evaluation for CPUs failed, trying _PDC
Oct 07 18:36:06 ubuntu kernel: ACPI: Interpreter enabled
Oct 07 18:36:06 ubuntu kernel: ACPI: PM: (supports S0 S3 S4 S5)
Oct 07 18:36:06 ubuntu kernel: ACPI: Using IOAPIC for interrupt routing
Oct 07 18:36:06 ubuntu kernel: PCI: Using host bridge windows from ACPI; if necessary, use "pci=nocrs" and report a bug
Oct 07 18:36:06 ubuntu kernel: PCI: Using E820 reservations for host bridge windows
Oct 07 18:36:06 ubuntu kernel: ACPI: Enabled 2 GPEs in block 00 to 0F
Oct 07 18:36:06 ubuntu kernel: ACPI: PCI Root Bridge [PCI0] (domain 0000 [bus 00-ff])
Oct 07 18:36:06 ubuntu kernel: acpi PNP0A03:00: _OSC: OS supports [ASPM ClockPM Segments MSI EDR HPX-Type3]
Oct 07 18:36:06 ubuntu kernel: acpi PNP0A03:00: _OSC: not requesting OS control; OS requires [ExtendedConfig ASPM ClockPM MSI]
Oct 07 18:36:06 ubuntu kernel: acpi PNP0A03:00: fail to add MMCONFIG information, can't access extended configuration space under this bridge
Oct 07 18:36:06 ubuntu kernel: acpiphp: Slot [3] registered
Oct 07 18:36:06 ubuntu kernel: acpiphp: Slot [4] registered
Oct 07 18:36:06 ubuntu kernel: acpiphp: Slot [5] registered
Oct 07 18:36:06 ubuntu kernel: acpiphp: Slot [6] registered
Oct 07 18:36:06 ubuntu kernel: acpiphp: Slot [7] registered
Oct 07 18:36:06 ubuntu kernel: acpiphp: Slot [8] registered
Oct 07 18:36:06 ubuntu kernel: acpiphp: Slot [9] registered
Oct 07 18:36:06 ubuntu kernel: acpiphp: Slot [10] registered
Oct 07 18:36:06 ubuntu kernel: acpiphp: Slot [11] registered
Oct 07 18:36:06 ubuntu kernel: acpiphp: Slot [12] registered
Oct 07 18:36:06 ubuntu kernel: acpiphp: Slot [13] registered
Oct 07 18:36:06 ubuntu kernel: acpiphp: Slot [14] registered
Oct 07 18:36:06 ubuntu kernel: acpiphp: Slot [15] registered
Oct 07 18:36:06 ubuntu kernel: acpiphp: Slot [16] registered
Oct 07 18:36:06 ubuntu kernel: acpiphp: Slot [17] registered
Oct 07 18:36:06 ubuntu kernel: acpiphp: Slot [18] registered
Oct 07 18:36:06 ubuntu kernel: acpiphp: Slot [19] registered
Oct 07 18:36:06 ubuntu kernel: acpiphp: Slot [20] registered
Oct 07 18:36:06 ubuntu kernel: acpiphp: Slot [21] registered
Oct 07 18:36:06 ubuntu kernel: acpiphp: Slot [22] registered
Oct 07 18:36:06 ubuntu kernel: acpiphp: Slot [23] registered
Oct 07 18:36:06 ubuntu kernel: acpiphp: Slot [24] registered
Oct 07 18:36:06 ubuntu kernel: acpiphp: Slot [25] registered
Oct 07 18:36:06 ubuntu kernel: acpiphp: Slot [26] registered
Oct 07 18:36:06 ubuntu kernel: acpiphp: Slot [27] registered
Oct 07 18:36:06 ubuntu kernel: acpiphp: Slot [28] registered
Oct 07 18:36:06 ubuntu kernel: acpiphp: Slot [29] registered
Oct 07 18:36:06 ubuntu kernel: acpiphp: Slot [30] registered
Oct 07 18:36:06 ubuntu kernel: acpiphp: Slot [31] registered
Oct 07 18:36:06 ubuntu kernel: PCI host bridge to bus 0000:00
Oct 07 18:36:06 ubuntu kernel: pci_bus 0000:00: root bus resource [io  0x0000-0x0cf7 window]
Oct 07 18:36:06 ubuntu kernel: pci_bus 0000:00: root bus resource [io  0x0d00-0xffff window]
Oct 07 18:36:06 ubuntu kernel: pci_bus 0000:00: root bus resource [mem 0x000a0000-0x000bffff window]
Oct 07 18:36:06 ubuntu kernel: pci_bus 0000:00: root bus resource [mem 0xc0000000-0xfebfffff window]
Oct 07 18:36:06 ubuntu kernel: pci_bus 0000:00: root bus resource [mem 0x7000000000-0x707fffffff window]
Oct 07 18:36:06 ubuntu kernel: pci_bus 0000:00: root bus resource [bus 00-ff]
Oct 07 18:36:06 ubuntu kernel: pci 0000:00:00.0: [8086:1237] type 00 class 0x060000 conventional PCI endpoint
Oct 07 18:36:06 ubuntu kernel: pci 0000:00:01.0: [8086:7000] type 00 class 0x060100 conventional PCI endpoint
Oct 07 18:36:06 ubuntu kernel: pci 0000:00:01.1: [8086:7010] type 00 class 0x010180 conventional PCI endpoint
Oct 07 18:36:06 ubuntu kernel: pci 0000:00:01.1: BAR 4 [io  0xc0a0-0xc0af]
Oct 07 18:36:06 ubuntu kernel: pci 0000:00:01.1: BAR 0 [io  0x01f0-0x01f7]: legacy IDE quirk
Oct 07 18:36:06 ubuntu kernel: pci 0000:00:01.1: BAR 1 [io  0x03f6]: legacy IDE quirk
Oct 07 18:36:06 ubuntu kernel: pci 0000:00:01.1: BAR 2 [io  0x0170-0x0177]: legacy IDE quirk
Oct 07 18:36:06 ubuntu kernel: pci 0000:00:01.1: BAR 3 [io  0x0376]: legacy IDE quirk
Oct 07 18:36:06 ubuntu kernel: pci 0000:00:01.3: [8086:7113] type 00 class 0x068000 conventional PCI endpoint
Oct 07 18:36:06 ubuntu kernel: pci 0000:00:01.3: quirk: [io  0x0600-0x063f] claimed by PIIX4 ACPI
Oct 07 18:36:06 ubuntu kernel: pci 0000:00:01.3: quirk: [io  0x0700-0x070f] claimed by PIIX4 SMB
Oct 07 18:36:06 ubuntu kernel: pci 0000:00:02.0: [1234:1111] type 00 class 0x030000 conventional PCI endpoint
Oct 07 18:36:06 ubuntu kernel: pci 0000:00:02.0: BAR 0 [mem 0xfd000000-0xfdffffff pref]
Oct 07 18:36:06 ubuntu kernel: pci 0000:00:02.0: BAR 2 [mem 0xfeb90000-0xfeb90fff]
Oct 07 18:36:06 ubuntu kernel: pci 0000:00:02.0: ROM [mem 0xfeb80000-0xfeb8ffff pref]
Oct 07 18:36:06 ubuntu kernel: pci 0000:00:02.0: Video device with shadowed ROM at [mem 0x000c0000-0x000dffff]
Oct 07 18:36:06 ubuntu kernel: pci 0000:00:03.0: [1af4:1000] type 00 class 0x020000 conventional PCI endpoint
Oct 07 18:36:06 ubuntu kernel: pci 0000:00:03.0: BAR 0 [io  0xc080-0xc09f]
Oct 07 18:36:06 ubuntu kernel: pci 0000:00:03.0: BAR 1 [mem 0xfeb91000-0xfeb91fff]
Oct 07 18:36:06 ubuntu kernel: pci 0000:00:03.0: BAR 4 [mem 0x7000000000-0x7000003fff 64bit pref]
Oct 07 18:36:06 ubuntu kernel: pci 0000:00:03.0: ROM [mem 0xfeb00000-0xfeb7ffff pref]
Oct 07 18:36:06 ubuntu kernel: pci 0000:00:04.0: [1af4:1001] type 00 class 0x010000 conventional PCI endpoint
Oct 07 18:36:06 ubuntu kernel: pci 0000:00:04.0: BAR 0 [io  0xc000-0xc07f]
Oct 07 18:36:06 ubuntu kernel: pci 0000:00:04.0: BAR 1 [mem 0xfeb92000-0xfeb92fff]
Oct 07 18:36:06 ubuntu kernel: pci 0000:00:04.0: BAR 4 [mem 0x7000004000-0x7000007fff 64bit pref]
Oct 07 18:36:06 ubuntu kernel: ACPI: PCI: Interrupt link LNKA configured for IRQ 10
Oct 07 18:36:06 ubuntu kernel: ACPI: PCI: Interrupt link LNKB configured for IRQ 10
Oct 07 18:36:06 ubuntu kernel: ACPI: PCI: Interrupt link LNKC configured for IRQ 11
Oct 07 18:36:06 ubuntu kernel: ACPI: PCI: Interrupt link LNKD configured for IRQ 11
Oct 07 18:36:06 ubuntu kernel: ACPI: PCI: Interrupt link LNKS configured for IRQ 9
Oct 07 18:36:06 ubuntu kernel: iommu: Default domain type: Translated
Oct 07 18:36:06 ubuntu kernel: iommu: DMA domain TLB invalidation policy: lazy mode
Oct 07 18:36:06 ubuntu kernel: SCSI subsystem initialized
Oct 07 18:36:06 ubuntu kernel: libata version 3.00 loaded.
Oct 07 18:36:06 ubuntu kernel: ACPI: bus type USB registered
Oct 07 18:36:06 ubuntu kernel: usbcore: registered new interface driver usbfs
Oct 07 18:36:06 ubuntu kernel: usbcore: registered new interface driver hub
Oct 07 18:36:06 ubuntu kernel: usbcore: registered new device driver usb
Oct 07 18:36:06 ubuntu kernel: pps_core: LinuxPPS API ver. 1 registered
Oct 07 18:36:06 ubuntu kernel: pps_core: Software ver. 5.3.6 - Copyright 2005-2007 Rodolfo Giometti <giometti@linux.it>
Oct 07 18:36:06 ubuntu kernel: PTP clock support registered
Oct 07 18:36:06 ubuntu kernel: EDAC MC: Ver: 3.0.0
Oct 07 18:36:06 ubuntu kernel: NetLabel: Initializing
Oct 07 18:36:06 ubuntu kernel: NetLabel:  domain hash size = 128
Oct 07 18:36:06 ubuntu kernel: NetLabel:  protocols = UNLABELED CIPSOv4 CALIPSO
Oct 07 18:36:06 ubuntu kernel: NetLabel:  unlabeled traffic allowed by default
Oct 07 18:36:06 ubuntu kernel: mctp: management component transport protocol core
Oct 07 18:36:06 ubuntu kernel: NET: Registered PF_MCTP protocol family
Oct 07 18:36:06 ubuntu kernel: PCI: Using ACPI for IRQ routing
Oct 07 18:36:06 ubuntu kernel: PCI: pci_cache_line_size set to 64 bytes
Oct 07 18:36:06 ubuntu kernel: e820: reserve RAM buffer [mem 0x0009fc00-0x0009ffff]
Oct 07 18:36:06 ubuntu kernel: e820: reserve RAM buffer [mem 0xbffdd000-0xbfffffff]
Oct 07 18:36:06 ubuntu kernel: pci 0000:00:02.0: vgaarb: setting as boot VGA device
Oct 07 18:36:06 ubuntu kernel: pci 0000:00:02.0: vgaarb: bridge control possible
Oct 07 18:36:06 ubuntu kernel: pci 0000:00:02.0: vgaarb: VGA device added: decodes=io+mem,owns=io+mem,locks=none
Oct 07 18:36:06 ubuntu kernel: vgaarb: loaded
Oct 07 18:36:06 ubuntu kernel: hpet0: at MMIO 0xfed00000, IRQs 2, 8, 0
Oct 07 18:36:06 ubuntu kernel: hpet0: 3 comparators, 64-bit 100.000000 MHz counter
Oct 07 18:36:06 ubuntu kernel: clocksource: Switched to clocksource kvm-clock
Oct 07 18:36:06 ubuntu kernel: VFS: Disk quotas dquot_6.6.0
Oct 07 18:36:06 ubuntu kernel: VFS: Dquot-cache hash table entries: 512 (order 0, 4096 bytes)
Oct 07 18:36:06 ubuntu kernel: AppArmor: AppArmor Filesystem Enabled
Oct 07 18:36:06 ubuntu kernel: pnp: PnP ACPI init
Oct 07 18:36:06 ubuntu kernel: pnp 00:02: [dma 2]
Oct 07 18:36:06 ubuntu kernel: pnp: PnP ACPI: found 6 devices
Oct 07 18:36:06 ubuntu kernel: clocksource: acpi_pm: mask: 0xffffff max_cycles: 0xffffff, max_idle_ns: 2085701024 ns
Oct 07 18:36:06 ubuntu kernel: NET: Registered PF_INET protocol family
Oct 07 18:36:06 ubuntu kernel: IP idents hash table entries: 65536 (order: 7, 524288 bytes, linear)
Oct 07 18:36:06 ubuntu kernel: tcp_listen_portaddr_hash hash table entries: 2048 (order: 3, 32768 bytes, linear)
Oct 07 18:36:06 ubuntu kernel: Table-perturb hash table entries: 65536 (order: 6, 262144 bytes, linear)
Oct 07 18:36:06 ubuntu kernel: TCP established hash table entries: 32768 (order: 6, 262144 bytes, linear)
Oct 07 18:36:06 ubuntu kernel: TCP bind hash table entries: 32768 (order: 8, 1048576 bytes, linear)
Oct 07 18:36:06 ubuntu kernel: TCP: Hash tables configured (established 32768 bind 32768)
Oct 07 18:36:06 ubuntu kernel: MPTCP token hash table entries: 4096 (order: 5, 98304 bytes, linear)
Oct 07 18:36:06 ubuntu kernel: UDP hash table entries: 2048 (order: 4, 65536 bytes, linear)
Oct 07 18:36:06 ubuntu kernel: UDP-Lite hash table entries: 2048 (order: 4, 65536 bytes, linear)
Oct 07 18:36:06 ubuntu kernel: NET: Registered PF_UNIX/PF_LOCAL protocol family
Oct 07 18:36:06 ubuntu kernel: NET: Registered PF_XDP protocol family
Oct 07 18:36:06 ubuntu kernel: pci_bus 0000:00: resource 4 [io  0x0000-0x0cf7 window]
Oct 07 18:36:06 ubuntu kernel: pci_bus 0000:00: resource 5 [io  0x0d00-0xffff window]
Oct 07 18:36:06 ubuntu kernel: pci_bus 0000:00: resource 6 [mem 0x000a0000-0x000bffff window]
Oct 07 18:36:06 ubuntu kernel: pci_bus 0000:00: resource 7 [mem 0xc0000000-0xfebfffff window]
Oct 07 18:36:06 ubuntu kernel: pci_bus 0000:00: resource 8 [mem 0x7000000000-0x707fffffff window]
Oct 07 18:36:06 ubuntu kernel: pci 0000:00:01.0: PIIX3: Enabling Passive Release
Oct 07 18:36:06 ubuntu kernel: pci 0000:00:00.0: Limiting direct PCI/PCI transfers
Oct 07 18:36:06 ubuntu kernel: PCI: CLS 0 bytes, default 64
Oct 07 18:36:06 ubuntu kernel: PCI-DMA: Using software bounce buffering for IO (SWIOTLB)
Oct 07 18:36:06 ubuntu kernel: Trying to unpack rootfs image as initramfs...
Oct 07 18:36:06 ubuntu kernel: software IO TLB: mapped [mem 0x00000000bbfdd000-0x00000000bffdd000] (64MB)
Oct 07 18:36:06 ubuntu kernel: clocksource: tsc: mask: 0xffffffffffffffff max_cycles: 0x33e3ed16497, max_idle_ns: 440795313184 ns
Oct 07 18:36:06 ubuntu kernel: sgx: There are zero EPC sections.
Oct 07 18:36:06 ubuntu kernel: Initialise system trusted keyrings
Oct 07 18:36:06 ubuntu kernel: Key type blacklist registered
Oct 07 18:36:06 ubuntu kernel: workingset: timestamp_bits=36 max_order=20 bucket_order=0
Oct 07 18:36:06 ubuntu kernel: zbud: loaded
Oct 07 18:36:06 ubuntu kernel: squashfs: version 4.0 (2009/01/31) Phillip Lougher
Oct 07 18:36:06 ubuntu kernel: fuse: init (API version 7.39)
Oct 07 18:36:06 ubuntu kernel: integrity: Platform Keyring initialized
Oct 07 18:36:06 ubuntu kernel: integrity: Machine keyring initialized
Oct 07 18:36:06 ubuntu kernel: Key type asymmetric registered
Oct 07 18:36:06 ubuntu kernel: Asymmetric key parser 'x509' registered
Oct 07 18:36:06 ubuntu kernel: Block layer SCSI generic (bsg) driver version 0.4 loaded (major 243)
Oct 07 18:36:06 ubuntu kernel: io scheduler mq-deadline registered
Oct 07 18:36:06 ubuntu kernel: shpchp: Standard Hot Plug PCI Controller Driver version: 0.4
Oct 07 18:36:06 ubuntu kernel: input: Power Button as /devices/LNXSYSTM:00/LNXPWRBN:00/input/input0
Oct 07 18:36:06 ubuntu kernel: ACPI: button: Power Button [PWRF]
Oct 07 18:36:06 ubuntu kernel: ACPI: \_SB_.LNKC: Enabled at IRQ 11
Oct 07 18:36:06 ubuntu kernel: ACPI: \_SB_.LNKD: Enabled at IRQ 10
Oct 07 18:36:06 ubuntu kernel: Serial: 8250/16550 driver, 32 ports, IRQ sharing enabled
Oct 07 18:36:06 ubuntu kernel: 00:04: ttyS0 at I/O 0x3f8 (irq = 4, base_baud = 115200) is a 16550A
Oct 07 18:36:06 ubuntu kernel: Linux agpgart interface v0.103
Oct 07 18:36:06 ubuntu kernel: loop: module loaded
Oct 07 18:36:06 ubuntu kernel: virtio_blk virtio1: 4/0/0 default/read/poll queues
Oct 07 18:36:06 ubuntu kernel: virtio_blk virtio1: [vda] 33554432 512-byte logical blocks (17.2 GB/16.0 GiB)
Oct 07 18:36:06 ubuntu kernel: GPT:Primary header thinks Alt. header is not at the end of the disk.
Oct 07 18:36:06 ubuntu kernel: GPT:7340031 != 33554431
Oct 07 18:36:06 ubuntu kernel: GPT:Alternate GPT header not at the end of the disk.
Oct 07 18:36:06 ubuntu kernel: GPT:7340031 != 33554431
Oct 07 18:36:06 ubuntu kernel: GPT: Use GNU Parted to correct GPT errors.
Oct 07 18:36:06 ubuntu kernel:  vda: vda1 vda14 vda15 vda16
Oct 07 18:36:06 ubuntu kernel: ata_piix 0000:00:01.1: version 2.13
Oct 07 18:36:06 ubuntu kernel: scsi host0: ata_piix
Oct 07 18:36:06 ubuntu kernel: scsi host1: ata_piix
Oct 07 18:36:06 ubuntu kernel: ata1: PATA max MWDMA2 cmd 0x1f0 ctl 0x3f6 bmdma 0xc0a0 irq 14 lpm-pol 0
Oct 07 18:36:06 ubuntu kernel: ata2: PATA max MWDMA2 cmd 0x170 ctl 0x376 bmdma 0xc0a8 irq 15 lpm-pol 0
Oct 07 18:36:06 ubuntu kernel: ACPI: bus type drm_connector registered
Oct 07 18:36:06 ubuntu kernel: tun: Universal TUN/TAP device driver, 1.6
Oct 07 18:36:06 ubuntu kernel: PPP generic driver version 2.4.2
Oct 07 18:36:06 ubuntu kernel: i8042: PNP: PS/2 Controller [PNP0303:KBD,PNP0f13:MOU] at 0x60,0x64 irq 1,12
Oct 07 18:36:06 ubuntu kernel: serio: i8042 KBD port at 0x60,0x64 irq 1
Oct 07 18:36:06 ubuntu kernel: serio: i8042 AUX port at 0x60,0x64 irq 12
Oct 07 18:36:06 ubuntu kernel: mousedev: PS/2 mouse device common for all mice
Oct 07 18:36:06 ubuntu kernel: rtc_cmos 00:05: RTC can wake from S4
Oct 07 18:36:06 ubuntu kernel: rtc_cmos 00:05: registered as rtc0
Oct 07 18:36:06 ubuntu kernel: input: AT Translated Set 2 keyboard as /devices/platform/i8042/serio0/input/input1
Oct 07 18:36:06 ubuntu kernel: rtc_cmos 00:05: setting system clock to 2026-10-07T18:36:03 UTC (1791398163)
Oct 07 18:36:06 ubuntu kernel: rtc_cmos 00:05: alarms up to one day, y3k, 242 bytes nvram, hpet irqs
Oct 07 18:36:06 ubuntu kernel: i2c_dev: i2c /dev entries driver
Oct 07 18:36:06 ubuntu kernel: device-mapper: core: CONFIG_IMA_DISABLE_HTABLE is disabled. Duplicate IMA measurements will not be recorded in the IMA log.
Oct 07 18:36:06 ubuntu kernel: device-mapper: uevent: version 1.0.3
Oct 07 18:36:06 ubuntu kernel: device-mapper: ioctl: 4.48.0-ioctl (2023-03-01) initialised: dm-devel@redhat.com
Oct 07 18:36:06 ubuntu kernel: intel_pstate: CPU model not supported
Oct 07 18:36:06 ubuntu kernel: ledtrig-cpu: registered to indicate activity on CPUs
Oct 07 18:36:06 ubuntu kernel: drop_monitor: Initializing network drop monitor service
Oct 07 18:36:06 ubuntu kernel: NET: Registered PF_INET6 protocol family
Oct 07 18:36:06 ubuntu kernel: Freeing initrd memory: 29984K
Oct 07 18:36:06 ubuntu kernel: Segment Routing with IPv6
Oct 07 18:36:06 ubuntu kernel: In-situ OAM (IOAM) with IPv6
Oct 07 18:36:06 ubuntu kernel: NET: Registered PF_PACKET protocol family
Oct 07 18:36:06 ubuntu kernel: Key type dns_resolver registered
Oct 07 18:36:06 ubuntu kernel: IPI shorthand broadcast: enabled
Oct 07 18:36:06 ubuntu kernel: sched_clock: Marking stable (1249007917, 195137836)->(1493930758, -49785005)
Oct 07 18:36:06 ubuntu kernel: registered taskstats version 1
Oct 07 18:36:06 ubuntu kernel: Loading compiled-in X.509 certificates
Oct 07 18:36:06 ubuntu kernel: Loaded X.509 cert 'Build time autogenerated kernel key: aaf6cface807121d2b25f83f2288de5f0eb7acff'
Oct 07 18:36:06 ubuntu kernel: Loaded X.509 cert 'Canonical Ltd. Live Patch Signing 2025 Kmod: d541cef61dc7e793b7eb7e899970a2eef0b5dc8c'
Oct 07 18:36:06 ubuntu kernel: Loaded X.509 cert 'Canonical Ltd. Live Patch Signing: 14df34d1a87cf37625abec039ef2bf521249b969'
Oct 07 18:36:06 ubuntu kernel: Loaded X.509 cert 'Canonical Ltd. Kernel Module Signing 2025 Kmod: 4627603d2357a2a3f81006370894c221175893e9'
Oct 07 18:36:06 ubuntu kernel: Loaded X.509 cert 'Canonical Ltd. Kernel Module Signing: 88f752e560a1e0737e31163a466ad7b70a850c19'
Oct 07 18:36:06 ubuntu kernel: blacklist: Loading compiled-in revocation X.509 certificates
Oct 07 18:36:06 ubuntu kernel: Loaded X.509 cert 'Canonical Ltd. Secure Boot Signing: 61482aa2830d0ab2ad5af10b7250da9033ddcef0'
Oct 07 18:36:06 ubuntu kernel: Loaded X.509 cert 'Canonical Ltd. Secure Boot Signing (2017): 242ade75ac4a15e50d50c84b0d45ff3eae707a03'
Oct 07 18:36:06 ubuntu kernel: ata1: found unknown device (class 0)
Oct 07 18:36:06 ubuntu kernel: Loaded X.509 cert 'Canonical Ltd. Secure Boot Signing (ESM 2018): 365188c1d374d6b07c3c8f240f8ef722433d6a8b'
Oct 07 18:36:06 ubuntu kernel: ata2: found unknown device (class 0)
Oct 07 18:36:06 ubuntu kernel: Loaded X.509 cert 'Canonical Ltd. Secure Boot Signing (2019): c0746fd6c5da3ae827864651ad66ae47fe24b3e8'
Oct 07 18:36:06 ubuntu kernel: ata1.00: ATAPI: QEMU DVD-ROM, 2.5+, max UDMA/100
Oct 07 18:36:06 ubuntu kernel: Loaded X.509 cert 'Canonical Ltd. Secure Boot Signing (2021 v1): a8d54bbb3825cfb94fa13c9f8a594a195c107b8d'
Oct 07 18:36:06 ubuntu kernel: ata2.00: ATAPI: QEMU DVD-ROM, 2.5+, max UDMA/100
Oct 07 18:36:06 ubuntu kernel: Loaded X.509 cert 'Canonical Ltd. Secure Boot Signing (2021 v2): 4cf046892d6fd3c9a5b03f98d845f90851dc6a8c'
Oct 07 18:36:06 ubuntu kernel: Loaded X.509 cert 'Canonical Ltd. Secure Boot Signing (2021 v3): 100437bb6de6e469b581e61cd66bce3ef4ed53af'
Oct 07 18:36:06 ubuntu kernel: Loaded X.509 cert 'Canonical Ltd. Secure Boot Signing (Ubuntu Core 2019): c1d57b8f6b743f23ee41f4f7ee292f06eecadfb9'
Oct 07 18:36:06 ubuntu kernel: scsi 0:0:0:0: CD-ROM            QEMU     QEMU DVD-ROM     2.5+ PQ: 0 ANSI: 5
Oct 07 18:36:06 ubuntu kernel: Key type .fscrypt registered
Oct 07 18:36:06 ubuntu kernel: Key type fscrypt-provisioning registered
Oct 07 18:36:06 ubuntu kernel: sr 0:0:0:0: [sr0] scsi3-mmc drive: 4x/4x cd/rw xa/form2 tray
Oct 07 18:36:06 ubuntu kernel: cryptd: max_cpu_qlen set to 1000
Oct 07 18:36:06 ubuntu kernel: cdrom: Uniform CD-ROM driver Revision: 3.20
Oct 07 18:36:06 ubuntu kernel: sr 0:0:0:0: Attached scsi CD-ROM sr0
Oct 07 18:36:06 ubuntu kernel: sr 0:0:0:0: Attached scsi generic sg0 type 5
Oct 07 18:36:06 ubuntu kernel: scsi 1:0:0:0: CD-ROM            QEMU     QEMU DVD-ROM     2.5+ PQ: 0 ANSI: 5
Oct 07 18:36:06 ubuntu kernel: sr 1:0:0:0: [sr1] scsi3-mmc drive: 4x/4x cd/rw xa/form2 tray
Oct 07 18:36:06 ubuntu kernel: sr 1:0:0:0: Attached scsi CD-ROM sr1
Oct 07 18:36:06 ubuntu kernel: sr 1:0:0:0: Attached scsi generic sg1 type 5
Oct 07 18:36:06 ubuntu kernel: AVX2 version of gcm_enc/dec engaged.
Oct 07 18:36:06 ubuntu kernel: AES CTR mode by8 optimization enabled
Oct 07 18:36:06 ubuntu kernel: Key type encrypted registered
Oct 07 18:36:06 ubuntu kernel: AppArmor: AppArmor sha256 policy hashing enabled
Oct 07 18:36:06 ubuntu kernel: ima: No TPM chip found, activating TPM-bypass!
Oct 07 18:36:06 ubuntu kernel: Loading compiled-in module X.509 certificates
Oct 07 18:36:06 ubuntu kernel: Loaded X.509 cert 'Build time autogenerated kernel key: aaf6cface807121d2b25f83f2288de5f0eb7acff'
Oct 07 18:36:06 ubuntu kernel: ima: Allocated hash algorithm: sha256
Oct 07 18:36:06 ubuntu kernel: ima: No architecture policies found
Oct 07 18:36:06 ubuntu kernel: evm: Initialising EVM extended attributes:
Oct 07 18:36:06 ubuntu kernel: evm: security.selinux
Oct 07 18:36:06 ubuntu kernel: evm: security.SMACK64
Oct 07 18:36:06 ubuntu kernel: evm: security.SMACK64EXEC
Oct 07 18:36:06 ubuntu kernel: evm: security.SMACK64TRANSMUTE
Oct 07 18:36:06 ubuntu kernel: evm: security.SMACK64MMAP
Oct 07 18:36:06 ubuntu kernel: evm: security.apparmor
Oct 07 18:36:06 ubuntu kernel: evm: security.ima
Oct 07 18:36:06 ubuntu kernel: evm: security.capability
Oct 07 18:36:06 ubuntu kernel: evm: HMAC attrs: 0x1
Oct 07 18:36:06 ubuntu kernel: PM:   Magic number: 14:42:645
Oct 07 18:36:06 ubuntu kernel: RAS: Correctable Errors collector initialized.
Oct 07 18:36:06 ubuntu kernel: clk: Disabling unused clocks
Oct 07 18:36:06 ubuntu kernel: Freeing unused decrypted memory: 2028K
Oct 07 18:36:06 ubuntu kernel: Freeing unused kernel image (initmem) memory: 4932K
Oct 07 18:36:06 ubuntu kernel: Write protecting the kernel read-only data: 38912k
Oct 07 18:36:06 ubuntu kernel: Freeing unused kernel image (rodata/data gap) memory: 1956K
Oct 07 18:36:06 ubuntu kernel: x86/mm: Checked W+X mappings: passed, no W+X pages found.
Oct 07 18:36:06 ubuntu kernel: Run /init as init process
Oct 07 18:36:06 ubuntu kernel:   with arguments:
Oct 07 18:36:06 ubuntu kernel:     /init
Oct 07 18:36:06 ubuntu kernel:   with environment:
Oct 07 18:36:06 ubuntu kernel:     HOME=/
Oct 07 18:36:06 ubuntu kernel:     TERM=linux
Oct 07 18:36:06 ubuntu kernel: virtio_net virtio0 ens3: renamed from eth0
Oct 07 18:36:06 ubuntu kernel: Floppy drive(s): fd0 is 2.88M AMI BIOS
Oct 07 18:36:06 ubuntu kernel: input: VirtualPS/2 VMware VMMouse as /devices/platform/i8042/serio1/input/input4
Oct 07 18:36:06 ubuntu kernel: input: VirtualPS/2 VMware VMMouse as /devices/platform/i8042/serio1/input/input3
Oct 07 18:36:06 ubuntu kernel: FDC 0 is a S82078B
Oct 07 18:36:06 ubuntu kernel: raid6: avx2x4   gen() 24651 MB/s
Oct 07 18:36:06 ubuntu kernel: raid6: avx2x2   gen() 24761 MB/s
Oct 07 18:36:06 ubuntu kernel: raid6: avx2x1   gen() 22417 MB/s
Oct 07 18:36:06 ubuntu kernel: raid6: using algorithm avx2x2 gen() 24761 MB/s
Oct 07 18:36:06 ubuntu kernel: raid6: .... xor() 15663 MB/s, rmw enabled
Oct 07 18:36:06 ubuntu kernel: raid6: using avx2x2 recovery algorithm
Oct 07 18:36:06 ubuntu kernel: xor: automatically using best checksumming function   avx       
Oct 07 18:36:06 ubuntu kernel: async_tx: api initialized (async)
Oct 07 18:36:06 ubuntu kernel: Btrfs loaded, zoned=yes, fsverity=yes
Oct 07 18:36:06 ubuntu kernel: I/O error, dev fd0, sector 0 op 0x0:(READ) flags 0x0 phys_seg 1 prio class 2
Oct 07 18:36:06 ubuntu kernel: floppy: error 10 while reading block 0
Oct 07 18:36:06 ubuntu kernel: EXT4-fs (vda1): mounted filesystem 1bfefdfb-34c9-46c7-854f-399d0a1dea04 ro with ordered data mode. Quota mode: none.
Oct 07 18:36:06 ubuntu systemd[1]: Inserted module 'autofs4'
Oct 07 18:36:06 ubuntu systemd[1]: systemd 255.4-1ubuntu8.17 running in system mode (+PAM +AUDIT +SELINUX +APPARMOR +IMA +SMACK +SECCOMP +GCRYPT -GNUTLS +OPENSSL +ACL +BLKID +CURL +ELFUTILS +FIDO2 +IDN2 -IDN +IPTC +KMOD +LIBCRYPTSETUP +LIBFDISK +PCRE2 -PWQUALITY +P11KIT +QRENCODE +TPM2 +BZIP2 +LZ4 +XZ +ZLIB +ZSTD -BPF_FRAMEWORK -XKBCOMMON +UTMP +SYSVINIT default-hierarchy=unified)
Oct 07 18:36:06 ubuntu systemd[1]: Detected virtualization kvm.
Oct 07 18:36:06 ubuntu systemd[1]: Detected architecture x86-64.
Oct 07 18:36:06 ubuntu systemd[1]: Hostname set to <ubuntu>.
Oct 07 18:36:06 ubuntu systemd[1]: Initializing machine ID from random generator.
Oct 07 18:36:06 ubuntu systemd[1]: Installed transient /etc/machine-id file.
Oct 07 18:36:06 ubuntu kernel: I/O error, dev fd0, sector 0 op 0x0:(READ) flags 0x0 phys_seg 1 prio class 2
Oct 07 18:36:06 ubuntu kernel: floppy: error 10 while reading block 0
Oct 07 18:36:06 ubuntu systemd[1]: Queued start job for default target graphical.target.
Oct 07 18:36:06 ubuntu systemd[1]: Created slice system-modprobe.slice - Slice /system/modprobe.
Oct 07 18:36:06 ubuntu systemd[1]: Created slice system-serial\x2dgetty.slice - Slice /system/serial-getty.
Oct 07 18:36:06 ubuntu systemd[1]: Created slice system-systemd\x2dfsck.slice - Slice /system/systemd-fsck.
Oct 07 18:36:06 ubuntu systemd[1]: Created slice user.slice - User and Session Slice.
Oct 07 18:36:06 ubuntu systemd[1]: Started systemd-ask-password-wall.path - Forward Password Requests to Wall Directory Watch.
Oct 07 18:36:06 ubuntu systemd[1]: Set up automount proc-sys-fs-binfmt_misc.automount - Arbitrary Executable File Formats File System Automount Point.
Oct 07 18:36:06 ubuntu systemd[1]: Expecting device dev-disk-by\x2dlabel-BOOT.device - /dev/disk/by-label/BOOT...
Oct 07 18:36:06 ubuntu systemd[1]: Expecting device dev-disk-by\x2dlabel-UEFI.device - /dev/disk/by-label/UEFI...
Oct 07 18:36:06 ubuntu systemd[1]: Expecting device dev-ttyS0.device - /dev/ttyS0...
Oct 07 18:36:06 ubuntu systemd[1]: Reached target integritysetup.target - Local Integrity Protected Volumes.
Oct 07 18:36:06 ubuntu systemd[1]: Reached target slices.target - Slice Units.
Oct 07 18:36:06 ubuntu systemd[1]: Reached target snapd.mounts-pre.target - Mounting snaps.
Oct 07 18:36:06 ubuntu systemd[1]: Reached target snapd.mounts.target - Mounted snaps.
Oct 07 18:36:06 ubuntu systemd[1]: Reached target swap.target - Swaps.
Oct 07 18:36:06 ubuntu systemd[1]: Reached target veritysetup.target - Local Verity Protected Volumes.
Oct 07 18:36:06 ubuntu systemd[1]: Listening on dm-event.socket - Device-mapper event daemon FIFOs.
Oct 07 18:36:06 ubuntu systemd[1]: Listening on lvm2-lvmpolld.socket - LVM2 poll daemon socket.
Oct 07 18:36:06 ubuntu systemd[1]: Listening on multipathd.socket - multipathd control socket.
Oct 07 18:36:06 ubuntu systemd[1]: Listening on syslog.socket - Syslog Socket.
Oct 07 18:36:06 ubuntu systemd[1]: Listening on systemd-fsckd.socket - fsck to fsckd communication Socket.
Oct 07 18:36:06 ubuntu systemd[1]: Listening on systemd-initctl.socket - initctl Compatibility Named Pipe.
Oct 07 18:36:06 ubuntu systemd[1]: Listening on systemd-journald-dev-log.socket - Journal Socket (/dev/log).
Oct 07 18:36:06 ubuntu systemd[1]: Listening on systemd-journald.socket - Journal Socket.
Oct 07 18:36:06 ubuntu systemd[1]: Listening on systemd-networkd.socket - Network Service Netlink Socket.
Oct 07 18:36:06 ubuntu systemd[1]: systemd-pcrextend.socket - TPM2 PCR Extension (Varlink) was skipped because of an unmet condition check (ConditionSecurity=measured-uki).
Oct 07 18:36:06 ubuntu systemd[1]: Listening on systemd-udevd-control.socket - udev Control Socket.
Oct 07 18:36:06 ubuntu systemd[1]: Listening on systemd-udevd-kernel.socket - udev Kernel Socket.
Oct 07 18:36:06 ubuntu systemd[1]: Mounting dev-hugepages.mount - Huge Pages File System...
Oct 07 18:36:06 ubuntu systemd[1]: Mounting dev-mqueue.mount - POSIX Message Queue File System...
Oct 07 18:36:06 ubuntu systemd[1]: Mounting sys-kernel-debug.mount - Kernel Debug File System...
Oct 07 18:36:06 ubuntu systemd[1]: Mounting sys-kernel-tracing.mount - Kernel Trace File System...
Oct 07 18:36:06 ubuntu systemd[1]: Starting systemd-journald.service - Journal Service...
Oct 07 18:36:06 ubuntu systemd[1]: Starting keyboard-setup.service - Set the console keyboard layout...
Oct 07 18:36:06 ubuntu systemd[1]: Starting kmod-static-nodes.service - Create List of Static Device Nodes...
Oct 07 18:36:06 ubuntu systemd[1]: Starting lvm2-monitor.service - Monitoring of LVM2 mirrors, snapshots etc. using dmeventd or progress polling...
Oct 07 18:36:06 ubuntu systemd[1]: Starting modprobe@configfs.service - Load Kernel Module configfs...
Oct 07 18:36:06 ubuntu systemd-journald[325]: Collecting audit messages is disabled.
Oct 07 18:36:06 ubuntu systemd[1]: Starting modprobe@dm_mod.service - Load Kernel Module dm_mod...
Oct 07 18:36:06 ubuntu systemd[1]: Starting modprobe@drm.service - Load Kernel Module drm...
Oct 07 18:36:06 ubuntu systemd[1]: Starting modprobe@efi_pstore.service - Load Kernel Module efi_pstore...
Oct 07 18:36:06 ubuntu systemd[1]: Starting modprobe@fuse.service - Load Kernel Module fuse...
Oct 07 18:36:06 ubuntu systemd[1]: Starting modprobe@loop.service - Load Kernel Module loop...
Oct 07 18:36:06 ubuntu systemd[1]: netplan-ovs-cleanup.service - OpenVSwitch configuration for cleanup was skipped because of an unmet condition check (ConditionFileIsExecutable=/usr/bin/ovs-vsctl).
Oct 07 18:36:06 ubuntu systemd[1]: Starting systemd-fsck-root.service - File System Check on Root Device...
Oct 07 18:36:06 ubuntu systemd[1]: Starting systemd-modules-load.service - Load Kernel Modules...
Oct 07 18:36:06 ubuntu systemd[1]: systemd-pcrmachine.service - TPM2 PCR Machine ID Measurement was skipped because of an unmet condition check (ConditionSecurity=measured-uki).
Oct 07 18:36:06 ubuntu systemd[1]: systemd-tpm2-setup-early.service - TPM2 SRK Setup (Early) was skipped because of an unmet condition check (ConditionSecurity=measured-uki).
Oct 07 18:36:06 ubuntu systemd[1]: Starting systemd-udev-trigger.service - Coldplug All udev Devices...
Oct 07 18:36:06 ubuntu systemd[1]: Started systemd-journald.service - Journal Service.
Oct 07 18:36:06 ubuntu kernel: EXT4-fs (vda1): re-mounted 1bfefdfb-34c9-46c7-854f-399d0a1dea04 r/w.
Oct 07 18:36:06 ubuntu systemd-journald[325]: Received client request to flush runtime journal.
Oct 07 18:36:07 ubuntu kernel: parport_pc 00:03: reported by Plug and Play ACPI
Oct 07 18:36:07 ubuntu kernel: parport0: PC-style at 0x378, irq 7 [PCSPP,TRISTATE]
Oct 07 18:36:07 ubuntu kernel: EXT4-fs (vda16): mounted filesystem fb8b4264-587e-4a60-a103-a1d39552f189 r/w with ordered data mode. Quota mode: none.
Oct 07 18:36:07 ubuntu kernel: ppdev: user-space parallel port driver
Oct 07 18:36:07 ubuntu kernel: audit: type=1400 audit(1791398167.464:2): apparmor="STATUS" operation="profile_load" profile="unconfined" name=4D6F6E676F444220436F6D70617373 pid=518 comm="apparmor_parser"
Oct 07 18:36:07 ubuntu kernel: audit: type=1400 audit(1791398167.464:3): apparmor="STATUS" operation="profile_load" profile="unconfined" name="Discord" pid=517 comm="apparmor_parser"
Oct 07 18:36:07 ubuntu kernel: audit: type=1400 audit(1791398167.465:4): apparmor="STATUS" operation="profile_load" profile="unconfined" name="QtWebEngineProcess" pid=519 comm="apparmor_parser"
Oct 07 18:36:07 ubuntu kernel: audit: type=1400 audit(1791398167.465:5): apparmor="STATUS" operation="profile_load" profile="unconfined" name="1password" pid=516 comm="apparmor_parser"
Oct 07 18:36:07 ubuntu kernel: audit: type=1400 audit(1791398167.467:6): apparmor="STATUS" operation="profile_load" profile="unconfined" name="balena-etcher" pid=524 comm="apparmor_parser"
Oct 07 18:36:07 ubuntu kernel: audit: type=1400 audit(1791398167.467:7): apparmor="STATUS" operation="profile_load" profile="unconfined" name="brave" pid=525 comm="apparmor_parser"
Oct 07 18:36:07 ubuntu kernel: audit: type=1400 audit(1791398167.469:8): apparmor="STATUS" operation="profile_load" profile="unconfined" name="buildah" pid=526 comm="apparmor_parser"
Oct 07 18:36:07 ubuntu kernel: audit: type=1400 audit(1791398167.470:9): apparmor="STATUS" operation="profile_load" profile="unconfined" name="ch-checkns" pid=528 comm="apparmor_parser"
Oct 07 18:36:07 ubuntu kernel: audit: type=1400 audit(1791398167.470:10): apparmor="STATUS" operation="profile_load" profile="unconfined" name="cam" pid=527 comm="apparmor_parser"
Oct 07 18:36:07 ubuntu kernel: kauditd_printk_skb: 81 callbacks suppressed
Oct 07 18:36:07 ubuntu kernel: audit: type=1400 audit(1791398167.855:92): apparmor="STATUS" operation="profile_load" profile="unconfined" name="ubuntu_pro_apt_news" pid=615 comm="apparmor_parser"
Oct 07 18:36:07 ubuntu kernel: audit: type=1400 audit(1791398167.899:93): apparmor="STATUS" operation="profile_load" profile="unconfined" name="/usr/bin/man" pid=620 comm="apparmor_parser"
Oct 07 18:36:07 ubuntu kernel: audit: type=1400 audit(1791398167.899:94): apparmor="STATUS" operation="profile_load" profile="unconfined" name="man_filter" pid=620 comm="apparmor_parser"
Oct 07 18:36:07 ubuntu kernel: audit: type=1400 audit(1791398167.901:95): apparmor="STATUS" operation="profile_load" profile="unconfined" name="man_groff" pid=620 comm="apparmor_parser"
Oct 07 18:36:08 ubuntu kernel: audit: type=1400 audit(1791398168.032:96): apparmor="STATUS" operation="profile_load" profile="unconfined" name="/usr/lib/snapd/snap-confine" pid=622 comm="apparmor_parser"
Oct 07 18:36:08 ubuntu kernel: audit: type=1400 audit(1791398168.083:97): apparmor="STATUS" operation="profile_load" profile="unconfined" name="tcpdump" pid=621 comm="apparmor_parser"
Oct 07 18:36:08 ubuntu kernel: audit: type=1400 audit(1791398168.085:98): apparmor="STATUS" operation="profile_load" profile="unconfined" name="rsyslogd" pid=624 comm="apparmor_parser"
Oct 07 18:36:08 ubuntu kernel: audit: type=1400 audit(1791398168.088:99): apparmor="STATUS" operation="profile_load" profile="unconfined" name="uwsgi-core" pid=625 comm="apparmor_parser"
Oct 07 18:36:08 ubuntu kernel: audit: type=1400 audit(1791398168.090:100): apparmor="STATUS" operation="profile_load" profile="unconfined" name="vdens" pid=626 comm="apparmor_parser"
Oct 07 18:36:08 ubuntu kernel: audit: type=1400 audit(1791398168.094:101): apparmor="STATUS" operation="profile_load" profile="unconfined" name="virtiofsd" pid=627 comm="apparmor_parser"
Oct 07 18:36:09 ubuntu kernel: I/O error, dev fd0, sector 0 op 0x0:(READ) flags 0x0 phys_seg 1 prio class 2
Oct 07 18:36:09 ubuntu kernel: floppy: error 10 while reading block 0
Oct 07 18:36:09 ubuntu kernel: I/O error, dev fd0, sector 0 op 0x0:(READ) flags 0x0 phys_seg 1 prio class 2
Oct 07 18:36:09 ubuntu kernel: floppy: error 10 while reading block 0
Oct 07 18:36:09 ubuntu kernel: I/O error, dev fd0, sector 0 op 0x0:(READ) flags 0x0 phys_seg 1 prio class 2
Oct 07 18:36:09 ubuntu kernel: floppy: error 10 while reading block 0
Oct 07 18:36:09 ubuntu kernel: I/O error, dev fd0, sector 0 op 0x0:(READ) flags 0x0 phys_seg 1 prio class 2
Oct 07 18:36:09 ubuntu kernel: floppy: error 10 while reading block 0
Oct 07 18:36:09 ubuntu kernel: I/O error, dev fd0, sector 0 op 0x0:(READ) flags 0x0 phys_seg 1 prio class 2
Oct 07 18:36:09 ubuntu kernel: floppy: error 10 while reading block 0
Oct 07 18:36:09 ubuntu kernel: ISO 9660 Extensions: Microsoft Joliet Level 3
Oct 07 18:36:09 ubuntu kernel: ISO 9660 Extensions: RRIP_1991A
Oct 07 18:36:22 busymark-adoption-kvm kernel: EXT4-fs (vda1): resizing filesystem from 655099 to 3931899 blocks
Oct 07 18:36:22 busymark-adoption-kvm kernel: EXT4-fs (vda1): resized filesystem to 3931899
Oct 07 18:36:24 busymark-adoption-kvm kernel: kauditd_printk_skb: 17 callbacks suppressed
Oct 07 18:36:24 busymark-adoption-kvm kernel: audit: type=1400 audit(1791398184.050:119): apparmor="STATUS" operation="profile_replace" info="same as current profile, skipping" profile="unconfined" name="rsyslogd" pid=831 comm="apparmor_parser"
Oct 07 18:36:24 busymark-adoption-kvm kernel: loop0: detected capacity change from 0 to 8
Oct 07 18:36:24 busymark-adoption-kvm kernel: audit: type=1400 audit(1791398184.732:120): apparmor="STATUS" operation="profile_replace" profile="unconfined" name="/usr/lib/snapd/snap-confine" pid=995 comm="apparmor_parser"
Oct 07 18:37:34 busymark-adoption-kvm kernel: clocksource: Long readout interval, skipping watchdog check: cs_nsec: 1194682541 wd_nsec: 1194682058
Oct 07 18:37:44 busymark-adoption-kvm kernel: clocksource: Long readout interval, skipping watchdog check: cs_nsec: 10083645115 wd_nsec: 10083641487
Oct 07 18:38:36 busymark-adoption-kvm kernel: audit: type=1400 audit(1791398316.139:121): apparmor="STATUS" operation="profile_load" profile="unconfined" name="ping" pid=4873 comm="apparmor_parser"
Oct 07 18:38:36 busymark-adoption-kvm kernel: audit: type=1400 audit(1791398316.175:122): apparmor="STATUS" operation="profile_load" profile="unconfined" name="php-fpm" pid=4879 comm="apparmor_parser"
Oct 07 18:38:36 busymark-adoption-kvm kernel: audit: type=1400 audit(1791398316.216:123): apparmor="STATUS" operation="profile_load" profile="unconfined" name="samba-bgqd" pid=4885 comm="apparmor_parser"
Oct 07 18:38:36 busymark-adoption-kvm kernel: audit: type=1400 audit(1791398316.250:124): apparmor="STATUS" operation="profile_load" profile="unconfined" name="samba-dcerpcd" pid=4891 comm="apparmor_parser"
Oct 07 18:38:36 busymark-adoption-kvm kernel: audit: type=1400 audit(1791398316.287:125): apparmor="STATUS" operation="profile_load" profile="unconfined" name="samba-rpcd" pid=4897 comm="apparmor_parser"
Oct 07 18:38:36 busymark-adoption-kvm kernel: audit: type=1400 audit(1791398316.324:126): apparmor="STATUS" operation="profile_load" profile="unconfined" name="samba-rpcd-classic" pid=4903 comm="apparmor_parser"
Oct 07 18:38:36 busymark-adoption-kvm kernel: audit: type=1400 audit(1791398316.358:127): apparmor="STATUS" operation="profile_load" profile="unconfined" name="samba-rpcd-spoolss" pid=4911 comm="apparmor_parser"
Oct 07 18:38:36 busymark-adoption-kvm kernel: audit: type=1400 audit(1791398316.374:128): apparmor="STATUS" operation="profile_load" profile="unconfined" name="klogd" pid=4917 comm="apparmor_parser"
Oct 07 18:38:36 busymark-adoption-kvm kernel: audit: type=1400 audit(1791398316.426:129): apparmor="STATUS" operation="profile_load" profile="unconfined" name="syslog-ng" pid=4923 comm="apparmor_parser"
Oct 07 18:38:36 busymark-adoption-kvm kernel: audit: type=1400 audit(1791398316.465:130): apparmor="STATUS" operation="profile_load" profile="unconfined" name="syslogd" pid=4929 comm="apparmor_parser"
Oct 07 18:38:52 busymark-adoption-kvm kernel: loop0: detected capacity change from 0 to 8
Oct 07 18:38:52 busymark-adoption-kvm kernel: kauditd_printk_skb: 11 callbacks suppressed
Oct 07 18:38:52 busymark-adoption-kvm kernel: audit: type=1400 audit(1791398332.733:142): apparmor="STATUS" operation="profile_replace" info="same as current profile, skipping" profile="unconfined" name="/usr/lib/snapd/snap-confine" pid=5739 comm="apparmor_parser"
Oct 07 18:39:22 busymark-adoption-kvm kernel: loop0: detected capacity change from 0 to 91568
Oct 07 18:39:23 busymark-adoption-kvm kernel: audit: type=1400 audit(1791398363.365:143): apparmor="STATUS" operation="profile_load" profile="unconfined" name="/snap/snapd/28254/usr/lib/snapd/snap-confine" pid=5920 comm="apparmor_parser"
Oct 07 18:39:28 busymark-adoption-kvm kernel: loop1: detected capacity change from 0 to 8
Oct 07 18:39:28 busymark-adoption-kvm kernel: audit: type=1400 audit(1791398368.912:144): apparmor="STATUS" operation="profile_replace" profile="unconfined" name="/snap/snapd/28254/usr/lib/snapd/snap-confine" pid=6077 comm="apparmor_parser"
Oct 07 18:39:29 busymark-adoption-kvm kernel: audit: type=1400 audit(1791398369.387:145): apparmor="STATUS" operation="profile_replace" info="same as current profile, skipping" profile="unconfined" name="/snap/snapd/28254/usr/lib/snapd/snap-confine" pid=6090 comm="apparmor_parser"
Oct 07 18:39:38 busymark-adoption-kvm kernel: loop1: detected capacity change from 0 to 136784
Oct 07 18:39:41 busymark-adoption-kvm kernel: loop2: detected capacity change from 0 to 604976
Oct 07 18:39:43 busymark-adoption-kvm kernel: loop3: detected capacity change from 0 to 8
Oct 07 18:40:09 busymark-adoption-kvm kernel: loop4: detected capacity change from 0 to 823256
Oct 07 18:40:11 busymark-adoption-kvm kernel: audit: type=1400 audit(1791398411.143:146): apparmor="STATUS" operation="profile_load" profile="unconfined" name="snap-update-ns.mesa-2404" pid=6688 comm="apparmor_parser"
Oct 07 18:40:11 busymark-adoption-kvm kernel: audit: type=1400 audit(1791398411.304:147): apparmor="STATUS" operation="profile_load" profile="unconfined" name="snap.mesa-2404.hook.connect-plug-kernel-gpu-2404" pid=6690 comm="apparmor_parser"
Oct 07 18:40:11 busymark-adoption-kvm kernel: audit: type=1400 audit(1791398411.324:148): apparmor="STATUS" operation="profile_load" profile="unconfined" name="snap.mesa-2404.component-monitor" pid=6689 comm="apparmor_parser"
Oct 07 18:40:11 busymark-adoption-kvm kernel: audit: type=1400 audit(1791398411.429:149): apparmor="STATUS" operation="profile_load" profile="unconfined" name="snap.mesa-2404.hook.disconnect-plug-kernel-gpu-2404" pid=6691 comm="apparmor_parser"
Oct 07 18:40:11 busymark-adoption-kvm kernel: audit: type=1400 audit(1791398411.438:150): apparmor="STATUS" operation="profile_load" profile="unconfined" name="snap.mesa-2404.hook.install" pid=6692 comm="apparmor_parser"
Oct 07 18:40:11 busymark-adoption-kvm kernel: audit: type=1400 audit(1791398411.525:151): apparmor="STATUS" operation="profile_load" profile="unconfined" name="snap.mesa-2404.hook.post-refresh" pid=6693 comm="apparmor_parser"
Oct 07 18:40:24 busymark-adoption-kvm kernel: loop5: detected capacity change from 0 to 187776
Oct 07 18:41:02 busymark-adoption-kvm kernel: loop6: detected capacity change from 0 to 1260056
Oct 07 18:41:18 busymark-adoption-kvm kernel: audit: type=1400 audit(1791398478.395:152): apparmor="STATUS" operation="profile_replace" info="same as current profile, skipping" profile="unconfined" name="/snap/snapd/28254/usr/lib/snapd/snap-confine" pid=7203 comm="apparmor_parser"
Oct 07 18:41:18 busymark-adoption-kvm kernel: audit: type=1400 audit(1791398478.669:153): apparmor="STATUS" operation="profile_load" profile="unconfined" name="snap-update-ns.busymark" pid=7205 comm="apparmor_parser"
Oct 07 18:41:18 busymark-adoption-kvm kernel: audit: type=1400 audit(1791398478.727:154): apparmor="STATUS" operation="profile_load" profile="unconfined" name="snap.busymark.busymark" pid=7206 comm="apparmor_parser"
Oct 07 18:41:18 busymark-adoption-kvm kernel: audit: type=1400 audit(1791398478.808:155): apparmor="STATUS" operation="profile_replace" info="same as current profile, skipping" profile="unconfined" name="snap.mesa-2404.component-monitor" pid=7208 comm="apparmor_parser"
Oct 07 18:41:18 busymark-adoption-kvm kernel: audit: type=1400 audit(1791398478.809:156): apparmor="STATUS" operation="profile_load" profile="unconfined" name="snap.busymark.hook.configure" pid=7207 comm="apparmor_parser"
Oct 07 18:41:18 busymark-adoption-kvm kernel: audit: type=1400 audit(1791398478.888:157): apparmor="STATUS" operation="profile_replace" info="same as current profile, skipping" profile="unconfined" name="snap.mesa-2404.hook.connect-plug-kernel-gpu-2404" pid=7209 comm="apparmor_parser"
Oct 07 18:41:18 busymark-adoption-kvm kernel: audit: type=1400 audit(1791398478.895:158): apparmor="STATUS" operation="profile_replace" info="same as current profile, skipping" profile="unconfined" name="snap.mesa-2404.hook.disconnect-plug-kernel-gpu-2404" pid=7210 comm="apparmor_parser"
Oct 07 18:41:18 busymark-adoption-kvm kernel: audit: type=1400 audit(1791398478.967:159): apparmor="STATUS" operation="profile_replace" info="same as current profile, skipping" profile="unconfined" name="snap.mesa-2404.hook.install" pid=7211 comm="apparmor_parser"
Oct 07 18:41:18 busymark-adoption-kvm kernel: audit: type=1400 audit(1791398478.978:160): apparmor="STATUS" operation="profile_replace" info="same as current profile, skipping" profile="unconfined" name="snap.mesa-2404.hook.post-refresh" pid=7212 comm="apparmor_parser"
Oct 07 18:41:18 busymark-adoption-kvm kernel: audit: type=1400 audit(1791398478.982:161): apparmor="STATUS" operation="profile_replace" info="same as current profile, skipping" profile="unconfined" name="snap-update-ns.mesa-2404" pid=7214 comm="apparmor_parser"
Oct 07 18:42:47 busymark-adoption-kvm kernel: kauditd_printk_skb: 12 callbacks suppressed
Oct 07 18:42:47 busymark-adoption-kvm kernel: audit: type=1400 audit(1791398567.000:174): apparmor="DENIED" operation="open" class="file" profile="snap.busymark.busymark" name="/snap/core24/2124/usr/lib/x86_64-linux-gnu/libglib-2.0.so.0.8000.0" pid=7875 comm="gtk-update-icon" requested_mask="r" denied_mask="r" fsuid=1000 ouid=0
Oct 07 18:42:47 busymark-adoption-kvm kernel: audit: type=1400 audit(1791398567.008:175): apparmor="DENIED" operation="open" class="file" profile="snap.busymark.busymark" name="/snap/core24/2124/usr/lib/x86_64-linux-gnu/libc.so.6" pid=7875 comm="gtk-update-icon" requested_mask="r" denied_mask="r" fsuid=1000 ouid=0
Oct 07 18:42:47 busymark-adoption-kvm kernel: audit: type=1400 audit(1791398567.009:176): apparmor="DENIED" operation="open" class="file" profile="snap.busymark.busymark" name="/snap/core24/2124/usr/lib/x86_64-linux-gnu/libpcre2-8.so.0.11.2" pid=7875 comm="gtk-update-icon" requested_mask="r" denied_mask="r" fsuid=1000 ouid=0
Oct 07 18:42:47 busymark-adoption-kvm kernel: audit: type=1400 audit(1791398567.009:177): apparmor="DENIED" operation="open" class="file" profile="snap.busymark.busymark" name="/snap/core24/2124/usr/lib/x86_64-linux-gnu/libm.so.6" pid=7875 comm="gtk-update-icon" requested_mask="r" denied_mask="r" fsuid=1000 ouid=0
Oct 07 18:42:47 busymark-adoption-kvm kernel: audit: type=1400 audit(1791398567.009:178): apparmor="DENIED" operation="open" class="file" profile="snap.busymark.busymark" name="/snap/core24/2124/usr/lib/x86_64-linux-gnu/libm.so.6" pid=7875 comm="gtk-update-icon" requested_mask="r" denied_mask="r" fsuid=1000 ouid=0
Oct 07 18:42:47 busymark-adoption-kvm kernel: audit: type=1400 audit(1791398567.009:179): apparmor="DENIED" operation="open" class="file" profile="snap.busymark.busymark" name="/snap/core24/2124/usr/lib/x86_64-linux-gnu/libgobject-2.0.so.0.8000.0" pid=7875 comm="gtk-update-icon" requested_mask="r" denied_mask="r" fsuid=1000 ouid=0
Oct 07 18:42:47 busymark-adoption-kvm kernel: audit: type=1400 audit(1791398567.010:180): apparmor="DENIED" operation="open" class="file" profile="snap.busymark.busymark" name="/snap/core24/2124/usr/lib/x86_64-linux-gnu/libglib-2.0.so.0.8000.0" pid=7883 comm="gtk-update-icon" requested_mask="r" denied_mask="r" fsuid=1000 ouid=0
Oct 07 18:42:47 busymark-adoption-kvm kernel: audit: type=1400 audit(1791398567.010:181): apparmor="DENIED" operation="open" class="file" profile="snap.busymark.busymark" name="/snap/core24/2124/usr/lib/x86_64-linux-gnu/libgobject-2.0.so.0.8000.0" pid=7875 comm="gtk-update-icon" requested_mask="r" denied_mask="r" fsuid=1000 ouid=0
Oct 07 18:42:47 busymark-adoption-kvm kernel: audit: type=1400 audit(1791398567.010:182): apparmor="DENIED" operation="open" class="file" profile="snap.busymark.busymark" name="/snap/core24/2124/usr/lib/x86_64-linux-gnu/libc.so.6" pid=7883 comm="gtk-update-icon" requested_mask="r" denied_mask="r" fsuid=1000 ouid=0
Oct 07 18:42:47 busymark-adoption-kvm kernel: audit: type=1400 audit(1791398567.010:183): apparmor="DENIED" operation="open" class="file" profile="snap.busymark.busymark" name="/snap/core24/2124/usr/lib/x86_64-linux-gnu/libpcre2-8.so.0.11.2" pid=7883 comm="gtk-update-icon" requested_mask="r" denied_mask="r" fsuid=1000 ouid=0
Oct 07 18:42:54 busymark-adoption-kvm kernel: kauditd_printk_skb: 782 callbacks suppressed
Oct 07 18:42:54 busymark-adoption-kvm kernel: audit: type=1400 audit(1791398574.071:966): apparmor="DENIED" operation="open" class="file" profile="snap.busymark.busymark" name="/snap/core24/2124/usr/lib/x86_64-linux-gnu/libpng16.so.16.43.0" pid=8081 comm="gdk-pixbuf-quer" requested_mask="r" denied_mask="r" fsuid=1000 ouid=0
Oct 07 18:42:54 busymark-adoption-kvm kernel: audit: type=1400 audit(1791398574.071:967): apparmor="DENIED" operation="open" class="file" profile="snap.busymark.busymark" name="/snap/core24/2124/usr/lib/x86_64-linux-gnu/libfreetype.so.6.20.1" pid=8081 comm="gdk-pixbuf-quer" requested_mask="r" denied_mask="r" fsuid=1000 ouid=0
Oct 07 18:42:54 busymark-adoption-kvm kernel: audit: type=1400 audit(1791398574.072:968): apparmor="DENIED" operation="open" class="file" profile="snap.busymark.busymark" name="/snap/core24/2124/usr/lib/x86_64-linux-gnu/liblzma.so.5.4.5" pid=8081 comm="gdk-pixbuf-quer" requested_mask="r" denied_mask="r" fsuid=1000 ouid=0
Oct 07 18:42:54 busymark-adoption-kvm kernel: audit: type=1400 audit(1791398574.072:969): apparmor="DENIED" operation="open" class="file" profile="snap.busymark.busymark" name="/snap/core24/2124/usr/lib/x86_64-linux-gnu/libexpat.so.1.9.1" pid=8081 comm="gdk-pixbuf-quer" requested_mask="r" denied_mask="r" fsuid=1000 ouid=0
Oct 07 18:42:54 busymark-adoption-kvm kernel: audit: type=1400 audit(1791398574.072:970): apparmor="DENIED" operation="open" class="file" profile="snap.busymark.busymark" name="/snap/core24/2124/usr/lib/x86_64-linux-gnu/libexpat.so.1.9.1" pid=8081 comm="gdk-pixbuf-quer" requested_mask="r" denied_mask="r" fsuid=1000 ouid=0
Oct 07 18:42:54 busymark-adoption-kvm kernel: audit: type=1400 audit(1791398574.072:971): apparmor="DENIED" operation="open" class="file" profile="snap.busymark.busymark" name="/snap/core24/2124/usr/lib/x86_64-linux-gnu/libbz2.so.1.0.4" pid=8081 comm="gdk-pixbuf-quer" requested_mask="r" denied_mask="r" fsuid=1000 ouid=0
Oct 07 18:42:54 busymark-adoption-kvm kernel: audit: type=1400 audit(1791398574.072:972): apparmor="DENIED" operation="open" class="file" profile="snap.busymark.busymark" name="/snap/core24/2124/usr/lib/x86_64-linux-gnu/libbrotlidec.so.1.1.0" pid=8081 comm="gdk-pixbuf-quer" requested_mask="r" denied_mask="r" fsuid=1000 ouid=0
Oct 07 18:42:54 busymark-adoption-kvm kernel: audit: type=1400 audit(1791398574.073:973): apparmor="DENIED" operation="open" class="file" profile="snap.busymark.busymark" name="/snap/core24/2124/usr/lib/x86_64-linux-gnu/libstdc++.so.6.0.33" pid=8081 comm="gdk-pixbuf-quer" requested_mask="r" denied_mask="r" fsuid=1000 ouid=0
Oct 07 18:42:54 busymark-adoption-kvm kernel: audit: type=1400 audit(1791398574.073:974): apparmor="DENIED" operation="open" class="file" profile="snap.busymark.busymark" name="/snap/core24/2124/usr/lib/x86_64-linux-gnu/libstdc++.so.6.0.33" pid=8081 comm="gdk-pixbuf-quer" requested_mask="r" denied_mask="r" fsuid=1000 ouid=0
Oct 07 18:42:54 busymark-adoption-kvm kernel: audit: type=1400 audit(1791398574.073:975): apparmor="DENIED" operation="open" class="file" profile="snap.busymark.busymark" name="/snap/core24/2124/usr/lib/x86_64-linux-gnu/libbrotlicommon.so.1.1.0" pid=8081 comm="gdk-pixbuf-quer" requested_mask="r" denied_mask="r" fsuid=1000 ouid=0
Oct 07 18:43:24 busymark-adoption-kvm kernel: kauditd_printk_skb: 295 callbacks suppressed
Oct 07 18:43:24 busymark-adoption-kvm kernel: audit: type=1400 audit(1791398604.418:1271): apparmor="DENIED" operation="open" class="file" profile="snap.busymark.busymark" name="/sys/fs/cgroup/user.slice/user-1000.slice/user@1000.service/app.slice/cpu.max" pid=8399 comm="busymark" requested_mask="r" denied_mask="r" fsuid=1000 ouid=1000
Oct 07 18:43:24 busymark-adoption-kvm kernel: audit: type=1400 audit(1791398604.418:1272): apparmor="DENIED" operation="open" class="file" profile="snap.busymark.busymark" name="/sys/fs/cgroup/user.slice/user-1000.slice/user@1000.service/cpu.max" pid=8399 comm="busymark" requested_mask="r" denied_mask="r" fsuid=1000 ouid=0
Oct 07 18:43:24 busymark-adoption-kvm kernel: audit: type=1400 audit(1791398604.418:1273): apparmor="DENIED" operation="open" class="file" profile="snap.busymark.busymark" name="/sys/fs/cgroup/user.slice/user-1000.slice/cpu.max" pid=8399 comm="busymark" requested_mask="r" denied_mask="r" fsuid=1000 ouid=0
Oct 07 18:43:24 busymark-adoption-kvm kernel: audit: type=1400 audit(1791398604.419:1274): apparmor="DENIED" operation="open" class="file" profile="snap.busymark.busymark" name="/sys/fs/cgroup/user.slice/cpu.max" pid=8399 comm="busymark" requested_mask="r" denied_mask="r" fsuid=1000 ouid=0
Oct 07 18:43:24 busymark-adoption-kvm kernel: audit: type=1326 audit(1791398604.482:1275): auid=1000 uid=1000 gid=1000 ses=18 subj=snap.busymark.busymark pid=8399 comm="busymark" exe="/snap/busymark/x1/busymark" sig=0 arch=c000003e syscall=203 compat=0 ip=0x725696ed47d1 code=0x50000
Oct 07 18:43:24 busymark-adoption-kvm kernel: audit: type=1326 audit(1791398604.856:1276): auid=1000 uid=1000 gid=1000 ses=18 subj=snap.busymark.busymark pid=8399 comm="busymark" exe="/snap/busymark/x1/busymark" sig=0 arch=c000003e syscall=203 compat=0 ip=0x725696ed47d1 code=0x50000
Oct 07 18:43:24 busymark-adoption-kvm kernel: audit: type=1400 audit(1791398604.972:1277): apparmor="DENIED" operation="open" class="file" profile="snap.busymark.busymark" name="/proc/sys/vm/max_map_count" pid=8399 comm="busymark" requested_mask="r" denied_mask="r" fsuid=1000 ouid=0
Oct 07 18:43:50 busymark-adoption-kvm kernel: audit: type=1326 audit(1791398630.746:1278): auid=1000 uid=1000 gid=1000 ses=18 subj=snap.busymark.busymark pid=8399 comm="busymark" exe="/snap/busymark/x1/busymark" sig=0 arch=c000003e syscall=203 compat=0 ip=0x725696ed47d1 code=0x50000
Oct 07 18:43:50 busymark-adoption-kvm kernel: audit: type=1400 audit(1791398630.770:1279): apparmor="DENIED" operation="open" class="file" profile="snap.busymark.busymark" name="/sys/devices/virtual/dmi/id/chassis_type" pid=8399 comm="busymark" requested_mask="r" denied_mask="r" fsuid=1000 ouid=0
Oct 07 18:43:50 busymark-adoption-kvm kernel: audit: type=1400 audit(1791398630.770:1280): apparmor="DENIED" operation="open" class="file" profile="snap.busymark.busymark" name="/sys/firmware/acpi/pm_profile" pid=8399 comm="busymark" requested_mask="r" denied_mask="r" fsuid=1000 ouid=0
Oct 07 18:43:50 busymark-adoption-kvm kernel: audit: type=1400 audit(1791398630.779:1281): apparmor="DENIED" operation="open" class="file" profile="snap.busymark.busymark" name="/snap/core24/2124/usr/lib/x86_64-linux-gnu/libgssapi_krb5.so.2.2" pid=8582 comm="WebKitNetworkPr" requested_mask="r" denied_mask="r" fsuid=1000 ouid=0
Oct 07 18:43:50 busymark-adoption-kvm kernel: audit: type=1400 audit(1791398630.783:1282): apparmor="DENIED" operation="open" class="file" profile="snap.busymark.busymark" name="/snap/core24/2124/usr/lib/x86_64-linux-gnu/libgssapi_krb5.so.2.2" pid=8593 comm="WebKitWebProces" requested_mask="r" denied_mask="r" fsuid=1000 ouid=0
Oct 07 18:43:50 busymark-adoption-kvm kernel: audit: type=1400 audit(1791398630.784:1283): apparmor="DENIED" operation="open" class="file" profile="snap.busymark.busymark" name="/snap/core24/2124/usr/lib/x86_64-linux-gnu/libdbus-1.so.3.32.4" pid=8593 comm="WebKitWebProces" requested_mask="r" denied_mask="r" fsuid=1000 ouid=0
Oct 07 18:43:50 busymark-adoption-kvm kernel: audit: type=1400 audit(1791398630.784:1284): apparmor="DENIED" operation="open" class="file" profile="snap.busymark.busymark" name="/snap/core24/2124/usr/lib/x86_64-linux-gnu/libdbus-1.so.3.32.4" pid=8582 comm="WebKitNetworkPr" requested_mask="r" denied_mask="r" fsuid=1000 ouid=0
Oct 07 18:43:50 busymark-adoption-kvm kernel: audit: type=1400 audit(1791398630.785:1285): apparmor="DENIED" operation="open" class="file" profile="snap.busymark.busymark" name="/snap/core24/2124/usr/lib/x86_64-linux-gnu/libelf-0.190.so" pid=8593 comm="WebKitWebProces" requested_mask="r" denied_mask="r" fsuid=1000 ouid=0
Oct 07 18:43:50 busymark-adoption-kvm kernel: audit: type=1400 audit(1791398630.785:1286): apparmor="DENIED" operation="open" class="file" profile="snap.busymark.busymark" name="/snap/core24/2124/usr/lib/x86_64-linux-gnu/libelf-0.190.so" pid=8582 comm="WebKitNetworkPr" requested_mask="r" denied_mask="r" fsuid=1000 ouid=0
Oct 07 18:43:50 busymark-adoption-kvm kernel: audit: type=1400 audit(1791398630.786:1287): apparmor="DENIED" operation="open" class="file" profile="snap.busymark.busymark" name="/snap/core24/2124/usr/lib/x86_64-linux-gnu/libudev.so.1.7.8" pid=8582 comm="WebKitNetworkPr" requested_mask="r" denied_mask="r" fsuid=1000 ouid=0
Oct 07 18:43:55 busymark-adoption-kvm kernel: kauditd_printk_skb: 50 callbacks suppressed
Oct 07 18:43:55 busymark-adoption-kvm kernel: audit: type=1400 audit(1791398635.767:1338): apparmor="DENIED" operation="open" class="file" profile="snap.busymark.busymark" name="/proc/zoneinfo" pid=8399 comm="PressureMonitor" requested_mask="r" denied_mask="r" fsuid=1000 ouid=0
Oct 07 18:43:55 busymark-adoption-kvm kernel: audit: type=1400 audit(1791398635.767:1339): apparmor="DENIED" operation="open" class="file" profile="snap.busymark.busymark" name="/sys/fs/cgroup/user.slice/user-1000.slice/user@1000.service/app.slice/snap.busymark.busymark-c5c9f0d1-8d60-4656-a511-3e3cbbe52535.scope/memory.current" pid=8399 comm="PressureMonitor" requested_mask="r" denied_mask="r" fsuid=1000 ouid=1000
Oct 07 18:43:55 busymark-adoption-kvm kernel: audit: type=1400 audit(1791398635.767:1340): apparmor="DENIED" operation="open" class="file" profile="snap.busymark.busymark" name="/sys/fs/cgroup/user.slice/user-1000.slice/user@1000.service/app.slice/snap.busymark.busymark-c5c9f0d1-8d60-4656-a511-3e3cbbe52535.scope/memory.max" pid=8399 comm="PressureMonitor" requested_mask="r" denied_mask="r" fsuid=1000 ouid=1000
Oct 07 18:43:55 busymark-adoption-kvm kernel: audit: type=1400 audit(1791398635.767:1341): apparmor="DENIED" operation="open" class="file" profile="snap.busymark.busymark" name="/sys/fs/cgroup/user.slice/user-1000.slice/user@1000.service/app.slice/snap.busymark.busymark-c5c9f0d1-8d60-4656-a511-3e3cbbe52535.scope/memory.high" pid=8399 comm="PressureMonitor" requested_mask="r" denied_mask="r" fsuid=1000 ouid=1000
Oct 07 18:44:00 busymark-adoption-kvm kernel: audit: type=1400 audit(1791398640.768:1342): apparmor="DENIED" operation="open" class="file" profile="snap.busymark.busymark" name="/proc/zoneinfo" pid=8399 comm="PressureMonitor" requested_mask="r" denied_mask="r" fsuid=1000 ouid=0
Oct 07 18:44:05 busymark-adoption-kvm kernel: audit: type=1400 audit(1791398645.770:1343): apparmor="DENIED" operation="open" class="file" profile="snap.busymark.busymark" name="/proc/zoneinfo" pid=8399 comm="PressureMonitor" requested_mask="r" denied_mask="r" fsuid=1000 ouid=0
Oct 07 18:44:10 busymark-adoption-kvm kernel: audit: type=1400 audit(1791398650.770:1344): apparmor="DENIED" operation="open" class="file" profile="snap.busymark.busymark" name="/proc/zoneinfo" pid=8399 comm="PressureMonitor" requested_mask="r" denied_mask="r" fsuid=1000 ouid=0
Oct 07 18:44:15 busymark-adoption-kvm kernel: audit: type=1400 audit(1791398655.771:1345): apparmor="DENIED" operation="open" class="file" profile="snap.busymark.busymark" name="/proc/zoneinfo" pid=8399 comm="PressureMonitor" requested_mask="r" denied_mask="r" fsuid=1000 ouid=0
Oct 07 18:44:20 busymark-adoption-kvm kernel: audit: type=1400 audit(1791398660.772:1346): apparmor="DENIED" operation="open" class="file" profile="snap.busymark.busymark" name="/proc/zoneinfo" pid=8399 comm="PressureMonitor" requested_mask="r" denied_mask="r" fsuid=1000 ouid=0
Oct 07 18:44:32 busymark-adoption-kvm kernel: traps: WatchDogQueue[8800] trap int3 ip:7b9830a1b6b7 sp:7b97cd7f9600 error:0 in libglib-2.0.so.0.8400.4[7b98309cc000+be000]
Oct 07 18:44:34 busymark-adoption-kvm kernel: loop7: detected capacity change from 0 to 604976
Oct 07 18:44:35 busymark-adoption-kvm kernel: audit: type=1400 audit(1791398675.382:1347): apparmor="STATUS" operation="profile_replace" info="same as current profile, skipping" profile="unconfined" name="/snap/snapd/28254/usr/lib/snapd/snap-confine" pid=9059 comm="apparmor_parser"
Oct 07 18:44:35 busymark-adoption-kvm kernel: audit: type=1400 audit(1791398675.715:1348): apparmor="STATUS" operation="profile_replace" profile="unconfined" name="snap-update-ns.busymark" pid=9061 comm="apparmor_parser"
Oct 07 18:44:35 busymark-adoption-kvm kernel: audit: type=1400 audit(1791398675.763:1349): apparmor="STATUS" operation="profile_replace" profile="unconfined" name="snap.busymark.busymark" pid=9062 comm="apparmor_parser"
Oct 07 18:44:35 busymark-adoption-kvm kernel: audit: type=1400 audit(1791398675.851:1350): apparmor="STATUS" operation="profile_replace" profile="unconfined" name="snap.busymark.hook.configure" pid=9075 comm="apparmor_parser"
Oct 07 18:44:35 busymark-adoption-kvm kernel: audit: type=1400 audit(1791398675.856:1351): apparmor="STATUS" operation="profile_replace" info="same as current profile, skipping" profile="unconfined" name="snap-update-ns.mesa-2404" pid=9081 comm="apparmor_parser"
Oct 07 18:44:35 busymark-adoption-kvm kernel: audit: type=1400 audit(1791398675.857:1352): apparmor="STATUS" operation="profile_replace" info="same as current profile, skipping" profile="unconfined" name="snap.mesa-2404.component-monitor" pid=9082 comm="apparmor_parser"
Oct 07 18:44:35 busymark-adoption-kvm kernel: audit: type=1400 audit(1791398675.859:1353): apparmor="STATUS" operation="profile_replace" info="same as current profile, skipping" profile="unconfined" name="snap.mesa-2404.hook.connect-plug-kernel-gpu-2404" pid=9083 comm="apparmor_parser"
Oct 07 18:44:35 busymark-adoption-kvm kernel: audit: type=1400 audit(1791398675.860:1354): apparmor="STATUS" operation="profile_replace" info="same as current profile, skipping" profile="unconfined" name="snap.mesa-2404.hook.disconnect-plug-kernel-gpu-2404" pid=9084 comm="apparmor_parser"
Oct 07 18:44:35 busymark-adoption-kvm kernel: audit: type=1400 audit(1791398675.863:1355): apparmor="STATUS" operation="profile_replace" info="same as current profile, skipping" profile="unconfined" name="snap.mesa-2404.hook.install" pid=9085 comm="apparmor_parser"
Oct 07 18:44:37 busymark-adoption-kvm kernel: kauditd_printk_skb: 10 callbacks suppressed
Oct 07 18:44:37 busymark-adoption-kvm kernel: audit: type=1400 audit(1791398677.837:1366): apparmor="STATUS" operation="profile_replace" profile="unconfined" name="snap.busymark.busymark" pid=9231 comm="apparmor_parser"
Oct 07 18:44:37 busymark-adoption-kvm kernel: audit: type=1400 audit(1791398677.844:1367): apparmor="STATUS" operation="profile_replace" info="same as current profile, skipping" profile="unconfined" name="snap.busymark.hook.configure" pid=9245 comm="apparmor_parser"
Oct 07 18:44:37 busymark-adoption-kvm kernel: audit: type=1400 audit(1791398677.850:1368): apparmor="STATUS" operation="profile_replace" info="same as current profile, skipping" profile="unconfined" name="/snap/snapd/28254/usr/lib/snapd/snap-confine" pid=9247 comm="apparmor_parser"
Oct 07 18:44:38 busymark-adoption-kvm kernel: audit: type=1400 audit(1791398678.193:1369): apparmor="DENIED" operation="open" class="file" profile="snap.busymark.busymark" name="/snap/core24/2124/usr/lib/x86_64-linux-gnu/libm.so.6" pid=9350 comm="gdk-pixbuf-quer" requested_mask="r" denied_mask="r" fsuid=1000 ouid=0
Oct 07 18:44:38 busymark-adoption-kvm kernel: audit: type=1400 audit(1791398678.194:1370): apparmor="DENIED" operation="open" class="file" profile="snap.busymark.busymark" name="/snap/core24/2124/usr/lib/x86_64-linux-gnu/libpng16.so.16.43.0" pid=9350 comm="gdk-pixbuf-quer" requested_mask="r" denied_mask="r" fsuid=1000 ouid=0
Oct 07 18:44:38 busymark-adoption-kvm kernel: audit: type=1400 audit(1791398678.206:1371): apparmor="DENIED" operation="open" class="file" profile="snap.busymark.busymark" name="/snap/core24/2124/usr/lib/x86_64-linux-gnu/libm.so.6" pid=9350 comm="gdk-pixbuf-quer" requested_mask="r" denied_mask="r" fsuid=1000 ouid=0
Oct 07 18:44:38 busymark-adoption-kvm kernel: audit: type=1400 audit(1791398678.206:1372): apparmor="DENIED" operation="open" class="file" profile="snap.busymark.busymark" name="/snap/core24/2124/usr/lib/x86_64-linux-gnu/libpng16.so.16.43.0" pid=9350 comm="gdk-pixbuf-quer" requested_mask="r" denied_mask="r" fsuid=1000 ouid=0
Oct 07 18:44:38 busymark-adoption-kvm kernel: audit: type=1400 audit(1791398678.207:1373): apparmor="DENIED" operation="open" class="file" profile="snap.busymark.busymark" name="/snap/core24/2124/usr/lib/x86_64-linux-gnu/libm.so.6" pid=9350 comm="gdk-pixbuf-quer" requested_mask="r" denied_mask="r" fsuid=1000 ouid=0
Oct 07 18:44:38 busymark-adoption-kvm kernel: audit: type=1400 audit(1791398678.207:1374): apparmor="DENIED" operation="open" class="file" profile="snap.busymark.busymark" name="/snap/core24/2124/usr/lib/x86_64-linux-gnu/libpng16.so.16.43.0" pid=9350 comm="gdk-pixbuf-quer" requested_mask="r" denied_mask="r" fsuid=1000 ouid=0
Oct 07 18:44:38 busymark-adoption-kvm kernel: audit: type=1400 audit(1791398678.212:1375): apparmor="DENIED" operation="open" class="file" profile="snap.busymark.busymark" name="/snap/core24/2124/usr/lib/x86_64-linux-gnu/libduktape.so.207" pid=9360 comm="gio-querymodule" requested_mask="r" denied_mask="r" fsuid=1000 ouid=0
Oct 07 18:44:45 busymark-adoption-kvm kernel: kauditd_printk_skb: 724 callbacks suppressed
Oct 07 18:44:45 busymark-adoption-kvm kernel: audit: type=1400 audit(1791398685.527:2100): apparmor="DENIED" operation="open" class="file" profile="snap.busymark.busymark" name="/snap/core24/2124/usr/lib/x86_64-linux-gnu/libgcc_s.so.1" pid=9265 comm="busymark" requested_mask="r" denied_mask="r" fsuid=1000 ouid=0
Oct 07 18:44:45 busymark-adoption-kvm kernel: audit: type=1400 audit(1791398685.564:2101): apparmor="DENIED" operation="open" class="file" profile="snap.busymark.busymark" name="/snap/core24/2124/usr/lib/x86_64-linux-gnu/libbrotlidec.so.1.1.0" pid=9265 comm="busymark" requested_mask="r" denied_mask="r" fsuid=1000 ouid=0
Oct 07 18:44:45 busymark-adoption-kvm kernel: audit: type=1400 audit(1791398685.564:2102): apparmor="DENIED" operation="open" class="file" profile="snap.busymark.busymark" name="/snap/core24/2124/usr/lib/x86_64-linux-gnu/libgssapi_krb5.so.2.2" pid=9265 comm="busymark" requested_mask="r" denied_mask="r" fsuid=1000 ouid=0
Oct 07 18:44:45 busymark-adoption-kvm kernel: audit: type=1400 audit(1791398685.590:2103): apparmor="DENIED" operation="open" class="file" profile="snap.busymark.busymark" name="/snap/core24/2124/usr/lib/x86_64-linux-gnu/libdbus-1.so.3.32.4" pid=9265 comm="busymark" requested_mask="r" denied_mask="r" fsuid=1000 ouid=0
Oct 07 18:44:45 busymark-adoption-kvm kernel: audit: type=1400 audit(1791398685.591:2104): apparmor="DENIED" operation="open" class="file" profile="snap.busymark.busymark" name="/snap/core24/2124/usr/lib/x86_64-linux-gnu/libunistring.so.5.0.0" pid=9265 comm="busymark" requested_mask="r" denied_mask="r" fsuid=1000 ouid=0
Oct 07 18:44:45 busymark-adoption-kvm kernel: audit: type=1400 audit(1791398685.591:2105): apparmor="DENIED" operation="open" class="file" profile="snap.busymark.busymark" name="/snap/core24/2124/usr/lib/x86_64-linux-gnu/libunistring.so.5.0.0" pid=9265 comm="busymark" requested_mask="r" denied_mask="r" fsuid=1000 ouid=0
Oct 07 18:44:45 busymark-adoption-kvm kernel: audit: type=1400 audit(1791398685.591:2106): apparmor="DENIED" operation="open" class="file" profile="snap.busymark.busymark" name="/snap/core24/2124/usr/lib/x86_64-linux-gnu/libidn2.so.0.4.0" pid=9265 comm="busymark" requested_mask="r" denied_mask="r" fsuid=1000 ouid=0
Oct 07 18:44:45 busymark-adoption-kvm kernel: audit: type=1400 audit(1791398685.591:2107): apparmor="DENIED" operation="open" class="file" profile="snap.busymark.busymark" name="/snap/core24/2124/usr/lib/x86_64-linux-gnu/libidn2.so.0.4.0" pid=9265 comm="busymark" requested_mask="r" denied_mask="r" fsuid=1000 ouid=0
Oct 07 18:44:45 busymark-adoption-kvm kernel: audit: type=1400 audit(1791398685.591:2108): apparmor="DENIED" operation="open" class="file" profile="snap.busymark.busymark" name="/snap/core24/2124/usr/lib/x86_64-linux-gnu/libbrotlicommon.so.1.1.0" pid=9265 comm="busymark" requested_mask="r" denied_mask="r" fsuid=1000 ouid=0
Oct 07 18:44:45 busymark-adoption-kvm kernel: audit: type=1400 audit(1791398685.591:2109): apparmor="DENIED" operation="open" class="file" profile="snap.busymark.busymark" name="/snap/core24/2124/usr/lib/x86_64-linux-gnu/libkrb5.so.3.3" pid=9265 comm="busymark" requested_mask="r" denied_mask="r" fsuid=1000 ouid=0
Oct 07 18:44:59 busymark-adoption-kvm kernel: kauditd_printk_skb: 21 callbacks suppressed
Oct 07 18:44:59 busymark-adoption-kvm kernel: audit: type=1400 audit(1791398699.309:2131): apparmor="DENIED" operation="open" class="file" profile="snap.busymark.busymark" name="/sys/fs/cgroup/user.slice/user-1000.slice/user@1000.service/app.slice/cpu.max" pid=9265 comm="busymark" requested_mask="r" denied_mask="r" fsuid=1000 ouid=1000
Oct 07 18:44:59 busymark-adoption-kvm kernel: audit: type=1400 audit(1791398699.309:2132): apparmor="DENIED" operation="open" class="file" profile="snap.busymark.busymark" name="/sys/fs/cgroup/user.slice/user-1000.slice/user@1000.service/cpu.max" pid=9265 comm="busymark" requested_mask="r" denied_mask="r" fsuid=1000 ouid=0
Oct 07 18:44:59 busymark-adoption-kvm kernel: audit: type=1400 audit(1791398699.309:2133): apparmor="DENIED" operation="open" class="file" profile="snap.busymark.busymark" name="/sys/fs/cgroup/user.slice/user-1000.slice/cpu.max" pid=9265 comm="busymark" requested_mask="r" denied_mask="r" fsuid=1000 ouid=0
Oct 07 18:44:59 busymark-adoption-kvm kernel: audit: type=1400 audit(1791398699.309:2134): apparmor="DENIED" operation="open" class="file" profile="snap.busymark.busymark" name="/sys/fs/cgroup/user.slice/cpu.max" pid=9265 comm="busymark" requested_mask="r" denied_mask="r" fsuid=1000 ouid=0
Oct 07 18:44:59 busymark-adoption-kvm kernel: audit: type=1326 audit(1791398699.371:2135): auid=1000 uid=1000 gid=1000 ses=18 subj=snap.busymark.busymark pid=9265 comm="busymark" exe="/snap/busymark/x2/busymark" sig=0 arch=c000003e syscall=203 compat=0 ip=0x75cfe9d747d1 code=0x50000
Oct 07 18:44:59 busymark-adoption-kvm kernel: audit: type=1326 audit(1791398699.571:2136): auid=1000 uid=1000 gid=1000 ses=18 subj=snap.busymark.busymark pid=9265 comm="busymark" exe="/snap/busymark/x2/busymark" sig=0 arch=c000003e syscall=203 compat=0 ip=0x75cfe9d747d1 code=0x50000
Oct 07 18:44:59 busymark-adoption-kvm kernel: audit: type=1400 audit(1791398699.673:2137): apparmor="DENIED" operation="open" class="file" profile="snap.busymark.busymark" name="/proc/sys/vm/max_map_count" pid=9265 comm="busymark" requested_mask="r" denied_mask="r" fsuid=1000 ouid=0
Oct 07 18:45:25 busymark-adoption-kvm kernel: audit: type=1400 audit(1791398725.178:2138): apparmor="DENIED" operation="open" class="file" profile="snap.busymark.busymark" name="/snap/core24/2124/usr/lib/x86_64-linux-gnu/libgssapi_krb5.so.2.2" pid=9677 comm="WebKitNetworkPr" requested_mask="r" denied_mask="r" fsuid=1000 ouid=0
Oct 07 18:45:25 busymark-adoption-kvm kernel: audit: type=1400 audit(1791398725.178:2139): apparmor="DENIED" operation="open" class="file" profile="snap.busymark.busymark" name="/snap/core24/2124/usr/lib/x86_64-linux-gnu/libdbus-1.so.3.32.4" pid=9677 comm="WebKitNetworkPr" requested_mask="r" denied_mask="r" fsuid=1000 ouid=0
Oct 07 18:45:25 busymark-adoption-kvm kernel: audit: type=1400 audit(1791398725.178:2140): apparmor="DENIED" operation="open" class="file" profile="snap.busymark.busymark" name="/snap/core24/2124/usr/lib/x86_64-linux-gnu/libelf-0.190.so" pid=9677 comm="WebKitNetworkPr" requested_mask="r" denied_mask="r" fsuid=1000 ouid=0
Oct 07 18:45:25 busymark-adoption-kvm kernel: audit: type=1400 audit(1791398725.178:2141): apparmor="DENIED" operation="open" class="file" profile="snap.busymark.busymark" name="/snap/core24/2124/usr/lib/x86_64-linux-gnu/libudev.so.1.7.8" pid=9677 comm="WebKitNetworkPr" requested_mask="r" denied_mask="r" fsuid=1000 ouid=0
Oct 07 18:45:25 busymark-adoption-kvm kernel: audit: type=1400 audit(1791398725.178:2142): apparmor="DENIED" operation="open" class="file" profile="snap.busymark.busymark" name="/snap/core24/2124/usr/lib/x86_64-linux-gnu/libudev.so.1.7.8" pid=9677 comm="WebKitNetworkPr" requested_mask="r" denied_mask="r" fsuid=1000 ouid=0
Oct 07 18:45:25 busymark-adoption-kvm kernel: audit: type=1400 audit(1791398725.179:2143): apparmor="DENIED" operation="open" class="file" profile="snap.busymark.busymark" name="/snap/core24/2124/usr/lib/x86_64-linux-gnu/libunistring.so.5.0.0" pid=9677 comm="WebKitNetworkPr" requested_mask="r" denied_mask="r" fsuid=1000 ouid=0
Oct 07 18:45:25 busymark-adoption-kvm kernel: audit: type=1400 audit(1791398725.179:2144): apparmor="DENIED" operation="open" class="file" profile="snap.busymark.busymark" name="/snap/core24/2124/usr/lib/x86_64-linux-gnu/libunistring.so.5.0.0" pid=9677 comm="WebKitNetworkPr" requested_mask="r" denied_mask="r" fsuid=1000 ouid=0
Oct 07 18:45:25 busymark-adoption-kvm kernel: audit: type=1400 audit(1791398725.179:2145): apparmor="DENIED" operation="open" class="file" profile="snap.busymark.busymark" name="/snap/core24/2124/usr/lib/x86_64-linux-gnu/libidn2.so.0.4.0" pid=9677 comm="WebKitNetworkPr" requested_mask="r" denied_mask="r" fsuid=1000 ouid=0
Oct 07 18:45:25 busymark-adoption-kvm kernel: audit: type=1400 audit(1791398725.179:2146): apparmor="DENIED" operation="open" class="file" profile="snap.busymark.busymark" name="/snap/core24/2124/usr/lib/x86_64-linux-gnu/libidn2.so.0.4.0" pid=9677 comm="WebKitNetworkPr" requested_mask="r" denied_mask="r" fsuid=1000 ouid=0
Oct 07 18:45:25 busymark-adoption-kvm kernel: audit: type=1400 audit(1791398725.179:2147): apparmor="DENIED" operation="open" class="file" profile="snap.busymark.busymark" name="/snap/core24/2124/usr/lib/x86_64-linux-gnu/libkrb5.so.3.3" pid=9677 comm="WebKitNetworkPr" requested_mask="r" denied_mask="r" fsuid=1000 ouid=0
Oct 07 18:45:30 busymark-adoption-kvm kernel: kauditd_printk_skb: 50 callbacks suppressed
Oct 07 18:45:30 busymark-adoption-kvm kernel: audit: type=1400 audit(1791398730.218:2198): apparmor="DENIED" operation="open" class="file" profile="snap.busymark.busymark" name="/proc/zoneinfo" pid=9265 comm="PressureMonitor" requested_mask="r" denied_mask="r" fsuid=1000 ouid=0
Oct 07 18:45:30 busymark-adoption-kvm kernel: audit: type=1400 audit(1791398730.218:2199): apparmor="DENIED" operation="open" class="file" profile="snap.busymark.busymark" name="/sys/fs/cgroup/user.slice/user-1000.slice/user@1000.service/app.slice/snap.busymark.busymark-4e697578-41cb-4322-8c77-692e7c21794b.scope/memory.current" pid=9265 comm="PressureMonitor" requested_mask="r" denied_mask="r" fsuid=1000 ouid=1000
Oct 07 18:45:30 busymark-adoption-kvm kernel: audit: type=1400 audit(1791398730.218:2200): apparmor="DENIED" operation="open" class="file" profile="snap.busymark.busymark" name="/sys/fs/cgroup/user.slice/user-1000.slice/user@1000.service/app.slice/snap.busymark.busymark-4e697578-41cb-4322-8c77-692e7c21794b.scope/memory.max" pid=9265 comm="PressureMonitor" requested_mask="r" denied_mask="r" fsuid=1000 ouid=1000
Oct 07 18:45:30 busymark-adoption-kvm kernel: audit: type=1400 audit(1791398730.218:2201): apparmor="DENIED" operation="open" class="file" profile="snap.busymark.busymark" name="/sys/fs/cgroup/user.slice/user-1000.slice/user@1000.service/app.slice/snap.busymark.busymark-4e697578-41cb-4322-8c77-692e7c21794b.scope/memory.high" pid=9265 comm="PressureMonitor" requested_mask="r" denied_mask="r" fsuid=1000 ouid=1000
Oct 07 18:45:35 busymark-adoption-kvm kernel: audit: type=1400 audit(1791398735.220:2202): apparmor="DENIED" operation="open" class="file" profile="snap.busymark.busymark" name="/proc/zoneinfo" pid=9265 comm="PressureMonitor" requested_mask="r" denied_mask="r" fsuid=1000 ouid=0
Oct 07 18:45:40 busymark-adoption-kvm kernel: audit: type=1400 audit(1791398740.220:2203): apparmor="DENIED" operation="open" class="file" profile="snap.busymark.busymark" name="/proc/zoneinfo" pid=9265 comm="PressureMonitor" requested_mask="r" denied_mask="r" fsuid=1000 ouid=0
Oct 07 18:45:45 busymark-adoption-kvm kernel: audit: type=1400 audit(1791398745.221:2204): apparmor="DENIED" operation="open" class="file" profile="snap.busymark.busymark" name="/proc/zoneinfo" pid=9265 comm="PressureMonitor" requested_mask="r" denied_mask="r" fsuid=1000 ouid=0
Oct 07 18:45:50 busymark-adoption-kvm kernel: audit: type=1400 audit(1791398750.221:2205): apparmor="DENIED" operation="open" class="file" profile="snap.busymark.busymark" name="/proc/zoneinfo" pid=9265 comm="PressureMonitor" requested_mask="r" denied_mask="r" fsuid=1000 ouid=0
Oct 07 18:45:50 busymark-adoption-kvm kernel: audit: type=1326 audit(1791398750.248:2206): auid=1000 uid=1000 gid=1000 ses=18 subj=snap.busymark.busymark pid=9677 comm="WebKitNetworkPr" exe="/usr/lib/x86_64-linux-gnu/webkit2gtk-4.1/WebKitNetworkProcess" sig=0 arch=c000003e syscall=41 compat=0 ip=0x70ecdd02b57b code=0x50000
Oct 07 18:45:50 busymark-adoption-kvm kernel: audit: type=1326 audit(1791398750.248:2207): auid=1000 uid=1000 gid=1000 ses=18 subj=snap.busymark.busymark pid=9677 comm="WebKitNetworkPr" exe="/usr/lib/x86_64-linux-gnu/webkit2gtk-4.1/WebKitNetworkProcess" sig=0 arch=c000003e syscall=41 compat=0 ip=0x70ecdd02b57b code=0x50000
Oct 07 18:45:50 busymark-adoption-kvm kernel: audit: type=1326 audit(1791398750.275:2208): auid=1000 uid=1000 gid=1000 ses=18 subj=snap.busymark.busymark pid=9709 comm="WebKitNetworkPr" exe="/usr/lib/x86_64-linux-gnu/webkit2gtk-4.1/WebKitNetworkProcess" sig=0 arch=c000003e syscall=41 compat=0 ip=0x7c1daf60f57b code=0x50000
Oct 07 18:45:50 busymark-adoption-kvm kernel: audit: type=1326 audit(1791398750.275:2209): auid=1000 uid=1000 gid=1000 ses=18 subj=snap.busymark.busymark pid=9709 comm="WebKitNetworkPr" exe="/usr/lib/x86_64-linux-gnu/webkit2gtk-4.1/WebKitNetworkProcess" sig=0 arch=c000003e syscall=41 compat=0 ip=0x7c1daf60f57b code=0x50000
Oct 07 18:45:54 busymark-adoption-kvm kernel: audit: type=1400 audit(1791398754.754:2210): apparmor="STATUS" operation="profile_replace" info="same as current profile, skipping" profile="unconfined" name="/snap/snapd/28254/usr/lib/snapd/snap-confine" pid=9863 comm="apparmor_parser"
Oct 07 18:45:55 busymark-adoption-kvm kernel: audit: type=1400 audit(1791398755.175:2211): apparmor="STATUS" operation="profile_replace" info="same as current profile, skipping" profile="unconfined" name="snap-update-ns.busymark" pid=9885 comm="apparmor_parser"
Oct 07 18:45:55 busymark-adoption-kvm kernel: audit: type=1400 audit(1791398755.244:2212): apparmor="STATUS" operation="profile_replace" profile="unconfined" name="snap.busymark.busymark" pid=9886 comm="apparmor_parser"
Oct 07 18:45:55 busymark-adoption-kvm kernel: audit: type=1400 audit(1791398755.252:2213): apparmor="STATUS" operation="profile_replace" info="same as current profile, skipping" profile="unconfined" name="snap.busymark.hook.configure" pid=9900 comm="apparmor_parser"
Oct 07 18:45:55 busymark-adoption-kvm kernel: audit: type=1400 audit(1791398755.563:2214): apparmor="DENIED" operation="open" class="file" profile="snap.busymark.busymark" name="/snap/core24/2124/usr/lib/x86_64-linux-gnu/libgcc_s.so.1" pid=9929 comm="busymark" requested_mask="r" denied_mask="r" fsuid=1000 ouid=0
Oct 07 18:45:55 busymark-adoption-kvm kernel: audit: type=1400 audit(1791398755.567:2215): apparmor="DENIED" operation="open" class="file" profile="snap.busymark.busymark" name="/snap/core24/2124/usr/lib/x86_64-linux-gnu/libbrotlidec.so.1.1.0" pid=9929 comm="busymark" requested_mask="r" denied_mask="r" fsuid=1000 ouid=0
Oct 07 18:45:55 busymark-adoption-kvm kernel: audit: type=1400 audit(1791398755.567:2216): apparmor="DENIED" operation="open" class="file" profile="snap.busymark.busymark" name="/snap/core24/2124/usr/lib/x86_64-linux-gnu/libgssapi_krb5.so.2.2" pid=9929 comm="busymark" requested_mask="r" denied_mask="r" fsuid=1000 ouid=0
Oct 07 18:45:55 busymark-adoption-kvm kernel: audit: type=1400 audit(1791398755.569:2217): apparmor="DENIED" operation="open" class="file" profile="snap.busymark.busymark" name="/snap/core24/2124/usr/lib/x86_64-linux-gnu/libdbus-1.so.3.32.4" pid=9929 comm="busymark" requested_mask="r" denied_mask="r" fsuid=1000 ouid=0
Oct 07 18:45:55 busymark-adoption-kvm kernel: audit: type=1400 audit(1791398755.569:2218): apparmor="DENIED" operation="open" class="file" profile="snap.busymark.busymark" name="/snap/core24/2124/usr/lib/x86_64-linux-gnu/libunistring.so.5.0.0" pid=9929 comm="busymark" requested_mask="r" denied_mask="r" fsuid=1000 ouid=0
Oct 07 18:45:55 busymark-adoption-kvm kernel: audit: type=1400 audit(1791398755.569:2219): apparmor="DENIED" operation="open" class="file" profile="snap.busymark.busymark" name="/snap/core24/2124/usr/lib/x86_64-linux-gnu/libunistring.so.5.0.0" pid=9929 comm="busymark" requested_mask="r" denied_mask="r" fsuid=1000 ouid=0
Oct 07 18:45:55 busymark-adoption-kvm kernel: audit: type=1400 audit(1791398755.569:2220): apparmor="DENIED" operation="open" class="file" profile="snap.busymark.busymark" name="/snap/core24/2124/usr/lib/x86_64-linux-gnu/libidn2.so.0.4.0" pid=9929 comm="busymark" requested_mask="r" denied_mask="r" fsuid=1000 ouid=0
Oct 07 18:45:55 busymark-adoption-kvm kernel: audit: type=1400 audit(1791398755.569:2221): apparmor="DENIED" operation="open" class="file" profile="snap.busymark.busymark" name="/snap/core24/2124/usr/lib/x86_64-linux-gnu/libidn2.so.0.4.0" pid=9929 comm="busymark" requested_mask="r" denied_mask="r" fsuid=1000 ouid=0
Oct 07 18:46:04 busymark-adoption-kvm kernel: show_signal: 23 callbacks suppressed
Oct 07 18:46:04 busymark-adoption-kvm kernel: traps: WatchDogQueue[9828] trap int3 ip:734c6df686b7 sp:734c07ffe600 error:0 in libglib-2.0.so.0.8400.4[734c6df19000+be000]
Oct 07 18:46:20 busymark-adoption-kvm kernel: audit: type=1400 audit(1791398780.722:2245): apparmor="DENIED" operation="open" class="file" profile="snap.busymark.busymark" name="/sys/fs/cgroup/user.slice/user-1000.slice/user@1000.service/app.slice/cpu.max" pid=9929 comm="busymark" requested_mask="r" denied_mask="r" fsuid=1000 ouid=1000
Oct 07 18:46:20 busymark-adoption-kvm kernel: audit: type=1400 audit(1791398780.722:2246): apparmor="DENIED" operation="open" class="file" profile="snap.busymark.busymark" name="/sys/fs/cgroup/user.slice/user-1000.slice/user@1000.service/cpu.max" pid=9929 comm="busymark" requested_mask="r" denied_mask="r" fsuid=1000 ouid=0
Oct 07 18:46:20 busymark-adoption-kvm kernel: audit: type=1400 audit(1791398780.722:2247): apparmor="DENIED" operation="open" class="file" profile="snap.busymark.busymark" name="/sys/fs/cgroup/user.slice/user-1000.slice/cpu.max" pid=9929 comm="busymark" requested_mask="r" denied_mask="r" fsuid=1000 ouid=0
Oct 07 18:46:20 busymark-adoption-kvm kernel: audit: type=1400 audit(1791398780.722:2248): apparmor="DENIED" operation="open" class="file" profile="snap.busymark.busymark" name="/sys/fs/cgroup/user.slice/cpu.max" pid=9929 comm="busymark" requested_mask="r" denied_mask="r" fsuid=1000 ouid=0
Oct 07 18:46:20 busymark-adoption-kvm kernel: audit: type=1326 audit(1791398780.761:2249): auid=1000 uid=1000 gid=1000 ses=18 subj=snap.busymark.busymark pid=9929 comm="busymark" exe="/snap/busymark/x2/busymark" sig=0 arch=c000003e syscall=203 compat=0 ip=0x7c283ed667d1 code=0x50000
Oct 07 18:46:20 busymark-adoption-kvm kernel: audit: type=1326 audit(1791398780.798:2250): auid=1000 uid=1000 gid=1000 ses=18 subj=snap.busymark.busymark pid=9929 comm="busymark" exe="/snap/busymark/x2/busymark" sig=0 arch=c000003e syscall=203 compat=0 ip=0x7c283ed667d1 code=0x50000
Oct 07 18:46:20 busymark-adoption-kvm kernel: audit: type=1400 audit(1791398780.826:2251): apparmor="DENIED" operation="open" class="file" profile="snap.busymark.busymark" name="/proc/sys/vm/max_map_count" pid=9929 comm="busymark" requested_mask="r" denied_mask="r" fsuid=1000 ouid=0
Oct 07 18:46:45 busymark-adoption-kvm kernel: audit: type=1326 audit(1791398805.941:2252): auid=1000 uid=1000 gid=1000 ses=18 subj=snap.busymark.busymark pid=9929 comm="busymark" exe="/snap/busymark/x2/busymark" sig=0 arch=c000003e syscall=203 compat=0 ip=0x7c283ed667d1 code=0x50000
Oct 07 18:46:45 busymark-adoption-kvm kernel: audit: type=1400 audit(1791398805.944:2253): apparmor="DENIED" operation="open" class="file" profile="snap.busymark.busymark" name="/snap/core24/2124/usr/lib/x86_64-linux-gnu/libgssapi_krb5.so.2.2" pid=10117 comm="WebKitNetworkPr" requested_mask="r" denied_mask="r" fsuid=1000 ouid=0
Oct 07 18:46:45 busymark-adoption-kvm kernel: audit: type=1400 audit(1791398805.944:2254): apparmor="DENIED" operation="open" class="file" profile="snap.busymark.busymark" name="/snap/core24/2124/usr/lib/x86_64-linux-gnu/libdbus-1.so.3.32.4" pid=10117 comm="WebKitNetworkPr" requested_mask="r" denied_mask="r" fsuid=1000 ouid=0
Oct 07 18:46:45 busymark-adoption-kvm kernel: audit: type=1400 audit(1791398805.945:2255): apparmor="DENIED" operation="open" class="file" profile="snap.busymark.busymark" name="/snap/core24/2124/usr/lib/x86_64-linux-gnu/libelf-0.190.so" pid=10117 comm="WebKitNetworkPr" requested_mask="r" denied_mask="r" fsuid=1000 ouid=0
Oct 07 18:46:45 busymark-adoption-kvm kernel: audit: type=1400 audit(1791398805.945:2256): apparmor="DENIED" operation="open" class="file" profile="snap.busymark.busymark" name="/snap/core24/2124/usr/lib/x86_64-linux-gnu/libudev.so.1.7.8" pid=10117 comm="WebKitNetworkPr" requested_mask="r" denied_mask="r" fsuid=1000 ouid=0
Oct 07 18:46:45 busymark-adoption-kvm kernel: audit: type=1400 audit(1791398805.945:2257): apparmor="DENIED" operation="open" class="file" profile="snap.busymark.busymark" name="/snap/core24/2124/usr/lib/x86_64-linux-gnu/libudev.so.1.7.8" pid=10117 comm="WebKitNetworkPr" requested_mask="r" denied_mask="r" fsuid=1000 ouid=0
Oct 07 18:46:45 busymark-adoption-kvm kernel: audit: type=1400 audit(1791398805.945:2258): apparmor="DENIED" operation="open" class="file" profile="snap.busymark.busymark" name="/snap/core24/2124/usr/lib/x86_64-linux-gnu/libunistring.so.5.0.0" pid=10117 comm="WebKitNetworkPr" requested_mask="r" denied_mask="r" fsuid=1000 ouid=0
Oct 07 18:46:45 busymark-adoption-kvm kernel: audit: type=1400 audit(1791398805.945:2259): apparmor="DENIED" operation="open" class="file" profile="snap.busymark.busymark" name="/snap/core24/2124/usr/lib/x86_64-linux-gnu/libunistring.so.5.0.0" pid=10117 comm="WebKitNetworkPr" requested_mask="r" denied_mask="r" fsuid=1000 ouid=0
Oct 07 18:46:45 busymark-adoption-kvm kernel: audit: type=1400 audit(1791398805.945:2260): apparmor="DENIED" operation="open" class="file" profile="snap.busymark.busymark" name="/snap/core24/2124/usr/lib/x86_64-linux-gnu/libidn2.so.0.4.0" pid=10117 comm="WebKitNetworkPr" requested_mask="r" denied_mask="r" fsuid=1000 ouid=0
Oct 07 18:46:45 busymark-adoption-kvm kernel: audit: type=1400 audit(1791398805.945:2261): apparmor="DENIED" operation="open" class="file" profile="snap.busymark.busymark" name="/snap/core24/2124/usr/lib/x86_64-linux-gnu/libidn2.so.0.4.0" pid=10117 comm="WebKitNetworkPr" requested_mask="r" denied_mask="r" fsuid=1000 ouid=0
Oct 07 18:46:50 busymark-adoption-kvm kernel: kauditd_printk_skb: 50 callbacks suppressed
Oct 07 18:46:50 busymark-adoption-kvm kernel: audit: type=1400 audit(1791398810.961:2312): apparmor="DENIED" operation="open" class="file" profile="snap.busymark.busymark" name="/proc/zoneinfo" pid=9929 comm="PressureMonitor" requested_mask="r" denied_mask="r" fsuid=1000 ouid=0
Oct 07 18:46:50 busymark-adoption-kvm kernel: audit: type=1400 audit(1791398810.961:2313): apparmor="DENIED" operation="open" class="file" profile="snap.busymark.busymark" name="/sys/fs/cgroup/user.slice/user-1000.slice/user@1000.service/app.slice/snap.busymark.busymark-72a32545-d3e1-4200-83d3-30f840a7c951.scope/memory.current" pid=9929 comm="PressureMonitor" requested_mask="r" denied_mask="r" fsuid=1000 ouid=1000
Oct 07 18:46:50 busymark-adoption-kvm kernel: audit: type=1400 audit(1791398810.961:2314): apparmor="DENIED" operation="open" class="file" profile="snap.busymark.busymark" name="/sys/fs/cgroup/user.slice/user-1000.slice/user@1000.service/app.slice/snap.busymark.busymark-72a32545-d3e1-4200-83d3-30f840a7c951.scope/memory.max" pid=9929 comm="PressureMonitor" requested_mask="r" denied_mask="r" fsuid=1000 ouid=1000
Oct 07 18:46:50 busymark-adoption-kvm kernel: audit: type=1400 audit(1791398810.961:2315): apparmor="DENIED" operation="open" class="file" profile="snap.busymark.busymark" name="/sys/fs/cgroup/user.slice/user-1000.slice/user@1000.service/app.slice/snap.busymark.busymark-72a32545-d3e1-4200-83d3-30f840a7c951.scope/memory.high" pid=9929 comm="PressureMonitor" requested_mask="r" denied_mask="r" fsuid=1000 ouid=1000
Oct 07 18:46:55 busymark-adoption-kvm kernel: audit: type=1400 audit(1791398815.962:2316): apparmor="DENIED" operation="open" class="file" profile="snap.busymark.busymark" name="/proc/zoneinfo" pid=9929 comm="PressureMonitor" requested_mask="r" denied_mask="r" fsuid=1000 ouid=0
Oct 07 18:47:00 busymark-adoption-kvm kernel: audit: type=1400 audit(1791398820.962:2317): apparmor="DENIED" operation="open" class="file" profile="snap.busymark.busymark" name="/proc/zoneinfo" pid=9929 comm="PressureMonitor" requested_mask="r" denied_mask="r" fsuid=1000 ouid=0
Oct 07 18:47:05 busymark-adoption-kvm kernel: audit: type=1400 audit(1791398825.963:2318): apparmor="DENIED" operation="open" class="file" profile="snap.busymark.busymark" name="/proc/zoneinfo" pid=9929 comm="PressureMonitor" requested_mask="r" denied_mask="r" fsuid=1000 ouid=0
Oct 07 18:47:10 busymark-adoption-kvm kernel: audit: type=1400 audit(1791398830.964:2319): apparmor="DENIED" operation="open" class="file" profile="snap.busymark.busymark" name="/proc/zoneinfo" pid=9929 comm="PressureMonitor" requested_mask="r" denied_mask="r" fsuid=1000 ouid=0
Oct 07 18:47:15 busymark-adoption-kvm kernel: audit: type=1400 audit(1791398835.964:2320): apparmor="DENIED" operation="open" class="file" profile="snap.busymark.busymark" name="/proc/zoneinfo" pid=9929 comm="PressureMonitor" requested_mask="r" denied_mask="r" fsuid=1000 ouid=0
Oct 07 18:47:20 busymark-adoption-kvm kernel: audit: type=1400 audit(1791398840.966:2321): apparmor="DENIED" operation="open" class="file" profile="snap.busymark.busymark" name="/proc/zoneinfo" pid=9929 comm="PressureMonitor" requested_mask="r" denied_mask="r" fsuid=1000 ouid=0
Oct 07 18:47:25 busymark-adoption-kvm kernel: audit: type=1400 audit(1791398845.215:2322): apparmor="DENIED" operation="open" class="file" profile="snap.busymark.busymark" name="/snap/core24/2124/usr/lib/x86_64-linux-gnu/libedit.so.2.0.72" pid=10128 comm="WebKitWebProces" requested_mask="r" denied_mask="r" fsuid=1000 ouid=0
Oct 07 18:47:25 busymark-adoption-kvm kernel: audit: type=1400 audit(1791398845.215:2323): apparmor="DENIED" operation="open" class="file" profile="snap.busymark.busymark" name="/snap/core24/2124/usr/lib/x86_64-linux-gnu/libedit.so.2.0.72" pid=10128 comm="WebKitWebProces" requested_mask="r" denied_mask="r" fsuid=1000 ouid=0
Oct 07 18:47:25 busymark-adoption-kvm kernel: audit: type=1400 audit(1791398845.215:2324): apparmor="DENIED" operation="open" class="file" profile="snap.busymark.busymark" name="/snap/core24/2124/usr/lib/x86_64-linux-gnu/libedit.so.2.0.72" pid=10128 comm="WebKitWebProces" requested_mask="r" denied_mask="r" fsuid=1000 ouid=0
Oct 07 18:47:25 busymark-adoption-kvm kernel: audit: type=1400 audit(1791398845.216:2325): apparmor="DENIED" operation="open" class="file" profile="snap.busymark.busymark" name="/snap/core24/2124/usr/lib/x86_64-linux-gnu/libpciaccess.so.0.11.1" pid=10128 comm="WebKitWebProces" requested_mask="r" denied_mask="r" fsuid=1000 ouid=0
Oct 07 18:47:25 busymark-adoption-kvm kernel: audit: type=1400 audit(1791398845.216:2326): apparmor="DENIED" operation="open" class="file" profile="snap.busymark.busymark" name="/snap/core24/2124/usr/lib/x86_64-linux-gnu/libpciaccess.so.0.11.1" pid=10128 comm="WebKitWebProces" requested_mask="r" denied_mask="r" fsuid=1000 ouid=0
Oct 07 18:47:25 busymark-adoption-kvm kernel: audit: type=1400 audit(1791398845.216:2327): apparmor="DENIED" operation="open" class="file" profile="snap.busymark.busymark" name="/snap/core24/2124/usr/lib/x86_64-linux-gnu/libpciaccess.so.0.11.1" pid=10128 comm="WebKitWebProces" requested_mask="r" denied_mask="r" fsuid=1000 ouid=0
Oct 07 18:47:25 busymark-adoption-kvm kernel: audit: type=1400 audit(1791398845.216:2328): apparmor="DENIED" operation="open" class="file" profile="snap.busymark.busymark" name="/snap/core24/2124/usr/lib/x86_64-linux-gnu/libtinfo.so.6.4" pid=10128 comm="WebKitWebProces" requested_mask="r" denied_mask="r" fsuid=1000 ouid=0
Oct 07 18:47:25 busymark-adoption-kvm kernel: audit: type=1400 audit(1791398845.216:2329): apparmor="DENIED" operation="open" class="file" profile="snap.busymark.busymark" name="/snap/core24/2124/usr/lib/x86_64-linux-gnu/libtinfo.so.6.4" pid=10128 comm="WebKitWebProces" requested_mask="r" denied_mask="r" fsuid=1000 ouid=0
Oct 07 18:47:25 busymark-adoption-kvm kernel: audit: type=1400 audit(1791398845.216:2330): apparmor="DENIED" operation="open" class="file" profile="snap.busymark.busymark" name="/snap/core24/2124/usr/lib/x86_64-linux-gnu/libtinfo.so.6.4" pid=10128 comm="WebKitWebProces" requested_mask="r" denied_mask="r" fsuid=1000 ouid=0
Oct 07 18:47:25 busymark-adoption-kvm kernel: audit: type=1400 audit(1791398845.967:2331): apparmor="DENIED" operation="open" class="file" profile="snap.busymark.busymark" name="/proc/zoneinfo" pid=9929 comm="PressureMonitor" requested_mask="r" denied_mask="r" fsuid=1000 ouid=0
Oct 07 18:47:30 busymark-adoption-kvm kernel: audit: type=1400 audit(1791398850.967:2332): apparmor="DENIED" operation="open" class="file" profile="snap.busymark.busymark" name="/proc/zoneinfo" pid=9929 comm="PressureMonitor" requested_mask="r" denied_mask="r" fsuid=1000 ouid=0
Oct 07 18:47:35 busymark-adoption-kvm kernel: audit: type=1400 audit(1791398855.968:2333): apparmor="DENIED" operation="open" class="file" profile="snap.busymark.busymark" name="/proc/zoneinfo" pid=9929 comm="PressureMonitor" requested_mask="r" denied_mask="r" fsuid=1000 ouid=0
Oct 07 18:47:40 busymark-adoption-kvm kernel: audit: type=1400 audit(1791398860.969:2334): apparmor="DENIED" operation="open" class="file" profile="snap.busymark.busymark" name="/proc/zoneinfo" pid=9929 comm="PressureMonitor" requested_mask="r" denied_mask="r" fsuid=1000 ouid=0
Oct 07 18:49:32 busymark-adoption-kvm kernel: audit: type=1400 audit(1791398972.411:2335): apparmor="DENIED" operation="open" class="file" profile="snap.busymark.busymark" name="/snap/core24/2124/usr/lib/x86_64-linux-gnu/libgcc_s.so.1" pid=10926 comm="busymark" requested_mask="r" denied_mask="r" fsuid=1000 ouid=0
Oct 07 18:49:32 busymark-adoption-kvm kernel: audit: type=1400 audit(1791398972.432:2336): apparmor="DENIED" operation="open" class="file" profile="snap.busymark.busymark" name="/snap/core24/2124/usr/lib/x86_64-linux-gnu/libbrotlidec.so.1.1.0" pid=10926 comm="busymark" requested_mask="r" denied_mask="r" fsuid=1000 ouid=0
Oct 07 18:49:32 busymark-adoption-kvm kernel: audit: type=1400 audit(1791398972.432:2337): apparmor="DENIED" operation="open" class="file" profile="snap.busymark.busymark" name="/snap/core24/2124/usr/lib/x86_64-linux-gnu/libgssapi_krb5.so.2.2" pid=10926 comm="busymark" requested_mask="r" denied_mask="r" fsuid=1000 ouid=0
Oct 07 18:49:32 busymark-adoption-kvm kernel: audit: type=1400 audit(1791398972.440:2338): apparmor="DENIED" operation="open" class="file" profile="snap.busymark.busymark" name="/snap/core24/2124/usr/lib/x86_64-linux-gnu/libdbus-1.so.3.32.4" pid=10926 comm="busymark" requested_mask="r" denied_mask="r" fsuid=1000 ouid=0
Oct 07 18:49:32 busymark-adoption-kvm kernel: audit: type=1400 audit(1791398972.442:2339): apparmor="DENIED" operation="open" class="file" profile="snap.busymark.busymark" name="/snap/core24/2124/usr/lib/x86_64-linux-gnu/libunistring.so.5.0.0" pid=10926 comm="busymark" requested_mask="r" denied_mask="r" fsuid=1000 ouid=0
Oct 07 18:49:32 busymark-adoption-kvm kernel: audit: type=1400 audit(1791398972.442:2340): apparmor="DENIED" operation="open" class="file" profile="snap.busymark.busymark" name="/snap/core24/2124/usr/lib/x86_64-linux-gnu/libunistring.so.5.0.0" pid=10926 comm="busymark" requested_mask="r" denied_mask="r" fsuid=1000 ouid=0
Oct 07 18:49:32 busymark-adoption-kvm kernel: audit: type=1400 audit(1791398972.442:2341): apparmor="DENIED" operation="open" class="file" profile="snap.busymark.busymark" name="/snap/core24/2124/usr/lib/x86_64-linux-gnu/libidn2.so.0.4.0" pid=10926 comm="busymark" requested_mask="r" denied_mask="r" fsuid=1000 ouid=0
Oct 07 18:49:32 busymark-adoption-kvm kernel: audit: type=1400 audit(1791398972.442:2342): apparmor="DENIED" operation="open" class="file" profile="snap.busymark.busymark" name="/snap/core24/2124/usr/lib/x86_64-linux-gnu/libidn2.so.0.4.0" pid=10926 comm="busymark" requested_mask="r" denied_mask="r" fsuid=1000 ouid=0
Oct 07 18:49:32 busymark-adoption-kvm kernel: audit: type=1400 audit(1791398972.442:2343): apparmor="DENIED" operation="open" class="file" profile="snap.busymark.busymark" name="/snap/core24/2124/usr/lib/x86_64-linux-gnu/libbrotlicommon.so.1.1.0" pid=10926 comm="busymark" requested_mask="r" denied_mask="r" fsuid=1000 ouid=0
Oct 07 18:49:32 busymark-adoption-kvm kernel: audit: type=1400 audit(1791398972.442:2344): apparmor="DENIED" operation="open" class="file" profile="snap.busymark.busymark" name="/snap/core24/2124/usr/lib/x86_64-linux-gnu/libkrb5.so.3.3" pid=10926 comm="busymark" requested_mask="r" denied_mask="r" fsuid=1000 ouid=0
Oct 07 18:49:57 busymark-adoption-kvm kernel: kauditd_printk_skb: 21 callbacks suppressed
Oct 07 18:49:57 busymark-adoption-kvm kernel: audit: type=1400 audit(1791398997.593:2366): apparmor="DENIED" operation="open" class="file" profile="snap.busymark.busymark" name="/sys/fs/cgroup/user.slice/user-1000.slice/user@1000.service/app.slice/cpu.max" pid=10926 comm="busymark" requested_mask="r" denied_mask="r" fsuid=1000 ouid=1000
Oct 07 18:49:57 busymark-adoption-kvm kernel: audit: type=1400 audit(1791398997.593:2367): apparmor="DENIED" operation="open" class="file" profile="snap.busymark.busymark" name="/sys/fs/cgroup/user.slice/user-1000.slice/user@1000.service/cpu.max" pid=10926 comm="busymark" requested_mask="r" denied_mask="r" fsuid=1000 ouid=0
Oct 07 18:49:57 busymark-adoption-kvm kernel: audit: type=1400 audit(1791398997.593:2368): apparmor="DENIED" operation="open" class="file" profile="snap.busymark.busymark" name="/sys/fs/cgroup/user.slice/user-1000.slice/cpu.max" pid=10926 comm="busymark" requested_mask="r" denied_mask="r" fsuid=1000 ouid=0
Oct 07 18:49:57 busymark-adoption-kvm kernel: audit: type=1400 audit(1791398997.593:2369): apparmor="DENIED" operation="open" class="file" profile="snap.busymark.busymark" name="/sys/fs/cgroup/user.slice/cpu.max" pid=10926 comm="busymark" requested_mask="r" denied_mask="r" fsuid=1000 ouid=0
Oct 07 18:49:57 busymark-adoption-kvm kernel: audit: type=1326 audit(1791398997.623:2370): auid=1000 uid=1000 gid=1000 ses=34 subj=snap.busymark.busymark pid=10926 comm="busymark" exe="/snap/busymark/x2/busymark" sig=0 arch=c000003e syscall=203 compat=0 ip=0x73d0a904c7d1 code=0x50000
Oct 07 18:49:57 busymark-adoption-kvm kernel: audit: type=1326 audit(1791398997.657:2371): auid=1000 uid=1000 gid=1000 ses=34 subj=snap.busymark.busymark pid=10926 comm="busymark" exe="/snap/busymark/x2/busymark" sig=0 arch=c000003e syscall=203 compat=0 ip=0x73d0a904c7d1 code=0x50000
Oct 07 18:49:57 busymark-adoption-kvm kernel: audit: type=1400 audit(1791398997.684:2372): apparmor="DENIED" operation="open" class="file" profile="snap.busymark.busymark" name="/proc/sys/vm/max_map_count" pid=10926 comm="busymark" requested_mask="r" denied_mask="r" fsuid=1000 ouid=0
Oct 07 18:50:22 busymark-adoption-kvm kernel: audit: type=1326 audit(1791399022.801:2373): auid=1000 uid=1000 gid=1000 ses=34 subj=snap.busymark.busymark pid=10926 comm="busymark" exe="/snap/busymark/x2/busymark" sig=0 arch=c000003e syscall=203 compat=0 ip=0x73d0a904c7d1 code=0x50000
Oct 07 18:50:22 busymark-adoption-kvm kernel: audit: type=1400 audit(1791399022.804:2374): apparmor="DENIED" operation="open" class="file" profile="snap.busymark.busymark" name="/snap/core24/2124/usr/lib/x86_64-linux-gnu/libgssapi_krb5.so.2.2" pid=11130 comm="WebKitNetworkPr" requested_mask="r" denied_mask="r" fsuid=1000 ouid=0
Oct 07 18:50:22 busymark-adoption-kvm kernel: audit: type=1400 audit(1791399022.804:2375): apparmor="DENIED" operation="open" class="file" profile="snap.busymark.busymark" name="/snap/core24/2124/usr/lib/x86_64-linux-gnu/libdbus-1.so.3.32.4" pid=11130 comm="WebKitNetworkPr" requested_mask="r" denied_mask="r" fsuid=1000 ouid=0
Oct 07 18:50:22 busymark-adoption-kvm kernel: audit: type=1400 audit(1791399022.805:2376): apparmor="DENIED" operation="open" class="file" profile="snap.busymark.busymark" name="/snap/core24/2124/usr/lib/x86_64-linux-gnu/libelf-0.190.so" pid=11130 comm="WebKitNetworkPr" requested_mask="r" denied_mask="r" fsuid=1000 ouid=0
Oct 07 18:50:22 busymark-adoption-kvm kernel: audit: type=1400 audit(1791399022.805:2377): apparmor="DENIED" operation="open" class="file" profile="snap.busymark.busymark" name="/snap/core24/2124/usr/lib/x86_64-linux-gnu/libudev.so.1.7.8" pid=11130 comm="WebKitNetworkPr" requested_mask="r" denied_mask="r" fsuid=1000 ouid=0
Oct 07 18:50:22 busymark-adoption-kvm kernel: audit: type=1400 audit(1791399022.805:2378): apparmor="DENIED" operation="open" class="file" profile="snap.busymark.busymark" name="/snap/core24/2124/usr/lib/x86_64-linux-gnu/libudev.so.1.7.8" pid=11130 comm="WebKitNetworkPr" requested_mask="r" denied_mask="r" fsuid=1000 ouid=0
Oct 07 18:50:22 busymark-adoption-kvm kernel: audit: type=1400 audit(1791399022.805:2379): apparmor="DENIED" operation="open" class="file" profile="snap.busymark.busymark" name="/snap/core24/2124/usr/lib/x86_64-linux-gnu/libunistring.so.5.0.0" pid=11130 comm="WebKitNetworkPr" requested_mask="r" denied_mask="r" fsuid=1000 ouid=0
Oct 07 18:50:22 busymark-adoption-kvm kernel: audit: type=1400 audit(1791399022.805:2380): apparmor="DENIED" operation="open" class="file" profile="snap.busymark.busymark" name="/snap/core24/2124/usr/lib/x86_64-linux-gnu/libunistring.so.5.0.0" pid=11130 comm="WebKitNetworkPr" requested_mask="r" denied_mask="r" fsuid=1000 ouid=0
Oct 07 18:50:22 busymark-adoption-kvm kernel: audit: type=1400 audit(1791399022.805:2381): apparmor="DENIED" operation="open" class="file" profile="snap.busymark.busymark" name="/snap/core24/2124/usr/lib/x86_64-linux-gnu/libidn2.so.0.4.0" pid=11130 comm="WebKitNetworkPr" requested_mask="r" denied_mask="r" fsuid=1000 ouid=0
Oct 07 18:50:22 busymark-adoption-kvm kernel: audit: type=1400 audit(1791399022.805:2382): apparmor="DENIED" operation="open" class="file" profile="snap.busymark.busymark" name="/snap/core24/2124/usr/lib/x86_64-linux-gnu/libidn2.so.0.4.0" pid=11130 comm="WebKitNetworkPr" requested_mask="r" denied_mask="r" fsuid=1000 ouid=0
Oct 07 18:50:27 busymark-adoption-kvm kernel: kauditd_printk_skb: 50 callbacks suppressed
Oct 07 18:50:27 busymark-adoption-kvm kernel: audit: type=1400 audit(1791399027.820:2433): apparmor="DENIED" operation="open" class="file" profile="snap.busymark.busymark" name="/proc/zoneinfo" pid=10926 comm="PressureMonitor" requested_mask="r" denied_mask="r" fsuid=1000 ouid=0
Oct 07 18:50:27 busymark-adoption-kvm kernel: audit: type=1400 audit(1791399027.820:2434): apparmor="DENIED" operation="open" class="file" profile="snap.busymark.busymark" name="/sys/fs/cgroup/user.slice/user-1000.slice/user@1000.service/app.slice/snap.busymark.busymark-0ba8df11-b35a-4cb5-8682-dfe7b93bacc6.scope/memory.current" pid=10926 comm="PressureMonitor" requested_mask="r" denied_mask="r" fsuid=1000 ouid=1000
Oct 07 18:50:27 busymark-adoption-kvm kernel: audit: type=1400 audit(1791399027.820:2435): apparmor="DENIED" operation="open" class="file" profile="snap.busymark.busymark" name="/sys/fs/cgroup/user.slice/user-1000.slice/user@1000.service/app.slice/snap.busymark.busymark-0ba8df11-b35a-4cb5-8682-dfe7b93bacc6.scope/memory.max" pid=10926 comm="PressureMonitor" requested_mask="r" denied_mask="r" fsuid=1000 ouid=1000
Oct 07 18:50:27 busymark-adoption-kvm kernel: audit: type=1400 audit(1791399027.820:2436): apparmor="DENIED" operation="open" class="file" profile="snap.busymark.busymark" name="/sys/fs/cgroup/user.slice/user-1000.slice/user@1000.service/app.slice/snap.busymark.busymark-0ba8df11-b35a-4cb5-8682-dfe7b93bacc6.scope/memory.high" pid=10926 comm="PressureMonitor" requested_mask="r" denied_mask="r" fsuid=1000 ouid=1000
Oct 07 18:50:32 busymark-adoption-kvm kernel: audit: type=1400 audit(1791399032.821:2437): apparmor="DENIED" operation="open" class="file" profile="snap.busymark.busymark" name="/proc/zoneinfo" pid=10926 comm="PressureMonitor" requested_mask="r" denied_mask="r" fsuid=1000 ouid=0
Oct 07 18:50:37 busymark-adoption-kvm kernel: audit: type=1400 audit(1791399037.823:2438): apparmor="DENIED" operation="open" class="file" profile="snap.busymark.busymark" name="/proc/zoneinfo" pid=10926 comm="PressureMonitor" requested_mask="r" denied_mask="r" fsuid=1000 ouid=0
Oct 07 18:50:42 busymark-adoption-kvm kernel: audit: type=1400 audit(1791399042.824:2439): apparmor="DENIED" operation="open" class="file" profile="snap.busymark.busymark" name="/proc/zoneinfo" pid=10926 comm="PressureMonitor" requested_mask="r" denied_mask="r" fsuid=1000 ouid=0
Oct 07 18:50:47 busymark-adoption-kvm kernel: audit: type=1400 audit(1791399047.825:2440): apparmor="DENIED" operation="open" class="file" profile="snap.busymark.busymark" name="/proc/zoneinfo" pid=10926 comm="PressureMonitor" requested_mask="r" denied_mask="r" fsuid=1000 ouid=0
Oct 07 18:50:52 busymark-adoption-kvm kernel: audit: type=1400 audit(1791399052.826:2441): apparmor="DENIED" operation="open" class="file" profile="snap.busymark.busymark" name="/proc/zoneinfo" pid=10926 comm="PressureMonitor" requested_mask="r" denied_mask="r" fsuid=1000 ouid=0
Oct 07 18:50:57 busymark-adoption-kvm kernel: audit: type=1400 audit(1791399057.826:2442): apparmor="DENIED" operation="open" class="file" profile="snap.busymark.busymark" name="/proc/zoneinfo" pid=10926 comm="PressureMonitor" requested_mask="r" denied_mask="r" fsuid=1000 ouid=0
Oct 07 18:51:02 busymark-adoption-kvm kernel: audit: type=1400 audit(1791399062.829:2443): apparmor="DENIED" operation="open" class="file" profile="snap.busymark.busymark" name="/proc/zoneinfo" pid=10926 comm="PressureMonitor" requested_mask="r" denied_mask="r" fsuid=1000 ouid=0
Oct 07 18:51:07 busymark-adoption-kvm kernel: audit: type=1400 audit(1791399067.831:2444): apparmor="DENIED" operation="open" class="file" profile="snap.busymark.busymark" name="/proc/zoneinfo" pid=10926 comm="PressureMonitor" requested_mask="r" denied_mask="r" fsuid=1000 ouid=0
Oct 07 18:51:12 busymark-adoption-kvm kernel: audit: type=1400 audit(1791399072.832:2445): apparmor="DENIED" operation="open" class="file" profile="snap.busymark.busymark" name="/proc/zoneinfo" pid=10926 comm="PressureMonitor" requested_mask="r" denied_mask="r" fsuid=1000 ouid=0
Oct 07 18:51:13 busymark-adoption-kvm kernel: audit: type=1400 audit(1791399073.401:2446): apparmor="DENIED" operation="open" class="file" profile="snap.busymark.busymark" name="/snap/core24/2124/usr/lib/x86_64-linux-gnu/libedit.so.2.0.72" pid=11142 comm="WebKitWebProces" requested_mask="r" denied_mask="r" fsuid=1000 ouid=0
Oct 07 18:51:13 busymark-adoption-kvm kernel: audit: type=1400 audit(1791399073.401:2447): apparmor="DENIED" operation="open" class="file" profile="snap.busymark.busymark" name="/snap/core24/2124/usr/lib/x86_64-linux-gnu/libedit.so.2.0.72" pid=11142 comm="WebKitWebProces" requested_mask="r" denied_mask="r" fsuid=1000 ouid=0
Oct 07 18:51:13 busymark-adoption-kvm kernel: audit: type=1400 audit(1791399073.401:2448): apparmor="DENIED" operation="open" class="file" profile="snap.busymark.busymark" name="/snap/core24/2124/usr/lib/x86_64-linux-gnu/libedit.so.2.0.72" pid=11142 comm="WebKitWebProces" requested_mask="r" denied_mask="r" fsuid=1000 ouid=0
Oct 07 18:51:13 busymark-adoption-kvm kernel: audit: type=1400 audit(1791399073.402:2449): apparmor="DENIED" operation="open" class="file" profile="snap.busymark.busymark" name="/snap/core24/2124/usr/lib/x86_64-linux-gnu/libpciaccess.so.0.11.1" pid=11142 comm="WebKitWebProces" requested_mask="r" denied_mask="r" fsuid=1000 ouid=0
Oct 07 18:51:13 busymark-adoption-kvm kernel: audit: type=1400 audit(1791399073.402:2450): apparmor="DENIED" operation="open" class="file" profile="snap.busymark.busymark" name="/snap/core24/2124/usr/lib/x86_64-linux-gnu/libpciaccess.so.0.11.1" pid=11142 comm="WebKitWebProces" requested_mask="r" denied_mask="r" fsuid=1000 ouid=0
Oct 07 18:51:13 busymark-adoption-kvm kernel: audit: type=1400 audit(1791399073.402:2451): apparmor="DENIED" operation="open" class="file" profile="snap.busymark.busymark" name="/snap/core24/2124/usr/lib/x86_64-linux-gnu/libpciaccess.so.0.11.1" pid=11142 comm="WebKitWebProces" requested_mask="r" denied_mask="r" fsuid=1000 ouid=0
Oct 07 18:51:13 busymark-adoption-kvm kernel: audit: type=1400 audit(1791399073.402:2452): apparmor="DENIED" operation="open" class="file" profile="snap.busymark.busymark" name="/snap/core24/2124/usr/lib/x86_64-linux-gnu/libtinfo.so.6.4" pid=11142 comm="WebKitWebProces" requested_mask="r" denied_mask="r" fsuid=1000 ouid=0
Oct 07 18:51:13 busymark-adoption-kvm kernel: audit: type=1400 audit(1791399073.402:2453): apparmor="DENIED" operation="open" class="file" profile="snap.busymark.busymark" name="/snap/core24/2124/usr/lib/x86_64-linux-gnu/libtinfo.so.6.4" pid=11142 comm="WebKitWebProces" requested_mask="r" denied_mask="r" fsuid=1000 ouid=0
Oct 07 18:51:13 busymark-adoption-kvm kernel: audit: type=1400 audit(1791399073.402:2454): apparmor="DENIED" operation="open" class="file" profile="snap.busymark.busymark" name="/snap/core24/2124/usr/lib/x86_64-linux-gnu/libtinfo.so.6.4" pid=11142 comm="WebKitWebProces" requested_mask="r" denied_mask="r" fsuid=1000 ouid=0
Oct 07 18:51:17 busymark-adoption-kvm kernel: audit: type=1400 audit(1791399077.833:2455): apparmor="DENIED" operation="open" class="file" profile="snap.busymark.busymark" name="/proc/zoneinfo" pid=10926 comm="PressureMonitor" requested_mask="r" denied_mask="r" fsuid=1000 ouid=0
Oct 07 18:51:22 busymark-adoption-kvm kernel: audit: type=1400 audit(1791399082.834:2456): apparmor="DENIED" operation="open" class="file" profile="snap.busymark.busymark" name="/proc/zoneinfo" pid=10926 comm="PressureMonitor" requested_mask="r" denied_mask="r" fsuid=1000 ouid=0
Oct 07 18:51:27 busymark-adoption-kvm kernel: audit: type=1400 audit(1791399087.834:2457): apparmor="DENIED" operation="open" class="file" profile="snap.busymark.busymark" name="/proc/zoneinfo" pid=10926 comm="PressureMonitor" requested_mask="r" denied_mask="r" fsuid=1000 ouid=0
Oct 07 18:51:32 busymark-adoption-kvm kernel: audit: type=1400 audit(1791399092.503:2458): apparmor="DENIED" operation="open" class="file" profile="snap.busymark.busymark" name="/snap/core24/2124/usr/lib/x86_64-linux-gnu/libgssapi_krb5.so.2.2" pid=11427 comm="WebKitWebProces" requested_mask="r" denied_mask="r" fsuid=1000 ouid=0
Oct 07 18:51:32 busymark-adoption-kvm kernel: audit: type=1400 audit(1791399092.514:2459): apparmor="DENIED" operation="open" class="file" profile="snap.busymark.busymark" name="/snap/core24/2124/usr/lib/x86_64-linux-gnu/libdbus-1.so.3.32.4" pid=11427 comm="WebKitWebProces" requested_mask="r" denied_mask="r" fsuid=1000 ouid=0
Oct 07 18:51:32 busymark-adoption-kvm kernel: audit: type=1400 audit(1791399092.515:2460): apparmor="DENIED" operation="open" class="file" profile="snap.busymark.busymark" name="/snap/core24/2124/usr/lib/x86_64-linux-gnu/libelf-0.190.so" pid=11427 comm="WebKitWebProces" requested_mask="r" denied_mask="r" fsuid=1000 ouid=0
Oct 07 18:51:32 busymark-adoption-kvm kernel: audit: type=1400 audit(1791399092.516:2461): apparmor="DENIED" operation="open" class="file" profile="snap.busymark.busymark" name="/snap/core24/2124/usr/lib/x86_64-linux-gnu/libudev.so.1.7.8" pid=11427 comm="WebKitWebProces" requested_mask="r" denied_mask="r" fsuid=1000 ouid=0
Oct 07 18:51:32 busymark-adoption-kvm kernel: audit: type=1400 audit(1791399092.516:2462): apparmor="DENIED" operation="open" class="file" profile="snap.busymark.busymark" name="/snap/core24/2124/usr/lib/x86_64-linux-gnu/libudev.so.1.7.8" pid=11427 comm="WebKitWebProces" requested_mask="r" denied_mask="r" fsuid=1000 ouid=0
Oct 07 18:51:32 busymark-adoption-kvm kernel: audit: type=1400 audit(1791399092.517:2463): apparmor="DENIED" operation="open" class="file" profile="snap.busymark.busymark" name="/snap/core24/2124/usr/lib/x86_64-linux-gnu/libunistring.so.5.0.0" pid=11427 comm="WebKitWebProces" requested_mask="r" denied_mask="r" fsuid=1000 ouid=0
Oct 07 18:51:32 busymark-adoption-kvm kernel: audit: type=1400 audit(1791399092.517:2464): apparmor="DENIED" operation="open" class="file" profile="snap.busymark.busymark" name="/snap/core24/2124/usr/lib/x86_64-linux-gnu/libunistring.so.5.0.0" pid=11427 comm="WebKitWebProces" requested_mask="r" denied_mask="r" fsuid=1000 ouid=0
Oct 07 18:51:32 busymark-adoption-kvm kernel: audit: type=1400 audit(1791399092.517:2465): apparmor="DENIED" operation="open" class="file" profile="snap.busymark.busymark" name="/snap/core24/2124/usr/lib/x86_64-linux-gnu/libidn2.so.0.4.0" pid=11427 comm="WebKitWebProces" requested_mask="r" denied_mask="r" fsuid=1000 ouid=0
Oct 07 18:51:32 busymark-adoption-kvm kernel: audit: type=1400 audit(1791399092.517:2466): apparmor="DENIED" operation="open" class="file" profile="snap.busymark.busymark" name="/snap/core24/2124/usr/lib/x86_64-linux-gnu/libidn2.so.0.4.0" pid=11427 comm="WebKitWebProces" requested_mask="r" denied_mask="r" fsuid=1000 ouid=0
Oct 07 18:51:32 busymark-adoption-kvm kernel: kauditd_printk_skb: 10 callbacks suppressed
Oct 07 18:51:32 busymark-adoption-kvm kernel: audit: type=1400 audit(1791399092.835:2477): apparmor="DENIED" operation="open" class="file" profile="snap.busymark.busymark" name="/proc/zoneinfo" pid=10926 comm="PressureMonitor" requested_mask="r" denied_mask="r" fsuid=1000 ouid=0
Oct 07 18:51:32 busymark-adoption-kvm kernel: audit: type=1400 audit(1791399092.967:2478): apparmor="DENIED" operation="open" class="file" profile="snap.busymark.busymark" name="/snap/core24/2124/usr/lib/x86_64-linux-gnu/libedit.so.2.0.72" pid=11427 comm="WebKitWebProces" requested_mask="r" denied_mask="r" fsuid=1000 ouid=0
Oct 07 18:51:32 busymark-adoption-kvm kernel: audit: type=1400 audit(1791399092.967:2479): apparmor="DENIED" operation="open" class="file" profile="snap.busymark.busymark" name="/snap/core24/2124/usr/lib/x86_64-linux-gnu/libedit.so.2.0.72" pid=11427 comm="WebKitWebProces" requested_mask="r" denied_mask="r" fsuid=1000 ouid=0
Oct 07 18:51:32 busymark-adoption-kvm kernel: audit: type=1400 audit(1791399092.967:2480): apparmor="DENIED" operation="open" class="file" profile="snap.busymark.busymark" name="/snap/core24/2124/usr/lib/x86_64-linux-gnu/libedit.so.2.0.72" pid=11427 comm="WebKitWebProces" requested_mask="r" denied_mask="r" fsuid=1000 ouid=0
Oct 07 18:51:32 busymark-adoption-kvm kernel: audit: type=1400 audit(1791399092.970:2481): apparmor="DENIED" operation="open" class="file" profile="snap.busymark.busymark" name="/snap/core24/2124/usr/lib/x86_64-linux-gnu/libpciaccess.so.0.11.1" pid=11427 comm="WebKitWebProces" requested_mask="r" denied_mask="r" fsuid=1000 ouid=0
Oct 07 18:51:32 busymark-adoption-kvm kernel: audit: type=1400 audit(1791399092.970:2482): apparmor="DENIED" operation="open" class="file" profile="snap.busymark.busymark" name="/snap/core24/2124/usr/lib/x86_64-linux-gnu/libpciaccess.so.0.11.1" pid=11427 comm="WebKitWebProces" requested_mask="r" denied_mask="r" fsuid=1000 ouid=0
Oct 07 18:51:32 busymark-adoption-kvm kernel: audit: type=1400 audit(1791399092.970:2483): apparmor="DENIED" operation="open" class="file" profile="snap.busymark.busymark" name="/snap/core24/2124/usr/lib/x86_64-linux-gnu/libpciaccess.so.0.11.1" pid=11427 comm="WebKitWebProces" requested_mask="r" denied_mask="r" fsuid=1000 ouid=0
Oct 07 18:51:32 busymark-adoption-kvm kernel: audit: type=1400 audit(1791399092.971:2484): apparmor="DENIED" operation="open" class="file" profile="snap.busymark.busymark" name="/snap/core24/2124/usr/lib/x86_64-linux-gnu/libtinfo.so.6.4" pid=11427 comm="WebKitWebProces" requested_mask="r" denied_mask="r" fsuid=1000 ouid=0
Oct 07 18:51:32 busymark-adoption-kvm kernel: audit: type=1400 audit(1791399092.971:2485): apparmor="DENIED" operation="open" class="file" profile="snap.busymark.busymark" name="/snap/core24/2124/usr/lib/x86_64-linux-gnu/libtinfo.so.6.4" pid=11427 comm="WebKitWebProces" requested_mask="r" denied_mask="r" fsuid=1000 ouid=0
Oct 07 18:51:32 busymark-adoption-kvm kernel: audit: type=1400 audit(1791399092.971:2486): apparmor="DENIED" operation="open" class="file" profile="snap.busymark.busymark" name="/snap/core24/2124/usr/lib/x86_64-linux-gnu/libtinfo.so.6.4" pid=11427 comm="WebKitWebProces" requested_mask="r" denied_mask="r" fsuid=1000 ouid=0
Oct 07 18:51:37 busymark-adoption-kvm kernel: audit: type=1400 audit(1791399097.835:2487): apparmor="DENIED" operation="open" class="file" profile="snap.busymark.busymark" name="/proc/zoneinfo" pid=10926 comm="PressureMonitor" requested_mask="r" denied_mask="r" fsuid=1000 ouid=0
Oct 07 18:51:38 busymark-adoption-kvm kernel: audit: type=1400 audit(1791399098.969:2488): apparmor="DENIED" operation="open" class="file" profile="snap.busymark.busymark" name="/sys/fs/cgroup/user.slice/user-1000.slice/user@1000.service/app.slice/cpu.max" pid=11512 comm="typst" requested_mask="r" denied_mask="r" fsuid=1000 ouid=1000
Oct 07 18:51:38 busymark-adoption-kvm kernel: audit: type=1400 audit(1791399098.969:2489): apparmor="DENIED" operation="open" class="file" profile="snap.busymark.busymark" name="/sys/fs/cgroup/user.slice/user-1000.slice/user@1000.service/cpu.max" pid=11512 comm="typst" requested_mask="r" denied_mask="r" fsuid=1000 ouid=0
Oct 07 18:51:38 busymark-adoption-kvm kernel: audit: type=1400 audit(1791399098.969:2490): apparmor="DENIED" operation="open" class="file" profile="snap.busymark.busymark" name="/sys/fs/cgroup/user.slice/user-1000.slice/cpu.max" pid=11512 comm="typst" requested_mask="r" denied_mask="r" fsuid=1000 ouid=0
Oct 07 18:51:38 busymark-adoption-kvm kernel: audit: type=1400 audit(1791399098.969:2491): apparmor="DENIED" operation="open" class="file" profile="snap.busymark.busymark" name="/sys/fs/cgroup/user.slice/cpu.max" pid=11512 comm="typst" requested_mask="r" denied_mask="r" fsuid=1000 ouid=0
Oct 07 18:51:39 busymark-adoption-kvm kernel: audit: type=1400 audit(1791399099.508:2492): apparmor="DENIED" operation="open" class="file" profile="snap.busymark.busymark" name="/sys/fs/cgroup/user.slice/user-1000.slice/user@1000.service/app.slice/cpu.max" pid=11517 comm="typst" requested_mask="r" denied_mask="r" fsuid=1000 ouid=1000
Oct 07 18:51:39 busymark-adoption-kvm kernel: audit: type=1400 audit(1791399099.508:2493): apparmor="DENIED" operation="open" class="file" profile="snap.busymark.busymark" name="/sys/fs/cgroup/user.slice/user-1000.slice/user@1000.service/cpu.max" pid=11517 comm="typst" requested_mask="r" denied_mask="r" fsuid=1000 ouid=0
Oct 07 18:51:39 busymark-adoption-kvm kernel: audit: type=1400 audit(1791399099.508:2494): apparmor="DENIED" operation="open" class="file" profile="snap.busymark.busymark" name="/sys/fs/cgroup/user.slice/user-1000.slice/cpu.max" pid=11517 comm="typst" requested_mask="r" denied_mask="r" fsuid=1000 ouid=0
Oct 07 18:51:39 busymark-adoption-kvm kernel: audit: type=1400 audit(1791399099.508:2495): apparmor="DENIED" operation="open" class="file" profile="snap.busymark.busymark" name="/sys/fs/cgroup/user.slice/cpu.max" pid=11517 comm="typst" requested_mask="r" denied_mask="r" fsuid=1000 ouid=0
Oct 07 18:52:42 busymark-adoption-kvm kernel: audit: type=1400 audit(1791399162.591:2496): apparmor="DENIED" operation="open" class="file" profile="snap.busymark.busymark" name="/snap/core24/2124/usr/lib/x86_64-linux-gnu/libgcc_s.so.1" pid=11688 comm="busymark" requested_mask="r" denied_mask="r" fsuid=1000 ouid=0
Oct 07 18:52:42 busymark-adoption-kvm kernel: audit: type=1400 audit(1791399162.595:2497): apparmor="DENIED" operation="open" class="file" profile="snap.busymark.busymark" name="/snap/core24/2124/usr/lib/x86_64-linux-gnu/libbrotlidec.so.1.1.0" pid=11688 comm="busymark" requested_mask="r" denied_mask="r" fsuid=1000 ouid=0
Oct 07 18:52:42 busymark-adoption-kvm kernel: audit: type=1400 audit(1791399162.595:2498): apparmor="DENIED" operation="open" class="file" profile="snap.busymark.busymark" name="/snap/core24/2124/usr/lib/x86_64-linux-gnu/libgssapi_krb5.so.2.2" pid=11688 comm="busymark" requested_mask="r" denied_mask="r" fsuid=1000 ouid=0
Oct 07 18:52:42 busymark-adoption-kvm kernel: audit: type=1400 audit(1791399162.597:2499): apparmor="DENIED" operation="open" class="file" profile="snap.busymark.busymark" name="/snap/core24/2124/usr/lib/x86_64-linux-gnu/libdbus-1.so.3.32.4" pid=11688 comm="busymark" requested_mask="r" denied_mask="r" fsuid=1000 ouid=0
Oct 07 18:52:42 busymark-adoption-kvm kernel: audit: type=1400 audit(1791399162.597:2500): apparmor="DENIED" operation="open" class="file" profile="snap.busymark.busymark" name="/snap/core24/2124/usr/lib/x86_64-linux-gnu/libunistring.so.5.0.0" pid=11688 comm="busymark" requested_mask="r" denied_mask="r" fsuid=1000 ouid=0
Oct 07 18:52:42 busymark-adoption-kvm kernel: audit: type=1400 audit(1791399162.597:2501): apparmor="DENIED" operation="open" class="file" profile="snap.busymark.busymark" name="/snap/core24/2124/usr/lib/x86_64-linux-gnu/libunistring.so.5.0.0" pid=11688 comm="busymark" requested_mask="r" denied_mask="r" fsuid=1000 ouid=0
Oct 07 18:52:42 busymark-adoption-kvm kernel: audit: type=1400 audit(1791399162.597:2502): apparmor="DENIED" operation="open" class="file" profile="snap.busymark.busymark" name="/snap/core24/2124/usr/lib/x86_64-linux-gnu/libidn2.so.0.4.0" pid=11688 comm="busymark" requested_mask="r" denied_mask="r" fsuid=1000 ouid=0
Oct 07 18:52:42 busymark-adoption-kvm kernel: audit: type=1400 audit(1791399162.597:2503): apparmor="DENIED" operation="open" class="file" profile="snap.busymark.busymark" name="/snap/core24/2124/usr/lib/x86_64-linux-gnu/libidn2.so.0.4.0" pid=11688 comm="busymark" requested_mask="r" denied_mask="r" fsuid=1000 ouid=0
Oct 07 18:52:42 busymark-adoption-kvm kernel: audit: type=1400 audit(1791399162.597:2504): apparmor="DENIED" operation="open" class="file" profile="snap.busymark.busymark" name="/snap/core24/2124/usr/lib/x86_64-linux-gnu/libbrotlicommon.so.1.1.0" pid=11688 comm="busymark" requested_mask="r" denied_mask="r" fsuid=1000 ouid=0
Oct 07 18:52:42 busymark-adoption-kvm kernel: audit: type=1400 audit(1791399162.597:2505): apparmor="DENIED" operation="open" class="file" profile="snap.busymark.busymark" name="/snap/core24/2124/usr/lib/x86_64-linux-gnu/libkrb5.so.3.3" pid=11688 comm="busymark" requested_mask="r" denied_mask="r" fsuid=1000 ouid=0
Oct 07 18:52:48 busymark-adoption-kvm kernel: kauditd_printk_skb: 125 callbacks suppressed
Oct 07 18:52:48 busymark-adoption-kvm kernel: audit: type=1400 audit(1791399168.038:2631): apparmor="DENIED" operation="open" class="file" profile="snap.busymark.busymark" name="/proc/zoneinfo" pid=11688 comm="PressureMonitor" requested_mask="r" denied_mask="r" fsuid=1000 ouid=0
Oct 07 18:52:48 busymark-adoption-kvm kernel: audit: type=1400 audit(1791399168.038:2632): apparmor="DENIED" operation="open" class="file" profile="snap.busymark.busymark" name="/sys/fs/cgroup/user.slice/user-1000.slice/user@1000.service/app.slice/snap.busymark.busymark-b605a2b5-9061-45f4-aa0d-ab731e23b43a.scope/memory.current" pid=11688 comm="PressureMonitor" requested_mask="r" denied_mask="r" fsuid=1000 ouid=1000
Oct 07 18:52:48 busymark-adoption-kvm kernel: audit: type=1400 audit(1791399168.038:2633): apparmor="DENIED" operation="open" class="file" profile="snap.busymark.busymark" name="/sys/fs/cgroup/user.slice/user-1000.slice/user@1000.service/app.slice/snap.busymark.busymark-b605a2b5-9061-45f4-aa0d-ab731e23b43a.scope/memory.max" pid=11688 comm="PressureMonitor" requested_mask="r" denied_mask="r" fsuid=1000 ouid=1000
Oct 07 18:52:48 busymark-adoption-kvm kernel: audit: type=1400 audit(1791399168.038:2634): apparmor="DENIED" operation="open" class="file" profile="snap.busymark.busymark" name="/sys/fs/cgroup/user.slice/user-1000.slice/user@1000.service/app.slice/snap.busymark.busymark-b605a2b5-9061-45f4-aa0d-ab731e23b43a.scope/memory.high" pid=11688 comm="PressureMonitor" requested_mask="r" denied_mask="r" fsuid=1000 ouid=1000
Oct 07 18:52:49 busymark-adoption-kvm kernel: audit: type=1400 audit(1791399169.362:2635): apparmor="DENIED" operation="open" class="file" profile="snap.busymark.busymark" name="/sys/fs/cgroup/user.slice/user-1000.slice/user@1000.service/app.slice/cpu.max" pid=12076 comm="typst" requested_mask="r" denied_mask="r" fsuid=1000 ouid=1000
Oct 07 18:52:49 busymark-adoption-kvm kernel: audit: type=1400 audit(1791399169.362:2636): apparmor="DENIED" operation="open" class="file" profile="snap.busymark.busymark" name="/sys/fs/cgroup/user.slice/user-1000.slice/user@1000.service/cpu.max" pid=12076 comm="typst" requested_mask="r" denied_mask="r" fsuid=1000 ouid=0
Oct 07 18:52:49 busymark-adoption-kvm kernel: audit: type=1400 audit(1791399169.362:2637): apparmor="DENIED" operation="open" class="file" profile="snap.busymark.busymark" name="/sys/fs/cgroup/user.slice/user-1000.slice/cpu.max" pid=12076 comm="typst" requested_mask="r" denied_mask="r" fsuid=1000 ouid=0
Oct 07 18:52:49 busymark-adoption-kvm kernel: audit: type=1400 audit(1791399169.362:2638): apparmor="DENIED" operation="open" class="file" profile="snap.busymark.busymark" name="/sys/fs/cgroup/user.slice/cpu.max" pid=12076 comm="typst" requested_mask="r" denied_mask="r" fsuid=1000 ouid=0
Oct 07 18:52:49 busymark-adoption-kvm kernel: audit: type=1400 audit(1791399169.686:2639): apparmor="DENIED" operation="open" class="file" profile="snap.busymark.busymark" name="/sys/fs/cgroup/user.slice/user-1000.slice/user@1000.service/app.slice/cpu.max" pid=12081 comm="typst" requested_mask="r" denied_mask="r" fsuid=1000 ouid=1000
Oct 07 18:52:49 busymark-adoption-kvm kernel: audit: type=1400 audit(1791399169.686:2640): apparmor="DENIED" operation="open" class="file" profile="snap.busymark.busymark" name="/sys/fs/cgroup/user.slice/user-1000.slice/user@1000.service/cpu.max" pid=12081 comm="typst" requested_mask="r" denied_mask="r" fsuid=1000 ouid=0
Oct 07 18:54:21 busymark-adoption-kvm kernel: kauditd_printk_skb: 2 callbacks suppressed
Oct 07 18:54:21 busymark-adoption-kvm kernel: audit: type=1400 audit(1791399261.870:2643): apparmor="STATUS" operation="profile_replace" profile="unconfined" name="snap.busymark.busymark" pid=12273 comm="apparmor_parser"
Oct 07 18:54:21 busymark-adoption-kvm kernel: audit: type=1400 audit(1791399261.878:2644): apparmor="STATUS" operation="profile_replace" info="same as current profile, skipping" profile="unconfined" name="snap.busymark.hook.configure" pid=12292 comm="apparmor_parser"
Oct 07 18:54:21 busymark-adoption-kvm kernel: audit: type=1400 audit(1791399261.879:2645): apparmor="STATUS" operation="profile_replace" info="same as current profile, skipping" profile="unconfined" name="snap-update-ns.busymark" pid=12291 comm="apparmor_parser"
Oct 07 18:54:21 busymark-adoption-kvm kernel: audit: type=1400 audit(1791399261.886:2646): apparmor="STATUS" operation="profile_replace" info="same as current profile, skipping" profile="unconfined" name="/snap/snapd/28254/usr/lib/snapd/snap-confine" pid=12294 comm="apparmor_parser"
Oct 07 18:54:22 busymark-adoption-kvm kernel: audit: type=1400 audit(1791399262.127:2647): apparmor="DENIED" operation="open" class="file" profile="snap.busymark.busymark" name="/snap/core24/2124/usr/lib/x86_64-linux-gnu/libgcc_s.so.1" pid=12300 comm="busymark" requested_mask="r" denied_mask="r" fsuid=1000 ouid=0
Oct 07 18:54:22 busymark-adoption-kvm kernel: audit: type=1400 audit(1791399262.133:2648): apparmor="DENIED" operation="open" class="file" profile="snap.busymark.busymark" name="/snap/core24/2124/usr/lib/x86_64-linux-gnu/libbrotlidec.so.1.1.0" pid=12300 comm="busymark" requested_mask="r" denied_mask="r" fsuid=1000 ouid=0
Oct 07 18:54:22 busymark-adoption-kvm kernel: audit: type=1400 audit(1791399262.133:2649): apparmor="DENIED" operation="open" class="file" profile="snap.busymark.busymark" name="/snap/core24/2124/usr/lib/x86_64-linux-gnu/libgssapi_krb5.so.2.2" pid=12300 comm="busymark" requested_mask="r" denied_mask="r" fsuid=1000 ouid=0
Oct 07 18:54:22 busymark-adoption-kvm kernel: audit: type=1400 audit(1791399262.135:2650): apparmor="DENIED" operation="open" class="file" profile="snap.busymark.busymark" name="/snap/core24/2124/usr/lib/x86_64-linux-gnu/libdbus-1.so.3.32.4" pid=12300 comm="busymark" requested_mask="r" denied_mask="r" fsuid=1000 ouid=0
Oct 07 18:54:22 busymark-adoption-kvm kernel: audit: type=1400 audit(1791399262.135:2651): apparmor="DENIED" operation="open" class="file" profile="snap.busymark.busymark" name="/snap/core24/2124/usr/lib/x86_64-linux-gnu/libunistring.so.5.0.0" pid=12300 comm="busymark" requested_mask="r" denied_mask="r" fsuid=1000 ouid=0
Oct 07 18:54:22 busymark-adoption-kvm kernel: audit: type=1400 audit(1791399262.135:2652): apparmor="DENIED" operation="open" class="file" profile="snap.busymark.busymark" name="/snap/core24/2124/usr/lib/x86_64-linux-gnu/libunistring.so.5.0.0" pid=12300 comm="busymark" requested_mask="r" denied_mask="r" fsuid=1000 ouid=0
Oct 07 18:54:27 busymark-adoption-kvm kernel: kauditd_printk_skb: 100 callbacks suppressed
Oct 07 18:54:27 busymark-adoption-kvm kernel: audit: type=1400 audit(1791399267.250:2753): apparmor="DENIED" operation="open" class="file" profile="snap.busymark.busymark" name="/snap/core24/2124/usr/lib/x86_64-linux-gnu/libgcc_s.so.1" pid=12611 comm="busymark" requested_mask="r" denied_mask="r" fsuid=1000 ouid=0
Oct 07 18:54:27 busymark-adoption-kvm kernel: audit: type=1400 audit(1791399267.255:2754): apparmor="DENIED" operation="open" class="file" profile="snap.busymark.busymark" name="/snap/core24/2124/usr/lib/x86_64-linux-gnu/libbrotlidec.so.1.1.0" pid=12611 comm="busymark" requested_mask="r" denied_mask="r" fsuid=1000 ouid=0
Oct 07 18:54:27 busymark-adoption-kvm kernel: audit: type=1400 audit(1791399267.255:2755): apparmor="DENIED" operation="open" class="file" profile="snap.busymark.busymark" name="/snap/core24/2124/usr/lib/x86_64-linux-gnu/libgssapi_krb5.so.2.2" pid=12611 comm="busymark" requested_mask="r" denied_mask="r" fsuid=1000 ouid=0
Oct 07 18:54:27 busymark-adoption-kvm kernel: audit: type=1400 audit(1791399267.257:2756): apparmor="DENIED" operation="open" class="file" profile="snap.busymark.busymark" name="/snap/core24/2124/usr/lib/x86_64-linux-gnu/libdbus-1.so.3.32.4" pid=12611 comm="busymark" requested_mask="r" denied_mask="r" fsuid=1000 ouid=0
Oct 07 18:54:27 busymark-adoption-kvm kernel: audit: type=1400 audit(1791399267.257:2757): apparmor="DENIED" operation="open" class="file" profile="snap.busymark.busymark" name="/snap/core24/2124/usr/lib/x86_64-linux-gnu/libunistring.so.5.0.0" pid=12611 comm="busymark" requested_mask="r" denied_mask="r" fsuid=1000 ouid=0
Oct 07 18:54:27 busymark-adoption-kvm kernel: audit: type=1400 audit(1791399267.257:2758): apparmor="DENIED" operation="open" class="file" profile="snap.busymark.busymark" name="/snap/core24/2124/usr/lib/x86_64-linux-gnu/libunistring.so.5.0.0" pid=12611 comm="busymark" requested_mask="r" denied_mask="r" fsuid=1000 ouid=0
Oct 07 18:54:27 busymark-adoption-kvm kernel: audit: type=1400 audit(1791399267.257:2759): apparmor="DENIED" operation="open" class="file" profile="snap.busymark.busymark" name="/snap/core24/2124/usr/lib/x86_64-linux-gnu/libidn2.so.0.4.0" pid=12611 comm="busymark" requested_mask="r" denied_mask="r" fsuid=1000 ouid=0
Oct 07 18:54:27 busymark-adoption-kvm kernel: audit: type=1400 audit(1791399267.257:2760): apparmor="DENIED" operation="open" class="file" profile="snap.busymark.busymark" name="/snap/core24/2124/usr/lib/x86_64-linux-gnu/libidn2.so.0.4.0" pid=12611 comm="busymark" requested_mask="r" denied_mask="r" fsuid=1000 ouid=0
Oct 07 18:54:27 busymark-adoption-kvm kernel: audit: type=1400 audit(1791399267.257:2761): apparmor="DENIED" operation="open" class="file" profile="snap.busymark.busymark" name="/snap/core24/2124/usr/lib/x86_64-linux-gnu/libbrotlicommon.so.1.1.0" pid=12611 comm="busymark" requested_mask="r" denied_mask="r" fsuid=1000 ouid=0
Oct 07 18:54:27 busymark-adoption-kvm kernel: audit: type=1400 audit(1791399267.257:2762): apparmor="DENIED" operation="open" class="file" profile="snap.busymark.busymark" name="/snap/core24/2124/usr/lib/x86_64-linux-gnu/libkrb5.so.3.3" pid=12611 comm="busymark" requested_mask="r" denied_mask="r" fsuid=1000 ouid=0
Oct 07 18:54:32 busymark-adoption-kvm kernel: kauditd_printk_skb: 124 callbacks suppressed
Oct 07 18:54:32 busymark-adoption-kvm kernel: audit: type=1400 audit(1791399272.671:2887): apparmor="DENIED" operation="open" class="file" profile="snap.busymark.busymark" name="/proc/zoneinfo" pid=12611 comm="PressureMonitor" requested_mask="r" denied_mask="r" fsuid=1000 ouid=0
Oct 07 18:54:32 busymark-adoption-kvm kernel: audit: type=1400 audit(1791399272.671:2888): apparmor="DENIED" operation="open" class="file" profile="snap.busymark.busymark" name="/sys/fs/cgroup/user.slice/user-1000.slice/user@1000.service/app.slice/snap.busymark.busymark-01ad018c-0d51-47cb-b2ed-e5243f03226f.scope/memory.current" pid=12611 comm="PressureMonitor" requested_mask="r" denied_mask="r" fsuid=1000 ouid=1000
Oct 07 18:54:32 busymark-adoption-kvm kernel: audit: type=1400 audit(1791399272.672:2889): apparmor="DENIED" operation="open" class="file" profile="snap.busymark.busymark" name="/sys/fs/cgroup/user.slice/user-1000.slice/user@1000.service/app.slice/snap.busymark.busymark-01ad018c-0d51-47cb-b2ed-e5243f03226f.scope/memory.max" pid=12611 comm="PressureMonitor" requested_mask="r" denied_mask="r" fsuid=1000 ouid=1000
Oct 07 18:54:32 busymark-adoption-kvm kernel: audit: type=1400 audit(1791399272.672:2890): apparmor="DENIED" operation="open" class="file" profile="snap.busymark.busymark" name="/sys/fs/cgroup/user.slice/user-1000.slice/user@1000.service/app.slice/snap.busymark.busymark-01ad018c-0d51-47cb-b2ed-e5243f03226f.scope/memory.high" pid=12611 comm="PressureMonitor" requested_mask="r" denied_mask="r" fsuid=1000 ouid=1000
Oct 07 18:54:33 busymark-adoption-kvm kernel: audit: type=1400 audit(1791399273.516:2891): apparmor="DENIED" operation="open" class="file" profile="snap.busymark.busymark" name="/sys/fs/cgroup/user.slice/user-1000.slice/user@1000.service/app.slice/cpu.max" pid=12986 comm="typst" requested_mask="r" denied_mask="r" fsuid=1000 ouid=1000
Oct 07 18:54:33 busymark-adoption-kvm kernel: audit: type=1400 audit(1791399273.516:2892): apparmor="DENIED" operation="open" class="file" profile="snap.busymark.busymark" name="/sys/fs/cgroup/user.slice/user-1000.slice/user@1000.service/cpu.max" pid=12986 comm="typst" requested_mask="r" denied_mask="r" fsuid=1000 ouid=0
Oct 07 18:54:33 busymark-adoption-kvm kernel: audit: type=1400 audit(1791399273.516:2893): apparmor="DENIED" operation="open" class="file" profile="snap.busymark.busymark" name="/sys/fs/cgroup/user.slice/user-1000.slice/cpu.max" pid=12986 comm="typst" requested_mask="r" denied_mask="r" fsuid=1000 ouid=0
Oct 07 18:54:33 busymark-adoption-kvm kernel: audit: type=1400 audit(1791399273.516:2894): apparmor="DENIED" operation="open" class="file" profile="snap.busymark.busymark" name="/sys/fs/cgroup/user.slice/cpu.max" pid=12986 comm="typst" requested_mask="r" denied_mask="r" fsuid=1000 ouid=0
Oct 07 18:54:33 busymark-adoption-kvm kernel: audit: type=1400 audit(1791399273.826:2895): apparmor="DENIED" operation="open" class="file" profile="snap.busymark.busymark" name="/sys/fs/cgroup/user.slice/user-1000.slice/user@1000.service/app.slice/cpu.max" pid=12991 comm="typst" requested_mask="r" denied_mask="r" fsuid=1000 ouid=1000
Oct 07 18:54:33 busymark-adoption-kvm kernel: audit: type=1400 audit(1791399273.826:2896): apparmor="DENIED" operation="open" class="file" profile="snap.busymark.busymark" name="/sys/fs/cgroup/user.slice/user-1000.slice/user@1000.service/cpu.max" pid=12991 comm="typst" requested_mask="r" denied_mask="r" fsuid=1000 ouid=0
Oct 07 18:56:06 busymark-adoption-kvm kernel: kauditd_printk_skb: 6 callbacks suppressed
Oct 07 18:56:06 busymark-adoption-kvm kernel: audit: type=1400 audit(1791399366.734:2903): apparmor="DENIED" operation="open" class="file" profile="snap.busymark.busymark" name="/snap/core24/2124/usr/lib/x86_64-linux-gnu/libgcc_s.so.1" pid=13272 comm="busymark" requested_mask="r" denied_mask="r" fsuid=1000 ouid=0
Oct 07 18:56:06 busymark-adoption-kvm kernel: audit: type=1400 audit(1791399366.797:2904): apparmor="DENIED" operation="open" class="file" profile="snap.busymark.busymark" name="/snap/core24/2124/usr/lib/x86_64-linux-gnu/libbrotlidec.so.1.1.0" pid=13272 comm="busymark" requested_mask="r" denied_mask="r" fsuid=1000 ouid=0
Oct 07 18:56:06 busymark-adoption-kvm kernel: audit: type=1400 audit(1791399366.797:2905): apparmor="DENIED" operation="open" class="file" profile="snap.busymark.busymark" name="/snap/core24/2124/usr/lib/x86_64-linux-gnu/libgssapi_krb5.so.2.2" pid=13272 comm="busymark" requested_mask="r" denied_mask="r" fsuid=1000 ouid=0
Oct 07 18:56:06 busymark-adoption-kvm kernel: audit: type=1400 audit(1791399366.829:2906): apparmor="DENIED" operation="open" class="file" profile="snap.busymark.busymark" name="/snap/core24/2124/usr/lib/x86_64-linux-gnu/libdbus-1.so.3.32.4" pid=13272 comm="busymark" requested_mask="r" denied_mask="r" fsuid=1000 ouid=0
Oct 07 18:56:06 busymark-adoption-kvm kernel: audit: type=1400 audit(1791399366.831:2907): apparmor="DENIED" operation="open" class="file" profile="snap.busymark.busymark" name="/snap/core24/2124/usr/lib/x86_64-linux-gnu/libunistring.so.5.0.0" pid=13272 comm="busymark" requested_mask="r" denied_mask="r" fsuid=1000 ouid=0
Oct 07 18:56:06 busymark-adoption-kvm kernel: audit: type=1400 audit(1791399366.831:2908): apparmor="DENIED" operation="open" class="file" profile="snap.busymark.busymark" name="/snap/core24/2124/usr/lib/x86_64-linux-gnu/libunistring.so.5.0.0" pid=13272 comm="busymark" requested_mask="r" denied_mask="r" fsuid=1000 ouid=0
Oct 07 18:56:06 busymark-adoption-kvm kernel: audit: type=1400 audit(1791399366.831:2909): apparmor="DENIED" operation="open" class="file" profile="snap.busymark.busymark" name="/snap/core24/2124/usr/lib/x86_64-linux-gnu/libidn2.so.0.4.0" pid=13272 comm="busymark" requested_mask="r" denied_mask="r" fsuid=1000 ouid=0
Oct 07 18:56:06 busymark-adoption-kvm kernel: audit: type=1400 audit(1791399366.831:2910): apparmor="DENIED" operation="open" class="file" profile="snap.busymark.busymark" name="/snap/core24/2124/usr/lib/x86_64-linux-gnu/libidn2.so.0.4.0" pid=13272 comm="busymark" requested_mask="r" denied_mask="r" fsuid=1000 ouid=0
Oct 07 18:56:06 busymark-adoption-kvm kernel: audit: type=1400 audit(1791399366.831:2911): apparmor="DENIED" operation="open" class="file" profile="snap.busymark.busymark" name="/snap/core24/2124/usr/lib/x86_64-linux-gnu/libbrotlicommon.so.1.1.0" pid=13272 comm="busymark" requested_mask="r" denied_mask="r" fsuid=1000 ouid=0
Oct 07 18:56:06 busymark-adoption-kvm kernel: audit: type=1400 audit(1791399366.831:2912): apparmor="DENIED" operation="open" class="file" profile="snap.busymark.busymark" name="/snap/core24/2124/usr/lib/x86_64-linux-gnu/libkrb5.so.3.3" pid=13272 comm="busymark" requested_mask="r" denied_mask="r" fsuid=1000 ouid=0
Oct 07 18:56:12 busymark-adoption-kvm kernel: kauditd_printk_skb: 125 callbacks suppressed
Oct 07 18:56:12 busymark-adoption-kvm kernel: audit: type=1400 audit(1791399372.378:3038): apparmor="DENIED" operation="open" class="file" profile="snap.busymark.busymark" name="/proc/zoneinfo" pid=13272 comm="PressureMonitor" requested_mask="r" denied_mask="r" fsuid=1000 ouid=0
Oct 07 18:56:12 busymark-adoption-kvm kernel: audit: type=1400 audit(1791399372.378:3039): apparmor="DENIED" operation="open" class="file" profile="snap.busymark.busymark" name="/sys/fs/cgroup/user.slice/user-1000.slice/user@1000.service/app.slice/snap.busymark.busymark-47628d0f-cf4c-493a-b393-bbec38f0d427.scope/memory.current" pid=13272 comm="PressureMonitor" requested_mask="r" denied_mask="r" fsuid=1000 ouid=1000
Oct 07 18:56:12 busymark-adoption-kvm kernel: audit: type=1400 audit(1791399372.378:3040): apparmor="DENIED" operation="open" class="file" profile="snap.busymark.busymark" name="/sys/fs/cgroup/user.slice/user-1000.slice/user@1000.service/app.slice/snap.busymark.busymark-47628d0f-cf4c-493a-b393-bbec38f0d427.scope/memory.max" pid=13272 comm="PressureMonitor" requested_mask="r" denied_mask="r" fsuid=1000 ouid=1000
Oct 07 18:56:12 busymark-adoption-kvm kernel: audit: type=1400 audit(1791399372.378:3041): apparmor="DENIED" operation="open" class="file" profile="snap.busymark.busymark" name="/sys/fs/cgroup/user.slice/user-1000.slice/user@1000.service/app.slice/snap.busymark.busymark-47628d0f-cf4c-493a-b393-bbec38f0d427.scope/memory.high" pid=13272 comm="PressureMonitor" requested_mask="r" denied_mask="r" fsuid=1000 ouid=1000
Oct 07 18:56:13 busymark-adoption-kvm kernel: audit: type=1400 audit(1791399373.921:3042): apparmor="DENIED" operation="open" class="file" profile="snap.busymark.busymark" name="/sys/fs/cgroup/user.slice/user-1000.slice/user@1000.service/app.slice/cpu.max" pid=13660 comm="typst" requested_mask="r" denied_mask="r" fsuid=1000 ouid=1000
Oct 07 18:56:13 busymark-adoption-kvm kernel: audit: type=1400 audit(1791399373.921:3043): apparmor="DENIED" operation="open" class="file" profile="snap.busymark.busymark" name="/sys/fs/cgroup/user.slice/user-1000.slice/user@1000.service/cpu.max" pid=13660 comm="typst" requested_mask="r" denied_mask="r" fsuid=1000 ouid=0
Oct 07 18:56:13 busymark-adoption-kvm kernel: audit: type=1400 audit(1791399373.921:3044): apparmor="DENIED" operation="open" class="file" profile="snap.busymark.busymark" name="/sys/fs/cgroup/user.slice/user-1000.slice/cpu.max" pid=13660 comm="typst" requested_mask="r" denied_mask="r" fsuid=1000 ouid=0
Oct 07 18:56:13 busymark-adoption-kvm kernel: audit: type=1400 audit(1791399373.921:3045): apparmor="DENIED" operation="open" class="file" profile="snap.busymark.busymark" name="/sys/fs/cgroup/user.slice/cpu.max" pid=13660 comm="typst" requested_mask="r" denied_mask="r" fsuid=1000 ouid=0
Oct 07 18:56:14 busymark-adoption-kvm kernel: audit: type=1400 audit(1791399374.262:3046): apparmor="DENIED" operation="open" class="file" profile="snap.busymark.busymark" name="/sys/fs/cgroup/user.slice/user-1000.slice/user@1000.service/app.slice/cpu.max" pid=13665 comm="typst" requested_mask="r" denied_mask="r" fsuid=1000 ouid=1000
Oct 07 18:56:14 busymark-adoption-kvm kernel: audit: type=1400 audit(1791399374.262:3047): apparmor="DENIED" operation="open" class="file" profile="snap.busymark.busymark" name="/sys/fs/cgroup/user.slice/user-1000.slice/user@1000.service/cpu.max" pid=13665 comm="typst" requested_mask="r" denied_mask="r" fsuid=1000 ouid=0
Oct 07 18:56:17 busymark-adoption-kvm kernel: kauditd_printk_skb: 2 callbacks suppressed
Oct 07 18:56:17 busymark-adoption-kvm kernel: audit: type=1400 audit(1791399377.395:3050): apparmor="STATUS" operation="profile_replace" info="same as current profile, skipping" profile="unconfined" name="snap-update-ns.busymark" pid=13751 comm="apparmor_parser"
Oct 07 18:56:17 busymark-adoption-kvm kernel: audit: type=1400 audit(1791399377.432:3051): apparmor="STATUS" operation="profile_replace" profile="unconfined" name="snap.busymark.busymark" pid=13752 comm="apparmor_parser"
Oct 07 18:56:17 busymark-adoption-kvm kernel: audit: type=1400 audit(1791399377.439:3052): apparmor="STATUS" operation="profile_replace" info="same as current profile, skipping" profile="unconfined" name="snap.busymark.hook.configure" pid=13766 comm="apparmor_parser"
Oct 07 18:56:17 busymark-adoption-kvm kernel: audit: type=1400 audit(1791399377.445:3053): apparmor="STATUS" operation="profile_replace" info="same as current profile, skipping" profile="unconfined" name="/snap/snapd/28254/usr/lib/snapd/snap-confine" pid=13768 comm="apparmor_parser"
Oct 07 18:56:17 busymark-adoption-kvm kernel: audit: type=1400 audit(1791399377.680:3054): apparmor="DENIED" operation="open" class="file" profile="snap.busymark.busymark" name="/snap/core24/2124/usr/lib/x86_64-linux-gnu/libgcc_s.so.1" pid=13774 comm="busymark" requested_mask="r" denied_mask="r" fsuid=1000 ouid=0
Oct 07 18:56:17 busymark-adoption-kvm kernel: audit: type=1400 audit(1791399377.684:3055): apparmor="DENIED" operation="open" class="file" profile="snap.busymark.busymark" name="/snap/core24/2124/usr/lib/x86_64-linux-gnu/libbrotlidec.so.1.1.0" pid=13774 comm="busymark" requested_mask="r" denied_mask="r" fsuid=1000 ouid=0
Oct 07 18:56:17 busymark-adoption-kvm kernel: audit: type=1400 audit(1791399377.684:3056): apparmor="DENIED" operation="open" class="file" profile="snap.busymark.busymark" name="/snap/core24/2124/usr/lib/x86_64-linux-gnu/libgssapi_krb5.so.2.2" pid=13774 comm="busymark" requested_mask="r" denied_mask="r" fsuid=1000 ouid=0
Oct 07 18:56:17 busymark-adoption-kvm kernel: audit: type=1400 audit(1791399377.686:3057): apparmor="DENIED" operation="open" class="file" profile="snap.busymark.busymark" name="/snap/core24/2124/usr/lib/x86_64-linux-gnu/libdbus-1.so.3.32.4" pid=13774 comm="busymark" requested_mask="r" denied_mask="r" fsuid=1000 ouid=0
Oct 07 18:56:17 busymark-adoption-kvm kernel: audit: type=1400 audit(1791399377.686:3058): apparmor="DENIED" operation="open" class="file" profile="snap.busymark.busymark" name="/snap/core24/2124/usr/lib/x86_64-linux-gnu/libunistring.so.5.0.0" pid=13774 comm="busymark" requested_mask="r" denied_mask="r" fsuid=1000 ouid=0
Oct 07 18:56:17 busymark-adoption-kvm kernel: audit: type=1400 audit(1791399377.686:3059): apparmor="DENIED" operation="open" class="file" profile="snap.busymark.busymark" name="/snap/core24/2124/usr/lib/x86_64-linux-gnu/libunistring.so.5.0.0" pid=13774 comm="busymark" requested_mask="r" denied_mask="r" fsuid=1000 ouid=0
Oct 07 18:56:22 busymark-adoption-kvm kernel: kauditd_printk_skb: 122 callbacks suppressed
Oct 07 18:56:22 busymark-adoption-kvm kernel: audit: type=1400 audit(1791399382.565:3182): apparmor="DENIED" operation="open" class="file" profile="snap.busymark.busymark" name="/sys/fs/cgroup/user.slice/user-1000.slice/user@1000.service/app.slice/cpu.max" pid=14086 comm="busymark" requested_mask="r" denied_mask="r" fsuid=1000 ouid=1000
Oct 07 18:56:22 busymark-adoption-kvm kernel: audit: type=1400 audit(1791399382.565:3183): apparmor="DENIED" operation="open" class="file" profile="snap.busymark.busymark" name="/sys/fs/cgroup/user.slice/user-1000.slice/user@1000.service/cpu.max" pid=14086 comm="busymark" requested_mask="r" denied_mask="r" fsuid=1000 ouid=0
Oct 07 18:56:22 busymark-adoption-kvm kernel: audit: type=1400 audit(1791399382.565:3184): apparmor="DENIED" operation="open" class="file" profile="snap.busymark.busymark" name="/sys/fs/cgroup/user.slice/user-1000.slice/cpu.max" pid=14086 comm="busymark" requested_mask="r" denied_mask="r" fsuid=1000 ouid=0
Oct 07 18:56:22 busymark-adoption-kvm kernel: audit: type=1400 audit(1791399382.565:3185): apparmor="DENIED" operation="open" class="file" profile="snap.busymark.busymark" name="/sys/fs/cgroup/user.slice/cpu.max" pid=14086 comm="busymark" requested_mask="r" denied_mask="r" fsuid=1000 ouid=0
Oct 07 18:56:22 busymark-adoption-kvm kernel: audit: type=1400 audit(1791399382.601:3186): apparmor="DENIED" operation="open" class="file" profile="snap.busymark.busymark" name="/snap/core24/2124/usr/lib/x86_64-linux-gnu/libedit.so.2.0.72" pid=14086 comm="busymark" requested_mask="r" denied_mask="r" fsuid=1000 ouid=0
Oct 07 18:56:22 busymark-adoption-kvm kernel: audit: type=1400 audit(1791399382.601:3187): apparmor="DENIED" operation="open" class="file" profile="snap.busymark.busymark" name="/snap/core24/2124/usr/lib/x86_64-linux-gnu/libedit.so.2.0.72" pid=14086 comm="busymark" requested_mask="r" denied_mask="r" fsuid=1000 ouid=0
Oct 07 18:56:22 busymark-adoption-kvm kernel: audit: type=1400 audit(1791399382.601:3188): apparmor="DENIED" operation="open" class="file" profile="snap.busymark.busymark" name="/snap/core24/2124/usr/lib/x86_64-linux-gnu/libedit.so.2.0.72" pid=14086 comm="busymark" requested_mask="r" denied_mask="r" fsuid=1000 ouid=0
Oct 07 18:56:22 busymark-adoption-kvm kernel: audit: type=1400 audit(1791399382.601:3189): apparmor="DENIED" operation="open" class="file" profile="snap.busymark.busymark" name="/snap/core24/2124/usr/lib/x86_64-linux-gnu/libpciaccess.so.0.11.1" pid=14086 comm="busymark" requested_mask="r" denied_mask="r" fsuid=1000 ouid=0
Oct 07 18:56:22 busymark-adoption-kvm kernel: audit: type=1400 audit(1791399382.601:3190): apparmor="DENIED" operation="open" class="file" profile="snap.busymark.busymark" name="/snap/core24/2124/usr/lib/x86_64-linux-gnu/libpciaccess.so.0.11.1" pid=14086 comm="busymark" requested_mask="r" denied_mask="r" fsuid=1000 ouid=0
Oct 07 18:56:22 busymark-adoption-kvm kernel: audit: type=1400 audit(1791399382.601:3191): apparmor="DENIED" operation="open" class="file" profile="snap.busymark.busymark" name="/snap/core24/2124/usr/lib/x86_64-linux-gnu/libpciaccess.so.0.11.1" pid=14086 comm="busymark" requested_mask="r" denied_mask="r" fsuid=1000 ouid=0
Oct 07 18:56:27 busymark-adoption-kvm kernel: kauditd_printk_skb: 102 callbacks suppressed
Oct 07 18:56:27 busymark-adoption-kvm kernel: audit: type=1400 audit(1791399387.959:3294): apparmor="DENIED" operation="open" class="file" profile="snap.busymark.busymark" name="/proc/zoneinfo" pid=14086 comm="PressureMonitor" requested_mask="r" denied_mask="r" fsuid=1000 ouid=0
Oct 07 18:56:27 busymark-adoption-kvm kernel: audit: type=1400 audit(1791399387.959:3295): apparmor="DENIED" operation="open" class="file" profile="snap.busymark.busymark" name="/sys/fs/cgroup/user.slice/user-1000.slice/user@1000.service/app.slice/snap.busymark.busymark-e48b261d-c893-444d-ac17-bcc668dcb18f.scope/memory.current" pid=14086 comm="PressureMonitor" requested_mask="r" denied_mask="r" fsuid=1000 ouid=1000
Oct 07 18:56:27 busymark-adoption-kvm kernel: audit: type=1400 audit(1791399387.959:3296): apparmor="DENIED" operation="open" class="file" profile="snap.busymark.busymark" name="/sys/fs/cgroup/user.slice/user-1000.slice/user@1000.service/app.slice/snap.busymark.busymark-e48b261d-c893-444d-ac17-bcc668dcb18f.scope/memory.max" pid=14086 comm="PressureMonitor" requested_mask="r" denied_mask="r" fsuid=1000 ouid=1000
Oct 07 18:56:27 busymark-adoption-kvm kernel: audit: type=1400 audit(1791399387.959:3297): apparmor="DENIED" operation="open" class="file" profile="snap.busymark.busymark" name="/sys/fs/cgroup/user.slice/user-1000.slice/user@1000.service/app.slice/snap.busymark.busymark-e48b261d-c893-444d-ac17-bcc668dcb18f.scope/memory.high" pid=14086 comm="PressureMonitor" requested_mask="r" denied_mask="r" fsuid=1000 ouid=1000
Oct 07 18:56:30 busymark-adoption-kvm kernel: audit: type=1400 audit(1791399390.107:3298): apparmor="DENIED" operation="open" class="file" profile="snap.busymark.busymark" name="/sys/fs/cgroup/user.slice/user-1000.slice/user@1000.service/app.slice/cpu.max" pid=14462 comm="typst" requested_mask="r" denied_mask="r" fsuid=1000 ouid=1000
Oct 07 18:56:30 busymark-adoption-kvm kernel: audit: type=1400 audit(1791399390.107:3299): apparmor="DENIED" operation="open" class="file" profile="snap.busymark.busymark" name="/sys/fs/cgroup/user.slice/user-1000.slice/user@1000.service/cpu.max" pid=14462 comm="typst" requested_mask="r" denied_mask="r" fsuid=1000 ouid=0
Oct 07 18:56:30 busymark-adoption-kvm kernel: audit: type=1400 audit(1791399390.107:3300): apparmor="DENIED" operation="open" class="file" profile="snap.busymark.busymark" name="/sys/fs/cgroup/user.slice/user-1000.slice/cpu.max" pid=14462 comm="typst" requested_mask="r" denied_mask="r" fsuid=1000 ouid=0
Oct 07 18:56:30 busymark-adoption-kvm kernel: audit: type=1400 audit(1791399390.107:3301): apparmor="DENIED" operation="open" class="file" profile="snap.busymark.busymark" name="/sys/fs/cgroup/user.slice/cpu.max" pid=14462 comm="typst" requested_mask="r" denied_mask="r" fsuid=1000 ouid=0
Oct 07 18:56:30 busymark-adoption-kvm kernel: audit: type=1400 audit(1791399390.469:3302): apparmor="DENIED" operation="open" class="file" profile="snap.busymark.busymark" name="/sys/fs/cgroup/user.slice/user-1000.slice/user@1000.service/app.slice/cpu.max" pid=14467 comm="typst" requested_mask="r" denied_mask="r" fsuid=1000 ouid=1000
Oct 07 18:56:30 busymark-adoption-kvm kernel: audit: type=1400 audit(1791399390.469:3303): apparmor="DENIED" operation="open" class="file" profile="snap.busymark.busymark" name="/sys/fs/cgroup/user.slice/user-1000.slice/user@1000.service/cpu.max" pid=14467 comm="typst" requested_mask="r" denied_mask="r" fsuid=1000 ouid=0
Oct 07 18:56:32 busymark-adoption-kvm kernel: kauditd_printk_skb: 2 callbacks suppressed
Oct 07 18:56:32 busymark-adoption-kvm kernel: audit: type=1400 audit(1791399392.960:3306): apparmor="DENIED" operation="open" class="file" profile="snap.busymark.busymark" name="/proc/zoneinfo" pid=14086 comm="PressureMonitor" requested_mask="r" denied_mask="r" fsuid=1000 ouid=0
Oct 07 18:56:33 busymark-adoption-kvm kernel: audit: type=1400 audit(1791399393.571:3307): apparmor="STATUS" operation="profile_replace" info="same as current profile, skipping" profile="unconfined" name="/snap/snapd/28254/usr/lib/snapd/snap-confine" pid=14517 comm="apparmor_parser"
Oct 07 18:56:34 busymark-adoption-kvm kernel: audit: type=1400 audit(1791399394.381:3308): apparmor="STATUS" operation="profile_replace" profile="unconfined" name="snap.busymark.busymark" pid=14539 comm="apparmor_parser"
Oct 07 18:56:34 busymark-adoption-kvm kernel: audit: type=1400 audit(1791399394.457:3309): apparmor="STATUS" operation="profile_replace" info="same as current profile, skipping" profile="unconfined" name="snap-update-ns.busymark" pid=14538 comm="apparmor_parser"
Oct 07 18:56:34 busymark-adoption-kvm kernel: audit: type=1400 audit(1791399394.467:3310): apparmor="STATUS" operation="profile_replace" info="same as current profile, skipping" profile="unconfined" name="snap.busymark.hook.configure" pid=14569 comm="apparmor_parser"
