00:00 +0: loading /home/albert/busystack/busymark/test/src/nextcloud_media_export_test.dart
00:00 +0: /home/albert/busystack/busymark/test/src/nextcloud_media_export_test.dart: remote authored absolute and file image paths never enter local resolver
00:00 +1: /home/albert/busystack/busymark/test/src/nextcloud_media_export_test.dart: managed attachment renderer resolves through provider
00:00 +2: /home/albert/busystack/busymark/test/src/nextcloud_media_export_test.dart: provider publication accepts a remote note with no file path and rolls back through provider
00:00 +3: /home/albert/busystack/busymark/test/src/nextcloud_media_export_test.dart: HTML and PDF remote assets cannot read authored machine files
00:00 +4: /home/albert/busystack/busymark/test/src/nextcloud_media_export_test.dart: Markdown local copy owns portable attachments and preserves code and ordinary text
00:05 +5: /home/albert/busystack/busymark/test/src/nextcloud_media_export_test.dart: Markdown export rewrites exact prefix-sharing destinations
00:05 +6: /home/albert/busystack/busymark/test/src/nextcloud_media_export_test.dart: generic attachment links are escaped and exported as portable HTML downloads
00:05 +7: /home/albert/busystack/busymark/test/src/nextcloud_media_export_test.dart: unavailable published attachment cannot silently export a broken copy
00:05 +8: /home/albert/busystack/busymark/test/src/nextcloud_media_export_test.dart: unavailable pending attachment cannot produce a broken local copy
00:05 +9: loading /home/albert/busystack/busymark/test/src/writerside_toc_editor_test.dart
00:07 +9: /home/albert/busystack/busymark/test/src/writerside_toc_editor_test.dart: moves a complete subtree as the last child of an exact node
00:08 +10: /home/albert/busystack/busymark/test/src/writerside_toc_editor_test.dart: moves a nested entry after a root sibling
00:08 +11: /home/albert/busystack/busymark/test/src/writerside_toc_editor_test.dart: moves a nested entry to the end of the TOC root
00:08 +12: /home/albert/busystack/busymark/test/src/writerside_toc_editor_test.dart: rejects moving an entry relative to itself without writing
00:08 +13: /home/albert/busystack/busymark/test/src/writerside_toc_editor_test.dart: rejects moving an entry into its descendant without writing
00:08 +14: /home/albert/busystack/busymark/test/src/writerside_toc_editor_test.dart: requires a destination for child and sibling placement
00:08 +15: /home/albert/busystack/busymark/test/src/writerside_toc_editor_test.dart: rejects invalid structural paths without writing
00:08 +16: /home/albert/busystack/busymark/test/src/writerside_toc_editor_test.dart: rejects stale paths whose expected TOC identities moved
00:08 +17: /home/albert/busystack/busymark/test/src/writerside_toc_editor_test.dart: removes a root entry and promotes its children in place
00:08 +18: /home/albert/busystack/busymark/test/src/writerside_toc_editor_test.dart: removes a nested entry and promotes its child before its sibling
00:08 +19: /home/albert/busystack/busymark/test/src/writerside_toc_editor_test.dart: removes multiple entries atomically against one tree snapshot
00:08 +20: /home/albert/busystack/busymark/test/src/writerside_toc_editor_test.dart: batch removal handles a selected descendant and ancestor
00:08 +21: /home/albert/busystack/busymark/test/src/writerside_toc_editor_test.dart: moves multiple subtrees as an ordered group
00:08 +22: /home/albert/busystack/busymark/test/src/writerside_toc_editor_test.dart: rejects a tree outside the guarded module root
00:08 +23: /home/albert/busystack/busymark/test/src/writerside_toc_editor_test.dart: rejects a symlinked tree without mutating its target
00:08 +24: /home/albert/busystack/busymark/test/src/writerside_toc_editor_test.dart: does not overwrite a tree changed before atomic publication
00:09 +25: /home/albert/busystack/busymark/test/src/writerside_toc_editor_test.dart: atomic replacement preserves the tree POSIX mode
00:09 +26: loading /home/albert/busystack/busymark/test/src/busymark_dialogs_test.dart
00:09 +26: /home/albert/busystack/busymark/test/src/busymark_dialogs_test.dart: modal dialogs stop app and editor shortcuts
00:10 +27: /home/albert/busystack/busymark/test/src/busymark_dialogs_test.dart: Escape closes a modal without an initially focused control
00:10 +28: /home/albert/busystack/busymark/test/src/busymark_dialogs_test.dart: modal fallback does not steal a child autofocus request
00:10 +29: /home/albert/busystack/busymark/test/src/busymark_dialogs_test.dart: overlapping dialogs synchronize native modal depth
00:10 +30: /home/albert/busystack/busymark/test/src/busymark_dialogs_test.dart: serializes rapid manual native barrier transitions
00:10 +31: /home/albert/busystack/busymark/test/src/busymark_dialogs_test.dart: failed native barrier acquisition rolls back and can retry
00:10 +32: /home/albert/busystack/busymark/test/src/busymark_dialogs_test.dart: modal coordinator resolves the service from ProviderScope
00:10 +33: /home/albert/busystack/busymark/test/src/busymark_dialogs_test.dart: open modal barrier follows live theme changes
00:10 +34: loading /home/albert/busystack/busymark/test/src/writerside_topic_removal_service_test.dart
00:12 +34: /home/albert/busystack/busymark/test/src/writerside_topic_removal_service_test.dart: analysis finds every tree, topic link, include, and start page
00:13 +35: /home/albert/busystack/busymark/test/src/writerside_topic_removal_service_test.dart: remove promotes children, updates usages, adds redirect, and keeps file
00:20 +36: /home/albert/busystack/busymark/test/src/writerside_topic_removal_service_test.dart: safe delete updates all usages and removes every TOC occurrence
00:20 +37: /home/albert/busystack/busymark/test/src/writerside_topic_removal_service_test.dart: redirect to a promoted child is written to the promoted copy
00:20 +38: /home/albert/busystack/busymark/test/src/writerside_topic_removal_service_test.dart: malformed XML topics make usage analysis fail closed
00:20 +39: /home/albert/busystack/busymark/test/src/writerside_topic_removal_service_test.dart: file-size-skipped topics make removal fail closed
00:20 +40: /home/albert/busystack/busymark/test/src/writerside_topic_removal_service_test.dart: document-count-skipped topics make removal fail closed
00:20 +41: /home/albert/busystack/busymark/test/src/writerside_topic_removal_service_test.dart: unreadable topic contents make removal fail closed
00:20 +42: /home/albert/busystack/busymark/test/src/writerside_topic_removal_service_test.dart: topic-root traversal truncation makes removal fail closed
00:20 +43: /home/albert/busystack/busymark/test/src/writerside_topic_removal_service_test.dart: incomplete project-module discovery makes removal fail closed
00:20 +44: /home/albert/busystack/busymark/test/src/writerside_topic_removal_service_test.dart: tree directory enumeration failure makes removal fail closed
00:20 +45: /home/albert/busystack/busymark/test/src/writerside_topic_removal_service_test.dart: single-quoted includes without element-id are found and removed
00:20 +46: /home/albert/busystack/busymark/test/src/writerside_topic_removal_service_test.dart: variable-expanded links are analyzed and the variables file is stale-checked
00:21 +47: /home/albert/busystack/busymark/test/src/writerside_topic_removal_service_test.dart: Safe Delete finds and unlinks authored HTML anchors without literal false positives
00:21 +48: /home/albert/busystack/busymark/test/src/writerside_topic_removal_service_test.dart: malformed authored HTML anchors are manual Safe Delete blockers
00:21 +49: /home/albert/busystack/busymark/test/src/writerside_topic_removal_service_test.dart: authored HTML variable hrefs are expanded and ambiguity blocks
00:21 +50: /home/albert/busystack/busymark/test/src/writerside_topic_removal_service_test.dart: authored HTML relevance follows its conditioned Markdown chapter
00:21 +51: /home/albert/busystack/busymark/test/src/writerside_topic_removal_service_test.dart: automatic HTML unlinking permits project-wide orphan status
00:21 +52: /home/albert/busystack/busymark/test/src/writerside_topic_removal_service_test.dart: a surviving authored HTML link suppresses orphan status
00:21 +53: /home/albert/busystack/busymark/test/src/writerside_topic_removal_service_test.dart: ambiguous references block deletion without changing any file
00:21 +54: /home/albert/busystack/busymark/test/src/writerside_topic_removal_service_test.dart: old web file names follow Writerside normalization and exact overrides
00:21 +55: /home/albert/busystack/busymark/test/src/writerside_topic_removal_service_test.dart: existing redirect rules block conflicting redirects
00:21 +56: /home/albert/busystack/busymark/test/src/writerside_topic_removal_service_test.dart: redirect preserves direct and rule-based accepted aliases
00:22 +57: /home/albert/busystack/busymark/test/src/writerside_topic_removal_service_test.dart: a transferred redirect alias collision fails before writes
00:22 +58: /home/albert/busystack/busymark/test/src/writerside_topic_removal_service_test.dart: redirect sources use each host instance web filename
00:22 +59: /home/albert/busystack/busymark/test/src/writerside_topic_removal_service_test.dart: remaining start-page and cross-instance usages prevent orphan status
00:22 +60: /home/albert/busystack/busymark/test/src/writerside_topic_removal_service_test.dart: remove-from-instance relevance respects document conditions
00:22 +61: /home/albert/busystack/busymark/test/src/writerside_topic_removal_service_test.dart: start-page and stale analyses fail closed without deleting the topic
00:22 +62: /home/albert/busystack/busymark/test/src/writerside_topic_removal_service_test.dart: generic Files deletion cannot bypass Writerside Safe Delete
00:22 +63: /home/albert/busystack/busymark/test/src/writerside_topic_removal_service_test.dart: project analysis finds origin links, includes, cards, and ref TOC nodes
00:22 +64: /home/albert/busystack/busymark/test/src/writerside_topic_removal_service_test.dart: authored Markdown HTML anchors resolve origin project-wide
00:22 +65: /home/albert/busystack/busymark/test/src/writerside_topic_removal_service_test.dart: safe delete updates automatic cross-module origin usages
00:22 +66: /home/albert/busystack/busymark/test/src/writerside_topic_removal_service_test.dart: selected ref node uses removal workflow and promotes its children
00:23 +67: /home/albert/busystack/busymark/test/src/writerside_topic_removal_service_test.dart: semantic tree scan includes hidden/build trees and excludes VCS metadata
00:23 +68: /home/albert/busystack/busymark/test/src/writerside_topic_removal_service_test.dart: a new module after analysis makes the reviewed plan stale
00:23 +69: /home/albert/busystack/busymark/test/src/writerside_topic_removal_service_test.dart: cross-module failure rolls back BusyMark edits without overwriting a concurrent edit
00:23 +70: loading /home/albert/busystack/busymark/test/src/wysiwyg_math_test.dart
00:24 +70: /home/albert/busystack/busymark/test/src/wysiwyg_math_test.dart: math source paste preserves incoming nested blocks and returns its caret
00:24 +71: /home/albert/busystack/busymark/test/src/wysiwyg_math_test.dart: inline math insertion preserves structural block kinds
00:24 +72: /home/albert/busystack/busymark/test/src/wysiwyg_math_test.dart: removing final formula leaves normal editing mode
00:24 +73: /home/albert/busystack/busymark/test/src/wysiwyg_math_test.dart: math source edits preserve nested list children
00:24 +74: /home/albert/busystack/busymark/test/src/wysiwyg_math_test.dart: descendant math does not put a plain list parent in source mode
00:24 +75: /home/albert/busystack/busymark/test/src/wysiwyg_math_test.dart: first inline math insertion preserves unaffected inline AST
00:24 +76: /home/albert/busystack/busymark/test/src/wysiwyg_math_test.dart: math edits retain explicit heading IDs
00:24 +77: /home/albert/busystack/busymark/test/src/wysiwyg_math_test.dart: first math insertion recalculates a generated heading ID
00:24 +78: /home/albert/busystack/busymark/test/src/wysiwyg_math_test.dart: inline math insertion always emits reparsable source
00:24 +79: /home/albert/busystack/busymark/test/src/wysiwyg_math_test.dart: additional inline math uses the same reparsable insertion policy
00:24 +80: /home/albert/busystack/busymark/test/src/wysiwyg_math_test.dart: inline math insertion rejects multiline selections without mutation
00:24 +81: /home/albert/busystack/busymark/test/src/wysiwyg_math_test.dart: inline math insertion preserves zero-width semantic inlines
00:24 +82: /home/albert/busystack/busymark/test/src/wysiwyg_math_test.dart: table-cell source editing retains and removes semantic math
00:24 +83: /home/albert/busystack/busymark/test/src/wysiwyg_math_test.dart: math source edits cannot discard additional Markdown blocks
00:24 +84: /home/albert/busystack/busymark/test/src/wysiwyg_math_test.dart: math source editing preserves escaped literal dollars
00:24 +85: /home/albert/busystack/busymark/test/src/wysiwyg_math_test.dart: inline math insertion preserves the intended inline position
00:24 +86: /home/albert/busystack/busymark/test/src/wysiwyg_math_test.dart: math field source boundaries map to semantic text boundaries
00:24 +87: /home/albert/busystack/busymark/test/src/wysiwyg_math_test.dart: source-mode math insertion preserves the intended inline position
00:24 +88: /home/albert/busystack/busymark/test/src/wysiwyg_math_test.dart: WYSIWYG renders math, edits exact source, and reparses without corruption
00:26 +89: /home/albert/busystack/busymark/test/src/wysiwyg_math_test.dart: WYSIWYG toolbar inserts inline and display math source
00:32 +90: /home/albert/busystack/busymark/test/src/wysiwyg_math_test.dart: inline math toolbar preserves existing inline structure
00:32 +91: /home/albert/busystack/busymark/test/src/wysiwyg_math_test.dart: rendered and focused math list items keep one marker
00:32 +92: /home/albert/busystack/busymark/test/src/wysiwyg_math_test.dart: table math renders unfocused and edits delimiter source
00:33 +93: /home/albert/busystack/busymark/test/src/wysiwyg_math_test.dart: plain table cell treats typed Markdown as rich text
00:33 +94: loading /home/albert/busystack/busymark/test/src/writerside_responsiveness_test.dart
00:34 +94: /home/albert/busystack/busymark/test/src/writerside_responsiveness_test.dart: correction discovery refresh preserves a valid second instance
00:35 +95: /home/albert/busystack/busymark/test/src/writerside_responsiveness_test.dart: correction discovery selection fallback: selected instance removed
00:37 +96: /home/albert/busystack/busymark/test/src/writerside_responsiveness_test.dart: correction discovery selection fallback: intentional selection
00:37 +97: /home/albert/busystack/busymark/test/src/writerside_responsiveness_test.dart: correction discovery selection fallback: another module
00:38 +98: /home/albert/busystack/busymark/test/src/writerside_responsiveness_test.dart: correction incomplete observations are presentation only and reject changed reads
00:38 +99: /home/albert/busystack/busymark/test/src/writerside_responsiveness_test.dart: correction limited inventory retains raw counts for excluded Git entries
00:38 +100: /home/albert/busystack/busymark/test/src/writerside_responsiveness_test.dart: rejected source size remains an input to freshness checking
00:38 +101: /home/albert/busystack/busymark/test/src/writerside_responsiveness_test.dart: bounded topic rejection detects recovery on the real worker
00:38 +102: /home/albert/busystack/busymark/test/src/writerside_responsiveness_test.dart: oversized buffer overrides retain their consumed-input hash
00:38 +103: /home/albert/busystack/busymark/test/src/writerside_responsiveness_test.dart: unreadable sources keep error diagnostics and invalidate on recovery
00:38 +104: /home/albert/busystack/busymark/test/src/writerside_responsiveness_test.dart: real execution transfers results and propagates worker failures
00:38 +105: /home/albert/busystack/busymark/test/src/writerside_responsiveness_test.dart: worker preserves full parsed and resolved models: basic_project
00:38 +106: /home/albert/busystack/busymark/test/src/writerside_responsiveness_test.dart: worker preserves full parsed and resolved models: conformance_project
00:38 +107: /home/albert/busystack/busymark/test/src/writerside_responsiveness_test.dart: worker preserves full parsed and resolved models: markdown_export_compatibility
00:38 +108: /home/albert/busystack/busymark/test/src/writerside_responsiveness_test.dart: worker preserves failure and safety diagnostics: malformed XML
00:38 +109: /home/albert/busystack/busymark/test/src/writerside_responsiveness_test.dart: worker preserves failure and safety diagnostics: missing configured root
00:38 +110: /home/albert/busystack/busymark/test/src/writerside_responsiveness_test.dart: worker preserves failure and safety diagnostics: unsafe include
00:38 +111: /home/albert/busystack/busymark/test/src/writerside_responsiveness_test.dart: worker preserves failure and safety diagnostics: scan limit
00:38 +112: /home/albert/busystack/busymark/test/src/writerside_responsiveness_test.dart: preparation consumes complete overlays once, then selects with zero loads
00:39 +113: /home/albert/busystack/busymark/test/src/writerside_responsiveness_test.dart: reuse checks equal-size disk dependencies and added inputs
00:39 +114: /home/albert/busystack/busymark/test/src/writerside_responsiveness_test.dart: planned path exclusions cannot hide a new colon-named dependency
00:39 +115: /home/albert/busystack/busymark/test/src/writerside_responsiveness_test.dart: configuration overlay rediscovery retains symbols and diagnostics
00:39 +116: /home/albert/busystack/busymark/test/src/writerside_responsiveness_test.dart: creation returns its typed publication result without reopening
00:39 +117: /home/albert/busystack/busymark/test/src/writerside_responsiveness_test.dart: removal application shares one ownership-checked fresh project
00:39 +118: /home/albert/busystack/busymark/test/src/writerside_responsiveness_test.dart: supplied removal model rejects changed input before fingerprint collection
00:39 +119: /home/albert/busystack/busymark/test/src/writerside_responsiveness_test.dart: supplied removal model rejects added input before fingerprint collection
00:39 +120: /home/albert/busystack/busymark/test/src/writerside_responsiveness_test.dart: supplied removal model rejects removed input before fingerprint collection
00:39 +121: /home/albert/busystack/busymark/test/src/writerside_responsiveness_test.dart: supplied removal model rejects tree input before fingerprint collection
00:39 +122: /home/albert/busystack/busymark/test/src/writerside_responsiveness_test.dart: supplied removal model rejects configuration input before fingerprint collection
00:39 +123: /home/albert/busystack/busymark/test/src/writerside_responsiveness_test.dart: removal rejects disk dependency after fingerprint verification and before commit
00:39 +124: /home/albert/busystack/busymark/test/src/writerside_responsiveness_test.dart: removal rejects dirty affected buffer after fingerprint verification and before commit
00:39 +125: /home/albert/busystack/busymark/test/src/writerside_responsiveness_test.dart: analysis is never reused across confirmation
00:40 +126: loading /home/albert/busystack/busymark/test/src/local_history_controller_test.dart
00:42 +126: /home/albert/busystack/busymark/test/src/local_history_controller_test.dart: failed opened baseline retries its original source without an edit
00:43 +127: /home/albert/busystack/busymark/test/src/local_history_controller_test.dart: baseline before edit preserves original and coalesces latest edit
00:43 +128: /home/albert/busystack/busymark/test/src/local_history_controller_test.dart: closed failures keep ownership and stale settlement cannot drop newer work
00:43 +129: /home/albert/busystack/busymark/test/src/local_history_controller_test.dart: committed protective capture survives refresh failure without recapture
00:43 +130: /home/albert/busystack/busymark/test/src/local_history_controller_test.dart: protective authorization is invalidated while committed refresh awaits
00:43 +131: /home/albert/busystack/busymark/test/src/local_history_controller_test.dart: disable cancels an in-flight baseline at the store boundary
00:48 +132: /home/albert/busystack/busymark/test/src/local_history_controller_test.dart: exclude cancels an in-flight baseline at the store boundary
00:48 +133: /home/albert/busystack/busymark/test/src/local_history_controller_test.dart: committed promotion stays associated when refresh fails
00:48 +134: /home/albert/busystack/busymark/test/src/local_history_controller_test.dart: committed Save As binds destination even when list refresh fails
00:48 +135: /home/albert/busystack/busymark/test/src/local_history_controller_test.dart: settling one buffer resumes retries accepted by another buffer
00:48 +136: /home/albert/busystack/busymark/test/src/local_history_controller_test.dart: clear document cancels its failed unbound baseline
00:48 +137: /home/albert/busystack/busymark/test/src/local_history_controller_test.dart: Save As retains failed original baseline through recovery (first=true)
00:48 +138: /home/albert/busystack/busymark/test/src/local_history_controller_test.dart: Save As retains failed original baseline through recovery (first=false)
00:48 +139: /home/albert/busystack/busymark/test/src/local_history_controller_test.dart: Save As keeps retained source protection with a source identity established during settlement (existing=false)
00:48 +140: /home/albert/busystack/busymark/test/src/local_history_controller_test.dart: Save As keeps retained source protection with a source identity established during settlement (existing=true)
00:48 +141: /home/albert/busystack/busymark/test/src/local_history_controller_test.dart: Save As retains a source identity established before later settlement fails
00:48 +142: /home/albert/busystack/busymark/test/src/local_history_controller_test.dart: Save As refreshes a staged destination after its concurrent checkpoint
00:48 +143: /home/albert/busystack/busymark/test/src/local_history_controller_test.dart: abandoned and superseded moves retain the newest committed association
00:48 +144: /home/albert/busystack/busymark/test/src/local_history_controller_test.dart: queued edits share one retained baseline retry owner
00:48 +145: /home/albert/busystack/busymark/test/src/local_history_controller_test.dart: independent failures, permanent baselines and policy cancellation remain isolated
00:48 +146: /home/albert/busystack/busymark/test/src/local_history_controller_test.dart: cancelled failed baselines cannot be restored by delayed callbacks
00:48 +147: /home/albert/busystack/busymark/test/src/local_history_controller_test.dart: continuous typing captures latest text at fixed checkpoint interval
00:48 +148: /home/albert/busystack/busymark/test/src/local_history_controller_test.dart: inactive buffers receive independent checkpoint timers
00:48 +149: /home/albert/busystack/busymark/test/src/local_history_controller_test.dart: first checkpoint attaches an empty untitled browsing scope and publishes it
00:48 +150: /home/albert/busystack/busymark/test/src/local_history_controller_test.dart: file store checkpoint persists across reopen and clear stays authoritative
00:48 +151: /home/albert/busystack/busymark/test/src/local_history_controller_test.dart: active revision search follows matching and nonmatching captures
00:48 +152: /home/albert/busystack/busymark/test/src/local_history_controller_test.dart: failed automatic capture keeps pending source and retries without another edit
00:48 +153: /home/albert/busystack/busymark/test/src/local_history_controller_test.dart: a newer edit accepted during a failed write wins the retry
00:48 +154: /home/albert/busystack/busymark/test/src/local_history_controller_test.dart: automatic checkpoint retries a transient first-save promotion failure
00:48 +155: /home/albert/busystack/busymark/test/src/local_history_controller_test.dart: flush waits behind queued observation and captures its latest source
00:48 +156: /home/albert/busystack/busymark/test/src/local_history_controller_test.dart: clear wins over an in-flight capture and later edits record normally
00:48 +157: /home/albert/busystack/busymark/test/src/local_history_controller_test.dart: edit accepted during Clear Document records in the replacement lineage
00:48 +158: /home/albert/busystack/busymark/test/src/local_history_controller_test.dart: Clear Document blocks replacement capture while its journal is pending
00:48 +159: /home/albert/busystack/busymark/test/src/local_history_controller_test.dart: edit accepted during Clear All records in the replacement lineage
00:48 +160: /home/albert/busystack/busymark/test/src/local_history_controller_test.dart: Clear All blocks replacement capture while its journal is pending
00:48 +161: /home/albert/busystack/busymark/test/src/local_history_controller_test.dart: clear invalidates an automatic checkpoint queued for an untitled draft
00:48 +162: /home/albert/busystack/busymark/test/src/local_history_controller_test.dart: failed explicit save cannot recreate history after Clear Document
00:48 +163: /home/albert/busystack/busymark/test/src/local_history_controller_test.dart: failed explicit save cannot recreate history after Clear All
00:48 +164: /home/albert/busystack/busymark/test/src/local_history_controller_test.dart: clearing the displayed comparison closes it without a missing warning
00:48 +165: /home/albert/busystack/busymark/test/src/local_history_controller_test.dart: clear invalidates an in-flight path capture for the same document
00:48 +166: /home/albert/busystack/busymark/test/src/local_history_controller_test.dart: first edit after another controller clears a stale binding starts a new lineage
00:48 +167: /home/albert/busystack/busymark/test/src/local_history_controller_test.dart: Clear Document rejects in-flight buffer replacement protection
00:48 +168: /home/albert/busystack/busymark/test/src/local_history_controller_test.dart: Clear Document rejects queued buffer replacement protection
00:48 +169: /home/albert/busystack/busymark/test/src/local_history_controller_test.dart: Clear Document rejects in-flight path replacement protection
00:48 +170: /home/albert/busystack/busymark/test/src/local_history_controller_test.dart: Clear Document rejects queued path replacement protection
00:48 +171: /home/albert/busystack/busymark/test/src/local_history_controller_test.dart: Clear All rejects in-flight buffer replacement protection
00:48 +172: /home/albert/busystack/busymark/test/src/local_history_controller_test.dart: Clear All rejects queued buffer replacement protection
00:48 +173: /home/albert/busystack/busymark/test/src/local_history_controller_test.dart: Clear All rejects in-flight path replacement protection
00:48 +174: /home/albert/busystack/busymark/test/src/local_history_controller_test.dart: Clear All rejects queued path replacement protection
00:48 +175: /home/albert/busystack/busymark/test/src/local_history_controller_test.dart: recording off prevents baseline and checkpoints without deleting history
00:48 +176: /home/albert/busystack/busymark/test/src/local_history_controller_test.dart: store-wide find locates closed and deleted documents by path or content
00:48 +177: /home/albert/busystack/busymark/test/src/local_history_controller_test.dart: retained-document lookup is temporary and normal document selection resumes following
00:49 +178: /home/albert/busystack/busymark/test/src/local_history_controller_test.dart: panel construction preserves an explicit retained-document inspection
00:49 +179: /home/albert/busystack/busymark/test/src/local_history_controller_test.dart: delayed revision search cannot repopulate a newly selected document scope
00:49 +180: /home/albert/busystack/busymark/test/src/local_history_controller_test.dart: revision search failure finishes searching and remains in scope
00:49 +181: /home/albert/busystack/busymark/test/src/local_history_controller_test.dart: Local History follows active tabs and clears the visible query without a document dropdown
00:50 +182: /home/albert/busystack/busymark/test/src/local_history_controller_test.dart: revision rows use local second-precision time, date groups, event metadata, and RTL
00:50 +183: /home/albert/busystack/busymark/test/src/local_history_controller_test.dart: a delayed revision read cannot cross the selected document or leave loading stuck
00:50 +184: /home/albert/busystack/busymark/test/src/local_history_controller_test.dart: Save As settles pending named and untitled checkpoints safely
00:50 +185: /home/albert/busystack/busymark/test/src/local_history_controller_test.dart: untitled overwrite Save As retains a failed source checkpoint
00:50 +186: /home/albert/busystack/busymark/test/src/local_history_controller_test.dart: committed Save As source capture is idempotent after a lost result
00:50 +187: /home/albert/busystack/busymark/test/src/local_history_controller_test.dart: Save As recovery never adopts unrelated same-content destination history
00:50 +188: /home/albert/busystack/busymark/test/src/local_history_controller_test.dart: recording-disabled first save promotes untitled history identity
00:50 +189: /home/albert/busystack/busymark/test/src/local_history_controller_test.dart: excluding a recovered first-save destination preserves its untitled source baseline
00:50 +190: /home/albert/busystack/busymark/test/src/local_history_controller_test.dart: queued committed Save As cannot recreate a newly excluded destination side
00:50 +191: /home/albert/busystack/busymark/test/src/local_history_controller_test.dart: failed first-save promotion is retried before a later capture
00:50 +192: /home/albert/busystack/busymark/test/src/local_history_controller_test.dart: flush retries a failed first-save promotion without another edit
00:50 +193: /home/albert/busystack/busymark/test/src/local_history_controller_test.dart: flush reports a content failure after successfully retrying promotion
00:50 +194: /home/albert/busystack/busymark/test/src/local_history_controller_test.dart: remap settles pending first-save promotions for files and directories
00:50 +195: /home/albert/busystack/busymark/test/src/local_history_controller_test.dart: file and directory moves settle pending checkpoints before remap
00:50 +196: /home/albert/busystack/busymark/test/src/local_history_controller_test.dart: failed path reconciliation blocks affected captures but not unrelated documents
00:50 +197: /home/albert/busystack/busymark/test/src/local_history_controller_test.dart: successful path queue prefix is published before a later failure
00:50 +198: /home/albert/busystack/busymark/test/src/local_history_controller_test.dart: path deletion warnings remain scoped to affected owners
00:50 +199: /home/albert/busystack/busymark/test/src/local_history_controller_test.dart: committed path operation is not replayed after refresh failure
00:50 +200: /home/albert/busystack/busymark/test/src/local_history_controller_test.dart: restored targetless executing reconciliation preserves its owner
00:50 +201: /home/albert/busystack/busymark/test/src/local_history_controller_test.dart: path dependency namespaces (deletion: false, dependent: true, destination: /workspace/Z.md, recursive: false, source: /workspace/A.md)
00:50 +202: /home/albert/busystack/busymark/test/src/local_history_controller_test.dart: path dependency namespaces (deletion: false, dependent: true, destination: /workspace/Z.md, recursive: false, source: /workspace/B.md)
00:50 +203: /home/albert/busystack/busymark/test/src/local_history_controller_test.dart: path dependency namespaces (deletion: false, dependent: true, destination: /workspace/A.md, recursive: false, source: /workspace/C.md)
00:50 +204: /home/albert/busystack/busymark/test/src/local_history_controller_test.dart: path dependency namespaces (deletion: false, dependent: true, destination: /workspace/B.md, recursive: false, source: /workspace/C.md)
00:50 +205: /home/albert/busystack/busymark/test/src/local_history_controller_test.dart: path dependency namespaces (deletion: false, dependent: true, destination: /workspace/Z.md, recursive: false, source: /workspace/dirA/nested/C.md)
00:50 +206: /home/albert/busystack/busymark/test/src/local_history_controller_test.dart: path dependency namespaces (deletion: false, dependent: true, destination: /workspace/Z.md, recursive: false, source: /workspace/dirB/nested/C.md)
00:50 +207: /home/albert/busystack/busymark/test/src/local_history_controller_test.dart: path dependency namespaces (deletion: false, dependent: true, destination: /workspace/dirA/nested/C.md, recursive: false, source: /workspace/C.md)
00:50 +208: /home/albert/busystack/busymark/test/src/local_history_controller_test.dart: path dependency namespaces (deletion: false, dependent: true, destination: /workspace/dirB/nested/C.md, recursive: false, source: /workspace/C.md)
00:50 +209: /home/albert/busystack/busymark/test/src/local_history_controller_test.dart: path dependency namespaces (deletion: false, dependent: true, destination: /other, recursive: false, source: /workspace)
00:50 +210: /home/albert/busystack/busymark/test/src/local_history_controller_test.dart: path dependency namespaces (deletion: false, dependent: true, destination: /workspace, recursive: false, source: /other)
00:50 +211: /home/albert/busystack/busymark/test/src/local_history_controller_test.dart: path dependency namespaces (deletion: false, dependent: false, destination: /workspace/dirB-sibling/C.md, recursive: false, source: /workspace/dirA-sibling/C.md)
00:50 +212: /home/albert/busystack/busymark/test/src/local_history_controller_test.dart: path dependency namespaces (deletion: false, dependent: false, destination: /workspace/D.md, recursive: false, source: /workspace/C.md)
00:50 +213: /home/albert/busystack/busymark/test/src/local_history_controller_test.dart: path dependency namespaces (deletion: true, dependent: true, destination: /workspace/Z.md, recursive: true, source: /workspace/dirA/nested/C.md)
00:50 +214: /home/albert/busystack/busymark/test/src/local_history_controller_test.dart: path dependency namespaces (deletion: true, dependent: true, destination: /workspace/dirA/nested/C.md, recursive: true, source: /workspace/C.md)
00:50 +215: /home/albert/busystack/busymark/test/src/local_history_controller_test.dart: path dependency namespaces (deletion: true, dependent: true, destination: /other, recursive: true, source: /workspace)
00:50 +216: /home/albert/busystack/busymark/test/src/local_history_controller_test.dart: path dependency namespaces (deletion: true, dependent: false, destination: /workspace/D.md, recursive: true, source: /workspace/C.md)
00:50 +217: /home/albert/busystack/busymark/test/src/local_history_controller_test.dart: path dependency namespaces (deletion: true, dependent: true, destination: /workspace/Z.md, recursive: false, source: /workspace/A.md)
00:50 +218: /home/albert/busystack/busymark/test/src/local_history_controller_test.dart: path dependency namespaces (deletion: true, dependent: false, destination: /workspace/D.md, recursive: false, source: /workspace/C.md)
00:50 +219: /home/albert/busystack/busymark/test/src/local_history_controller_test.dart: path dependency uses prepared target with different paths
00:50 +220: /home/albert/busystack/busymark/test/src/local_history_controller_test.dart: path dependency uses bound identity with different paths
00:50 +221: /home/albert/busystack/busymark/test/src/local_history_controller_test.dart: path dependency uses destination identity with different paths
00:50 +222: /home/albert/busystack/busymark/test/src/local_history_controller_test.dart: path dependency checks promotion destination identity at a different path
00:50 +223: /home/albert/busystack/busymark/test/src/local_history_controller_test.dart: path dependency settles only conflicting entries behind an unresolved head
00:50 +224: /home/albert/busystack/busymark/test/src/local_history_controller_test.dart: path dependency recomputes identities after settling namespace prerequisites (promotion=false)
00:50 +225: /home/albert/busystack/busymark/test/src/local_history_controller_test.dart: path dependency recomputes identities after settling namespace prerequisites (promotion=true)
00:50 +226: /home/albert/busystack/busymark/test/src/local_history_controller_test.dart: path dependency preserves transitive queue ordering
00:50 +227: /home/albert/busystack/busymark/test/src/local_history_controller_test.dart: path dependency retries independent work behind retained head (executing=false)
00:50 +228: /home/albert/busystack/busymark/test/src/local_history_controller_test.dart: path dependency retries independent work behind retained head (executing=true)
00:50 +229: /home/albert/busystack/busymark/test/src/local_history_controller_test.dart: staged path commit survives refresh failure until workspace acknowledgement
00:50 +230: /home/albert/busystack/busymark/test/src/local_history_controller_test.dart: external staged remap refreshes its bound target after checkpoint settlement
00:50 +231: /home/albert/busystack/busymark/test/src/local_history_controller_test.dart: definitive false staged result retires its executing journal
00:50 +232: /home/albert/busystack/busymark/test/src/local_history_controller_test.dart: deferred deletion cannot delete replacement path history
00:50 +233: /home/albert/busystack/busymark/test/src/local_history_controller_test.dart: Clear Document removes only its recursive reconciliation target
00:50 +234: /home/albert/busystack/busymark/test/src/local_history_controller_test.dart: Clear Document preserves timer retry for remaining recursive target
00:50 +235: /home/albert/busystack/busymark/test/src/local_history_controller_test.dart: prepared remap rejects a checkpoint that changed its frozen target
00:50 +236: /home/albert/busystack/busymark/test/src/local_history_controller_test.dart: ownerless path failure is visible only in history presentation
00:50 +237: /home/albert/busystack/busymark/test/src/local_history_controller_test.dart: detached promotion capture is included in durable retained work
00:50 +238: /home/albert/busystack/busymark/test/src/local_history_controller_test.dart: live external retained owner is not replayed and Clear All retires it
00:50 +239: /home/albert/busystack/busymark/test/src/local_history_controller_test.dart: a clear conflict cancels the old baseline retry owner
00:50 +240: /home/albert/busystack/busymark/test/src/local_history_controller_test.dart: edit after failed Clear waits and persists in the replacement lineage
00:50 +241: /home/albert/busystack/busymark/test/src/local_history_controller_test.dart: post-Clear edit uses committed epoch when reconciliation refresh fails
00:50 +242: /home/albert/busystack/busymark/test/src/local_history_controller_test.dart: deferred remap cannot mutate replacement path history
00:50 +243: /home/albert/busystack/busymark/test/src/local_history_controller_test.dart: failed remap reserves source and destination paths until reconciliation
00:50 +244: /home/albert/busystack/busymark/test/src/local_history_controller_test.dart: deletion remains ordered behind a retained path remap
00:50 +245: /home/albert/busystack/busymark/test/src/local_history_controller_test.dart: first save waits for a reserved source path before promoting its history
00:50 +246: /home/albert/busystack/busymark/test/src/local_history_controller_test.dart: path target discovery observes history written after cached load
00:50 +247: /home/albert/busystack/busymark/test/src/local_history_controller_test.dart: first-save cleanup cannot restore promotion after Clear document
00:50 +248: /home/albert/busystack/busymark/test/src/local_history_controller_test.dart: first-save cleanup cannot restore promotion after Clear all
00:50 +249: /home/albert/busystack/busymark/test/src/local_history_controller_test.dart: first-save cleanup cannot restore promotion after disposal
00:50 +250: /home/albert/busystack/busymark/test/src/local_history_controller_test.dart: Save As transfers retained remap ownership with source work
00:50 +251: /home/albert/busystack/busymark/test/src/local_history_controller_test.dart: flushBuffer reports retained remap work and retires closed owner
00:50 +252: /home/albert/busystack/busymark/test/src/local_history_controller_test.dart: Clear All cannot be undone by an in-flight path remap
00:50 +253: /home/albert/busystack/busymark/test/src/local_history_controller_test.dart: path reconciliation resumes a newly opened destination owner
00:50 +254: loading /home/albert/busystack/busymark/test/src/writerside_markdown_export_compatibility_test.dart
00:51 +254: /home/albert/busystack/busymark/test/src/writerside_markdown_export_compatibility_test.dart: HTML retains complex Markdown and resolves both heading ID spellings
00:56 +255: /home/albert/busystack/busymark/test/src/writerside_markdown_export_compatibility_test.dart: PDF retains complex Markdown and resolved heading links
00:56 +256: loading /home/albert/busystack/busymark/test/src/math_widget_test.dart
00:57 +256: /home/albert/busystack/busymark/test/src/math_widget_test.dart: inline math applies MathJax baseline and surrounding text metrics
00:58 +257: /home/albert/busystack/busymark/test/src/math_widget_test.dart: wide display math scrolls horizontally without clipping
00:58 +258: /home/albert/busystack/busymark/test/src/math_widget_test.dart: failed formulas retain source and a localized explanation
00:58 +259: loading /home/albert/busystack/busymark/test/src/wysiwyg_selection_test.dart
01:00 +259: /home/albert/busystack/busymark/test/src/wysiwyg_selection_test.dart: reduced fixture uses rendered offsets without Markdown delimiters or block separators
01:01 +260: /home/albert/busystack/busymark/test/src/wysiwyg_selection_test.dart: Select All: logical range and copy include styled suffixes and table
01:03 +261: /home/albert/busystack/busymark/test/src/wysiwyg_selection_test.dart: multi-block paint matches rendered runs: b0 BusyBlockKind.paragraph
01:03 +262: /home/albert/busystack/busymark/test/src/wysiwyg_selection_test.dart: multi-block paint matches rendered runs: b1 BusyBlockKind.paragraph
01:04 +263: /home/albert/busystack/busymark/test/src/wysiwyg_selection_test.dart: multi-block paint matches rendered runs: b2 BusyBlockKind.paragraph
01:04 +264: /home/albert/busystack/busymark/test/src/wysiwyg_selection_test.dart: multi-block paint matches rendered runs: b3 BusyBlockKind.unorderedListItem
01:04 +265: /home/albert/busystack/busymark/test/src/wysiwyg_selection_test.dart: multi-block paint matches rendered runs: b4 BusyBlockKind.unorderedListItem
01:04 +266: /home/albert/busystack/busymark/test/src/wysiwyg_selection_test.dart: multi-block paint matches rendered runs: b5 BusyBlockKind.unorderedListItem
01:05 +267: /home/albert/busystack/busymark/test/src/wysiwyg_selection_test.dart: multi-block paint matches rendered runs: b6 BusyBlockKind.paragraph
01:05 +268: /home/albert/busystack/busymark/test/src/wysiwyg_selection_test.dart: multi-block paint matches rendered runs: b17 BusyBlockKind.paragraph
01:05 +269: /home/albert/busystack/busymark/test/src/wysiwyg_selection_test.dart: table cells paint the same selected text as document copy
01:06 +270: /home/albert/busystack/busymark/test/src/wysiwyg_selection_test.dart: repeated Select All keeps the entire document selected
01:06 +271: /home/albert/busystack/busymark/test/src/wysiwyg_selection_test.dart: Select All includes a table at the document edge: Before.

| H |
| --- |
| Body! |

01:07 +272: /home/albert/busystack/busymark/test/src/wysiwyg_selection_test.dart: Select All includes a table at the document edge: | H |
| --- |
| Body! |

After.

01:07 +273: /home/albert/busystack/busymark/test/src/wysiwyg_selection_test.dart: drag endpoints use the styled rendered coordinate system
01:07 +274: /home/albert/busystack/busymark/test/src/wysiwyg_selection_test.dart: drag from a paragraph into a table copies and selects its cells
01:07 +275: /home/albert/busystack/busymark/test/src/wysiwyg_selection_test.dart: drag across table cells selects the existing complete-table document block
01:08 +276: /home/albert/busystack/busymark/test/src/wysiwyg_selection_test.dart: paragraph boundary (1, 0, 1, 165) at width 460.0
01:08 +277: /home/albert/busystack/busymark/test/src/wysiwyg_selection_test.dart: paragraph boundary (0, 4, 1, 165) at width 460.0
01:08 +278: /home/albert/busystack/busymark/test/src/wysiwyg_selection_test.dart: paragraph boundary (1, 0, 2, 8) at width 460.0
01:08 +279: /home/albert/busystack/busymark/test/src/wysiwyg_selection_test.dart: paragraph boundary (0, 0, 2, 30) at width 460.0
01:08 +280: /home/albert/busystack/busymark/test/src/wysiwyg_selection_test.dart: paragraph boundary (2, 30, 0, 0) at width 460.0
01:09 +281: /home/albert/busystack/busymark/test/src/wysiwyg_selection_test.dart: all styled runs and list endings repaint after resizing to 460.0
01:09 +282: /home/albert/busystack/busymark/test/src/wysiwyg_selection_test.dart: paragraph boundary (1, 0, 1, 165) at width 1000.0
01:09 +283: /home/albert/busystack/busymark/test/src/wysiwyg_selection_test.dart: paragraph boundary (0, 4, 1, 165) at width 1000.0
01:09 +284: /home/albert/busystack/busymark/test/src/wysiwyg_selection_test.dart: paragraph boundary (1, 0, 2, 8) at width 1000.0
01:09 +285: /home/albert/busystack/busymark/test/src/wysiwyg_selection_test.dart: paragraph boundary (0, 0, 2, 30) at width 1000.0
01:10 +286: /home/albert/busystack/busymark/test/src/wysiwyg_selection_test.dart: paragraph boundary (2, 30, 0, 0) at width 1000.0
01:10 +287: /home/albert/busystack/busymark/test/src/wysiwyg_selection_test.dart: all styled runs and list endings repaint after resizing to 1000.0
01:10 +288: /home/albert/busystack/busymark/test/src/wysiwyg_selection_test.dart: partial multi-block styled span: **Bold** plain! end=2
01:10 +289: /home/albert/busystack/busymark/test/src/wysiwyg_selection_test.dart: partial multi-block styled span: **Bold** plain! end=10
01:10 +290: /home/albert/busystack/busymark/test/src/wysiwyg_selection_test.dart: partial multi-block styled span: **Bold** plain! end=11
01:10 +291: /home/albert/busystack/busymark/test/src/wysiwyg_selection_test.dart: partial multi-block styled span: plain **bold**! end=2
01:10 +292: /home/albert/busystack/busymark/test/src/wysiwyg_selection_test.dart: partial multi-block styled span: plain **bold**! end=10
01:10 +293: /home/albert/busystack/busymark/test/src/wysiwyg_selection_test.dart: partial multi-block styled span: plain **bold**! end=11
01:11 +294: /home/albert/busystack/busymark/test/src/wysiwyg_selection_test.dart: partial multi-block styled span: `code` plain! end=2
01:11 +295: /home/albert/busystack/busymark/test/src/wysiwyg_selection_test.dart: partial multi-block styled span: `code` plain! end=10
01:11 +296: /home/albert/busystack/busymark/test/src/wysiwyg_selection_test.dart: partial multi-block styled span: `code` plain! end=11
01:11 +297: /home/albert/busystack/busymark/test/src/wysiwyg_selection_test.dart: partial multi-block styled span: plain `code`! end=2
01:11 +298: /home/albert/busystack/busymark/test/src/wysiwyg_selection_test.dart: partial multi-block styled span: plain `code`! end=10
01:11 +299: /home/albert/busystack/busymark/test/src/wysiwyg_selection_test.dart: partial multi-block styled span: plain `code`! end=11
01:11 +300: /home/albert/busystack/busymark/test/src/wysiwyg_selection_test.dart: partial multi-block styled span: [link](https://example.test) plain! end=2
01:11 +301: /home/albert/busystack/busymark/test/src/wysiwyg_selection_test.dart: partial multi-block styled span: [link](https://example.test) plain! end=10
01:11 +302: /home/albert/busystack/busymark/test/src/wysiwyg_selection_test.dart: partial multi-block styled span: [link](https://example.test) plain! end=11
01:11 +303: /home/albert/busystack/busymark/test/src/wysiwyg_selection_test.dart: partial multi-block styled span: *emphasis* plain! end=2
01:11 +304: /home/albert/busystack/busymark/test/src/wysiwyg_selection_test.dart: partial multi-block styled span: *emphasis* plain! end=14
01:11 +305: /home/albert/busystack/busymark/test/src/wysiwyg_selection_test.dart: partial multi-block styled span: *emphasis* plain! end=15
01:12 +306: /home/albert/busystack/busymark/test/src/wysiwyg_selection_test.dart: list boundary (3, 0, 3, 29) includes the final rendered character
01:12 +307: /home/albert/busystack/busymark/test/src/wysiwyg_selection_test.dart: list boundary (4, 0, 4, 36) includes the final rendered character
01:12 +308: /home/albert/busystack/busymark/test/src/wysiwyg_selection_test.dart: list boundary (3, 0, 4, 36) includes the final rendered character
01:12 +309: /home/albert/busystack/busymark/test/src/wysiwyg_selection_test.dart: list boundary (2, 4, 4, 36) includes the final rendered character
01:12 +310: /home/albert/busystack/busymark/test/src/wysiwyg_selection_test.dart: list boundary (3, 0, 6, 9) includes the final rendered character
01:12 +311: /home/albert/busystack/busymark/test/src/wysiwyg_selection_test.dart: list boundary (2, 0, 6, 93) includes the final rendered character
01:12 +312: /home/albert/busystack/busymark/test/src/wysiwyg_selection_test.dart: list boundary (5, 0, 5, 29) includes the final rendered character
01:13 +313: /home/albert/busystack/busymark/test/src/wysiwyg_selection_test.dart: mouse range across paragraph, list, table and paragraph equals Select All
01:13 +314: /home/albert/busystack/busymark/test/src/wysiwyg_selection_test.dart: Select All, mouse and keyboard ranges produce equivalent local selection geometry
01:14 +315: /home/albert/busystack/busymark/test/src/wysiwyg_selection_test.dart: local table cell selection stays local; subsequent Select All expands to document
01:14 +316: /home/albert/busystack/busymark/test/src/wysiwyg_selection_test.dart: table to following paragraph retains complete selected rows
01:14 +317: /home/albert/busystack/busymark/test/src/wysiwyg_selection_test.dart: document selection survives viewport scrolling and block recreation
01:15 +318: /home/albert/busystack/busymark/test/src/wysiwyg_selection_test.dart: selected table text follows horizontal cell scrolling
01:15 +319: /home/albert/busystack/busymark/test/src/wysiwyg_selection_test.dart: drag across a viewport jump resolves the visible extent block (variant: TargetPlatform.linux)
01:16 +320: loading /home/albert/busystack/busymark/test/src/writerside_video_widget_test.dart
01:17 +320: /home/albert/busystack/busymark/test/src/writerside_video_widget_test.dart: video card embeds a supported YouTube source in place
01:18 +321: /home/albert/busystack/busymark/test/src/writerside_video_widget_test.dart: mini-player embeds Vimeo with the reduced video ID
01:18 +322: /home/albert/busystack/busymark/test/src/writerside_video_widget_test.dart: local video player receives only a canonical media path
01:18 +323: /home/albert/busystack/busymark/test/src/writerside_video_widget_test.dart: video dimensions preserve ratio and scale to available width
01:18 +324: /home/albert/busystack/busymark/test/src/writerside_video_widget_test.dart: failed native player leaves a usable poster fallback
01:18 +325: /home/albert/busystack/busymark/test/src/writerside_video_widget_test.dart: WYSIWYG renders a Writerside video without rewriting source
01:18 +326: loading /home/albert/busystack/busymark/test/src/feedback_dialog_test.dart
01:19 +326: /home/albert/busystack/busymark/test/src/feedback_dialog_test.dart: uses the native grouped modal-editor structure
01:21 +327: /home/albert/busystack/busymark/test/src/feedback_dialog_test.dart: shared report form remains directional in an Arabic UI
01:21 +328: /home/albert/busystack/busymark/test/src/feedback_dialog_test.dart: dark route uses the shared dialog surface
01:21 +329: /home/albert/busystack/busymark/test/src/feedback_dialog_test.dart: shows required-field validation without sending
01:21 +330: /home/albert/busystack/busymark/test/src/feedback_dialog_test.dart: rejects an invalid optional reply email
01:21 +331: /home/albert/busystack/busymark/test/src/feedback_dialog_test.dart: category can return to the unselected placeholder
01:21 +332: /home/albert/busystack/busymark/test/src/feedback_dialog_test.dart: disables submit while a request is active
01:22 +333: /home/albert/busystack/busymark/test/src/feedback_dialog_test.dart: clears the form and shows the server reference on success
01:22 +334: /home/albert/busystack/busymark/test/src/feedback_dialog_test.dart: shows a distinct message when the server rejects the form
01:22 +335: /home/albert/busystack/busymark/test/src/feedback_dialog_test.dart: keeps retry UUID until submitted content changes
01:22 +336: /home/albert/busystack/busymark/test/src/feedback_dialog_test.dart: cannot dismiss the dialog while submission is active
01:26 +337: loading /home/albert/busystack/busymark/test/src/headless_chrome_test.dart
01:26 +337: /home/albert/busystack/busymark/test/src/headless_chrome_test.dart: evaluates the requested document after it becomes ready
01:27 +338: /home/albert/busystack/busymark/test/src/headless_chrome_test.dart: does not evaluate the initial about:blank target
01:27 +339: /home/albert/busystack/busymark/test/src/headless_chrome_test.dart: retries when navigation destroys the execution context
01:27 +340: /home/albert/busystack/busymark/test/src/headless_chrome_test.dart: a silent open DevTools socket respects the readiness bound
01:28 +341: /home/albert/busystack/busymark/test/src/headless_chrome_test.dart: socket closure before a response fails deterministically
01:28 +342: /home/albert/busystack/busymark/test/src/headless_chrome_test.dart: a DevTools error is not mistaken for navigation
01:28 +343: /home/albert/busystack/busymark/test/src/headless_chrome_test.dart: a page that never becomes ready reports its last state
01:28 +344: loading /home/albert/busystack/busymark/test/src/workspace_document_context_test.dart
01:28 +344: /home/albert/busystack/busymark/test/src/workspace_document_context_test.dart: untitled buffer is CommonMark in untitledMarkdown
01:28 +345: /home/albert/busystack/busymark/test/src/workspace_document_context_test.dart: untitled buffer is CommonMark in singleMarkdown
01:28 +346: /home/albert/busystack/busymark/test/src/workspace_document_context_test.dart: untitled buffer is CommonMark in markdownFolder
01:28 +347: /home/albert/busystack/busymark/test/src/workspace_document_context_test.dart: untitled buffer is CommonMark in writersideModule
01:28 +348: /home/albert/busystack/busymark/test/src/workspace_document_context_test.dart: untitled buffer is CommonMark in nextcloudNotes
01:28 +349: /home/albert/busystack/busymark/test/src/workspace_document_context_test.dart: Writerside document resolution (setUpAll)
01:29 +349: /home/albert/busystack/busymark/test/src/workspace_document_context_test.dart: Writerside document resolution discovered Markdown topic wins over generic file inventory
01:29 +350: /home/albert/busystack/busymark/test/src/workspace_document_context_test.dart: Writerside document resolution discovered XML topic resolves as a Writerside XML topic
01:29 +351: /home/albert/busystack/busymark/test/src/workspace_document_context_test.dart: Writerside document resolution ordinary Markdown under the project is still CommonMark
01:29 +352: /home/albert/busystack/busymark/test/src/workspace_document_context_test.dart: Writerside document resolution path fallback does not depend on workspace file inventory
01:29 +353: /home/albert/busystack/busymark/test/src/workspace_document_context_test.dart: Writerside document resolution (tearDownAll)
01:32 +353: loading /home/albert/busystack/busymark/test/src/html_export_test.dart
01:32 +353: /home/albert/busystack/busymark/test/src/html_export_test.dart: unsaved Markdown is a complete styled document with stable semantic anchors
01:35 +354: /home/albert/busystack/busymark/test/src/html_export_test.dart: raw disclosures, definitions and spans survive with structural sanitization
01:35 +355: /home/albert/busystack/busymark/test/src/html_export_test.dart: explicit blank lines export as consecutive HTML breaks
01:35 +356: /home/albert/busystack/busymark/test/src/html_export_test.dart: content-addressed assets relocate, deduplicate and reject symlink escapes
01:35 +357: /home/albert/busystack/busymark/test/src/html_export_test.dart: home-relative images use the shared local-media path rules
01:35 +358: /home/albert/busystack/busymark/test/src/html_export_test.dart: untrusted metadata and data URLs cannot create active HTML
01:35 +359: /home/albert/busystack/busymark/test/src/html_export_test.dart: unsafe SVG and CSS never reach exported assets
01:35 +360: /home/albert/busystack/busymark/test/src/html_export_test.dart: overwrite refusal, cancellation and rendering failure preserve previous HTML
01:35 +361: /home/albert/busystack/busymark/test/src/html_export_test.dart: metadata title remains separate from a formatted Markdown title heading
01:35 +362: /home/albert/busystack/busymark/test/src/html_export_test.dart: UTF-8 byte limits are enforced
01:35 +363: /home/albert/busystack/busymark/test/src/html_export_test.dart: Writerside produces linked pages, hidden topics, WIP and start copy
01:35 +364: /home/albert/busystack/busymark/test/src/html_export_test.dart: official conformance fixture exports as individual pages
01:36 +365: loading /home/albert/busystack/busymark/test/src/writerside_admonition_test.dart
01:37 +365: /home/albert/busystack/busymark/test/src/writerside_admonition_test.dart: Writerside blockquotes become typed admonitions and round-trip
01:37 +366: /home/albert/busystack/busymark/test/src/writerside_admonition_test.dart: ordinary Markdown blockquotes do not acquire Writerside semantics
01:37 +367: /home/albert/busystack/busymark/test/src/writerside_admonition_test.dart: semantic admonition elements include quote and preserve attributes
01:37 +368: /home/albert/busystack/busymark/test/src/writerside_admonition_test.dart: admonition editing emits source that reparses semantically
01:37 +369: /home/albert/busystack/busymark/test/src/writerside_admonition_test.dart: editing inside an existing admonition changes its outer type
01:37 +370: /home/albert/busystack/busymark/test/src/writerside_admonition_test.dart: WYSIWYG Admonition menu applies the selected type
01:38 +371: /home/albert/busystack/busymark/test/src/writerside_admonition_test.dart: ordinary Markdown does not show the Writerside editing menu
01:39 +372: /home/albert/busystack/busymark/test/src/writerside_admonition_test.dart: Writerside .topic preview keeps content inside its admonition
01:39 +373: /home/albert/busystack/busymark/test/src/writerside_admonition_test.dart: PDF export keeps admonitions semantic and quotes neutral
01:39 +374: loading /home/albert/busystack/busymark/test/src/d2_renderer_test.dart
01:40 +374: /home/albert/busystack/busymark/test/src/d2_renderer_test.dart: D2 source policy rejects imports and icon assets with source locations
01:40 +375: /home/albert/busystack/busymark/test/src/d2_renderer_test.dart: D2 source policy does not treat comments, quoted labels, or block strings as imports
01:40 +376: /home/albert/busystack/busymark/test/src/d2_renderer_test.dart: returns normalized vector SVG for browser-independent output
01:40 +377: /home/albert/busystack/busymark/test/src/d2_renderer_test.dart: rasterizes foreignObject output at PDF resolution
01:40 +378: /home/albert/busystack/busymark/test/src/d2_renderer_test.dart: rasterizes browser CSS that cannot be preserved in vector form
01:40 +379: /home/albert/busystack/busymark/test/src/d2_renderer_test.dart: maps D2 diagnostics and renderer limits to typed results
01:40 +380: /home/albert/busystack/busymark/test/src/d2_renderer_test.dart: locates only executable files at deterministic bundle paths
01:40 +381: /home/albert/busystack/busymark/test/src/d2_renderer_test.dart: bundled D2 CLI renders stdin to stdout without a shell
01:41 +382: loading /home/albert/busystack/busymark/test/src/nextcloud_editor_boundary_test.dart
01:44 +382: /home/albert/busystack/busymark/test/src/nextcloud_editor_boundary_test.dart: remote read-only source blocks typing and formatting mutations
01:45 +383: /home/albert/busystack/busymark/test/src/nextcloud_editor_boundary_test.dart: remote read-only WYSIWYG blocks typing and formatting emissions
01:46 +384: loading /home/albert/busystack/busymark/test/src/markdown_pdf_export_service_test.dart
01:47 +384: /home/albert/busystack/busymark/test/src/markdown_pdf_export_service_test.dart: display images do not reserve a fixed-height letterbox
01:47 +385: /home/albert/busystack/busymark/test/src/markdown_pdf_export_service_test.dart: quotes and admonitions use the existing callout presentation
01:47 +386: /home/albert/busystack/busymark/test/src/markdown_pdf_export_service_test.dart: PDF export ignores redundant blank lines between blocks
01:49 +387: /home/albert/busystack/busymark/test/src/markdown_pdf_export_service_test.dart: PDF payload preserves an explicit blank line as two breaks
01:49 +388: /home/albert/busystack/busymark/test/src/markdown_pdf_export_service_test.dart: bundled template renders two explicit breaks as one blank PDF line
01:50 +389: /home/albert/busystack/busymark/test/src/markdown_pdf_export_service_test.dart: bundled template renders redundant blank lines identically
01:50 +390: /home/albert/busystack/busymark/test/src/markdown_pdf_export_service_test.dart: bundled template exports representative Markdown to a valid PDF
01:50 +391: /home/albert/busystack/busymark/test/src/markdown_pdf_export_service_test.dart: Writerside video poster and link compile into a valid PDF
01:50 +392: /home/albert/busystack/busymark/test/src/markdown_pdf_export_service_test.dart: Writerside admonitions compile into a valid PDF
01:50 +393: loading /home/albert/busystack/busymark/test/src/clipboard_layout_table_test.dart
01:51 +393: /home/albert/busystack/busymark/test/src/clipboard_layout_table_test.dart: data tables remain tables, including borderless and single-column data
01:51 +394: /home/albert/busystack/busymark/test/src/clipboard_layout_table_test.dart: nested layout wrappers retain their inner data table and prose
01:51 +395: /home/albert/busystack/busymark/test/src/clipboard_layout_table_test.dart: explicit presentation table keeps caption, cell order and direction
01:51 +396: /home/albert/busystack/busymark/test/src/clipboard_layout_table_test.dart: editor preserves content inside a layout table
01:51 +397: /home/albert/busystack/busymark/test/src/clipboard_layout_table_test.dart: editor plain paste ignores layout and rich content
01:51 +398: /home/albert/busystack/busymark/test/src/clipboard_layout_table_test.dart: markdownSource preserves content inside a layout table
01:51 +399: /home/albert/busystack/busymark/test/src/clipboard_layout_table_test.dart: markdownSource plain paste ignores layout and rich content
01:51 +400: loading /home/albert/busystack/busymark/test/src/writerside_markdown_import_dialog_test.dart
01:57 +400: /home/albert/busystack/busymark/test/src/writerside_markdown_import_dialog_test.dart: selects all candidates by default and disables OK for none
01:58 +401: /home/albert/busystack/busymark/test/src/writerside_markdown_import_dialog_test.dart: successful import closes the dialog with selected list order
01:58 +402: /home/albert/busystack/busymark/test/src/writerside_markdown_import_dialog_test.dart: failed import stays open and presents the localized error
01:59 +403: loading /home/albert/busystack/busymark/test/src/html_publication_test.dart
01:59 +403: /home/albert/busystack/busymark/test/src/html_publication_test.dart: single-file local video has a downloadable fallback
02:01 +404: /home/albert/busystack/busymark/test/src/html_publication_test.dart: Writerside list starts and same-type boundaries survive HTML export
02:02 +405: /home/albert/busystack/busymark/test/src/html_publication_test.dart: repeated list includes export as separate HTML containers
02:02 +406: /home/albert/busystack/busymark/test/src/html_publication_test.dart: Writerside list styles stay distinct across consecutive lists
02:02 +407: /home/albert/busystack/busymark/test/src/html_publication_test.dart: Writerside shares HTML appearance without changing TOC status or source
02:02 +408: /home/albert/busystack/busymark/test/src/html_publication_test.dart: Writerside module origins preserve includes, variables, file identity and nullable links
02:02 +409: /home/albert/busystack/busymark/test/src/html_publication_test.dart: definition lists preserve individual disclosure states and IDs
02:02 +410: /home/albert/busystack/busymark/test/src/html_publication_test.dart: web filename and index collisions identify both topics before publication
02:02 +411: /home/albert/busystack/busymark/test/src/html_publication_test.dart: Writerside publication uses canonical effective web filenames
02:02 +412: /home/albert/busystack/busymark/test/src/html_publication_test.dart: source and media are captured before progress or later editor changes
02:02 +413: /home/albert/busystack/busymark/test/src/html_publication_test.dart: publication failure retains previous HTML and referenced immutable assets
02:02 +414: /home/albert/busystack/busymark/test/src/html_publication_test.dart: duplicate explicit IDs warn, non-Latin footnotes and document IDs resolve
02:03 +415: loading /home/albert/busystack/busymark/test/src/spelling_service_test.dart
02:03 +415: /home/albert/busystack/busymark/test/src/spelling_service_test.dart: document kinds expose one authoritative spelling capability
02:03 +416: /home/albert/busystack/busymark/test/src/spelling_service_test.dart: effective spelling language preserves document and project order
02:03 +417: /home/albert/busystack/busymark/test/src/spelling_service_test.dart: session identity changes when a stable buffer is saved to a path
02:03 +418: /home/albert/busystack/busymark/test/src/spelling_service_test.dart: downloaded dictionaries use revision-shared Snap storage
02:03 +419: /home/albert/busystack/busymark/test/src/spelling_service_test.dart: first save and Save As republish source routing immediately
02:05 +420: /home/albert/busystack/busymark/test/src/spelling_service_test.dart: persistent spelling words rereads and merges independent external changes
02:05 +421: /home/albert/busystack/busymark/test/src/spelling_service_test.dart: persistent spelling words coordinates writers in independent application processes
02:07 +422: /home/albert/busystack/busymark/test/src/spelling_service_test.dart: persistent spelling words merges an external edit injected after staging
02:07 +423: /home/albert/busystack/busymark/test/src/spelling_service_test.dart: persistent spelling words merges an external replacement after the atomic exchange
02:07 +424: /home/albert/busystack/busymark/test/src/spelling_service_test.dart: persistent spelling words preserves a newer destination and the rejected displaced version
02:07 +425: /home/albert/busystack/busymark/test/src/spelling_service_test.dart: persistent spelling words preserves case while merging canonical Unicode equivalents
02:07 +426: /home/albert/busystack/busymark/test/src/spelling_service_test.dart: persistent spelling words rebuilds untrusted stored keys from validated display values
02:07 +427: /home/albert/busystack/busymark/test/src/spelling_service_test.dart: persistent spelling words case-distinct words survive restart into the native worker
02:07 +428: /home/albert/busystack/busymark/test/src/spelling_service_test.dart: persistent spelling words malformed storage is reported instead of overwritten
02:07 +429: /home/albert/busystack/busymark/test/src/spelling_service_test.dart: staging validation accepts numeric header revisions and count drift
02:07 +430: /home/albert/busystack/busymark/test/src/spelling_service_test.dart: dictionary import publishes a complete pair only after validation
02:07 +431: /home/albert/busystack/busymark/test/src/spelling_service_test.dart: on-demand dictionary installation installs only one shared resource and reuses it by locale
02:07 +432: /home/albert/busystack/busymark/test/src/spelling_service_test.dart: on-demand dictionary installation cancellation and checksum failure leave no installation
02:08 +433: /home/albert/busystack/busymark/test/src/spelling_service_test.dart: on-demand dictionary installation cancellation observes the atomic publication commit point
02:08 +434: /home/albert/busystack/busymark/test/src/spelling_service_test.dart: on-demand dictionary installation a stale invalid record cannot remove a repaired installation
02:08 +435: /home/albert/busystack/busymark/test/src/spelling_service_test.dart: on-demand dictionary installation a stale valid descriptor cannot remove a replacement in another process
02:08 +436: /home/albert/busystack/busymark/test/src/spelling_service_test.dart: on-demand dictionary installation catalog waits through a replacement publication gap
02:08 +437: /home/albert/busystack/busymark/test/src/spelling_service_test.dart: on-demand dictionary installation a late no-replace publisher cannot replace a completed installation
02:08 +438: /home/albert/busystack/busymark/test/src/spelling_service_test.dart: on-demand dictionary installation independent process observes the published no-replace destination
02:09 +439: /home/albert/busystack/busymark/test/src/spelling_service_test.dart: on-demand dictionary installation stalled response times out, cancels, and permits retry
02:09 +440: /home/albert/busystack/busymark/test/src/spelling_service_test.dart: on-demand dictionary installation asynchronous output sink errors fail the receiver without zone leaks
02:09 +441: /home/albert/busystack/busymark/test/src/spelling_service_test.dart: on-demand dictionary installation a failed replacement cannot damage a working installation
02:09 +442: /home/albert/busystack/busymark/test/src/spelling_service_test.dart: on-demand dictionary installation a failed controller download exposes a working retry
02:09 +443: /home/albert/busystack/busymark/test/src/spelling_service_test.dart: on-demand dictionary installation controller reserves an installation before coordinator startup
02:09 +444: /home/albert/busystack/busymark/test/src/spelling_service_test.dart: on-demand dictionary installation controller releases installation ownership after setup failure
02:09 +445: /home/albert/busystack/busymark/test/src/spelling_service_test.dart: on-demand dictionary installation controller cancellation remains with the reserved startup operation
02:09 +446: /home/albert/busystack/busymark/test/src/spelling_service_test.dart: aliased imports remain selectable across collision, restart, and removal
02:10 +447: /home/albert/busystack/busymark/test/src/spelling_service_test.dart: same-resource import collision is rejected before publication
02:10 +448: /home/albert/busystack/busymark/test/src/spelling_service_test.dart: an import does not impersonate the downloadable resource row
02:10 +449: /home/albert/busystack/busymark/test/src/spelling_service_test.dart: invalid imported installation is removable by exact record
02:10 +450: /home/albert/busystack/busymark/test/src/spelling_service_test.dart: invalid downloaded installation repairs through settings API
02:10 +451: /home/albert/busystack/busymark/test/src/spelling_service_test.dart: Ignore Once keeps its authored anchor across editor modes
02:10 +452: /home/albert/busystack/busymark/test/src/spelling_service_test.dart: source hit testing excludes formatting and link destination gaps
02:10 +453: /home/albert/busystack/busymark/test/src/spelling_service_test.dart: Ignore Once follows one transaction across edit, undo, redo, and tabs
02:10 +454: /home/albert/busystack/busymark/test/src/spelling_service_test.dart: document ignores survive tab changes but not an actual close
02:10 +455: /home/albert/busystack/busymark/test/src/spelling_service_test.dart: a delayed suggestion cannot revive after language changes
02:10 +456: /home/albert/busystack/busymark/test/src/spelling_service_test.dart: a manual request waits for its own result while a check runs
02:10 +457: /home/albert/busystack/busymark/test/src/spelling_service_test.dart: checks in bounded batches and reuses unchanged run results
02:10 +458: /home/albert/busystack/busymark/test/src/spelling_service_test.dart: cached runs cover the complete checked text across edits
02:10 +459: /home/albert/busystack/busymark/test/src/spelling_service_test.dart: a NUL suffix cannot complete checking and recovers after correction
02:10 +460: /home/albert/busystack/busymark/test/src/spelling_service_test.dart: project initialization publishes only the latest owner
02:11 +461: /home/albert/busystack/busymark/test/src/spelling_service_test.dart: older same-project Settings read cannot undo a newer snapshot
02:11 +462: /home/albert/busystack/busymark/test/src/spelling_service_test.dart: older project watcher read cannot undo Settings publication
02:11 +463: /home/albert/busystack/busymark/test/src/spelling_service_test.dart: project read begun during a mutation cannot undo its result
02:11 +464: /home/albert/busystack/busymark/test/src/spelling_service_test.dart: superseded project conflict read preserves newer state and error
02:11 +465: /home/albert/busystack/busymark/test/src/spelling_service_test.dart: superseded project watcher error cannot replace valid state
02:11 +466: /home/albert/busystack/busymark/test/src/spelling_service_test.dart: project watcher recovers after identical dictionary repair
02:12 +467: /home/albert/busystack/busymark/test/src/spelling_service_test.dart: project repair recovers a later failed preparation at latest revision
02:13 +468: /home/albert/busystack/busymark/test/src/spelling_service_test.dart: project reread does not clear an unrelated personal read failure
02:13 +469: /home/albert/busystack/busymark/test/src/spelling_service_test.dart: failed personal initialization retries after repair and shares first load
02:14 +470: /home/albert/busystack/busymark/test/src/spelling_service_test.dart: explicit checks and Settings refresh external personal words
02:14 +471: /home/albert/busystack/busymark/test/src/spelling_service_test.dart: late personal refresh cannot undo a newer local mutation
02:14 +472: /home/albert/busystack/busymark/test/src/spelling_service_test.dart: refresh begun during a personal mutation cannot undo its result
02:14 +473: /home/albert/busystack/busymark/test/src/spelling_service_test.dart: an older personal refresh cannot replace a newer publication
02:14 +474: /home/albert/busystack/busymark/test/src/spelling_service_test.dart: a superseded conflict read cannot replace a newer personal refresh
02:14 +475: /home/albert/busystack/busymark/test/src/spelling_service_test.dart: Settings holds a failed preparation until deliberate retry
02:16 +476: /home/albert/busystack/busymark/test/src/spelling_service_test.dart: warm no-workspace Settings refreshes personal words once
02:16 +477: /home/albert/busystack/busymark/test/src/spelling_service_test.dart: warm Settings observes an external dictionary removal once
02:17 +478: /home/albert/busystack/busymark/test/src/spelling_service_test.dart: leaving Settings during preparation ignores its late completion
02:17 +479: /home/albert/busystack/busymark/test/src/spelling_service_test.dart: concurrent first requests start exactly one worker
02:17 +480: /home/albert/busystack/busymark/test/src/spelling_service_test.dart: a project-word mutation cannot publish into a later project
02:18 +481: /home/albert/busystack/busymark/test/src/spelling_service_test.dart: new input hides old results before preparation can fail
02:18 +482: /home/albert/busystack/busymark/test/src/spelling_service_test.dart: external project-word edits refresh an open document
02:21 +483: /home/albert/busystack/busymark/test/src/spelling_service_test.dart: review dialog keeps one traversal through skip, back, correction, and persistence
02:23 +484: /home/albert/busystack/busymark/test/src/spelling_service_test.dart: review word-store conflict stays current and exposes preserved recovery path
02:24 +485: /home/albert/busystack/busymark/test/src/spelling_service_test.dart: equivalent rebuild does not cancel session initialization
02:25 +486: /home/albert/busystack/busymark/test/src/spelling_service_test.dart: automatic session checks after an unresolved language is selected
02:25 +487: /home/albert/busystack/busymark/test/src/spelling_service_test.dart: an available but absent dictionary is not downloaded implicitly
02:25 +488: /home/albert/busystack/busymark/test/src/spelling_service_test.dart: removing a downloaded pair keeps words and reports not installed
02:25 +489: /home/albert/busystack/busymark/test/src/spelling_service_test.dart: warm instance refreshes external installation at explicit boundaries
02:25 +490: /home/albert/busystack/busymark/test/src/spelling_service_test.dart: warm instance replaces an active imported dictionary fingerprint
02:26 +491: /home/albert/busystack/busymark/test/src/spelling_service_test.dart: concurrent warm catalog preparations share one owned read
02:26 +492: /home/albert/busystack/busymark/test/src/spelling_service_test.dart: a delayed catalog read cannot undo a local installation
02:26 +493: /home/albert/busystack/busymark/test/src/spelling_service_test.dart: a failed warm catalog refresh remains retryable
02:26 +494: /home/albert/busystack/busymark/test/src/spelling_service_test.dart: automatic checking rereads inventory after dictionary load fails
02:26 +495: /home/albert/busystack/busymark/test/src/spelling_service_test.dart: long-lived spelling worker catalog validation requires its resource-specific probe
02:26 +496: /home/albert/busystack/busymark/test/src/spelling_service_test.dart: long-lived spelling worker projects source and rich snapshots through reusable messages
02:26 +497: /home/albert/busystack/busymark/test/src/spelling_service_test.dart: long-lived spelling worker incrementally reuses unaffected plain Markdown runs
02:26 +498: /home/albert/busystack/busymark/test/src/spelling_service_test.dart: long-lived spelling worker incremental Markdown projection agrees with a fresh structural parse
02:26 +499: /home/albert/busystack/busymark/test/src/spelling_service_test.dart: long-lived spelling worker projection cache rebinds source targets after Save As
02:26 +500: /home/albert/busystack/busymark/test/src/spelling_service_test.dart: long-lived spelling worker project custom words do not leak between contexts
02:26 +501: /home/albert/busystack/busymark/test/src/spelling_service_test.dart: long-lived spelling worker quoted corrections retain straight and curly punctuation
02:26 +502: /home/albert/busystack/busymark/test/src/spelling_service_test.dart: long-lived spelling worker quotation context survives projection and worker barriers
02:26 +503: /home/albert/busystack/busymark/test/src/spelling_service_test.dart: long-lived spelling worker quotation context survives a bounded worker chunk
02:27 +504: /home/albert/busystack/busymark/test/src/spelling_service_test.dart: long-lived spelling worker removing a custom exception does not forbid a base word
02:27 +505: /home/albert/busystack/busymark/test/src/spelling_service_test.dart: long-lived spelling worker prose around 64 KiB is checked across bounded chunks
02:27 +506: /home/albert/busystack/busymark/test/src/spelling_service_test.dart: long-lived spelling worker isolates encoding and oversized-token failures
02:27 +507: /home/albert/busystack/busymark/test/src/spelling_service_test.dart: long-lived spelling worker normal, large, and superseded checks stay bounded
spelling benchmark: normal=3ms large/latest=131ms suggestion=0ms
02:27 +508: loading /home/albert/busystack/busymark/test/src/header_bar_configuration_test.dart
02:28 +508: /home/albert/busystack/busymark/test/src/header_bar_configuration_test.dart: rapid navigation applies only monotonic complete configurations
02:28 +509: /home/albert/busystack/busymark/test/src/header_bar_configuration_test.dart: a new Dart session can restart native revisions from one
02:28 +510: /home/albert/busystack/busymark/test/src/header_bar_configuration_test.dart: modal depth is an atomic overlay on the latest page state
02:28 +511: /home/albert/busystack/busymark/test/src/header_bar_configuration_test.dart: modal barrier is retained before the first page publishes
02:28 +512: /home/albert/busystack/busymark/test/src/header_bar_configuration_test.dart: older runners fall back once to the ordered legacy protocol
02:28 +513: /home/albert/busystack/busymark/test/src/header_bar_configuration_test.dart: failed atomic apply keeps the last success and retries the same desired state
02:28 +514: /home/albert/busystack/busymark/test/src/header_bar_configuration_test.dart: theme map contains the native semantic visual roles
02:28 +515: /home/albert/busystack/busymark/test/src/header_bar_configuration_test.dart: native header labels expose only application-menu commands
02:28 +516: loading /home/albert/busystack/busymark/test/src/source_audit_test.dart
02:30 +516: /home/albert/busystack/busymark/test/src/source_audit_test.dart: source tree has BusyMark identity and no removed domain surfaces
02:31 +517: /home/albert/busystack/busymark/test/src/source_audit_test.dart: pubspec package name is busymark
02:31 +518: /home/albert/busystack/busymark/test/src/source_audit_test.dart: release version metadata stays in sync
02:31 +519: /home/albert/busystack/busymark/test/src/source_audit_test.dart: top-level app routes do not animate between desktop surfaces
02:31 +520: /home/albert/busystack/busymark/test/src/source_audit_test.dart: Flutter UI resolves icons through the BusyMark glyph catalog
02:31 +521: /home/albert/busystack/busymark/test/src/source_audit_test.dart: preview output actions are not present
02:32 +522: /home/albert/busystack/busymark/test/src/source_audit_test.dart: product stderr logging is isolated behind debug logging
02:32 +523: /home/albert/busystack/busymark/test/src/source_audit_test.dart: grouped action rows use one BusyMark-owned rounded surface
02:32 +524: /home/albert/busystack/busymark/test/src/source_audit_test.dart: BusyMark dialog title bars use the same surface as dialog body
02:32 +525: /home/albert/busystack/busymark/test/src/source_audit_test.dart: BusyMark dialog buttons are thin semantic framework adapters
02:32 +526: /home/albert/busystack/busymark/test/src/source_audit_test.dart: Writerside New Topic uses the established modal editor components
02:32 +527: /home/albert/busystack/busymark/test/src/source_audit_test.dart: shared grouped surfaces use native card shadow layers
02:32 +528: /home/albert/busystack/busymark/test/src/source_audit_test.dart: filled grouped action surfaces use the shared grouped surface
02:32 +529: /home/albert/busystack/busymark/test/src/source_audit_test.dart: semantic surfaces are centralized while inputs retain Yaru geometry
02:32 +530: /home/albert/busystack/busymark/test/src/source_audit_test.dart: split-view sidebars share one directional semantic boundary
02:32 +531: /home/albert/busystack/busymark/test/src/source_audit_test.dart: hardcoded UI colors stay in the shared design layer
02:32 +532: /home/albert/busystack/busymark/test/src/source_audit_test.dart: problems are opened from a popup instead of a bottom panel setting
02:32 +533: /home/albert/busystack/busymark/test/src/source_audit_test.dart: native search action toggles workspace search UI
02:32 +534: /home/albert/busystack/busymark/test/src/source_audit_test.dart: preview links are actionable instead of styled-only text
02:32 +535: /home/albert/busystack/busymark/test/src/source_audit_test.dart: inline preview images do not inherit link text decoration
02:32 +536: /home/albert/busystack/busymark/test/src/source_audit_test.dart: document views share direction resolution and keep code LTR
02:32 +537: /home/albert/busystack/busymark/test/src/source_audit_test.dart: Editor and Preview reuse the shared document callout surface
02:32 +538: /home/albert/busystack/busymark/test/src/source_audit_test.dart: document views reuse one code-block surface and typography
02:32 +539: /home/albert/busystack/busymark/test/src/source_audit_test.dart: Editor and Preview reuse one prose line-height style
02:32 +540: /home/albert/busystack/busymark/test/src/source_audit_test.dart: equivalent Editor and Preview blocks use shared document primitives
02:32 +541: /home/albert/busystack/busymark/test/src/source_audit_test.dart: workspace isolates technical labels only at rendering boundaries
02:32 +542: /home/albert/busystack/busymark/test/src/source_audit_test.dart: workspace sidebar tabs match the opened workspace kind
02:32 +543: /home/albert/busystack/busymark/test/src/source_audit_test.dart: sidebar tabs and editor hover use neutral native surfaces
02:32 +544: /home/albert/busystack/busymark/test/src/source_audit_test.dart: sidebar header menu uses shared popup menu
02:32 +545: /home/albert/busystack/busymark/test/src/source_audit_test.dart: shared popup menus prefer GTK with a themed framework fallback
02:32 +546: /home/albert/busystack/busymark/test/src/source_audit_test.dart: Git actions use the shared workspace-header popup
02:32 +547: /home/albert/busystack/busymark/test/src/source_audit_test.dart: Git changes view uses an integrated commit panel
02:32 +548: /home/albert/busystack/busymark/test/src/source_audit_test.dart: Git sidebar actions use the shared semantic button adapter
02:32 +549: /home/albert/busystack/busymark/test/src/source_audit_test.dart: settings selectors delegate to the shared native menu
02:32 +550: /home/albert/busystack/busymark/test/src/source_audit_test.dart: report issue form uses the native grouped modal editor
02:32 +551: /home/albert/busystack/busymark/test/src/source_audit_test.dart: data-entry dialogs use native grouped modal editors
02:32 +552: /home/albert/busystack/busymark/test/src/source_audit_test.dart: Writerside template workflow uses BusyMark and Yaru presentation
02:32 +553: /home/albert/busystack/busymark/test/src/source_audit_test.dart: sidebar trees share the expandable Yaru-style row
02:33 +554: /home/albert/busystack/busymark/test/src/source_audit_test.dart: recent workspaces expose one native menu action model
02:33 +555: /home/albert/busystack/busymark/test/src/source_audit_test.dart: history records reuse the Recent sidebar row
02:33 +556: /home/albert/busystack/busymark/test/src/source_audit_test.dart: outline tree drives source and preview heading navigation
02:33 +557: /home/albert/busystack/busymark/test/src/source_audit_test.dart: preview search navigation targets clicked result source span
02:33 +558: /home/albert/busystack/busymark/test/src/source_audit_test.dart: source editor line numbers use measured editor layout
02:33 +559: /home/albert/busystack/busymark/test/src/source_audit_test.dart: document view modes drive source preview and split layouts
02:33 +560: /home/albert/busystack/busymark/test/src/source_audit_test.dart: WYSIWYG toolbar exposes fuller Markdown controls
02:33 +561: /home/albert/busystack/busymark/test/src/source_audit_test.dart: WYSIWYG text selection does not paint full text block backgrounds
02:33 +562: /home/albert/busystack/busymark/test/src/source_audit_test.dart: Markdown image blocks render frameless and edit through dialog
02:33 +563: /home/albert/busystack/busymark/test/src/source_audit_test.dart: native context menus wait for the secondary pointer release
02:33 +564: /home/albert/busystack/busymark/test/src/source_audit_test.dart: source view has compact gutter without pane status chrome
02:33 +565: loading /home/albert/busystack/busymark/test/src/localization_audit_test.dart
02:33 +565: /home/albert/busystack/busymark/test/src/localization_audit_test.dart: production Dart does not hardcode obvious user-facing strings
02:33 +566: /home/albert/busystack/busymark/test/src/localization_audit_test.dart: native Linux GTK user-facing strings are not hardcoded
02:33 +567: /home/albert/busystack/busymark/test/src/localization_audit_test.dart: Linux package metadata matches supplied target locales
02:33 +568: /home/albert/busystack/busymark/test/src/localization_audit_test.dart: package metadata uses reviewed product wording in every locale
02:33 +569: /home/albert/busystack/busymark/test/src/localization_audit_test.dart: duplicate JSON key scanning respects nested object scopes
02:33 +570: /home/albert/busystack/busymark/test/src/localization_audit_test.dart: ARB catalogs have valid, unique message structure and locale IDs
02:34 +571: /home/albert/busystack/busymark/test/src/localization_audit_test.dart: all ARBs match the English messages and placeholders
02:34 +572: /home/albert/busystack/busymark/test/src/localization_audit_test.dart: destructive, save, and Git history actions remain distinct
02:34 +573: /home/albert/busystack/busymark/test/src/localization_audit_test.dart: English-identical target messages are explicitly reviewed
02:34 +574: /home/albert/busystack/busymark/test/src/localization_audit_test.dart: Syntax Reference is localized without legacy message keys
02:34 +575: /home/albert/busystack/busymark/test/src/localization_audit_test.dart: clipboard write failures are localized in every target locale
02:34 +576: /home/albert/busystack/busymark/test/src/localization_audit_test.dart: Portuguese and Chinese base catalogs contain reviewed UI prose
02:34 +577: /home/albert/busystack/busymark/test/src/localization_audit_test.dart: completed base-catalog plurals reach their supported branches
02:34 +578: /home/albert/busystack/busymark/test/src/localization_audit_test.dart: Russian and Ukrainian count messages render every reviewed form
02:34 +579: /home/albert/busystack/busymark/test/src/localization_audit_test.dart: Portuguese count messages distinguish singular and plural
02:34 +580: /home/albert/busystack/busymark/test/src/localization_audit_test.dart: Hindi unsaved-document prompt uses saved-state terminology
02:34 +581: /home/albert/busystack/busymark/test/src/localization_audit_test.dart: RTL translations isolate technical interpolations
02:34 +582: /home/albert/busystack/busymark/test/src/localization_audit_test.dart: Persian dynamic numbers use Persian digits
02:34 +583: /home/albert/busystack/busymark/test/src/localization_audit_test.dart: locale resolution considers all preferences and falls back to English
02:34 +584: /home/albert/busystack/busymark/test/src/localization_audit_test.dart: every selectable locale has a generated catalog
02:34 +585: /home/albert/busystack/busymark/test/src/localization_audit_test.dart: diagnostics localize at render time from codes and args
02:35 +586: loading /home/albert/busystack/busymark/test/src/spelling_bundle_integration_test.dart
02:36 +586: /home/albert/busystack/busymark/test/src/spelling_bundle_integration_test.dart: real en-CA checks pasted rich content completely in both editors
02:39 +587: /home/albert/busystack/busymark/test/src/spelling_bundle_integration_test.dart: packaged catalog opens real regional and non-Latin dictionaries
Shell: Failure loading aff file /home/albert/busystack/busymark/build/spelling-test/installed/es-UY/dictionary.aff
02:45 +588: /home/albert/busystack/busymark/test/src/spelling_bundle_integration_test.dart: real en-CA checks the general Markdown fixture completely
02:48 +589: loading /home/albert/busystack/busymark/test/src/command_registry_test.dart
02:49 +589: /home/albert/busystack/busymark/test/src/command_registry_test.dart: catalog includes every editor command with an executable callback
02:49 +590: /home/albert/busystack/busymark/test/src/command_registry_test.dart: catalog exposes stable unique IDs for all migrated shortcuts
02:49 +591: /home/albert/busystack/busymark/test/src/command_registry_test.dart: rejects duplicate command IDs
02:49 +592: /home/albert/busystack/busymark/test/src/command_registry_test.dart: rejects shortcut conflicts in the same command scope
02:49 +593: /home/albert/busystack/busymark/test/src/command_registry_test.dart: allows the same shortcut in distinct focus scopes
02:49 +594: /home/albert/busystack/busymark/test/src/command_registry_test.dart: executes only visible enabled bound commands
02:49 +595: /home/albert/busystack/busymark/test/src/command_registry_test.dart: contextual commands execute against the captured editor
02:49 +596: loading /home/albert/busystack/busymark/test/src/ai_packaging_audit_test.dart
02:50 +596: /home/albert/busystack/busymark/test/src/ai_packaging_audit_test.dart: Linux packages secure AI credential storage consistently
02:50 +597: /home/albert/busystack/busymark/test/src/ai_packaging_audit_test.dart: real local AI qualification covers every shipped action
02:50 +598: loading /home/albert/busystack/busymark/test/src/markdown_source_structure_test.dart
02:51 +598: /home/albert/busystack/busymark/test/src/markdown_source_structure_test.dart: source line bounds treat offsets as insertion positions
02:51 +599: /home/albert/busystack/busymark/test/src/markdown_source_structure_test.dart: table cell spans respect meaningful outer pipes and escaping
02:51 +600: /home/albert/busystack/busymark/test/src/markdown_source_structure_test.dart: escaped terminal pipes remain in the final cell source span
02:51 +601: loading /home/albert/busystack/busymark/test/src/visualization_raster_sizing_test.dart
02:54 +601: /home/albert/busystack/busymark/test/src/visualization_raster_sizing_test.dart: wide preview fits identically through D2 and WebKit renderers
02:54 +602: /home/albert/busystack/busymark/test/src/visualization_raster_sizing_test.dart: wide PDF fits identically through D2 and WebKit renderers
02:54 +603: /home/albert/busystack/busymark/test/src/visualization_raster_sizing_test.dart: area-constrained PDF fits identically through D2 and WebKit renderers
02:54 +604: loading /home/albert/busystack/busymark/test/src/writerside_template_service_test.dart
02:58 +604: /home/albert/busystack/busymark/test/src/writerside_template_service_test.dart: real installed catalog has six default families and 22 bundled TGDP topics
03:00 +605: /home/albert/busystack/busymark/test/src/writerside_template_service_test.dart: literal substitution is simultaneous, case-sensitive, XML-only escaped
03:00 +606: /home/albert/busystack/busymark/test/src/writerside_template_service_test.dart: save source matches installed first-match substring behavior
03:00 +607: /home/albert/busystack/busymark/test/src/writerside_template_service_test.dart: TGDP brace escaping preserves attribute blocks and rewrites relative links
03:00 +608: /home/albert/busystack/busymark/test/src/writerside_template_service_test.dart: save, unique naming, restart, cancellation snapshot and stale edit rejection
03:00 +609: /home/albert/busystack/busymark/test/src/writerside_template_service_test.dart: concurrent saves serialize without losing templates
03:00 +610: /home/albert/busystack/busymark/test/src/writerside_template_service_test.dart: custom and Internal templates may share a name (custom first: true)
03:00 +611: /home/albert/busystack/busymark/test/src/writerside_template_service_test.dart: custom and Internal templates may share a name (custom first: false)
03:00 +612: /home/albert/busystack/busymark/test/src/writerside_template_service_test.dart: corrupt and symbolic-link stores are never replaced
03:00 +613: /home/albert/busystack/busymark/test/src/writerside_template_service_test.dart: builtin overrides persist independently and reset reveals original source
03:00 +614: /home/albert/busystack/busymark/test/src/writerside_template_service_test.dart: template bytes are published in the guarded creation transaction and rolled back on conflict
03:00 +615: /home/albert/busystack/busymark/test/src/writerside_template_service_test.dart: invalid XML templates and colliding root IDs never publish a topic or TOC edit
03:00 +616: loading /home/albert/busystack/busymark/test/src/writerside_test.dart
03:01 +616: /home/albert/busystack/busymark/test/src/writerside_test.dart: parses writerside.cfg directories and registered instances
03:01 +617: /home/albert/busystack/busymark/test/src/writerside_test.dart: parses documented full writerside.cfg metadata
03:01 +618: /home/albert/busystack/busymark/test/src/writerside_test.dart: parses documented config defaults
03:01 +619: /home/albert/busystack/busymark/test/src/writerside_test.dart: parses attribute defaults for present config elements
03:01 +620: /home/albert/busystack/busymark/test/src/writerside_test.dart: parses documented topic title overrides and web file names
03:01 +621: /home/albert/busystack/busymark/test/src/writerside_test.dart: Markdown web filename metadata ignores literal examples
03:01 +622: /home/albert/busystack/busymark/test/src/writerside_test.dart: XML topic metadata is scoped to direct topic children
03:01 +623: /home/albert/busystack/busymark/test/src/writerside_test.dart: parses .tree metadata and TOC hierarchy
03:01 +624: /home/albert/busystack/busymark/test/src/writerside_test.dart: Writerside topic XML exposes semantic math to the shared preview
03:01 +625: /home/albert/busystack/busymark/test/src/writerside_test.dart: loads basic Writerside project with topics and no missing topic diagnostics
03:01 +626: /home/albert/busystack/busymark/test/src/writerside_test.dart: does not parse a Writerside config above the byte limit
03:01 +627: /home/albert/busystack/busymark/test/src/writerside_test.dart: rejects configured paths outside the module root
03:01 +628: /home/albert/busystack/busymark/test/src/writerside_test.dart: rejects a configured topic root reached through a symlink
03:01 +629: /home/albert/busystack/busymark/test/src/writerside_test.dart: rejects a Writerside config file reached through a symlink
03:01 +630: /home/albert/busystack/busymark/test/src/writerside_test.dart: loads project.ihp as an equivalent Writerside config file
03:01 +631: /home/albert/busystack/busymark/test/src/writerside_test.dart: loads topics from multiple configured topic roots
03:01 +632: /home/albert/busystack/busymark/test/src/writerside_test.dart: resolves exact topic reference before basename fallback
03:01 +633: /home/albert/busystack/busymark/test/src/writerside_test.dart: reports duplicate topic IDs in a help module
03:01 +634: /home/albert/busystack/busymark/test/src/writerside_test.dart: reports ambiguous basename fallback after exact matching misses
03:01 +635: /home/albert/busystack/busymark/test/src/writerside_test.dart: resolves Markdown links across configured topic roots
03:01 +636: /home/albert/busystack/busymark/test/src/writerside_test.dart: reports ambiguous basename topic references deterministically
03:01 +637: /home/albert/busystack/busymark/test/src/writerside_test.dart: broken Writerside project produces deterministic diagnostics
03:01 +638: /home/albert/busystack/busymark/test/src/writerside_test.dart: resolves basename images in nested Writerside image directories
03:01 +639: /home/albert/busystack/busymark/test/src/writerside_test.dart: resolves local images from secondary configured image roots
03:01 +640: /home/albert/busystack/busymark/test/src/writerside_test.dart: parses the documented instance tree elements and attributes
03:01 +641: /home/albert/busystack/busymark/test/src/writerside_test.dart: rejects redirect-source attributes on empty TOC groups
03:01 +642: /home/albert/busystack/busymark/test/src/writerside_test.dart: module service retains empty-group redirect-source diagnostics
03:01 +643: /home/albert/busystack/busymark/test/src/writerside_test.dart: resolves registered TOC libraries, filters, groups, and cross-instance refs
03:01 +644: /home/albert/busystack/busymark/test/src/writerside_test.dart: reports circular reusable tree includes without recursing
03:01 +645: /home/albert/busystack/busymark/test/src/writerside_test.dart: included content still requires a regular instance home page
03:01 +646: /home/albert/busystack/busymark/test/src/writerside_test.dart: ignores status-specific values for general instance settings
03:01 +647: /home/albert/busystack/busymark/test/src/writerside_test.dart: conformance fixture is a valid openable Writerside module
03:01 +648: loading /home/albert/busystack/busymark/test/src/linux_page_frame_test.dart
03:03 +648: /home/albert/busystack/busymark/test/src/linux_page_frame_test.dart: narrow title stays centered between the controls when resized
03:04 +649: /home/albert/busystack/busymark/test/src/linux_page_frame_test.dart: header title fits asymmetric controls at width 500.0 in TextDirection.rtl
03:04 +650: /home/albert/busystack/busymark/test/src/linux_page_frame_test.dart: header title fits asymmetric controls at width 500.0 in TextDirection.ltr
03:04 +651: /home/albert/busystack/busymark/test/src/linux_page_frame_test.dart: header title fits asymmetric controls at width 800.0 in TextDirection.rtl
03:04 +652: /home/albert/busystack/busymark/test/src/linux_page_frame_test.dart: header title fits asymmetric controls at width 800.0 in TextDirection.ltr
03:04 +653: /home/albert/busystack/busymark/test/src/linux_page_frame_test.dart: Brightness.dark seam paints the same subtle color across header and body
03:04 +654: /home/albert/busystack/busymark/test/src/linux_page_frame_test.dart: Brightness.light seam paints the same subtle color across header and body
03:04 +655: /home/albert/busystack/busymark/test/src/linux_page_frame_test.dart: one viewport owns the full-height sidebar edge at every frame
03:04 +656: /home/albert/busystack/busymark/test/src/linux_page_frame_test.dart: unrelated rebuild preserves partial progress and body state
03:04 +657: /home/albert/busystack/busymark/test/src/linux_page_frame_test.dart: breakpoint settlement is immediate and retained state survives
03:04 +658: /home/albert/busystack/busymark/test/src/linux_page_frame_test.dart: RTL and fractional device pixels share one snapped edge
03:04 +659: /home/albert/busystack/busymark/test/src/linux_page_frame_test.dart: divider follows the snapped physical viewport while opening and closing
03:04 +660: /home/albert/busystack/busymark/test/src/linux_page_frame_test.dart: animation setting settles a running reveal to its logical target
03:04 +661: /home/albert/busystack/busymark/test/src/linux_page_frame_test.dart: header receives only the presented system-control obstruction
03:04 +662: /home/albert/busystack/busymark/test/src/linux_page_frame_test.dart: frame is the single owner of the full-height sidebar seam
03:04 +663: loading /home/albert/busystack/busymark/test/src/writerside_toc_regressions_test.dart
03:07 +663: /home/albert/busystack/busymark/test/src/writerside_toc_regressions_test.dart: tree-to-editor sync opens selected topic even with a .tree editor active
03:11 +664: /home/albert/busystack/busymark/test/src/writerside_toc_regressions_test.dart: editor-to-TOC sync resolves qualified identities and chooses breadth-first occurrence
03:13 +665: /home/albert/busystack/busymark/test/src/writerside_toc_regressions_test.dart: live removal dialog uses documented confirmation, redirect label and usage count
03:16 +666: /home/albert/busystack/busymark/test/src/writerside_toc_regressions_test.dart: New Topic surfaces expose local Markdown import only at root/sibling
03:18 +667: /home/albert/busystack/busymark/test/src/writerside_toc_regressions_test.dart: Empty MD Topic creates an editable document when Reading mode is active, preserving other tabs
03:21 +668: /home/albert/busystack/busymark/test/src/writerside_toc_regressions_test.dart: Empty XML Topic creates an editable document when Reading mode is active, preserving other tabs
03:23 +669: /home/albert/busystack/busymark/test/src/writerside_toc_regressions_test.dart: Topic from Template... creates an editable document when Reading mode is active, preserving other tabs
03:26 +670: loading /home/albert/busystack/busymark/test/src/busymark_search_field_test.dart
03:27 +670: /home/albert/busystack/busymark/test/src/busymark_search_field_test.dart: header Escape preserves the query for the next search
03:28 +671: /home/albert/busystack/busymark/test/src/busymark_search_field_test.dart: search fallback uses the normal Yaru-themed entry geometry
03:28 +672: /home/albert/busystack/busymark/test/src/busymark_search_field_test.dart: focus request targets the themed text entry
03:28 +673: /home/albert/busystack/busymark/test/src/busymark_search_field_test.dart: Escape clears the query and closes the owner
03:28 +674: loading /home/albert/busystack/busymark/test/src/writerside_toc_workspace_test.dart
03:30 +674: /home/albert/busystack/busymark/test/src/writerside_toc_workspace_test.dart: row titles, markers and included source identity use selected context
03:30 +675: /home/albert/busystack/busymark/test/src/writerside_toc_workspace_test.dart: linking retains source bytes and rejects a now-present candidate
03:32 +676: /home/albert/busystack/busymark/test/src/writerside_toc_workspace_test.dart: home reassignment preserves other instances and unrelated attributes
03:32 +677: /home/albert/busystack/busymark/test/src/writerside_toc_workspace_test.dart: linking initializes the first-topic home page: empty instance
03:32 +678: /home/albert/busystack/busymark/test/src/writerside_toc_workspace_test.dart: linking initializes the first-topic home page: groups only
03:32 +679: /home/albert/busystack/busymark/test/src/writerside_toc_workspace_test.dart: linking initializes the first-topic home page: existing home
03:32 +680: /home/albert/busystack/busymark/test/src/writerside_toc_workspace_test.dart: linking initializes the first-topic home page: library
03:33 +681: /home/albert/busystack/busymark/test/src/writerside_toc_workspace_test.dart: linking initializes the first-topic home page: empty group insertion
03:33 +682: /home/albert/busystack/busymark/test/src/writerside_toc_workspace_test.dart: linking initializes the first-topic home page: existing nested topic
03:33 +683: /home/albert/busystack/busymark/test/src/writerside_toc_workspace_test.dart: first linked topic and home assignment share the same publication guard
03:33 +684: /home/albert/busystack/busymark/test/src/writerside_toc_workspace_test.dart: title transaction rolls back both files on a concurrent dirty-buffer guard
03:33 +685: /home/albert/busystack/busymark/test/src/writerside_toc_workspace_test.dart: XML duplicate copies source, changes only root ID, adds basic sibling
03:33 +686: /home/albert/busystack/busymark/test/src/writerside_toc_workspace_test.dart: sort revalidates title dependencies before publishing the tree
03:33 +687: /home/albert/busystack/busymark/test/src/writerside_toc_workspace_test.dart: safe deletion rechecks dirty-buffer guard and rolls back earlier edits
03:34 +688: loading /home/albert/busystack/busymark/test/src/writerside_pdf_export_test.dart
03:37 +688: /home/albert/busystack/busymark/test/src/writerside_pdf_export_test.dart: repeated list includes restart numbering in the final PDF
03:37 +689: /home/albert/busystack/busymark/test/src/writerside_pdf_export_test.dart: final PDF keeps alphabetic starts, separate decimal lists and procedure numbering
03:37 +690: /home/albert/busystack/busymark/test/src/writerside_pdf_export_test.dart: unresolved TOC origin or shared topic fails explicitly (unknown)
03:37 +691: /home/albert/busystack/busymark/test/src/writerside_pdf_export_test.dart: unresolved TOC origin or shared topic fails explicitly (shared-pdf)
03:37 +692: /home/albert/busystack/busymark/test/src/writerside_pdf_export_test.dart: PDF selects shared TOC topics with filename collision=false
03:38 +693: /home/albert/busystack/busymark/test/src/writerside_pdf_export_test.dart: PDF selects shared TOC topics with filename collision=true
03:38 +694: /home/albert/busystack/busymark/test/src/writerside_pdf_export_test.dart: final PDF retains procedure titles, definition terms and linked targets (diagram rendered=true)
03:38 +695: /home/albert/busystack/busymark/test/src/writerside_pdf_export_test.dart: final PDF retains procedure titles, definition terms and linked targets (diagram rendered=false)
03:38 +696: /home/albert/busystack/busymark/test/src/writerside_pdf_export_test.dart: bundled Typst compiles semantic tables, anchors and glossary footnotes
03:38 +697: /home/albert/busystack/busymark/test/src/writerside_pdf_export_test.dart: PDF retains nested chapter bodies and resolves unique internal destinations
03:38 +698: /home/albert/busystack/busymark/test/src/writerside_pdf_export_test.dart: Markdown topic links retain their PDF destinations
03:38 +699: /home/albert/busystack/busymark/test/src/writerside_pdf_export_test.dart: Markdown topic blank lines remain explicit in Writerside PDF
03:38 +700: /home/albert/busystack/busymark/test/src/writerside_pdf_export_test.dart: native export composes the selected instance without a container runtime
03:38 +701: /home/albert/busystack/busymark/test/src/writerside_pdf_export_test.dart: hidden topics remain content and toc-title stays navigation-only
03:38 +702: /home/albert/busystack/busymark/test/src/writerside_pdf_export_test.dart: referenced diagrams keep resolved source and all tab panels reach PDF
03:38 +703: /home/albert/busystack/busymark/test/src/writerside_pdf_export_test.dart: pre-cancelled native export never starts PDF compilation
03:38 +704: /home/albert/busystack/busymark/test/src/writerside_pdf_export_test.dart: unknown Writerside instance is rejected before compilation
03:38 +705: /home/albert/busystack/busymark/test/src/writerside_pdf_export_test.dart: resolution errors prevent PDF compilation
03:38 +706: /home/albert/busystack/busymark/test/src/writerside_pdf_export_test.dart: module validation errors prevent PDF compilation
03:38 +707: /home/albert/busystack/busymark/test/src/writerside_pdf_export_test.dart: module validation warnings are returned to the caller
03:39 +708: /home/albert/busystack/busymark/test/src/writerside_pdf_export_test.dart: nonfatal resolution diagnostics are returned as PDF warnings
03:39 +709: /home/albert/busystack/busymark/test/src/writerside_pdf_export_test.dart: native exporter failures use Writerside failure codes
03:39 +710: /home/albert/busystack/busymark/test/src/writerside_pdf_export_test.dart: native Writerside fixture compiles end to end with bundled Typst
03:39 +711: loading /home/albert/busystack/busymark/test/src/clipboard_history_test.dart
03:41 +711: /home/albert/busystack/busymark/test/src/clipboard_history_test.dart: retains newest first, deduplicates, removes, clears, and evicts by count
03:41 +712: /home/albert/busystack/busymark/test/src/clipboard_history_test.dart: accounts byte budget and rejects an oversized item without truncation
03:41 +713: /home/albert/busystack/busymark/test/src/clipboard_history_test.dart: collection off leaves existing entries and blocks new retention
03:41 +714: /home/albert/busystack/busymark/test/src/clipboard_history_test.dart: current external clipboard remains transient until explicitly retained
03:41 +715: /home/albert/busystack/busymark/test/src/clipboard_history_test.dart: current external HTML keeps its rich and interoperable text representations
03:41 +716: /home/albert/busystack/busymark/test/src/clipboard_history_test.dart: current HTML-only clipboard is eligible without internal ownership
03:41 +717: /home/albert/busystack/busymark/test/src/clipboard_history_test.dart: current source-only clipboard does not invent plain text
03:41 +718: /home/albert/busystack/busymark/test/src/clipboard_history_test.dart: equal visible text with different structure stays distinct
03:41 +719: /home/albert/busystack/busymark/test/src/clipboard_history_test.dart: equal relative markup from different origins stays distinct
03:41 +720: /home/albert/busystack/busymark/test/src/clipboard_history_test.dart: retains whitespace-only text and owns image bytes immutably
03:41 +721: /home/albert/busystack/busymark/test/src/clipboard_history_test.dart: a new provider session starts with no retained history
03:41 +722: /home/albert/busystack/busymark/test/src/clipboard_history_test.dart: insertion registry follows latest target and never retains disposed targets
03:41 +723: /home/albert/busystack/busymark/test/src/clipboard_history_test.dart: unknown token cannot recover rich data through equal plain text
03:41 +724: /home/albert/busystack/busymark/test/src/clipboard_history_test.dart: rich ownership is byte bounded and shares equivalent media
03:41 +725: loading /home/albert/busystack/busymark/test/src/ai_reliability_test.dart
03:44 +725: /home/albert/busystack/busymark/test/src/ai_reliability_test.dart: coordinator honors Retry-After and caps retry attempts
03:44 +726: /home/albert/busystack/busymark/test/src/ai_reliability_test.dart: coordinator never retries after partial output
03:44 +727: /home/albert/busystack/busymark/test/src/ai_reliability_test.dart: coordinator bounds all retries by one total deadline
03:44 +728: /home/albert/busystack/busymark/test/src/ai_reliability_test.dart: global permit pool limits requests across different targets
03:44 +729: /home/albert/busystack/busymark/test/src/ai_reliability_test.dart: request-id cancellation cannot cancel a newer request for the target
03:44 +730: /home/albert/busystack/busymark/test/src/ai_reliability_test.dart: model fallback stays inside the explicitly selected provider
03:44 +731: /home/albert/busystack/busymark/test/src/ai_reliability_test.dart: Ollama uses an absolute deadline even while bytes keep arriving
03:44 +732: /home/albert/busystack/busymark/test/src/ai_reliability_test.dart: cancellation interrupts the preliminary Ollama model request
03:44 +733: /home/albert/busystack/busymark/test/src/ai_reliability_test.dart: Retry-After supports seconds and HTTP dates without negatives
03:44 +734: loading /home/albert/busystack/busymark/test/src/markdown_serializer_metadata_test.dart
03:45 +734: /home/albert/busystack/busymark/test/src/markdown_serializer_metadata_test.dart: partially formatted URL source offsets and text atoms survive save and edit
03:45 +735: /home/albert/busystack/busymark/test/src/markdown_serializer_metadata_test.dart: URL punctuation beside surrounding formatting retains literal and style boundaries
03:45 +736: /home/albert/busystack/busymark/test/src/markdown_serializer_metadata_test.dart: surrounding formatting commits the same URL editing semantics as reopening
03:45 +737: /home/albert/busystack/busymark/test/src/markdown_serializer_metadata_test.dart: bare URL trailing literal punctuation survives serialization and reparse
03:46 +738: /home/albert/busystack/busymark/test/src/markdown_serializer_metadata_test.dart: bare URL character-reference suffix round-trips in MarkdownMode.commonMark: &copy;
03:46 +739: /home/albert/busystack/busymark/test/src/markdown_serializer_metadata_test.dart: bare URL character-reference suffix round-trips in MarkdownMode.commonMark: &amp;
03:46 +740: /home/albert/busystack/busymark/test/src/markdown_serializer_metadata_test.dart: bare URL character-reference suffix round-trips in MarkdownMode.commonMark: &amp;*<tag>
03:46 +741: /home/albert/busystack/busymark/test/src/markdown_serializer_metadata_test.dart: bare URL character-reference suffix round-trips in MarkdownMode.writersideMarkdown: &copy;
03:46 +742: /home/albert/busystack/busymark/test/src/markdown_serializer_metadata_test.dart: bare URL character-reference suffix round-trips in MarkdownMode.writersideMarkdown: &amp;
03:46 +743: /home/albert/busystack/busymark/test/src/markdown_serializer_metadata_test.dart: bare URL character-reference suffix round-trips in MarkdownMode.writersideMarkdown: &amp;*<tag>
03:46 +744: /home/albert/busystack/busymark/test/src/markdown_serializer_metadata_test.dart: unrecognized URL source preserves literal text and metadata in MarkdownMode.commonMark
03:46 +745: /home/albert/busystack/busymark/test/src/markdown_serializer_metadata_test.dart: unrecognized URL source preserves literal text and metadata in MarkdownMode.writersideMarkdown
03:46 +746: /home/albert/busystack/busymark/test/src/markdown_serializer_metadata_test.dart: descendant whitespace preservation prevents ancestor trimming
03:46 +747: /home/albert/busystack/busymark/test/src/markdown_serializer_metadata_test.dart: ordinary and metadata inline emission are byte-identical
03:46 +748: /home/albert/busystack/busymark/test/src/markdown_serializer_metadata_test.dart: bare URL offsets and text atoms stay exact through Enter, edit and save/reparse
03:46 +749: /home/albert/busystack/busymark/test/src/markdown_serializer_metadata_test.dart: bare leaf links use raw URL positions and explicit equal-label links retain delimiters
03:46 +750: /home/albert/busystack/busymark/test/src/markdown_serializer_metadata_test.dart: grouped breaks retain distinct source provenance in one traversal
03:46 +751: /home/albert/busystack/busymark/test/src/markdown_serializer_metadata_test.dart: text-leaf atoms use interior spans and exclude delimiters
03:46 +752: /home/albert/busystack/busymark/test/src/markdown_serializer_metadata_test.dart: table escaping translates leaf spans without changing source
03:46 +753: loading /home/albert/busystack/busymark/test/src/gtk_header_icon_service_test.dart
03:49 +753: /home/albert/busystack/busymark/test/src/gtk_header_icon_service_test.dart: semantic catalog uses the exact native GTK icon names
03:49 +754: /home/albert/busystack/busymark/test/src/gtk_header_icon_service_test.dart: initial load batches direction variants and preserves candidate order
03:49 +755: /home/albert/busystack/busymark/test/src/gtk_header_icon_service_test.dart: explicit Back role survives atomic theme and scale catalog replacement
03:49 +756: loading /home/albert/busystack/busymark/test/src/nextcloud_connection_test.dart
03:50 +756: /home/albert/busystack/busymark/test/src/nextcloud_connection_test.dart: setup stores password only in secret service and metadata in SQLite
03:51 +757: /home/albert/busystack/busymark/test/src/nextcloud_connection_test.dart: locked keyring fails setup without a plaintext account fallback
03:51 +758: /home/albert/busystack/busymark/test/src/nextcloud_connection_test.dart: Notes 6.0.1 connects with API 1.4
03:51 +759: /home/albert/busystack/busymark/test/src/nextcloud_connection_test.dart: production setup preserves the HTTPS-specific validation error
03:51 +760: /home/albert/busystack/busymark/test/src/nextcloud_connection_test.dart: unsupported API rolls back secret and revokes new token
03:51 +761: /home/albert/busystack/busymark/test/src/nextcloud_connection_test.dart: setup revokes the grant even if keyring cleanup fails
03:52 +762: /home/albert/busystack/busymark/test/src/nextcloud_connection_test.dart: reconnect preserves stable account identity and pending note cache
03:52 +763: /home/albert/busystack/busymark/test/src/nextcloud_connection_test.dart: different returned login cannot inherit the existing account outbox
03:52 +764: /home/albert/busystack/busymark/test/src/nextcloud_connection_test.dart: failed remote revocation still removes local account and secret
03:52 +765: /home/albert/busystack/busymark/test/src/nextcloud_connection_test.dart: locked keyring during removal retains account for explicit retry
03:52 +766: loading /home/albert/busystack/busymark/test/src/feedback_service_test.dart
03:53 +766: /home/albert/busystack/busymark/test/src/feedback_service_test.dart: posts the serialized request and returns the server reference
03:53 +767: /home/albert/busystack/busymark/test/src/feedback_service_test.dart: maps connection failures
03:53 +768: /home/albert/busystack/busymark/test/src/feedback_service_test.dart: maps response timeouts
03:53 +769: /home/albert/busystack/busymark/test/src/feedback_service_test.dart: maps HTTP 429 and preserves Retry-After
03:53 +770: /home/albert/busystack/busymark/test/src/feedback_service_test.dart: maps HTTP 400 and 422 to rejected request failures
03:53 +771: /home/albert/busystack/busymark/test/src/feedback_service_test.dart: maps server and malformed-response failures to server errors
03:53 +772: loading /home/albert/busystack/busymark/test/src/app_settings_test.dart
03:55 +772: /home/albert/busystack/busymark/test/src/app_settings_test.dart: hydration and redundant sidebar requests do not count as user transitions
03:55 +773: /home/albert/busystack/busymark/test/src/app_settings_test.dart: window behavior defaults protect unsaved changes
03:55 +774: /home/albert/busystack/busymark/test/src/app_settings_test.dart: reopen workspace setting is migration-safe
03:55 +775: /home/albert/busystack/busymark/test/src/app_settings_test.dart: document view mode defaults to editor
03:55 +776: /home/albert/busystack/busymark/test/src/app_settings_test.dart: auto save defaults to enabled
03:55 +777: /home/albert/busystack/busymark/test/src/app_settings_test.dart: history settings have bounded privacy-preserving defaults
03:55 +778: /home/albert/busystack/busymark/test/src/app_settings_test.dart: history settings validate persisted ranges and absolute exclusions
03:55 +779: /home/albert/busystack/busymark/test/src/app_settings_test.dart: AI defaults disabled and provider settings never persist secrets
03:55 +780: /home/albert/busystack/busymark/test/src/app_settings_test.dart: editing button direction defaults to horizontal
03:55 +781: /home/albert/busystack/busymark/test/src/app_settings_test.dart: editing button direction round-trips through settings JSON
03:55 +782: /home/albert/busystack/busymark/test/src/app_settings_test.dart: remote images default to blocked
03:55 +783: /home/albert/busystack/busymark/test/src/app_settings_test.dart: Git workspaces default to untrusted
03:55 +784: /home/albert/busystack/busymark/test/src/app_settings_test.dart: legacy preview visibility migrates to source mode when hidden
03:55 +785: /home/albert/busystack/busymark/test/src/app_settings_test.dart: language defaults to system locale
03:55 +786: /home/albert/busystack/busymark/test/src/app_settings_test.dart: language override persists as locale tag
03:55 +787: /home/albert/busystack/busymark/test/src/app_settings_test.dart: legacy Norwegian locale tag migrates to Bokmal
03:55 +788: /home/albert/busystack/busymark/test/src/app_settings_test.dart: supported script variants canonicalize to the available catalog
03:55 +789: /home/albert/busystack/busymark/test/src/app_settings_test.dart: regional variants canonicalize and unsupported tags are discarded
03:55 +790: /home/albert/busystack/busymark/test/src/app_settings_test.dart: unused product settings are not persisted
03:55 +791: /home/albert/busystack/busymark/test/src/app_settings_test.dart: file settings store keeps the live JSON intact until publication
03:56 +792: /home/albert/busystack/busymark/test/src/app_settings_test.dart: failed settings publication preserves the previous valid JSON
03:56 +793: /home/albert/busystack/busymark/test/src/app_settings_test.dart: window behavior settings persist
03:56 +794: /home/albert/busystack/busymark/test/src/app_settings_test.dart: auto save setting persists
03:56 +795: /home/albert/busystack/busymark/test/src/app_settings_test.dart: editing button direction setting persists
03:56 +796: /home/albert/busystack/busymark/test/src/app_settings_test.dart: Writerside instance selection and icon color persist across renames
03:56 +797: /home/albert/busystack/busymark/test/src/app_settings_test.dart: initial load preserves user actions made before it completes
03:56 +798: /home/albert/busystack/busymark/test/src/app_settings_test.dart: removing a recent workspace persists without affecting files
03:56 +799: /home/albert/busystack/busymark/test/src/app_settings_test.dart: remote image permissions persist globally and per workspace
03:56 +800: /home/albert/busystack/busymark/test/src/app_settings_test.dart: Git workspace trust persists, normalizes, and can be cleared
03:56 +801: /home/albert/busystack/busymark/test/src/app_settings_test.dart: Git workspace trust follows the canonical workspace identity
03:56 +802: /home/albert/busystack/busymark/test/src/app_settings_test.dart: stored Git trust does not follow a replaced canonical path
03:56 +803: /home/albert/busystack/busymark/test/src/app_settings_test.dart: Git trust preserves leading and trailing path whitespace
03:56 +804: loading /home/albert/busystack/busymark/test/src/spellcheck_projection_test.dart
03:57 +804: /home/albert/busystack/busymark/test/src/spellcheck_projection_test.dart: different live prose still reports incomplete instead of guessed mapping
03:57 +805: /home/albert/busystack/busymark/test/src/spellcheck_projection_test.dart: general Markdown fixture has complete Source and rich spelling mappings
03:58 +806: /home/albert/busystack/busymark/test/src/spellcheck_projection_test.dart: live HTML paste preserves prose and maps spelling before a reload
03:58 +807: /home/albert/busystack/busymark/test/src/spellcheck_projection_test.dart: pasted job maps tables, trailing HTML breaks and address barriers
03:58 +808: /home/albert/busystack/busymark/test/src/spellcheck_projection_test.dart: closing hashes are heading syntax only in an ATX heading
03:58 +809: /home/albert/busystack/busymark/test/src/spellcheck_projection_test.dart: Markdown spelling projection keeps literal unresolved and invalid apparent links checkable
03:58 +810: /home/albert/busystack/busymark/test/src/spellcheck_projection_test.dart: Markdown spelling projection resolves only parser-recognized links and images across revisions
03:58 +811: /home/albert/busystack/busymark/test/src/spellcheck_projection_test.dart: Markdown spelling projection keeps literal trailing braces in paragraph and heading prose
03:58 +812: /home/albert/busystack/busymark/test/src/spellcheck_projection_test.dart: Markdown spelling projection binds recognized images to their exact source occurrence
03:58 +813: /home/albert/busystack/busymark/test/src/spellcheck_projection_test.dart: Markdown spelling projection orders formatting from image labels and surrounding body
03:58 +814: /home/albert/busystack/busymark/test/src/spellcheck_projection_test.dart: Markdown spelling projection recognizes nested syntax inside exact image descriptions
03:58 +815: /home/albert/busystack/busymark/test/src/spellcheck_projection_test.dart: Markdown spelling projection excludes only trailing attributes recognized by the current mode
03:58 +816: /home/albert/busystack/busymark/test/src/spellcheck_projection_test.dart: Markdown spelling projection metadata does not split a surrounding Markdown word
03:58 +817: /home/albert/busystack/busymark/test/src/spellcheck_projection_test.dart: Markdown spelling projection corrects a Markdown body word across independent metadata
03:58 +818: /home/albert/busystack/busymark/test/src/spellcheck_projection_test.dart: Markdown spelling projection maps repeated and formatted prose without searching globally
03:58 +819: /home/albert/busystack/busymark/test/src/spellcheck_projection_test.dart: Markdown spelling projection keeps entities, escapes, links, and table cells source exact
03:58 +820: /home/albert/busystack/busymark/test/src/spellcheck_projection_test.dart: Markdown spelling projection keeps CRLF and repeated occurrence targets exact
03:58 +821: /home/albert/busystack/busymark/test/src/spellcheck_projection_test.dart: Markdown spelling projection uses barriers around excluded authored syntax
03:58 +822: /home/albert/busystack/busymark/test/src/spellcheck_projection_test.dart: Markdown spelling projection excludes a fenced code block nested in a block quote
03:58 +823: /home/albert/busystack/busymark/test/src/spellcheck_projection_test.dart: Markdown spelling projection keeps quoted list fences across blank continuations
03:58 +824: /home/albert/busystack/busymark/test/src/spellcheck_projection_test.dart: Markdown spelling projection counts tab columns in list fence continuations
03:58 +825: /home/albert/busystack/busymark/test/src/spellcheck_projection_test.dart: Markdown spelling projection keeps unmatched delimiters and removes only parsed formatting
03:58 +826: /home/albert/busystack/busymark/test/src/spellcheck_projection_test.dart: Markdown spelling projection maps quoted HTML attribute values from quote boundaries
03:58 +827: /home/albert/busystack/busymark/test/src/spellcheck_projection_test.dart: Markdown spelling projection preserves semantic HTML boundaries and multiline exclusions
03:58 +828: /home/albert/busystack/busymark/test/src/spellcheck_projection_test.dart: Markdown spelling projection keeps comparison prose and scans multiline HTML tags exactly
03:58 +829: /home/albert/busystack/busymark/test/src/spellcheck_projection_test.dart: Markdown spelling projection keeps escaped multiline tag-like prose checkable
03:58 +830: /home/albert/busystack/busymark/test/src/spellcheck_projection_test.dart: Markdown spelling projection removes delimiters when a correction empties formatting
03:58 +831: /home/albert/busystack/busymark/test/src/spellcheck_projection_test.dart: Markdown spelling projection uses parser-compatible percentages escapes and code spans
03:58 +832: /home/albert/busystack/busymark/test/src/spellcheck_projection_test.dart: Markdown spelling projection retains complete formatting ancestors across opaque children
03:58 +833: /home/albert/busystack/busymark/test/src/spellcheck_projection_test.dart: Markdown spelling projection validates formatting gaps in regional coordinates
03:58 +834: /home/albert/busystack/busymark/test/src/spellcheck_projection_test.dart: Markdown spelling projection accepts canonically equivalent mapped replacement text
03:58 +835: /home/albert/busystack/busymark/test/src/spellcheck_projection_test.dart: Markdown spelling projection link titles use exact quote boundaries before trailing whitespace
03:58 +836: /home/albert/busystack/busymark/test/src/spellcheck_projection_test.dart: Markdown spelling projection recognized link and image titles use their authored boundaries
03:58 +837: /home/albert/busystack/busymark/test/src/spellcheck_projection_test.dart: Markdown spelling projection destination-only links and images do not expose a false title
03:58 +838: /home/albert/busystack/busymark/test/src/spellcheck_projection_test.dart: Markdown spelling projection recognized multiline links consume one mapped occurrence
03:58 +839: /home/albert/busystack/busymark/test/src/spellcheck_projection_test.dart: Markdown spelling projection multiline link labels keep container prefixes out of prose
03:58 +840: /home/albert/busystack/busymark/test/src/spellcheck_projection_test.dart: Markdown spelling projection multiline mapped labels agree with rich prose and corrections
03:58 +841: /home/albert/busystack/busymark/test/src/spellcheck_projection_test.dart: Markdown spelling projection inline HTML breaks in link labels agree with rich prose
03:59 +842: /home/albert/busystack/busymark/test/src/spellcheck_projection_test.dart: Markdown spelling projection code-styled image alternative text agrees with rich image field
03:59 +843: /home/albert/busystack/busymark/test/src/spellcheck_projection_test.dart: Markdown spelling projection image code and Markdown hard breaks retain image alt semantics
03:59 +844: /home/albert/busystack/busymark/test/src/spellcheck_projection_test.dart: Markdown spelling projection image code hard-break corrections retain authored source
03:59 +845: /home/albert/busystack/busymark/test/src/spellcheck_projection_test.dart: Markdown spelling projection container image code matches the block-parsed alternative: list
03:59 +846: /home/albert/busystack/busymark/test/src/spellcheck_projection_test.dart: Markdown spelling projection container image code matches the block-parsed alternative: quote
03:59 +847: /home/albert/busystack/busymark/test/src/spellcheck_projection_test.dart: Markdown spelling projection container image code matches the block-parsed alternative: crlf-after-content
03:59 +848: /home/albert/busystack/busymark/test/src/spellcheck_projection_test.dart: Markdown spelling projection container image code matches the block-parsed alternative: combined-quote-list
03:59 +849: /home/albert/busystack/busymark/test/src/spellcheck_projection_test.dart: Markdown spelling projection container image code matches the block-parsed alternative: nested-image
03:59 +850: /home/albert/busystack/busymark/test/src/spellcheck_projection_test.dart: Markdown spelling projection container image code matches the block-parsed alternative: authored-inner-spaces
03:59 +851: /home/albert/busystack/busymark/test/src/spellcheck_projection_test.dart: Markdown spelling projection container image code matches the block-parsed alternative: authored-continuation-space
03:59 +852: /home/albert/busystack/busymark/test/src/spellcheck_projection_test.dart: Markdown spelling projection container image code matches the block-parsed alternative: literal-code-syntax
03:59 +853: /home/albert/busystack/busymark/test/src/spellcheck_projection_test.dart: Markdown spelling projection nested image code inherits the enclosing container mapping
03:59 +854: /home/albert/busystack/busymark/test/src/spellcheck_projection_test.dart: Markdown spelling projection link title keeps literal inline-break markup as scalar text
03:59 +855: /home/albert/busystack/busymark/test/src/spellcheck_projection_test.dart: Markdown spelling projection multiline code inside a link label stays opaque
03:59 +856: /home/albert/busystack/busymark/test/src/spellcheck_projection_test.dart: Markdown spelling projection multiline nested-image destination stays outside outer prose
03:59 +857: /home/albert/busystack/busymark/test/src/spellcheck_projection_test.dart: Markdown spelling projection nested label syntax owns its breaks before outer prose resumes
03:59 +858: /home/albert/busystack/busymark/test/src/spellcheck_projection_test.dart: Markdown spelling projection metadata scalar tag-like text remains checkable
03:59 +859: /home/albert/busystack/busymark/test/src/spellcheck_projection_test.dart: Markdown spelling projection parenthesized title replacement escapes its own delimiter
03:59 +860: /home/albert/busystack/busymark/test/src/spellcheck_projection_test.dart: Markdown spelling projection semantic leaf blocks define independent complete prose runs
03:59 +861: /home/albert/busystack/busymark/test/src/spellcheck_projection_test.dart: Markdown spelling projection projects semantic HTML prose and trusts parser math nodes
03:59 +862: /home/albert/busystack/busymark/test/src/spellcheck_projection_test.dart: Markdown spelling projection large formatting-heavy projection and correction stay bounded
03:59 +863: /home/albert/busystack/busymark/test/src/spellcheck_projection_test.dart: Writerside XML spelling projection keeps inline body words intact across readable attributes
03:59 +864: /home/albert/busystack/busymark/test/src/spellcheck_projection_test.dart: Writerside XML spelling projection corrects XML body and encoded metadata independently
03:59 +865: /home/albert/busystack/busymark/test/src/spellcheck_projection_test.dart: Writerside XML spelling projection excludes visible addresses in encoded text and CDATA
03:59 +866: /home/albert/busystack/busymark/test/src/spellcheck_projection_test.dart: Writerside XML spelling projection maps text, entities, CDATA, and positive attributes
03:59 +867: /home/albert/busystack/busymark/test/src/spellcheck_projection_test.dart: Writerside XML spelling projection reports malformed XML as incomplete without guessed targets
03:59 +868: /home/albert/busystack/busymark/test/src/spellcheck_projection_test.dart: Writerside XML spelling projection clips CDATA occurrences while preserving repeated surrounding text
03:59 +869: /home/albert/busystack/busymark/test/src/spellcheck_projection_test.dart: Writerside XML spelling projection maps line breaks, excludes variables, and includes controls
03:59 +870: /home/albert/busystack/busymark/test/src/spellcheck_projection_test.dart: Writerside XML spelling projection excludes entity-encoded variables after XML decoding
03:59 +871: /home/albert/busystack/busymark/test/src/spellcheck_projection_test.dart: Writerside XML spelling projection keeps decomposed Unicode in XML and CDATA corrections
03:59 +872: /home/albert/busystack/busymark/test/src/spellcheck_projection_test.dart: exact rich correction nested image descriptions retain recursive spelling policy
03:59 +873: /home/albert/busystack/busymark/test/src/spellcheck_projection_test.dart: exact rich correction source-backed rich correction preserves images beside math
03:59 +874: /home/albert/busystack/busymark/test/src/spellcheck_projection_test.dart: exact rich correction source-backed table image and math correction preserves cell source
03:59 +875: /home/albert/busystack/busymark/test/src/spellcheck_projection_test.dart: exact rich correction neighboring prose in a math image field keeps exact source
03:59 +876: /home/albert/busystack/busymark/test/src/spellcheck_projection_test.dart: exact rich correction image ownership continues across ordinary and math fields
03:59 +877: /home/albert/busystack/busymark/test/src/spellcheck_projection_test.dart: exact rich correction image description spelling agrees across source and rich fields
03:59 +878: /home/albert/busystack/busymark/test/src/spellcheck_projection_test.dart: exact rich correction rich image spelling changes only the mapped source word
03:59 +879: /home/albert/busystack/busymark/test/src/spellcheck_projection_test.dart: exact rich correction container image code corrects after continuation in rich editor
03:59 +880: /home/albert/busystack/busymark/test/src/spellcheck_projection_test.dart: exact rich correction code-styled image alternative corrects through rich controller
03:59 +881: /home/albert/busystack/busymark/test/src/spellcheck_projection_test.dart: exact rich correction image code punctuation correction retains literal code meaning
03:59 +882: /home/albert/busystack/busymark/test/src/spellcheck_projection_test.dart: exact rich correction multiline link label correction uses rich controller mapping
03:59 +883: /home/albert/busystack/busymark/test/src/spellcheck_projection_test.dart: exact rich correction maps all rich fields without requiring parser block spans: # Introduction

- [Overview](#overview)
  - [Motivation](#motivation)
- [Discussion](#discussion)
<!-- busymark:toc:end -->

## Overview

helo **world**

helo world

03:59 +884: /home/albert/busystack/busymark/test/src/spellcheck_projection_test.dart: exact rich correction maps all rich fields without requiring parser block spans: - helo
  - helo

helo

03:59 +885: /home/albert/busystack/busymark/test/src/spellcheck_projection_test.dart: exact rich correction maps all rich fields without requiring parser block spans: <!-- hidden comment -->

helo

03:59 +886: /home/albert/busystack/busymark/test/src/spellcheck_projection_test.dart: exact rich correction escaped comment prose is still an editable rich spelling field
03:59 +887: /home/albert/busystack/busymark/test/src/spellcheck_projection_test.dart: exact rich correction maps hard breaks by structural field identity
03:59 +888: /home/albert/busystack/busymark/test/src/spellcheck_projection_test.dart: exact rich correction removes a rich formatting container emptied by deletion
03:59 +889: /home/albert/busystack/busymark/test/src/spellcheck_projection_test.dart: exact rich correction retains current source anchors and source-only title targets
03:59 +890: /home/albert/busystack/busymark/test/src/spellcheck_projection_test.dart: exact rich correction rich links keep all title delimiters source-only
04:00 +891: /home/albert/busystack/busymark/test/src/spellcheck_projection_test.dart: exact rich correction preserves formatting ownership across leaves
04:00 +892: /home/albert/busystack/busymark/test/src/spellcheck_projection_test.dart: exact rich correction keeps trailing formatting on its original leaf
04:00 +893: /home/albert/busystack/busymark/test/src/spellcheck_projection_test.dart: exact rich correction preserves link destination and table structure
04:00 +894: /home/albert/busystack/busymark/test/src/spellcheck_projection_test.dart: exact rich correction maps and corrects a table-cell field containing inline math
04:00 +895: /home/albert/busystack/busymark/test/src/spellcheck_projection_test.dart: exact rich correction corrects transformed prose in table math source fields
04:00 +896: /home/albert/busystack/busymark/test/src/spellcheck_projection_test.dart: exact rich correction corrects formatted and encoded prose in math source fields
04:00 +897: /home/albert/busystack/busymark/test/src/spellcheck_projection_test.dart: exact rich correction owns every nested wrapper in paragraph math-source fields
04:00 +898: loading /home/albert/busystack/busymark/test/src/linux_gtk_accent_service_test.dart
04:00 +898: /home/albert/busystack/busymark/test/src/linux_gtk_accent_service_test.dart: validates availability, finite normalized RGB and payload shape
04:00 +899: /home/albert/busystack/busymark/test/src/linux_gtk_accent_service_test.dart: attaches before snapshot and rejects a superseded snapshot
04:00 +900: /home/albert/busystack/busymark/test/src/linux_gtk_accent_service_test.dart: replays current value, deduplicates and safely resubscribes
04:00 +901: /home/albert/busystack/busymark/test/src/linux_gtk_accent_service_test.dart: missing channels are unavailable and cancellable
04:00 +902: /home/albert/busystack/busymark/test/src/linux_gtk_accent_service_test.dart: cancellation while snapshot is pending discards its result
04:00 +903: /home/albert/busystack/busymark/test/src/linux_gtk_accent_service_test.dart: silent channels expire locally and unsuperseded late snapshot recovers
04:00 +904: /home/albert/busystack/busymark/test/src/linux_gtk_accent_service_test.dart: new unavailable event invalidates older read and deadline
04:00 +905: /home/albert/busystack/busymark/test/src/linux_gtk_accent_service_test.dart: cancellation while both native calls pending rejects late errors
04:01 +906: loading /home/albert/busystack/busymark/test/src/writerside_project_creator_test.dart
04:03 +906: /home/albert/busystack/busymark/test/src/writerside_project_creator_test.dart: creates starter project scaffold and loads without diagnostics
04:04 +907: /home/albert/busystack/busymark/test/src/writerside_project_creator_test.dart: derives the starter topic filename from its title
04:04 +908: /home/albert/busystack/busymark/test/src/writerside_project_creator_test.dart: creates starter project with Unicode directory and instance ID
04:04 +909: /home/albert/busystack/busymark/test/src/writerside_project_creator_test.dart: escapes XML-sensitive project names in writerside.cfg
04:05 +910: /home/albert/busystack/busymark/test/src/writerside_project_creator_test.dart: sanitizes start topic title as plain Markdown heading text
04:05 +911: /home/albert/busystack/busymark/test/src/writerside_project_creator_test.dart: rejects existing non-empty target directory and does not overwrite files
04:05 +912: /home/albert/busystack/busymark/test/src/writerside_project_creator_test.dart: rejects an existing project target symlink without writing through it
04:05 +913: /home/albert/busystack/busymark/test/src/writerside_project_creator_test.dart: canonicalizes a project parent selected through a symlink
04:05 +914: /home/albert/busystack/busymark/test/src/writerside_project_creator_test.dart: rejects unsafe create request names before writing files
04:05 +915: loading /home/albert/busystack/busymark/test/src/pdf_title_page_ui_test.dart
04:05 +915: /home/albert/busystack/busymark/test/src/pdf_title_page_ui_test.dart: cover edits survive toggling and format changes, validate, reset, and do not leak through preferences
04:08 +916: /home/albert/busystack/busymark/test/src/pdf_title_page_ui_test.dart: instance changes refresh automatic fields without replacing edited or cleared text
04:09 +917: /home/albert/busystack/busymark/test/src/pdf_title_page_ui_test.dart: settings without a document show only the reusable cover preference
04:09 +918: /home/albert/busystack/busymark/test/src/pdf_title_page_ui_test.dart: Direct PDF Markdown forwards current defaults and export-owned text
04:10 +919: /home/albert/busystack/busymark/test/src/pdf_title_page_ui_test.dart: Direct PDF Writerside forwards current defaults and export-owned text
04:11 +920: /home/albert/busystack/busymark/test/src/pdf_title_page_ui_test.dart: Unified PDF Markdown forwards current defaults and export-owned text
04:11 +921: /home/albert/busystack/busymark/test/src/pdf_title_page_ui_test.dart: Unified PDF Writerside forwards current defaults and export-owned text
04:12 +922: loading /home/albert/busystack/busymark/test/src/visualization_packaging_audit_test.dart
04:13 +922: /home/albert/busystack/busymark/test/src/visualization_packaging_audit_test.dart: README screenshot references resolve to checked-in images
04:13 +923: /home/albert/busystack/busymark/test/src/visualization_packaging_audit_test.dart: release metadata is consistent and production-grade
04:13 +924: /home/albert/busystack/busymark/test/src/visualization_packaging_audit_test.dart: web engines are exact, checksummed, licensed, and installed offline
04:13 +925: /home/albert/busystack/busymark/test/src/visualization_packaging_audit_test.dart: D2 is checksum pinned for amd64 and installed with notices
04:13 +926: /home/albert/busystack/busymark/test/src/visualization_packaging_audit_test.dart: Linux CI builds and exercises the bundled visualization stack
04:13 +927: /home/albert/busystack/busymark/test/src/visualization_packaging_audit_test.dart: only offscreen WebKit views disable hardware compositing
04:13 +928: /home/albert/busystack/busymark/test/src/visualization_packaging_audit_test.dart: WebKit host and harness disable persistence and external resources
04:13 +929: loading /home/albert/busystack/busymark/test/src/workspace_safety_test.dart
04:14 +929: /home/albert/busystack/busymark/test/src/workspace_safety_test.dart: unsaved changes dialog aborts destructive navigation on cancel
04:16 +930: /home/albert/busystack/busymark/test/src/workspace_safety_test.dart: discarding unsaved changes prevents repeated prompts
04:16 +931: /home/albert/busystack/busymark/test/src/workspace_safety_test.dart: destructive dialog buttons stay readable on dark controls
04:16 +932: /home/albert/busystack/busymark/test/src/workspace_safety_test.dart: unsaved changes Discard action renders white in the dark dialog
04:16 +933: /home/albert/busystack/busymark/test/src/workspace_safety_test.dart: overwrite confirmation stays pinned to the document being saved
04:16 +934: /home/albert/busystack/busymark/test/src/workspace_safety_test.dart: overlapping manual saves write the newer requested revision
04:16 +935: /home/albert/busystack/busymark/test/src/workspace_safety_test.dart: save completes for its buffer when the active document changes
04:16 +936: /home/albert/busystack/busymark/test/src/workspace_safety_test.dart: Save As stays pinned while the file picker is open
04:16 +937: /home/albert/busystack/busymark/test/src/workspace_safety_test.dart: Save As cancel does not overwrite an existing normalized markdown path
04:16 +938: /home/albert/busystack/busymark/test/src/workspace_safety_test.dart: Save As overwrites an existing normalized markdown path only after confirmation
04:16 +939: /home/albert/busystack/busymark/test/src/workspace_safety_test.dart: Save As cancels when the document changes during path lookup
04:16 +940: /home/albert/busystack/busymark/test/src/workspace_safety_test.dart: discard confirmation cannot discard a newly active document
04:16 +941: /home/albert/busystack/busymark/test/src/workspace_safety_test.dart: workspace continuation resolves inactive dirty documents too
04:17 +942: /home/albert/busystack/busymark/test/src/workspace_safety_test.dart: closing one dirty tab can save it while another stays dirty
04:17 +943: /home/albert/busystack/busymark/test/src/workspace_safety_test.dart: closing one dirty tab can discard it while another stays dirty
04:17 +944: loading /home/albert/busystack/busymark/test/src/linux_header_bar_service_test.dart
04:17 +944: /home/albert/busystack/busymark/test/src/linux_header_bar_service_test.dart: headerbar update retries native channel initialization after early miss
04:17 +945: /home/albert/busystack/busymark/test/src/linux_header_bar_service_test.dart: headerbar forwards text direction updates
04:17 +946: /home/albert/busystack/busymark/test/src/linux_header_bar_service_test.dart: headerbar action events preserve repeated identical clicks
04:17 +947: /home/albert/busystack/busymark/test/src/linux_header_bar_service_test.dart: native search events and focus request keep semantic meaning
04:17 +948: loading /home/albert/busystack/busymark/test/src/source_editor_widget_test.dart
04:24 +948: /home/albert/busystack/busymark/test/src/source_editor_widget_test.dart: Source pastes a web layout table as a complete document
04:25 +949: /home/albert/busystack/busymark/test/src/source_editor_widget_test.dart: search replacement recovers after editing a pending result (current)
04:25 +950: /home/albert/busystack/busymark/test/src/source_editor_widget_test.dart: search replacement recovers after editing a pending result (find next)
04:26 +951: /home/albert/busystack/busymark/test/src/source_editor_widget_test.dart: search replacement recovers after editing a missing result (current)
04:26 +952: /home/albert/busystack/busymark/test/src/source_editor_widget_test.dart: search replacement recovers after editing a missing result (find next)
04:26 +953: /home/albert/busystack/busymark/test/src/source_editor_widget_test.dart: Replace current follows selected result with 3 matches
04:27 +954: /home/albert/busystack/busymark/test/src/source_editor_widget_test.dart: Replace current follows selected result with 3000 matches
04:28 +955: /home/albert/busystack/busymark/test/src/source_editor_widget_test.dart: search navigation retains a later window when unfolding
04:28 +956: /home/albert/busystack/busymark/test/src/source_editor_widget_test.dart: spelling review caret uses full offsets after an earlier fold
04:28 +957: /home/albert/busystack/busymark/test/src/source_editor_widget_test.dart: spelling reveal unfolds and retains the word selection
04:28 +958: /home/albert/busystack/busymark/test/src/source_editor_widget_test.dart: Source Markdown spelling painter ignores selection and tracks composition
04:29 +959: /home/albert/busystack/busymark/test/src/source_editor_widget_test.dart: Source Writerside Markdown spelling painter ignores selection and tracks composition
04:29 +960: /home/albert/busystack/busymark/test/src/source_editor_widget_test.dart: Source XML spelling painter ignores selection and tracks composition
04:29 +961: /home/albert/busystack/busymark/test/src/source_editor_widget_test.dart: source AI action applies a selection through the editor path
04:29 +962: /home/albert/busystack/busymark/test/src/source_editor_widget_test.dart: source spelling menu targets the pointer occurrence exactly
04:29 +963: /home/albert/busystack/busymark/test/src/source_editor_widget_test.dart: source spelling language uses a checked native submenu without a dialog
04:29 +964: /home/albert/busystack/busymark/test/src/source_editor_widget_test.dart: source spelling menu converts folded offsets to full source
04:29 +965: /home/albert/busystack/busymark/test/src/source_editor_widget_test.dart: source AI applies a user-selected insertion target
04:29 +966: /home/albert/busystack/busymark/test/src/source_editor_widget_test.dart: source editor remains LTR inside an Arabic interface
04:29 +967: /home/albert/busystack/busymark/test/src/source_editor_widget_test.dart: source editor shows large-file fallback status
04:46 +968: /home/albert/busystack/busymark/test/src/source_editor_widget_test.dart: source editor renders visible diagnostic gutter tooltip
04:46 +969: /home/albert/busystack/busymark/test/src/source_editor_widget_test.dart: source search localizes an invalid regular expression
04:46 +970: /home/albert/busystack/busymark/test/src/source_editor_widget_test.dart: source search reports no current match before navigation
04:46 +971: /home/albert/busystack/busymark/test/src/source_editor_widget_test.dart: source fold and search options use semantic icon buttons
04:46 +972: /home/albert/busystack/busymark/test/src/source_editor_widget_test.dart: source Replace All is one editor operation
04:47 +973: /home/albert/busystack/busymark/test/src/source_editor_widget_test.dart: source Replace and Find Next selects the logical next match
04:47 +974: /home/albert/busystack/busymark/test/src/source_editor_widget_test.dart: shifted folded regions are persisted after edit debounce
04:47 +975: /home/albert/busystack/busymark/test/src/source_editor_widget_test.dart: source sessions ignore render notifications and coalesce scrolling
04:47 +976: /home/albert/busystack/busymark/test/src/source_editor_widget_test.dart: source editor gives glyphs, caret, and selection breathing room
04:47 +977: /home/albert/busystack/busymark/test/src/source_editor_widget_test.dart: source heading selections cover styled glyphs evenly
04:47 +978: /home/albert/busystack/busymark/test/src/source_editor_widget_test.dart: source heading caret advances after a typed space
04:47 +979: /home/albert/busystack/busymark/test/src/source_editor_widget_test.dart: source caret follows an immediate end-of-file contraction
04:47 +980: /home/albert/busystack/busymark/test/src/source_editor_widget_test.dart: Tab indents selected Source lines without replacing text
04:47 +981: /home/albert/busystack/busymark/test/src/source_editor_widget_test.dart: source symbol shortcuts dispatch the full source caret
04:47 +982: /home/albert/busystack/busymark/test/src/source_editor_widget_test.dart: Ctrl+Space opens project-aware source completion
04:47 +983: /home/albert/busystack/busymark/test/src/source_editor_widget_test.dart: wordWrap false uses one horizontally scrollable layout
04:47 +984: /home/albert/busystack/busymark/test/src/source_editor_widget_test.dart: source input preserves an active IME composing range
04:48 +985: /home/albert/busystack/busymark/test/src/source_editor_widget_test.dart: active IME composition defers Enter to the input method
04:48 +986: /home/albert/busystack/busymark/test/src/source_editor_widget_test.dart: active IME composition defers Tab to the input method
04:48 +987: /home/albert/busystack/busymark/test/src/source_editor_widget_test.dart: active IME composition defers autocomplete Escape to the input method
04:48 +988: /home/albert/busystack/busymark/test/src/source_editor_widget_test.dart: active IME composition defers the autocomplete shortcut
04:48 +989: /home/albert/busystack/busymark/test/src/source_editor_widget_test.dart: focused Source accepts authoritative parent text updates
04:48 +990: /home/albert/busystack/busymark/test/src/source_editor_widget_test.dart: source keyboard copy retains exact whitespace once
04:48 +991: /home/albert/busystack/busymark/test/src/source_editor_widget_test.dart: Source normal HTML paste converts while plain paste uses text
04:48 +992: /home/albert/busystack/busymark/test/src/source_editor_widget_test.dart: Source CRLF structured paste is one exact undo transaction
04:48 +993: /home/albert/busystack/busymark/test/src/source_editor_widget_test.dart: Source plain paste keeps LF bytes in a CRLF document
04:48 +994: /home/albert/busystack/busymark/test/src/source_editor_widget_test.dart: Source structured inline paste keeps surrounding text inline
04:48 +995: /home/albert/busystack/busymark/test/src/source_editor_widget_test.dart: Source structured block paste adds Markdown boundaries
04:48 +996: /home/albert/busystack/busymark/test/src/source_editor_widget_test.dart: Source structured blocks keep boundaries at every position

Warning: A call to tap() with finder "Found 1 widget with type "TextField": [
  TextField(controller: BusyMarkSourceController#f8e32(TextEditingValue(text: ┤leftright├, selection: TextSelection.collapsed(offset: 9, affinity: TextAffinity.downstream, isDirectional: false), composing: TextRange(start: -1, end: -1))), focusNode: FocusNode#db76f, undoController: UndoHistoryController#856b3(UndoHistoryValue(canUndo: false, canRedo: false)), decoration: InputDecoration(contentPadding: EdgeInsets(12.0, 16.0, 16.0, 16.0), isCollapsed: true, fillColor: Color(alpha: 0.0000, red: 0.0000, green: 0.0000, blue: 0.0000, colorSpace: ColorSpace.sRGB), focusColor: Color(alpha: 0.0000, red: 0.0000, green: 0.0000, blue: 0.0000, colorSpace: ColorSpace.sRGB), hoverColor: Color(alpha: 0.0000, red: 0.0000, green: 0.0000, blue: 0.0000, colorSpace: ColorSpace.sRGB), focusedBorder: _NoInputBorder(), enabledBorder: _NoInputBorder(), border: _NoInputBorder()), keyboardType: TextInputType(name: TextInputType.multiline, signed: null, decimal: null), style: TextStyle(inherit: true, family: Ubuntu Mono, familyFallback: [Noto Sans Arabic, Noto Sans Mono, DejaVu Sans Mono, DejaVu Sans], size: 14.0, height: 1.6x, leadingDistribution: even), autocorrect: false, smartDashesType: disabled, smartQuotesType: disabled, enableSuggestions: false, maxLines: null, expands: true, textAlignVertical: TextAlignVertical(y: -1.0), textDirection: ltr, cursorWidth: 1.4, cursorHeight: 18.8, cursorColor: Color(alpha: 0.8200, red: 0.9686, green: 0.9686, blue: 0.9686, colorSpace: ColorSpace.sRGB), scrollController: ScrollController#9cdcf(one client, offset 0.0), dependencies: [DefaultSelectionStyle, InheritedCupertinoTheme, MediaQuery, UnmanagedRestorationScope, _InheritedTheme, _LocalizationsScope-[GlobalKey#b8835]], state: _TextFieldState#2963a),
]" derived an Offset (Offset(425.5, 300.0)) that would not hit test on the specified widget.
Maybe the widget is actually off-screen, or another widget is obscuring it, or the widget cannot receive pointer events.
The finder corresponds to this RenderBox: RenderMouseRegion#78d04
The hit test result at that offset is: HitTestResult(RenderMouseRegion#1ac4c@Offset(425.5, 300.0), RenderSemanticsAnnotations#b4833@Offset(425.5, 300.0), RenderPointerListener#2f545@Offset(425.5, 300.0), RenderSemanticsGestureHandler#4afd7@Offset(425.5, 300.0), RenderExcludeSemantics#64003@Offset(425.5, 300.0), RenderBlockSemantics#6f746@Offset(425.5, 300.0), RenderIgnorePointer#6fbb4@Offset(425.5, 300.0), RenderSemanticsAnnotations#e75a2@Offset(425.5, 300.0), _RenderTheater#10839@Offset(425.5, 300.0), RenderAbsorbPointer#a4a59@Offset(425.5, 300.0), RenderPointerListener#82490@Offset(425.5, 300.0), RenderSemanticsAnnotations#8cf87@Offset(425.5, 300.0), RenderCustomPaint#3bebf@Offset(425.5, 300.0), RenderSemanticsAnnotations#67e25@Offset(425.5, 300.0), RenderSemanticsAnnotations#ff792@Offset(425.5, 300.0), RenderSemanticsAnnotations#157e2@Offset(425.5, 300.0), RenderTapRegionSurface#4d0e2@Offset(425.5, 300.0), RenderSemanticsAnnotations#6df89@Offset(425.5, 300.0), RenderSemanticsAnnotations#93542@Offset(425.5, 300.0), HitTestEntry<HitTestTarget>#813a1(_ReusableRenderView#6a9e0), HitTestEntry<HitTestTarget>#81110(<AutomatedTestWidgetsFlutterBinding>))
#0      WidgetController._getElementPoint (package:flutter_test/src/controller.dart:2165:25)
#1      WidgetController.getCenter (package:flutter_test/src/controller.dart:1947:12)
#2      WidgetController.tap (package:flutter_test/src/controller.dart:1080:7)
#3      _pumpClipboardSourceEditor (file:///home/albert/busystack/busymark/test/src/source_editor_widget_test.dart:9400:16)
<asynchronous suspension>
#4      main.<anonymous closure> (file:///home/albert/busystack/busymark/test/src/source_editor_widget_test.dart:2597:26)
<asynchronous suspension>
#5      testWidgets.<anonymous closure>.<anonymous closure> (package:flutter_test/src/widget_tester.dart:192:15)
<asynchronous suspension>
#6      TestWidgetsFlutterBinding._runTestBody (package:flutter_test/src/binding.dart:1953:5)
<asynchronous suspension>
#7      StackZoneSpecification._registerCallback.<anonymous closure> (package:stack_trace/src/stack_zone_specification.dart:114:42)
<asynchronous suspension>
To silence this warning, pass "warnIfMissed: false" to "tap()".
To make this warning fatal, set WidgetController.hitTestWarningShouldBeFatal to true.

04:48 +997: /home/albert/busystack/busymark/test/src/source_editor_widget_test.dart: Source complete heading list and code blocks retain structure at every paragraph position

Warning: A call to tap() with finder "Found 1 widget with type "TextField": [
  TextField(controller: BusyMarkSourceController#11591(TextEditingValue(text: ┤leftright├, selection: TextSelection.collapsed(offset: 9, affinity: TextAffinity.downstream, isDirectional: false), composing: TextRange(start: -1, end: -1))), focusNode: FocusNode#0e89f, undoController: UndoHistoryController#c5b74(UndoHistoryValue(canUndo: false, canRedo: false)), decoration: InputDecoration(contentPadding: EdgeInsets(12.0, 16.0, 16.0, 16.0), isCollapsed: true, fillColor: Color(alpha: 0.0000, red: 0.0000, green: 0.0000, blue: 0.0000, colorSpace: ColorSpace.sRGB), focusColor: Color(alpha: 0.0000, red: 0.0000, green: 0.0000, blue: 0.0000, colorSpace: ColorSpace.sRGB), hoverColor: Color(alpha: 0.0000, red: 0.0000, green: 0.0000, blue: 0.0000, colorSpace: ColorSpace.sRGB), focusedBorder: _NoInputBorder(), enabledBorder: _NoInputBorder(), border: _NoInputBorder()), keyboardType: TextInputType(name: TextInputType.multiline, signed: null, decimal: null), style: TextStyle(inherit: true, family: Ubuntu Mono, familyFallback: [Noto Sans Arabic, Noto Sans Mono, DejaVu Sans Mono, DejaVu Sans], size: 14.0, height: 1.6x, leadingDistribution: even), autocorrect: false, smartDashesType: disabled, smartQuotesType: disabled, enableSuggestions: false, maxLines: null, expands: true, textAlignVertical: TextAlignVertical(y: -1.0), textDirection: ltr, cursorWidth: 1.4, cursorHeight: 18.8, cursorColor: Color(alpha: 0.8200, red: 0.9686, green: 0.9686, blue: 0.9686, colorSpace: ColorSpace.sRGB), scrollController: ScrollController#c5f60(one client, offset 0.0), dependencies: [DefaultSelectionStyle, InheritedCupertinoTheme, MediaQuery, UnmanagedRestorationScope, _InheritedTheme, _LocalizationsScope-[GlobalKey#92287]], state: _TextFieldState#4329e),
]" derived an Offset (Offset(425.5, 300.0)) that would not hit test on the specified widget.
Maybe the widget is actually off-screen, or another widget is obscuring it, or the widget cannot receive pointer events.
The finder corresponds to this RenderBox: RenderMouseRegion#f4d04
The hit test result at that offset is: HitTestResult(RenderMouseRegion#d82a3@Offset(425.5, 300.0), RenderSemanticsAnnotations#5f29f@Offset(425.5, 300.0), RenderPointerListener#04c89@Offset(425.5, 300.0), RenderSemanticsGestureHandler#56ae0@Offset(425.5, 300.0), RenderExcludeSemantics#01352@Offset(425.5, 300.0), RenderBlockSemantics#c5144@Offset(425.5, 300.0), RenderIgnorePointer#56da8@Offset(425.5, 300.0), RenderSemanticsAnnotations#4b8b5@Offset(425.5, 300.0), _RenderTheater#24245@Offset(425.5, 300.0), RenderAbsorbPointer#aae85@Offset(425.5, 300.0), RenderPointerListener#a7453@Offset(425.5, 300.0), RenderSemanticsAnnotations#c66e2@Offset(425.5, 300.0), RenderCustomPaint#01fc8@Offset(425.5, 300.0), RenderSemanticsAnnotations#fbbd6@Offset(425.5, 300.0), RenderSemanticsAnnotations#dcce0@Offset(425.5, 300.0), RenderSemanticsAnnotations#e3ffd@Offset(425.5, 300.0), RenderTapRegionSurface#28afb@Offset(425.5, 300.0), RenderSemanticsAnnotations#7d010@Offset(425.5, 300.0), RenderSemanticsAnnotations#ded4a@Offset(425.5, 300.0), HitTestEntry<HitTestTarget>#00f1d(_ReusableRenderView#6a9e0), HitTestEntry<HitTestTarget>#b914d(<AutomatedTestWidgetsFlutterBinding>))
#0      WidgetController._getElementPoint (package:flutter_test/src/controller.dart:2165:25)
#1      WidgetController.getCenter (package:flutter_test/src/controller.dart:1947:12)
#2      WidgetController.tap (package:flutter_test/src/controller.dart:1080:7)
#3      _pumpClipboardSourceEditor (file:///home/albert/busystack/busymark/test/src/source_editor_widget_test.dart:9400:16)
<asynchronous suspension>
#4      main.<anonymous closure> (file:///home/albert/busystack/busymark/test/src/source_editor_widget_test.dart:2633:30)
<asynchronous suspension>
#5      testWidgets.<anonymous closure>.<anonymous closure> (package:flutter_test/src/widget_tester.dart:192:15)
<asynchronous suspension>
#6      TestWidgetsFlutterBinding._runTestBody (package:flutter_test/src/binding.dart:1953:5)
<asynchronous suspension>
#7      StackZoneSpecification._registerCallback.<anonymous closure> (package:stack_trace/src/stack_zone_specification.dart:114:42)
<asynchronous suspension>
To silence this warning, pass "warnIfMissed: false" to "tap()".
To make this warning fatal, set WidgetController.hitTestWarningShouldBeFatal to true.


Warning: A call to tap() with finder "Found 1 widget with type "TextField": [
  TextField(controller: BusyMarkSourceController#11591(TextEditingValue(text: ┤leftright├, selection: TextSelection.collapsed(offset: 8, affinity: TextAffinity.downstream, isDirectional: false), composing: TextRange(start: -1, end: -1))), focusNode: FocusNode#0e89f, undoController: UndoHistoryController#c5b74(UndoHistoryValue(canUndo: false, canRedo: false)), decoration: InputDecoration(contentPadding: EdgeInsets(12.0, 16.0, 16.0, 16.0), isCollapsed: true, fillColor: Color(alpha: 0.0000, red: 0.0000, green: 0.0000, blue: 0.0000, colorSpace: ColorSpace.sRGB), focusColor: Color(alpha: 0.0000, red: 0.0000, green: 0.0000, blue: 0.0000, colorSpace: ColorSpace.sRGB), hoverColor: Color(alpha: 0.0000, red: 0.0000, green: 0.0000, blue: 0.0000, colorSpace: ColorSpace.sRGB), focusedBorder: _NoInputBorder(), enabledBorder: _NoInputBorder(), border: _NoInputBorder()), keyboardType: TextInputType(name: TextInputType.multiline, signed: null, decimal: null), style: TextStyle(inherit: true, family: Ubuntu Mono, familyFallback: [Noto Sans Arabic, Noto Sans Mono, DejaVu Sans Mono, DejaVu Sans], size: 14.0, height: 1.6x, leadingDistribution: even), autocorrect: false, smartDashesType: disabled, smartQuotesType: disabled, enableSuggestions: false, maxLines: null, expands: true, textAlignVertical: TextAlignVertical(y: -1.0), textDirection: ltr, cursorWidth: 1.4, cursorHeight: 18.8, cursorColor: Color(alpha: 0.8200, red: 0.9686, green: 0.9686, blue: 0.9686, colorSpace: ColorSpace.sRGB), scrollController: ScrollController#c5f60(one client, offset 0.0), dependencies: [DefaultSelectionStyle, InheritedCupertinoTheme, MediaQuery, UnmanagedRestorationScope, _InheritedTheme, _LocalizationsScope-[GlobalKey#92287]], state: _TextFieldState#4329e),
]" derived an Offset (Offset(425.5, 300.0)) that would not hit test on the specified widget.
Maybe the widget is actually off-screen, or another widget is obscuring it, or the widget cannot receive pointer events.
The finder corresponds to this RenderBox: RenderMouseRegion#f4d04
The hit test result at that offset is: HitTestResult(RenderMouseRegion#00bac@Offset(425.5, 300.0), RenderSemanticsAnnotations#221c5@Offset(425.5, 300.0), RenderPointerListener#49748@Offset(425.5, 300.0), RenderSemanticsGestureHandler#986dc@Offset(425.5, 300.0), RenderExcludeSemantics#d4518@Offset(425.5, 300.0), RenderBlockSemantics#3ef22@Offset(425.5, 300.0), RenderIgnorePointer#ed5f4@Offset(425.5, 300.0), RenderSemanticsAnnotations#7268a@Offset(425.5, 300.0), _RenderTheater#24245@Offset(425.5, 300.0), RenderAbsorbPointer#aae85@Offset(425.5, 300.0), RenderPointerListener#a7453@Offset(425.5, 300.0), RenderSemanticsAnnotations#c66e2@Offset(425.5, 300.0), RenderCustomPaint#01fc8@Offset(425.5, 300.0), RenderSemanticsAnnotations#fbbd6@Offset(425.5, 300.0), RenderSemanticsAnnotations#dcce0@Offset(425.5, 300.0), RenderSemanticsAnnotations#e3ffd@Offset(425.5, 300.0), RenderTapRegionSurface#28afb@Offset(425.5, 300.0), RenderSemanticsAnnotations#7d010@Offset(425.5, 300.0), RenderSemanticsAnnotations#ded4a@Offset(425.5, 300.0), HitTestEntry<HitTestTarget>#bff2d(_ReusableRenderView#6a9e0), HitTestEntry<HitTestTarget>#82ae4(<AutomatedTestWidgetsFlutterBinding>))
#0      WidgetController._getElementPoint (package:flutter_test/src/controller.dart:2165:25)
#1      WidgetController.getCenter (package:flutter_test/src/controller.dart:1947:12)
#2      WidgetController.tap (package:flutter_test/src/controller.dart:1080:7)
#3      _pumpClipboardSourceEditor (file:///home/albert/busystack/busymark/test/src/source_editor_widget_test.dart:9400:16)
<asynchronous suspension>
#4      main.<anonymous closure> (file:///home/albert/busystack/busymark/test/src/source_editor_widget_test.dart:2633:30)
<asynchronous suspension>
#5      testWidgets.<anonymous closure>.<anonymous closure> (package:flutter_test/src/widget_tester.dart:192:15)
<asynchronous suspension>
#6      TestWidgetsFlutterBinding._runTestBody (package:flutter_test/src/binding.dart:1953:5)
<asynchronous suspension>
#7      StackZoneSpecification._registerCallback.<anonymous closure> (package:stack_trace/src/stack_zone_specification.dart:114:42)
<asynchronous suspension>
To silence this warning, pass "warnIfMissed: false" to "tap()".
To make this warning fatal, set WidgetController.hitTestWarningShouldBeFatal to true.


Warning: A call to tap() with finder "Found 1 widget with type "TextField": [
  TextField(controller: BusyMarkSourceController#11591(TextEditingValue(text: ┤leftright├, selection: TextSelection.collapsed(offset: 9, affinity: TextAffinity.downstream, isDirectional: false), composing: TextRange(start: -1, end: -1))), focusNode: FocusNode#0e89f, undoController: UndoHistoryController#c5b74(UndoHistoryValue(canUndo: false, canRedo: false)), decoration: InputDecoration(contentPadding: EdgeInsets(12.0, 16.0, 16.0, 16.0), isCollapsed: true, fillColor: Color(alpha: 0.0000, red: 0.0000, green: 0.0000, blue: 0.0000, colorSpace: ColorSpace.sRGB), focusColor: Color(alpha: 0.0000, red: 0.0000, green: 0.0000, blue: 0.0000, colorSpace: ColorSpace.sRGB), hoverColor: Color(alpha: 0.0000, red: 0.0000, green: 0.0000, blue: 0.0000, colorSpace: ColorSpace.sRGB), focusedBorder: _NoInputBorder(), enabledBorder: _NoInputBorder(), border: _NoInputBorder()), keyboardType: TextInputType(name: TextInputType.multiline, signed: null, decimal: null), style: TextStyle(inherit: true, family: Ubuntu Mono, familyFallback: [Noto Sans Arabic, Noto Sans Mono, DejaVu Sans Mono, DejaVu Sans], size: 14.0, height: 1.6x, leadingDistribution: even), autocorrect: false, smartDashesType: disabled, smartQuotesType: disabled, enableSuggestions: false, maxLines: null, expands: true, textAlignVertical: TextAlignVertical(y: -1.0), textDirection: ltr, cursorWidth: 1.4, cursorHeight: 18.8, cursorColor: Color(alpha: 0.8200, red: 0.9686, green: 0.9686, blue: 0.9686, colorSpace: ColorSpace.sRGB), scrollController: ScrollController#c5f60(one client, offset 0.0), dependencies: [DefaultSelectionStyle, InheritedCupertinoTheme, MediaQuery, UnmanagedRestorationScope, _InheritedTheme, _LocalizationsScope-[GlobalKey#92287]], state: _TextFieldState#4329e),
]" derived an Offset (Offset(425.5, 300.0)) that would not hit test on the specified widget.
Maybe the widget is actually off-screen, or another widget is obscuring it, or the widget cannot receive pointer events.
The finder corresponds to this RenderBox: RenderMouseRegion#f4d04
The hit test result at that offset is: HitTestResult(RenderMouseRegion#6ef1d@Offset(425.5, 300.0), RenderSemanticsAnnotations#6e975@Offset(425.5, 300.0), RenderPointerListener#ff6d8@Offset(425.5, 300.0), RenderSemanticsGestureHandler#e85af@Offset(425.5, 300.0), RenderExcludeSemantics#75288@Offset(425.5, 300.0), RenderBlockSemantics#884da@Offset(425.5, 300.0), RenderIgnorePointer#5585b@Offset(425.5, 300.0), RenderSemanticsAnnotations#f9f0b@Offset(425.5, 300.0), _RenderTheater#24245@Offset(425.5, 300.0), RenderAbsorbPointer#aae85@Offset(425.5, 300.0), RenderPointerListener#a7453@Offset(425.5, 300.0), RenderSemanticsAnnotations#c66e2@Offset(425.5, 300.0), RenderCustomPaint#01fc8@Offset(425.5, 300.0), RenderSemanticsAnnotations#fbbd6@Offset(425.5, 300.0), RenderSemanticsAnnotations#dcce0@Offset(425.5, 300.0), RenderSemanticsAnnotations#e3ffd@Offset(425.5, 300.0), RenderTapRegionSurface#28afb@Offset(425.5, 300.0), RenderSemanticsAnnotations#7d010@Offset(425.5, 300.0), RenderSemanticsAnnotations#ded4a@Offset(425.5, 300.0), HitTestEntry<HitTestTarget>#78411(_ReusableRenderView#6a9e0), HitTestEntry<HitTestTarget>#96484(<AutomatedTestWidgetsFlutterBinding>))
#0      WidgetController._getElementPoint (package:flutter_test/src/controller.dart:2165:25)
#1      WidgetController.getCenter (package:flutter_test/src/controller.dart:1947:12)
#2      WidgetController.tap (package:flutter_test/src/controller.dart:1080:7)
#3      _pumpClipboardSourceEditor (file:///home/albert/busystack/busymark/test/src/source_editor_widget_test.dart:9400:16)
<asynchronous suspension>
#4      main.<anonymous closure> (file:///home/albert/busystack/busymark/test/src/source_editor_widget_test.dart:2633:30)
<asynchronous suspension>
#5      testWidgets.<anonymous closure>.<anonymous closure> (package:flutter_test/src/widget_tester.dart:192:15)
<asynchronous suspension>
#6      TestWidgetsFlutterBinding._runTestBody (package:flutter_test/src/binding.dart:1953:5)
<asynchronous suspension>
#7      StackZoneSpecification._registerCallback.<anonymous closure> (package:stack_trace/src/stack_zone_specification.dart:114:42)
<asynchronous suspension>
To silence this warning, pass "warnIfMissed: false" to "tap()".
To make this warning fatal, set WidgetController.hitTestWarningShouldBeFatal to true.

04:49 +998: /home/albert/busystack/busymark/test/src/source_editor_widget_test.dart: Source complete-block split preserves styles caret and one-step Undo
04:49 +999: /home/albert/busystack/busymark/test/src/source_editor_widget_test.dart: Source boundary-crossing replacements restore text selection and caret
04:49 +1000: /home/albert/busystack/busymark/test/src/source_editor_widget_test.dart: Source rich inline paste composes with enclosing inline syntax

Warning: A call to tap() with finder "Found 1 widget with type "TextField": [
  TextField(controller: BusyMarkSourceController#9e490(TextEditingValue(text: ┤[leftright](https://example.test)├, selection: TextSelection.collapsed(offset: 6, affinity: TextAffinity.downstream, isDirectional: false), composing: TextRange(start: -1, end: -1))), focusNode: FocusNode#5f08f, undoController: UndoHistoryController#64749(UndoHistoryValue(canUndo: false, canRedo: false)), decoration: InputDecoration(contentPadding: EdgeInsets(12.0, 16.0, 16.0, 16.0), isCollapsed: true, fillColor: Color(alpha: 0.0000, red: 0.0000, green: 0.0000, blue: 0.0000, colorSpace: ColorSpace.sRGB), focusColor: Color(alpha: 0.0000, red: 0.0000, green: 0.0000, blue: 0.0000, colorSpace: ColorSpace.sRGB), hoverColor: Color(alpha: 0.0000, red: 0.0000, green: 0.0000, blue: 0.0000, colorSpace: ColorSpace.sRGB), focusedBorder: _NoInputBorder(), enabledBorder: _NoInputBorder(), border: _NoInputBorder()), keyboardType: TextInputType(name: TextInputType.multiline, signed: null, decimal: null), style: TextStyle(inherit: true, family: Ubuntu Mono, familyFallback: [Noto Sans Arabic, Noto Sans Mono, DejaVu Sans Mono, DejaVu Sans], size: 14.0, height: 1.6x, leadingDistribution: even), autocorrect: false, smartDashesType: disabled, smartQuotesType: disabled, enableSuggestions: false, maxLines: null, expands: true, textAlignVertical: TextAlignVertical(y: -1.0), textDirection: ltr, cursorWidth: 1.4, cursorHeight: 18.8, cursorColor: Color(alpha: 0.8200, red: 0.9686, green: 0.9686, blue: 0.9686, colorSpace: ColorSpace.sRGB), scrollController: ScrollController#5f066(one client, offset 0.0), dependencies: [DefaultSelectionStyle, InheritedCupertinoTheme, MediaQuery, UnmanagedRestorationScope, _InheritedTheme, _LocalizationsScope-[GlobalKey#d1479]], state: _TextFieldState#714e1),
]" derived an Offset (Offset(425.5, 300.0)) that would not hit test on the specified widget.
Maybe the widget is actually off-screen, or another widget is obscuring it, or the widget cannot receive pointer events.
The finder corresponds to this RenderBox: RenderMouseRegion#7ce28
The hit test result at that offset is: HitTestResult(RenderMouseRegion#eb347@Offset(425.5, 300.0), RenderSemanticsAnnotations#d6da1@Offset(425.5, 300.0), RenderPointerListener#e2579@Offset(425.5, 300.0), RenderSemanticsGestureHandler#13d65@Offset(425.5, 300.0), RenderExcludeSemantics#2e52f@Offset(425.5, 300.0), RenderBlockSemantics#d672d@Offset(425.5, 300.0), RenderIgnorePointer#fa0a7@Offset(425.5, 300.0), RenderSemanticsAnnotations#a5b88@Offset(425.5, 300.0), _RenderTheater#331b1@Offset(425.5, 300.0), RenderAbsorbPointer#c6bfd@Offset(425.5, 300.0), RenderPointerListener#9e8b4@Offset(425.5, 300.0), RenderSemanticsAnnotations#b90f2@Offset(425.5, 300.0), RenderCustomPaint#b5368@Offset(425.5, 300.0), RenderSemanticsAnnotations#d4cfd@Offset(425.5, 300.0), RenderSemanticsAnnotations#1d500@Offset(425.5, 300.0), RenderSemanticsAnnotations#a4eb2@Offset(425.5, 300.0), RenderTapRegionSurface#3ca4f@Offset(425.5, 300.0), RenderSemanticsAnnotations#5481b@Offset(425.5, 300.0), RenderSemanticsAnnotations#daf5a@Offset(425.5, 300.0), HitTestEntry<HitTestTarget>#b5822(_ReusableRenderView#6a9e0), HitTestEntry<HitTestTarget>#e589b(<AutomatedTestWidgetsFlutterBinding>))
#0      WidgetController._getElementPoint (package:flutter_test/src/controller.dart:2165:25)
#1      WidgetController.getCenter (package:flutter_test/src/controller.dart:1947:12)
#2      WidgetController.tap (package:flutter_test/src/controller.dart:1080:7)
#3      _pumpClipboardSourceEditor (file:///home/albert/busystack/busymark/test/src/source_editor_widget_test.dart:9400:16)
<asynchronous suspension>
#4      main.<anonymous closure>.paste (file:///home/albert/busystack/busymark/test/src/source_editor_widget_test.dart:2945:28)
<asynchronous suspension>
#5      main.<anonymous closure> (file:///home/albert/busystack/busymark/test/src/source_editor_widget_test.dart:2999:22)
<asynchronous suspension>
#6      testWidgets.<anonymous closure>.<anonymous closure> (package:flutter_test/src/widget_tester.dart:192:15)
<asynchronous suspension>
#7      TestWidgetsFlutterBinding._runTestBody (package:flutter_test/src/binding.dart:1953:5)
<asynchronous suspension>
#8      StackZoneSpecification._registerCallback.<anonymous closure> (package:stack_trace/src/stack_zone_specification.dart:114:42)
<asynchronous suspension>
To silence this warning, pass "warnIfMissed: false" to "tap()".
To make this warning fatal, set WidgetController.hitTestWarningShouldBeFatal to true.

04:49 +1001: /home/albert/busystack/busymark/test/src/source_editor_widget_test.dart: Source inline reconciliation ignores separate destination runs
04:49 +1002: /home/albert/busystack/busymark/test/src/source_editor_widget_test.dart: Source adjacent-style reconciliation preserves literal code delimiters
04:49 +1003: /home/albert/busystack/busymark/test/src/source_editor_widget_test.dart: Source table reconciliation preserves a partially consumed delimiter
04:49 +1004: /home/albert/busystack/busymark/test/src/source_editor_widget_test.dart: Source table inline reconciliation is confined to the selected cell
04:49 +1005: /home/albert/busystack/busymark/test/src/source_editor_widget_test.dart: Source table keeps multiple independent incoming style runs
04:49 +1006: /home/albert/busystack/busymark/test/src/source_editor_widget_test.dart: Source does not treat multiple incoming bold runs as one wrapper
04:49 +1007: /home/albert/busystack/busymark/test/src/source_editor_widget_test.dart: Source reconciles arbitrary inline sequences with paragraph context
04:49 +1008: /home/albert/busystack/busymark/test/src/source_editor_widget_test.dart: Source reconciles arbitrary inline sequences inside table cells
04:49 +1009: /home/albert/busystack/busymark/test/src/source_editor_widget_test.dart: Source table sequence reconciliation retains authored delimiters
04:49 +1010: /home/albert/busystack/busymark/test/src/source_editor_widget_test.dart: Source table reconciliation retains mixed nested styles
04:49 +1011: /home/albert/busystack/busymark/test/src/source_editor_widget_test.dart: Source preserves hyperlink semantics in table cells
04:50 +1012: /home/albert/busystack/busymark/test/src/source_editor_widget_test.dart: Source inline mapping handles links multiline styles and literal syntax
04:50 +1013: /home/albert/busystack/busymark/test/src/source_editor_widget_test.dart: Source caret mapping preserves literal bang before a following link
04:50 +1014: /home/albert/busystack/busymark/test/src/source_editor_widget_test.dart: Source splits resolved reference links without changing definitions
04:50 +1015: /home/albert/busystack/busymark/test/src/source_editor_widget_test.dart: Source splits multiline blockquote links without exposing prefixes
04:50 +1016: /home/albert/busystack/busymark/test/src/source_editor_widget_test.dart: Source preserves occurrence-specific hard-break provenance
04:50 +1017: /home/albert/busystack/busymark/test/src/source_editor_widget_test.dart: Source caret remains between pasted and retained hard breaks
04:50 +1018: /home/albert/busystack/busymark/test/src/source_editor_widget_test.dart: Source rich paste after an HTML break does not retain its layout newline
04:50 +1019: /home/albert/busystack/busymark/test/src/source_editor_widget_test.dart: Source rich paste preserves enclosing inline HTML as one run
04:51 +1020: /home/albert/busystack/busymark/test/src/source_editor_widget_test.dart: Source system and history rich paste map normalized HTML whitespace
04:51 +1021: /home/albert/busystack/busymark/test/src/source_editor_widget_test.dart: Source syntax-only availability agrees with textual fallback execution
04:51 +1022: /home/albert/busystack/busymark/test/src/source_editor_widget_test.dart: Source terminal structured failure blocks availability and text fallback
04:51 +1023: /home/albert/busystack/busymark/test/src/source_editor_widget_test.dart: Source rich paste remaps generated grouped hard breaks
04:51 +1024: /home/albert/busystack/busymark/test/src/source_editor_widget_test.dart: Source remaps reopened grouped breaks in a CRLF container
04:51 +1025: /home/albert/busystack/busymark/test/src/source_editor_widget_test.dart: Source maps nested and reference links through container prefixes
04:51 +1026: /home/albert/busystack/busymark/test/src/source_editor_widget_test.dart: Source paste preserves autolink destination semantics
04:51 +1027: /home/albert/busystack/busymark/test/src/source_editor_widget_test.dart: invalid email-like text does not invalidate another link target
04:51 +1028: /home/albert/busystack/busymark/test/src/source_editor_widget_test.dart: Source paste distinguishes authored and generated URL content
04:51 +1029: /home/albert/busystack/busymark/test/src/source_editor_widget_test.dart: Source paste preserves parser-folded reference identity
04:52 +1030: /home/albert/busystack/busymark/test/src/source_editor_widget_test.dart: Source same-destination paste preserves parser-folded reference identity
04:52 +1031: /home/albert/busystack/busymark/test/src/source_editor_widget_test.dart: Source paste retains the provenance of surviving line breaks
04:52 +1032: /home/albert/busystack/busymark/test/src/source_editor_widget_test.dart: Source paste keeps label break provenance independent of link titles
04:52 +1033: /home/albert/busystack/busymark/test/src/source_editor_widget_test.dart: normalized code-span breaks do not shift surviving link provenance
04:52 +1034: /home/albert/busystack/busymark/test/src/source_editor_widget_test.dart: Source paste combines folded references with surviving break provenance
04:52 +1035: /home/albert/busystack/busymark/test/src/source_editor_widget_test.dart: Source paste tracks old and new breaks independently
04:52 +1036: /home/albert/busystack/busymark/test/src/source_editor_widget_test.dart: Source reference-link label replacement retains definitions
04:52 +1037: /home/albert/busystack/busymark/test/src/source_editor_widget_test.dart: Source maps escaped brackets in collapsed and shortcut references
04:52 +1038: /home/albert/busystack/busymark/test/src/source_editor_widget_test.dart: Source maps links around unmatched and code-span backticks
04:52 +1039: /home/albert/busystack/busymark/test/src/source_editor_widget_test.dart: Source maps links with escaped and balanced label brackets
04:53 +1040: /home/albert/busystack/busymark/test/src/source_editor_widget_test.dart: Source inline wrapper mapping stays bounded for paste and availability
04:53 +1041: /home/albert/busystack/busymark/test/src/source_editor_widget_test.dart: Source maps all retained break offsets in one serialization traversal
04:54 +1042: /home/albert/busystack/busymark/test/src/source_editor_widget_test.dart: Source AST boundary mapping stays linear for availability and paste
04:54 +1043: /home/albert/busystack/busymark/test/src/source_editor_widget_test.dart: Source table paste preserves multiline link titles
04:54 +1044: /home/albert/busystack/busymark/test/src/source_editor_widget_test.dart: Source table boundary paste preserves styles caret and one-step history
04:54 +1045: /home/albert/busystack/busymark/test/src/source_editor_widget_test.dart: Source structured inline paste handles every line boundary
04:54 +1046: /home/albert/busystack/busymark/test/src/source_editor_widget_test.dart: Source inline paste preserves unrelated syntax whitespace and caret

Warning: A call to tap() with finder "Found 1 widget with type "TextField": [
  TextField(controller: BusyMarkSourceController#9f5b8(TextEditingValue(text: ┤__leftright__├, selection: TextSelection.collapsed(offset: 10, affinity: TextAffinity.downstream, isDirectional: false), composing: TextRange(start: -1, end: -1))), focusNode: FocusNode#7033e, undoController: UndoHistoryController#6a90a(UndoHistoryValue(canUndo: false, canRedo: false)), decoration: InputDecoration(contentPadding: EdgeInsets(12.0, 16.0, 16.0, 16.0), isCollapsed: true, fillColor: Color(alpha: 0.0000, red: 0.0000, green: 0.0000, blue: 0.0000, colorSpace: ColorSpace.sRGB), focusColor: Color(alpha: 0.0000, red: 0.0000, green: 0.0000, blue: 0.0000, colorSpace: ColorSpace.sRGB), hoverColor: Color(alpha: 0.0000, red: 0.0000, green: 0.0000, blue: 0.0000, colorSpace: ColorSpace.sRGB), focusedBorder: _NoInputBorder(), enabledBorder: _NoInputBorder(), border: _NoInputBorder()), keyboardType: TextInputType(name: TextInputType.multiline, signed: null, decimal: null), style: TextStyle(inherit: true, family: Ubuntu Mono, familyFallback: [Noto Sans Arabic, Noto Sans Mono, DejaVu Sans Mono, DejaVu Sans], size: 14.0, height: 1.6x, leadingDistribution: even), autocorrect: false, smartDashesType: disabled, smartQuotesType: disabled, enableSuggestions: false, maxLines: null, expands: true, textAlignVertical: TextAlignVertical(y: -1.0), textDirection: ltr, cursorWidth: 1.4, cursorHeight: 18.8, cursorColor: Color(alpha: 0.8200, red: 0.9686, green: 0.9686, blue: 0.9686, colorSpace: ColorSpace.sRGB), scrollController: ScrollController#86aa5(one client, offset 0.0), dependencies: [DefaultSelectionStyle, InheritedCupertinoTheme, MediaQuery, UnmanagedRestorationScope, _InheritedTheme, _LocalizationsScope-[GlobalKey#09908]], state: _TextFieldState#2765b),
]" derived an Offset (Offset(425.5, 300.0)) that would not hit test on the specified widget.
Maybe the widget is actually off-screen, or another widget is obscuring it, or the widget cannot receive pointer events.
The finder corresponds to this RenderBox: RenderMouseRegion#58aa2
The hit test result at that offset is: HitTestResult(RenderMouseRegion#54e4d@Offset(425.5, 300.0), RenderSemanticsAnnotations#b6159@Offset(425.5, 300.0), RenderPointerListener#8bde1@Offset(425.5, 300.0), RenderSemanticsGestureHandler#afa04@Offset(425.5, 300.0), RenderExcludeSemantics#ca62d@Offset(425.5, 300.0), RenderBlockSemantics#abba9@Offset(425.5, 300.0), RenderIgnorePointer#6c035@Offset(425.5, 300.0), RenderSemanticsAnnotations#3d5f3@Offset(425.5, 300.0), _RenderTheater#43546@Offset(425.5, 300.0), RenderAbsorbPointer#f63fc@Offset(425.5, 300.0), RenderPointerListener#05aa2@Offset(425.5, 300.0), RenderSemanticsAnnotations#b3898@Offset(425.5, 300.0), RenderCustomPaint#50a06@Offset(425.5, 300.0), RenderSemanticsAnnotations#ba7ce@Offset(425.5, 300.0), RenderSemanticsAnnotations#3249f@Offset(425.5, 300.0), RenderSemanticsAnnotations#71118@Offset(425.5, 300.0), RenderTapRegionSurface#caff5@Offset(425.5, 300.0), RenderSemanticsAnnotations#a257a@Offset(425.5, 300.0), RenderSemanticsAnnotations#e9f73@Offset(425.5, 300.0), HitTestEntry<HitTestTarget>#59e7c(_ReusableRenderView#6a9e0), HitTestEntry<HitTestTarget>#d0056(<AutomatedTestWidgetsFlutterBinding>))
#0      WidgetController._getElementPoint (package:flutter_test/src/controller.dart:2165:25)
#1      WidgetController.getCenter (package:flutter_test/src/controller.dart:1947:12)
#2      WidgetController.tap (package:flutter_test/src/controller.dart:1080:7)
#3      _pumpClipboardSourceEditor (file:///home/albert/busystack/busymark/test/src/source_editor_widget_test.dart:9400:16)
<asynchronous suspension>
#4      main.<anonymous closure>.paste (file:///home/albert/busystack/busymark/test/src/source_editor_widget_test.dart:6908:28)
<asynchronous suspension>
#5      main.<anonymous closure> (file:///home/albert/busystack/busymark/test/src/source_editor_widget_test.dart:6936:20)
<asynchronous suspension>
#6      testWidgets.<anonymous closure>.<anonymous closure> (package:flutter_test/src/widget_tester.dart:192:15)
<asynchronous suspension>
#7      TestWidgetsFlutterBinding._runTestBody (package:flutter_test/src/binding.dart:1953:5)
<asynchronous suspension>
#8      StackZoneSpecification._registerCallback.<anonymous closure> (package:stack_trace/src/stack_zone_specification.dart:114:42)
<asynchronous suspension>
To silence this warning, pass "warnIfMissed: false" to "tap()".
To make this warning fatal, set WidgetController.hitTestWarningShouldBeFatal to true.

04:55 +1047: /home/albert/busystack/busymark/test/src/source_editor_widget_test.dart: Source table cells reconcile surrounding inline styles
04:55 +1048: /home/albert/busystack/busymark/test/src/source_editor_widget_test.dart: Source reconciliation reuses table-normalized inline content
04:55 +1049: /home/albert/busystack/busymark/test/src/source_editor_widget_test.dart: Source whole-block replacement differs from surviving table and code contexts

Warning: A call to tap() with finder "Found 1 widget with type "TextField": [
  TextField(controller:
    BusyMarkSourceController#25832(TextEditingValue(text: ┤```text
    old
    ```
    ├, selection: TextSelection.collapsed(offset: 16, affinity: TextAffinity.downstream, isDirectional: false), composing: TextRange(start: -1, end: -1)))
  , focusNode: FocusNode#06dc4, undoController: UndoHistoryController#82a7f(UndoHistoryValue(canUndo: false, canRedo: false)), decoration: InputDecoration(contentPadding: EdgeInsets(12.0, 16.0, 16.0, 16.0), isCollapsed: true, fillColor: Color(alpha: 0.0000, red: 0.0000, green: 0.0000, blue: 0.0000, colorSpace: ColorSpace.sRGB), focusColor: Color(alpha: 0.0000, red: 0.0000, green: 0.0000, blue: 0.0000, colorSpace: ColorSpace.sRGB), hoverColor: Color(alpha: 0.0000, red: 0.0000, green: 0.0000, blue: 0.0000, colorSpace: ColorSpace.sRGB), focusedBorder: _NoInputBorder(), enabledBorder: _NoInputBorder(), border: _NoInputBorder()), keyboardType: TextInputType(name: TextInputType.multiline, signed: null, decimal: null), style: TextStyle(inherit: true, family: Ubuntu Mono, familyFallback: [Noto Sans Arabic, Noto Sans Mono, DejaVu Sans Mono, DejaVu Sans], size: 14.0, height: 1.6x, leadingDistribution: even), autocorrect: false, smartDashesType: disabled, smartQuotesType: disabled, enableSuggestions: false, maxLines: null, expands: true, textAlignVertical: TextAlignVertical(y: -1.0), textDirection: ltr, cursorWidth: 1.4, cursorHeight: 18.8, cursorColor: Color(alpha: 0.8200, red: 0.9686, green: 0.9686, blue: 0.9686, colorSpace: ColorSpace.sRGB), scrollController: ScrollController#b95f9(one client, offset 0.0), dependencies: [DefaultSelectionStyle, InheritedCupertinoTheme, MediaQuery, UnmanagedRestorationScope, _InheritedTheme, _LocalizationsScope-[GlobalKey#6b1c1]], state: _TextFieldState#8e790),
]" derived an Offset (Offset(425.5, 300.0)) that would not hit test on the specified widget.
Maybe the widget is actually off-screen, or another widget is obscuring it, or the widget cannot receive pointer events.
The finder corresponds to this RenderBox: RenderMouseRegion#43f8e
The hit test result at that offset is: HitTestResult(RenderMouseRegion#aeadf@Offset(425.5, 300.0), RenderSemanticsAnnotations#6b21f@Offset(425.5, 300.0), RenderPointerListener#229cf@Offset(425.5, 300.0), RenderSemanticsGestureHandler#997a5@Offset(425.5, 300.0), RenderExcludeSemantics#2363b@Offset(425.5, 300.0), RenderBlockSemantics#fd1c5@Offset(425.5, 300.0), RenderIgnorePointer#70c35@Offset(425.5, 300.0), RenderSemanticsAnnotations#4252a@Offset(425.5, 300.0), _RenderTheater#5baae@Offset(425.5, 300.0), RenderAbsorbPointer#8a268@Offset(425.5, 300.0), RenderPointerListener#2ff9e@Offset(425.5, 300.0), RenderSemanticsAnnotations#27add@Offset(425.5, 300.0), RenderCustomPaint#bcdc6@Offset(425.5, 300.0), RenderSemanticsAnnotations#99f86@Offset(425.5, 300.0), RenderSemanticsAnnotations#a1d95@Offset(425.5, 300.0), RenderSemanticsAnnotations#7df99@Offset(425.5, 300.0), RenderTapRegionSurface#bb5e1@Offset(425.5, 300.0), RenderSemanticsAnnotations#72261@Offset(425.5, 300.0), RenderSemanticsAnnotations#e553b@Offset(425.5, 300.0), HitTestEntry<HitTestTarget>#be724(_ReusableRenderView#6a9e0), HitTestEntry<HitTestTarget>#c1baa(<AutomatedTestWidgetsFlutterBinding>))
#0      WidgetController._getElementPoint (package:flutter_test/src/controller.dart:2165:25)
#1      WidgetController.getCenter (package:flutter_test/src/controller.dart:1947:12)
#2      WidgetController.tap (package:flutter_test/src/controller.dart:1080:7)
#3      _pumpClipboardSourceEditor (file:///home/albert/busystack/busymark/test/src/source_editor_widget_test.dart:9400:16)
<asynchronous suspension>
#4      main.<anonymous closure> (file:///home/albert/busystack/busymark/test/src/source_editor_widget_test.dart:7158:25)
<asynchronous suspension>
#5      testWidgets.<anonymous closure>.<anonymous closure> (package:flutter_test/src/widget_tester.dart:192:15)
<asynchronous suspension>
#6      TestWidgetsFlutterBinding._runTestBody (package:flutter_test/src/binding.dart:1953:5)
<asynchronous suspension>
#7      StackZoneSpecification._registerCallback.<anonymous closure> (package:stack_trace/src/stack_zone_specification.dart:114:42)
<asynchronous suspension>
To silence this warning, pass "warnIfMissed: false" to "tap()".
To make this warning fatal, set WidgetController.hitTestWarningShouldBeFatal to true.

04:55 +1050: /home/albert/busystack/busymark/test/src/source_editor_widget_test.dart: Source structured paragraph markers escape only at block starts

Warning: A call to tap() with finder "Found 1 widget with type "TextField": [
  TextField(controller: BusyMarkSourceController#45602(TextEditingValue(text: ┤├, selection: TextSelection.collapsed(offset: 0, affinity: TextAffinity.downstream, isDirectional: false), composing: TextRange(start: -1, end: -1))), focusNode: FocusNode#841fc, undoController: UndoHistoryController#153c5(UndoHistoryValue(canUndo: false, canRedo: false)), decoration: InputDecoration(contentPadding: EdgeInsets(12.0, 16.0, 16.0, 16.0), isCollapsed: true, fillColor: Color(alpha: 0.0000, red: 0.0000, green: 0.0000, blue: 0.0000, colorSpace: ColorSpace.sRGB), focusColor: Color(alpha: 0.0000, red: 0.0000, green: 0.0000, blue: 0.0000, colorSpace: ColorSpace.sRGB), hoverColor: Color(alpha: 0.0000, red: 0.0000, green: 0.0000, blue: 0.0000, colorSpace: ColorSpace.sRGB), focusedBorder: _NoInputBorder(), enabledBorder: _NoInputBorder(), border: _NoInputBorder()), keyboardType: TextInputType(name: TextInputType.multiline, signed: null, decimal: null), style: TextStyle(inherit: true, family: Ubuntu Mono, familyFallback: [Noto Sans Arabic, Noto Sans Mono, DejaVu Sans Mono, DejaVu Sans], size: 14.0, height: 1.6x, leadingDistribution: even), autocorrect: false, smartDashesType: disabled, smartQuotesType: disabled, enableSuggestions: false, maxLines: null, expands: true, textAlignVertical: TextAlignVertical(y: -1.0), textDirection: ltr, cursorWidth: 1.4, cursorHeight: 18.8, cursorColor: Color(alpha: 0.8200, red: 0.9686, green: 0.9686, blue: 0.9686, colorSpace: ColorSpace.sRGB), scrollController: ScrollController#5ba12(one client, offset 0.0), dependencies: [DefaultSelectionStyle, InheritedCupertinoTheme, MediaQuery, UnmanagedRestorationScope, _InheritedTheme, _LocalizationsScope-[GlobalKey#b6f39]], state: _TextFieldState#e248f),
]" derived an Offset (Offset(425.5, 300.0)) that would not hit test on the specified widget.
Maybe the widget is actually off-screen, or another widget is obscuring it, or the widget cannot receive pointer events.
The finder corresponds to this RenderBox: RenderMouseRegion#27ce7
The hit test result at that offset is: HitTestResult(RenderMouseRegion#62ed7@Offset(425.5, 300.0), RenderSemanticsAnnotations#fb2bb@Offset(425.5, 300.0), RenderPointerListener#b59d1@Offset(425.5, 300.0), RenderSemanticsGestureHandler#7d5bc@Offset(425.5, 300.0), RenderExcludeSemantics#d59da@Offset(425.5, 300.0), RenderBlockSemantics#f4a36@Offset(425.5, 300.0), RenderIgnorePointer#64eed@Offset(425.5, 300.0), RenderSemanticsAnnotations#2b4ba@Offset(425.5, 300.0), _RenderTheater#47274@Offset(425.5, 300.0), RenderAbsorbPointer#290a9@Offset(425.5, 300.0), RenderPointerListener#367ff@Offset(425.5, 300.0), RenderSemanticsAnnotations#a8925@Offset(425.5, 300.0), RenderCustomPaint#2d11b@Offset(425.5, 300.0), RenderSemanticsAnnotations#03519@Offset(425.5, 300.0), RenderSemanticsAnnotations#2bc7b@Offset(425.5, 300.0), RenderSemanticsAnnotations#4f0af@Offset(425.5, 300.0), RenderTapRegionSurface#6596d@Offset(425.5, 300.0), RenderSemanticsAnnotations#c856a@Offset(425.5, 300.0), RenderSemanticsAnnotations#0bbd7@Offset(425.5, 300.0), HitTestEntry<HitTestTarget>#44e9d(_ReusableRenderView#6a9e0), HitTestEntry<HitTestTarget>#49a95(<AutomatedTestWidgetsFlutterBinding>))
#0      WidgetController._getElementPoint (package:flutter_test/src/controller.dart:2165:25)
#1      WidgetController.getCenter (package:flutter_test/src/controller.dart:1947:12)
#2      WidgetController.tap (package:flutter_test/src/controller.dart:1080:7)
#3      _pumpClipboardSourceEditor (file:///home/albert/busystack/busymark/test/src/source_editor_widget_test.dart:9400:16)
<asynchronous suspension>
#4      main.<anonymous closure> (file:///home/albert/busystack/busymark/test/src/source_editor_widget_test.dart:7226:23)
<asynchronous suspension>
#5      testWidgets.<anonymous closure>.<anonymous closure> (package:flutter_test/src/widget_tester.dart:192:15)
<asynchronous suspension>
#6      TestWidgetsFlutterBinding._runTestBody (package:flutter_test/src/binding.dart:1953:5)
<asynchronous suspension>
#7      StackZoneSpecification._registerCallback.<anonymous closure> (package:stack_trace/src/stack_zone_specification.dart:114:42)
<asynchronous suspension>
To silence this warning, pass "warnIfMissed: false" to "tap()".
To make this warning fatal, set WidgetController.hitTestWarningShouldBeFatal to true.


Warning: A call to tap() with finder "Found 1 widget with type "TextField": [
  TextField(controller: BusyMarkSourceController#45602(TextEditingValue(text: ┤├, selection: TextSelection.collapsed(offset: 0, affinity: TextAffinity.downstream, isDirectional: false), composing: TextRange(start: -1, end: -1))), focusNode: FocusNode#841fc, undoController: UndoHistoryController#153c5(UndoHistoryValue(canUndo: false, canRedo: false)), decoration: InputDecoration(contentPadding: EdgeInsets(12.0, 16.0, 16.0, 16.0), isCollapsed: true, fillColor: Color(alpha: 0.0000, red: 0.0000, green: 0.0000, blue: 0.0000, colorSpace: ColorSpace.sRGB), focusColor: Color(alpha: 0.0000, red: 0.0000, green: 0.0000, blue: 0.0000, colorSpace: ColorSpace.sRGB), hoverColor: Color(alpha: 0.0000, red: 0.0000, green: 0.0000, blue: 0.0000, colorSpace: ColorSpace.sRGB), focusedBorder: _NoInputBorder(), enabledBorder: _NoInputBorder(), border: _NoInputBorder()), keyboardType: TextInputType(name: TextInputType.multiline, signed: null, decimal: null), style: TextStyle(inherit: true, family: Ubuntu Mono, familyFallback: [Noto Sans Arabic, Noto Sans Mono, DejaVu Sans Mono, DejaVu Sans], size: 14.0, height: 1.6x, leadingDistribution: even), autocorrect: false, smartDashesType: disabled, smartQuotesType: disabled, enableSuggestions: false, maxLines: null, expands: true, textAlignVertical: TextAlignVertical(y: -1.0), textDirection: ltr, cursorWidth: 1.4, cursorHeight: 18.8, cursorColor: Color(alpha: 0.8200, red: 0.9686, green: 0.9686, blue: 0.9686, colorSpace: ColorSpace.sRGB), scrollController: ScrollController#5ba12(one client, offset 0.0), dependencies: [DefaultSelectionStyle, InheritedCupertinoTheme, MediaQuery, UnmanagedRestorationScope, _InheritedTheme, _LocalizationsScope-[GlobalKey#b6f39]], state: _TextFieldState#e248f),
]" derived an Offset (Offset(425.5, 300.0)) that would not hit test on the specified widget.
Maybe the widget is actually off-screen, or another widget is obscuring it, or the widget cannot receive pointer events.
The finder corresponds to this RenderBox: RenderMouseRegion#27ce7
The hit test result at that offset is: HitTestResult(RenderMouseRegion#44999@Offset(425.5, 300.0), RenderSemanticsAnnotations#8814e@Offset(425.5, 300.0), RenderPointerListener#ce0e6@Offset(425.5, 300.0), RenderSemanticsGestureHandler#97712@Offset(425.5, 300.0), RenderExcludeSemantics#37751@Offset(425.5, 300.0), RenderBlockSemantics#f6871@Offset(425.5, 300.0), RenderIgnorePointer#dcb8a@Offset(425.5, 300.0), RenderSemanticsAnnotations#bce72@Offset(425.5, 300.0), _RenderTheater#47274@Offset(425.5, 300.0), RenderAbsorbPointer#290a9@Offset(425.5, 300.0), RenderPointerListener#367ff@Offset(425.5, 300.0), RenderSemanticsAnnotations#a8925@Offset(425.5, 300.0), RenderCustomPaint#2d11b@Offset(425.5, 300.0), RenderSemanticsAnnotations#03519@Offset(425.5, 300.0), RenderSemanticsAnnotations#2bc7b@Offset(425.5, 300.0), RenderSemanticsAnnotations#4f0af@Offset(425.5, 300.0), RenderTapRegionSurface#6596d@Offset(425.5, 300.0), RenderSemanticsAnnotations#c856a@Offset(425.5, 300.0), RenderSemanticsAnnotations#0bbd7@Offset(425.5, 300.0), HitTestEntry<HitTestTarget>#2777a(_ReusableRenderView#6a9e0), HitTestEntry<HitTestTarget>#63e7f(<AutomatedTestWidgetsFlutterBinding>))
#0      WidgetController._getElementPoint (package:flutter_test/src/controller.dart:2165:25)
#1      WidgetController.getCenter (package:flutter_test/src/controller.dart:1947:12)
#2      WidgetController.tap (package:flutter_test/src/controller.dart:1080:7)
#3      _pumpClipboardSourceEditor (file:///home/albert/busystack/busymark/test/src/source_editor_widget_test.dart:9400:16)
<asynchronous suspension>
#4      main.<anonymous closure> (file:///home/albert/busystack/busymark/test/src/source_editor_widget_test.dart:7226:23)
<asynchronous suspension>
#5      testWidgets.<anonymous closure>.<anonymous closure> (package:flutter_test/src/widget_tester.dart:192:15)
<asynchronous suspension>
#6      TestWidgetsFlutterBinding._runTestBody (package:flutter_test/src/binding.dart:1953:5)
<asynchronous suspension>
#7      StackZoneSpecification._registerCallback.<anonymous closure> (package:stack_trace/src/stack_zone_specification.dart:114:42)
<asynchronous suspension>
To silence this warning, pass "warnIfMissed: false" to "tap()".
To make this warning fatal, set WidgetController.hitTestWarningShouldBeFatal to true.


Warning: A call to tap() with finder "Found 1 widget with type "TextField": [
  TextField(controller: BusyMarkSourceController#45602(TextEditingValue(text: ┤leftright├, selection: TextSelection.collapsed(offset: 8, affinity: TextAffinity.downstream, isDirectional: false), composing: TextRange(start: -1, end: -1))), focusNode: FocusNode#841fc, undoController: UndoHistoryController#153c5(UndoHistoryValue(canUndo: false, canRedo: false)), decoration: InputDecoration(contentPadding: EdgeInsets(12.0, 16.0, 16.0, 16.0), isCollapsed: true, fillColor: Color(alpha: 0.0000, red: 0.0000, green: 0.0000, blue: 0.0000, colorSpace: ColorSpace.sRGB), focusColor: Color(alpha: 0.0000, red: 0.0000, green: 0.0000, blue: 0.0000, colorSpace: ColorSpace.sRGB), hoverColor: Color(alpha: 0.0000, red: 0.0000, green: 0.0000, blue: 0.0000, colorSpace: ColorSpace.sRGB), focusedBorder: _NoInputBorder(), enabledBorder: _NoInputBorder(), border: _NoInputBorder()), keyboardType: TextInputType(name: TextInputType.multiline, signed: null, decimal: null), style: TextStyle(inherit: true, family: Ubuntu Mono, familyFallback: [Noto Sans Arabic, Noto Sans Mono, DejaVu Sans Mono, DejaVu Sans], size: 14.0, height: 1.6x, leadingDistribution: even), autocorrect: false, smartDashesType: disabled, smartQuotesType: disabled, enableSuggestions: false, maxLines: null, expands: true, textAlignVertical: TextAlignVertical(y: -1.0), textDirection: ltr, cursorWidth: 1.4, cursorHeight: 18.8, cursorColor: Color(alpha: 0.8200, red: 0.9686, green: 0.9686, blue: 0.9686, colorSpace: ColorSpace.sRGB), scrollController: ScrollController#5ba12(one client, offset 0.0), dependencies: [DefaultSelectionStyle, InheritedCupertinoTheme, MediaQuery, UnmanagedRestorationScope, _InheritedTheme, _LocalizationsScope-[GlobalKey#b6f39]], state: _TextFieldState#e248f),
]" derived an Offset (Offset(425.5, 300.0)) that would not hit test on the specified widget.
Maybe the widget is actually off-screen, or another widget is obscuring it, or the widget cannot receive pointer events.
The finder corresponds to this RenderBox: RenderMouseRegion#27ce7
The hit test result at that offset is: HitTestResult(RenderMouseRegion#991a4@Offset(425.5, 300.0), RenderSemanticsAnnotations#be2c9@Offset(425.5, 300.0), RenderPointerListener#29e97@Offset(425.5, 300.0), RenderSemanticsGestureHandler#83f3d@Offset(425.5, 300.0), RenderExcludeSemantics#5d404@Offset(425.5, 300.0), RenderBlockSemantics#ba597@Offset(425.5, 300.0), RenderIgnorePointer#08172@Offset(425.5, 300.0), RenderSemanticsAnnotations#1a7c3@Offset(425.5, 300.0), _RenderTheater#47274@Offset(425.5, 300.0), RenderAbsorbPointer#290a9@Offset(425.5, 300.0), RenderPointerListener#367ff@Offset(425.5, 300.0), RenderSemanticsAnnotations#a8925@Offset(425.5, 300.0), RenderCustomPaint#2d11b@Offset(425.5, 300.0), RenderSemanticsAnnotations#03519@Offset(425.5, 300.0), RenderSemanticsAnnotations#2bc7b@Offset(425.5, 300.0), RenderSemanticsAnnotations#4f0af@Offset(425.5, 300.0), RenderTapRegionSurface#6596d@Offset(425.5, 300.0), RenderSemanticsAnnotations#c856a@Offset(425.5, 300.0), RenderSemanticsAnnotations#0bbd7@Offset(425.5, 300.0), HitTestEntry<HitTestTarget>#209bf(_ReusableRenderView#6a9e0), HitTestEntry<HitTestTarget>#9959f(<AutomatedTestWidgetsFlutterBinding>))
#0      WidgetController._getElementPoint (package:flutter_test/src/controller.dart:2165:25)
#1      WidgetController.getCenter (package:flutter_test/src/controller.dart:1947:12)
#2      WidgetController.tap (package:flutter_test/src/controller.dart:1080:7)
#3      _pumpClipboardSourceEditor (file:///home/albert/busystack/busymark/test/src/source_editor_widget_test.dart:9400:16)
<asynchronous suspension>
#4      main.<anonymous closure> (file:///home/albert/busystack/busymark/test/src/source_editor_widget_test.dart:7247:24)
<asynchronous suspension>
#5      testWidgets.<anonymous closure>.<anonymous closure> (package:flutter_test/src/widget_tester.dart:192:15)
<asynchronous suspension>
#6      TestWidgetsFlutterBinding._runTestBody (package:flutter_test/src/binding.dart:1953:5)
<asynchronous suspension>
#7      StackZoneSpecification._registerCallback.<anonymous closure> (package:stack_trace/src/stack_zone_specification.dart:114:42)
<asynchronous suspension>
To silence this warning, pass "warnIfMissed: false" to "tap()".
To make this warning fatal, set WidgetController.hitTestWarningShouldBeFatal to true.


Warning: A call to tap() with finder "Found 1 widget with type "TextField": [
  TextField(controller: BusyMarkSourceController#45602(TextEditingValue(text: ┤- right├, selection: TextSelection.collapsed(offset: 7, affinity: TextAffinity.downstream, isDirectional: false), composing: TextRange(start: -1, end: -1))), focusNode: FocusNode#841fc, undoController: UndoHistoryController#153c5(UndoHistoryValue(canUndo: false, canRedo: false)), decoration: InputDecoration(contentPadding: EdgeInsets(12.0, 16.0, 16.0, 16.0), isCollapsed: true, fillColor: Color(alpha: 0.0000, red: 0.0000, green: 0.0000, blue: 0.0000, colorSpace: ColorSpace.sRGB), focusColor: Color(alpha: 0.0000, red: 0.0000, green: 0.0000, blue: 0.0000, colorSpace: ColorSpace.sRGB), hoverColor: Color(alpha: 0.0000, red: 0.0000, green: 0.0000, blue: 0.0000, colorSpace: ColorSpace.sRGB), focusedBorder: _NoInputBorder(), enabledBorder: _NoInputBorder(), border: _NoInputBorder()), keyboardType: TextInputType(name: TextInputType.multiline, signed: null, decimal: null), style: TextStyle(inherit: true, family: Ubuntu Mono, familyFallback: [Noto Sans Arabic, Noto Sans Mono, DejaVu Sans Mono, DejaVu Sans], size: 14.0, height: 1.6x, leadingDistribution: even), autocorrect: false, smartDashesType: disabled, smartQuotesType: disabled, enableSuggestions: false, maxLines: null, expands: true, textAlignVertical: TextAlignVertical(y: -1.0), textDirection: ltr, cursorWidth: 1.4, cursorHeight: 18.8, cursorColor: Color(alpha: 0.8200, red: 0.9686, green: 0.9686, blue: 0.9686, colorSpace: ColorSpace.sRGB), scrollController: ScrollController#5ba12(one client, offset 0.0), dependencies: [DefaultSelectionStyle, InheritedCupertinoTheme, MediaQuery, UnmanagedRestorationScope, _InheritedTheme, _LocalizationsScope-[GlobalKey#b6f39]], state: _TextFieldState#e248f),
]" derived an Offset (Offset(425.5, 300.0)) that would not hit test on the specified widget.
Maybe the widget is actually off-screen, or another widget is obscuring it, or the widget cannot receive pointer events.
The finder corresponds to this RenderBox: RenderMouseRegion#27ce7
The hit test result at that offset is: HitTestResult(RenderMouseRegion#5ac40@Offset(425.5, 300.0), RenderSemanticsAnnotations#bfa85@Offset(425.5, 300.0), RenderPointerListener#b8985@Offset(425.5, 300.0), RenderSemanticsGestureHandler#6a01f@Offset(425.5, 300.0), RenderExcludeSemantics#d9660@Offset(425.5, 300.0), RenderBlockSemantics#2f1b5@Offset(425.5, 300.0), RenderIgnorePointer#0f7b8@Offset(425.5, 300.0), RenderSemanticsAnnotations#a8848@Offset(425.5, 300.0), _RenderTheater#47274@Offset(425.5, 300.0), RenderAbsorbPointer#290a9@Offset(425.5, 300.0), RenderPointerListener#367ff@Offset(425.5, 300.0), RenderSemanticsAnnotations#a8925@Offset(425.5, 300.0), RenderCustomPaint#2d11b@Offset(425.5, 300.0), RenderSemanticsAnnotations#03519@Offset(425.5, 300.0), RenderSemanticsAnnotations#2bc7b@Offset(425.5, 300.0), RenderSemanticsAnnotations#4f0af@Offset(425.5, 300.0), RenderTapRegionSurface#6596d@Offset(425.5, 300.0), RenderSemanticsAnnotations#c856a@Offset(425.5, 300.0), RenderSemanticsAnnotations#0bbd7@Offset(425.5, 300.0), HitTestEntry<HitTestTarget>#ffb6f(_ReusableRenderView#6a9e0), HitTestEntry<HitTestTarget>#5e430(<AutomatedTestWidgetsFlutterBinding>))
#0      WidgetController._getElementPoint (package:flutter_test/src/controller.dart:2165:25)
#1      WidgetController.getCenter (package:flutter_test/src/controller.dart:1947:12)
#2      WidgetController.tap (package:flutter_test/src/controller.dart:1080:7)
#3      _pumpClipboardSourceEditor (file:///home/albert/busystack/busymark/test/src/source_editor_widget_test.dart:9400:16)
<asynchronous suspension>
#4      main.<anonymous closure> (file:///home/albert/busystack/busymark/test/src/source_editor_widget_test.dart:7277:26)
<asynchronous suspension>
#5      testWidgets.<anonymous closure>.<anonymous closure> (package:flutter_test/src/widget_tester.dart:192:15)
<asynchronous suspension>
#6      TestWidgetsFlutterBinding._runTestBody (package:flutter_test/src/binding.dart:1953:5)
<asynchronous suspension>
#7      StackZoneSpecification._registerCallback.<anonymous closure> (package:stack_trace/src/stack_zone_specification.dart:114:42)
<asynchronous suspension>
To silence this warning, pass "warnIfMissed: false" to "tap()".
To make this warning fatal, set WidgetController.hitTestWarningShouldBeFatal to true.

04:55 +1051: /home/albert/busystack/busymark/test/src/source_editor_widget_test.dart: Source native inline paste preserves edge and only whitespace

Warning: A call to tap() with finder "Found 1 widget with type "TextField": [
  TextField(controller: BusyMarkSourceController#808bc(TextEditingValue(text: ┤leftDELETEright├, selection: TextSelection.collapsed(offset: 11, affinity: TextAffinity.downstream, isDirectional: false), composing: TextRange(start: -1, end: -1))), focusNode: FocusNode#9291b, undoController: UndoHistoryController#1b521(UndoHistoryValue(canUndo: false, canRedo: false)), decoration: InputDecoration(contentPadding: EdgeInsets(12.0, 16.0, 16.0, 16.0), isCollapsed: true, fillColor: Color(alpha: 0.0000, red: 0.0000, green: 0.0000, blue: 0.0000, colorSpace: ColorSpace.sRGB), focusColor: Color(alpha: 0.0000, red: 0.0000, green: 0.0000, blue: 0.0000, colorSpace: ColorSpace.sRGB), hoverColor: Color(alpha: 0.0000, red: 0.0000, green: 0.0000, blue: 0.0000, colorSpace: ColorSpace.sRGB), focusedBorder: _NoInputBorder(), enabledBorder: _NoInputBorder(), border: _NoInputBorder()), keyboardType: TextInputType(name: TextInputType.multiline, signed: null, decimal: null), style: TextStyle(inherit: true, family: Ubuntu Mono, familyFallback: [Noto Sans Arabic, Noto Sans Mono, DejaVu Sans Mono, DejaVu Sans], size: 14.0, height: 1.6x, leadingDistribution: even), autocorrect: false, smartDashesType: disabled, smartQuotesType: disabled, enableSuggestions: false, maxLines: null, expands: true, textAlignVertical: TextAlignVertical(y: -1.0), textDirection: ltr, cursorWidth: 1.4, cursorHeight: 18.8, cursorColor: Color(alpha: 0.8200, red: 0.9686, green: 0.9686, blue: 0.9686, colorSpace: ColorSpace.sRGB), scrollController: ScrollController#aa955(one client, offset 0.0), dependencies: [DefaultSelectionStyle, InheritedCupertinoTheme, MediaQuery, UnmanagedRestorationScope, _InheritedTheme, _LocalizationsScope-[GlobalKey#1a720]], state: _TextFieldState#92e34),
]" derived an Offset (Offset(425.5, 300.0)) that would not hit test on the specified widget.
Maybe the widget is actually off-screen, or another widget is obscuring it, or the widget cannot receive pointer events.
The finder corresponds to this RenderBox: RenderMouseRegion#16ef3
The hit test result at that offset is: HitTestResult(RenderMouseRegion#3f494@Offset(425.5, 300.0), RenderSemanticsAnnotations#57276@Offset(425.5, 300.0), RenderPointerListener#13a41@Offset(425.5, 300.0), RenderSemanticsGestureHandler#41694@Offset(425.5, 300.0), RenderExcludeSemantics#ec69a@Offset(425.5, 300.0), RenderBlockSemantics#5b278@Offset(425.5, 300.0), RenderIgnorePointer#4187c@Offset(425.5, 300.0), RenderSemanticsAnnotations#adcb7@Offset(425.5, 300.0), _RenderTheater#d9318@Offset(425.5, 300.0), RenderAbsorbPointer#229f1@Offset(425.5, 300.0), RenderPointerListener#a97fb@Offset(425.5, 300.0), RenderSemanticsAnnotations#90a22@Offset(425.5, 300.0), RenderCustomPaint#9cf53@Offset(425.5, 300.0), RenderSemanticsAnnotations#fb70f@Offset(425.5, 300.0), RenderSemanticsAnnotations#ca400@Offset(425.5, 300.0), RenderSemanticsAnnotations#b2e7e@Offset(425.5, 300.0), RenderTapRegionSurface#bd4b8@Offset(425.5, 300.0), RenderSemanticsAnnotations#c30bf@Offset(425.5, 300.0), RenderSemanticsAnnotations#9a3d3@Offset(425.5, 300.0), HitTestEntry<HitTestTarget>#94eda(_ReusableRenderView#6a9e0), HitTestEntry<HitTestTarget>#bb017(<AutomatedTestWidgetsFlutterBinding>))
#0      WidgetController._getElementPoint (package:flutter_test/src/controller.dart:2165:25)
#1      WidgetController.getCenter (package:flutter_test/src/controller.dart:1947:12)
#2      WidgetController.tap (package:flutter_test/src/controller.dart:1080:7)
#3      _pumpClipboardSourceEditor (file:///home/albert/busystack/busymark/test/src/source_editor_widget_test.dart:9400:16)
<asynchronous suspension>
#4      main.<anonymous closure> (file:///home/albert/busystack/busymark/test/src/source_editor_widget_test.dart:7379:24)
<asynchronous suspension>
#5      testWidgets.<anonymous closure>.<anonymous closure> (package:flutter_test/src/widget_tester.dart:192:15)
<asynchronous suspension>
#6      TestWidgetsFlutterBinding._runTestBody (package:flutter_test/src/binding.dart:1953:5)
<asynchronous suspension>
#7      StackZoneSpecification._registerCallback.<anonymous closure> (package:stack_trace/src/stack_zone_specification.dart:114:42)
<asynchronous suspension>
To silence this warning, pass "warnIfMissed: false" to "tap()".
To make this warning fatal, set WidgetController.hitTestWarningShouldBeFatal to true.

04:55 +1052: /home/albert/busystack/busymark/test/src/source_editor_widget_test.dart: Source native rich edge whitespace repeats and restores real Undo state
04:55 +1053: /home/albert/busystack/busymark/test/src/source_editor_widget_test.dart: Source structured paste respects table-cell semantics
04:55 +1054: /home/albert/busystack/busymark/test/src/source_editor_widget_test.dart: Source maps a final table cell ending in an escaped pipe
04:55 +1055: /home/albert/busystack/busymark/test/src/source_editor_widget_test.dart: Source structured blocks preserve list and quote containers
04:55 +1056: /home/albert/busystack/busymark/test/src/source_editor_widget_test.dart: Source complete blocks remain in containers at every content boundary

Warning: A call to tap() with finder "Found 1 widget with type "TextField": [
  TextField(controller: BusyMarkSourceController#ae53e(TextEditingValue(text: ┤> item├, selection: TextSelection.collapsed(offset: 6, affinity: TextAffinity.downstream, isDirectional: false), composing: TextRange(start: -1, end: -1))), focusNode: FocusNode#22b66, undoController: UndoHistoryController#eebe8(UndoHistoryValue(canUndo: false, canRedo: false)), decoration: InputDecoration(contentPadding: EdgeInsets(12.0, 16.0, 16.0, 16.0), isCollapsed: true, fillColor: Color(alpha: 0.0000, red: 0.0000, green: 0.0000, blue: 0.0000, colorSpace: ColorSpace.sRGB), focusColor: Color(alpha: 0.0000, red: 0.0000, green: 0.0000, blue: 0.0000, colorSpace: ColorSpace.sRGB), hoverColor: Color(alpha: 0.0000, red: 0.0000, green: 0.0000, blue: 0.0000, colorSpace: ColorSpace.sRGB), focusedBorder: _NoInputBorder(), enabledBorder: _NoInputBorder(), border: _NoInputBorder()), keyboardType: TextInputType(name: TextInputType.multiline, signed: null, decimal: null), style: TextStyle(inherit: true, family: Ubuntu Mono, familyFallback: [Noto Sans Arabic, Noto Sans Mono, DejaVu Sans Mono, DejaVu Sans], size: 14.0, height: 1.6x, leadingDistribution: even), autocorrect: false, smartDashesType: disabled, smartQuotesType: disabled, enableSuggestions: false, maxLines: null, expands: true, textAlignVertical: TextAlignVertical(y: -1.0), textDirection: ltr, cursorWidth: 1.4, cursorHeight: 18.8, cursorColor: Color(alpha: 0.8200, red: 0.9686, green: 0.9686, blue: 0.9686, colorSpace: ColorSpace.sRGB), scrollController: ScrollController#db4bc(one client, offset 0.0), dependencies: [DefaultSelectionStyle, InheritedCupertinoTheme, MediaQuery, UnmanagedRestorationScope, _InheritedTheme, _LocalizationsScope-[GlobalKey#c3e06]], state: _TextFieldState#c74cf),
]" derived an Offset (Offset(425.5, 300.0)) that would not hit test on the specified widget.
Maybe the widget is actually off-screen, or another widget is obscuring it, or the widget cannot receive pointer events.
The finder corresponds to this RenderBox: RenderMouseRegion#714c1
The hit test result at that offset is: HitTestResult(RenderMouseRegion#53c95@Offset(425.5, 300.0), RenderSemanticsAnnotations#cb415@Offset(425.5, 300.0), RenderPointerListener#0210f@Offset(425.5, 300.0), RenderSemanticsGestureHandler#87e37@Offset(425.5, 300.0), RenderExcludeSemantics#49d60@Offset(425.5, 300.0), RenderBlockSemantics#52aab@Offset(425.5, 300.0), RenderIgnorePointer#4e6ae@Offset(425.5, 300.0), RenderSemanticsAnnotations#79db2@Offset(425.5, 300.0), _RenderTheater#c1c8f@Offset(425.5, 300.0), RenderAbsorbPointer#d6764@Offset(425.5, 300.0), RenderPointerListener#9e888@Offset(425.5, 300.0), RenderSemanticsAnnotations#a7fe3@Offset(425.5, 300.0), RenderCustomPaint#9a539@Offset(425.5, 300.0), RenderSemanticsAnnotations#0cea0@Offset(425.5, 300.0), RenderSemanticsAnnotations#03b63@Offset(425.5, 300.0), RenderSemanticsAnnotations#fb158@Offset(425.5, 300.0), RenderTapRegionSurface#d3aeb@Offset(425.5, 300.0), RenderSemanticsAnnotations#4234b@Offset(425.5, 300.0), RenderSemanticsAnnotations#96a05@Offset(425.5, 300.0), HitTestEntry<HitTestTarget>#f1c90(_ReusableRenderView#6a9e0), HitTestEntry<HitTestTarget>#8d723(<AutomatedTestWidgetsFlutterBinding>))
#0      WidgetController._getElementPoint (package:flutter_test/src/controller.dart:2165:25)
#1      WidgetController.getCenter (package:flutter_test/src/controller.dart:1947:12)
#2      WidgetController.tap (package:flutter_test/src/controller.dart:1080:7)
#3      _pumpClipboardSourceEditor (file:///home/albert/busystack/busymark/test/src/source_editor_widget_test.dart:9400:16)
<asynchronous suspension>
#4      main.<anonymous closure> (file:///home/albert/busystack/busymark/test/src/source_editor_widget_test.dart:7808:28)
<asynchronous suspension>
#5      testWidgets.<anonymous closure>.<anonymous closure> (package:flutter_test/src/widget_tester.dart:192:15)
<asynchronous suspension>
#6      TestWidgetsFlutterBinding._runTestBody (package:flutter_test/src/binding.dart:1953:5)
<asynchronous suspension>
#7      StackZoneSpecification._registerCallback.<anonymous closure> (package:stack_trace/src/stack_zone_specification.dart:114:42)
<asynchronous suspension>
To silence this warning, pass "warnIfMissed: false" to "tap()".
To make this warning fatal, set WidgetController.hitTestWarningShouldBeFatal to true.


Warning: A call to tap() with finder "Found 1 widget with type "TextField": [
  TextField(controller:
    BusyMarkSourceController#ae53e(TextEditingValue(text: ┤> item
    ├, selection: TextSelection.collapsed(offset: 7, affinity: TextAffinity.downstream, isDirectional: false), composing: TextRange(start: -1, end: -1)))
  , focusNode: FocusNode#22b66, undoController: UndoHistoryController#eebe8(UndoHistoryValue(canUndo: false, canRedo: false)), decoration: InputDecoration(contentPadding: EdgeInsets(12.0, 16.0, 16.0, 16.0), isCollapsed: true, fillColor: Color(alpha: 0.0000, red: 0.0000, green: 0.0000, blue: 0.0000, colorSpace: ColorSpace.sRGB), focusColor: Color(alpha: 0.0000, red: 0.0000, green: 0.0000, blue: 0.0000, colorSpace: ColorSpace.sRGB), hoverColor: Color(alpha: 0.0000, red: 0.0000, green: 0.0000, blue: 0.0000, colorSpace: ColorSpace.sRGB), focusedBorder: _NoInputBorder(), enabledBorder: _NoInputBorder(), border: _NoInputBorder()), keyboardType: TextInputType(name: TextInputType.multiline, signed: null, decimal: null), style: TextStyle(inherit: true, family: Ubuntu Mono, familyFallback: [Noto Sans Arabic, Noto Sans Mono, DejaVu Sans Mono, DejaVu Sans], size: 14.0, height: 1.6x, leadingDistribution: even), autocorrect: false, smartDashesType: disabled, smartQuotesType: disabled, enableSuggestions: false, maxLines: null, expands: true, textAlignVertical: TextAlignVertical(y: -1.0), textDirection: ltr, cursorWidth: 1.4, cursorHeight: 18.8, cursorColor: Color(alpha: 0.8200, red: 0.9686, green: 0.9686, blue: 0.9686, colorSpace: ColorSpace.sRGB), scrollController: ScrollController#db4bc(one client, offset 0.0), dependencies: [DefaultSelectionStyle, InheritedCupertinoTheme, MediaQuery, UnmanagedRestorationScope, _InheritedTheme, _LocalizationsScope-[GlobalKey#c3e06]], state: _TextFieldState#c74cf),
]" derived an Offset (Offset(425.5, 300.0)) that would not hit test on the specified widget.
Maybe the widget is actually off-screen, or another widget is obscuring it, or the widget cannot receive pointer events.
The finder corresponds to this RenderBox: RenderMouseRegion#714c1
The hit test result at that offset is: HitTestResult(RenderMouseRegion#0d5ad@Offset(425.5, 300.0), RenderSemanticsAnnotations#02c50@Offset(425.5, 300.0), RenderPointerListener#3f5e2@Offset(425.5, 300.0), RenderSemanticsGestureHandler#fa0b6@Offset(425.5, 300.0), RenderExcludeSemantics#31ad0@Offset(425.5, 300.0), RenderBlockSemantics#d5dd0@Offset(425.5, 300.0), RenderIgnorePointer#f6fb2@Offset(425.5, 300.0), RenderSemanticsAnnotations#89481@Offset(425.5, 300.0), _RenderTheater#c1c8f@Offset(425.5, 300.0), RenderAbsorbPointer#d6764@Offset(425.5, 300.0), RenderPointerListener#9e888@Offset(425.5, 300.0), RenderSemanticsAnnotations#a7fe3@Offset(425.5, 300.0), RenderCustomPaint#9a539@Offset(425.5, 300.0), RenderSemanticsAnnotations#0cea0@Offset(425.5, 300.0), RenderSemanticsAnnotations#03b63@Offset(425.5, 300.0), RenderSemanticsAnnotations#fb158@Offset(425.5, 300.0), RenderTapRegionSurface#d3aeb@Offset(425.5, 300.0), RenderSemanticsAnnotations#4234b@Offset(425.5, 300.0), RenderSemanticsAnnotations#96a05@Offset(425.5, 300.0), HitTestEntry<HitTestTarget>#725f8(_ReusableRenderView#6a9e0), HitTestEntry<HitTestTarget>#6d951(<AutomatedTestWidgetsFlutterBinding>))
#0      WidgetController._getElementPoint (package:flutter_test/src/controller.dart:2165:25)
#1      WidgetController.getCenter (package:flutter_test/src/controller.dart:1947:12)
#2      WidgetController.tap (package:flutter_test/src/controller.dart:1080:7)
#3      _pumpClipboardSourceEditor (file:///home/albert/busystack/busymark/test/src/source_editor_widget_test.dart:9400:16)
<asynchronous suspension>
#4      main.<anonymous closure> (file:///home/albert/busystack/busymark/test/src/source_editor_widget_test.dart:7808:28)
<asynchronous suspension>
#5      testWidgets.<anonymous closure>.<anonymous closure> (package:flutter_test/src/widget_tester.dart:192:15)
<asynchronous suspension>
#6      TestWidgetsFlutterBinding._runTestBody (package:flutter_test/src/binding.dart:1953:5)
<asynchronous suspension>
#7      StackZoneSpecification._registerCallback.<anonymous closure> (package:stack_trace/src/stack_zone_specification.dart:114:42)
<asynchronous suspension>
To silence this warning, pass "warnIfMissed: false" to "tap()".
To make this warning fatal, set WidgetController.hitTestWarningShouldBeFatal to true.


Warning: A call to tap() with finder "Found 1 widget with type "TextField": [
  TextField(controller: BusyMarkSourceController#ae53e(TextEditingValue(text: ┤- item├, selection: TextSelection.collapsed(offset: 6, affinity: TextAffinity.downstream, isDirectional: false), composing: TextRange(start: -1, end: -1))), focusNode: FocusNode#22b66, undoController: UndoHistoryController#eebe8(UndoHistoryValue(canUndo: false, canRedo: false)), decoration: InputDecoration(contentPadding: EdgeInsets(12.0, 16.0, 16.0, 16.0), isCollapsed: true, fillColor: Color(alpha: 0.0000, red: 0.0000, green: 0.0000, blue: 0.0000, colorSpace: ColorSpace.sRGB), focusColor: Color(alpha: 0.0000, red: 0.0000, green: 0.0000, blue: 0.0000, colorSpace: ColorSpace.sRGB), hoverColor: Color(alpha: 0.0000, red: 0.0000, green: 0.0000, blue: 0.0000, colorSpace: ColorSpace.sRGB), focusedBorder: _NoInputBorder(), enabledBorder: _NoInputBorder(), border: _NoInputBorder()), keyboardType: TextInputType(name: TextInputType.multiline, signed: null, decimal: null), style: TextStyle(inherit: true, family: Ubuntu Mono, familyFallback: [Noto Sans Arabic, Noto Sans Mono, DejaVu Sans Mono, DejaVu Sans], size: 14.0, height: 1.6x, leadingDistribution: even), autocorrect: false, smartDashesType: disabled, smartQuotesType: disabled, enableSuggestions: false, maxLines: null, expands: true, textAlignVertical: TextAlignVertical(y: -1.0), textDirection: ltr, cursorWidth: 1.4, cursorHeight: 18.8, cursorColor: Color(alpha: 0.8200, red: 0.9686, green: 0.9686, blue: 0.9686, colorSpace: ColorSpace.sRGB), scrollController: ScrollController#db4bc(one client, offset 0.0), dependencies: [DefaultSelectionStyle, InheritedCupertinoTheme, MediaQuery, UnmanagedRestorationScope, _InheritedTheme, _LocalizationsScope-[GlobalKey#c3e06]], state: _TextFieldState#c74cf),
]" derived an Offset (Offset(425.5, 300.0)) that would not hit test on the specified widget.
Maybe the widget is actually off-screen, or another widget is obscuring it, or the widget cannot receive pointer events.
The finder corresponds to this RenderBox: RenderMouseRegion#714c1
The hit test result at that offset is: HitTestResult(RenderMouseRegion#0354e@Offset(425.5, 300.0), RenderSemanticsAnnotations#e32a0@Offset(425.5, 300.0), RenderPointerListener#2c7ee@Offset(425.5, 300.0), RenderSemanticsGestureHandler#dd244@Offset(425.5, 300.0), RenderExcludeSemantics#c39f0@Offset(425.5, 300.0), RenderBlockSemantics#59b20@Offset(425.5, 300.0), RenderIgnorePointer#3405f@Offset(425.5, 300.0), RenderSemanticsAnnotations#86ed2@Offset(425.5, 300.0), _RenderTheater#c1c8f@Offset(425.5, 300.0), RenderAbsorbPointer#d6764@Offset(425.5, 300.0), RenderPointerListener#9e888@Offset(425.5, 300.0), RenderSemanticsAnnotations#a7fe3@Offset(425.5, 300.0), RenderCustomPaint#9a539@Offset(425.5, 300.0), RenderSemanticsAnnotations#0cea0@Offset(425.5, 300.0), RenderSemanticsAnnotations#03b63@Offset(425.5, 300.0), RenderSemanticsAnnotations#fb158@Offset(425.5, 300.0), RenderTapRegionSurface#d3aeb@Offset(425.5, 300.0), RenderSemanticsAnnotations#4234b@Offset(425.5, 300.0), RenderSemanticsAnnotations#96a05@Offset(425.5, 300.0), HitTestEntry<HitTestTarget>#1851d(_ReusableRenderView#6a9e0), HitTestEntry<HitTestTarget>#a0b81(<AutomatedTestWidgetsFlutterBinding>))
#0      WidgetController._getElementPoint (package:flutter_test/src/controller.dart:2165:25)
#1      WidgetController.getCenter (package:flutter_test/src/controller.dart:1947:12)
#2      WidgetController.tap (package:flutter_test/src/controller.dart:1080:7)
#3      _pumpClipboardSourceEditor (file:///home/albert/busystack/busymark/test/src/source_editor_widget_test.dart:9400:16)
<asynchronous suspension>
#4      main.<anonymous closure> (file:///home/albert/busystack/busymark/test/src/source_editor_widget_test.dart:7808:28)
<asynchronous suspension>
#5      testWidgets.<anonymous closure>.<anonymous closure> (package:flutter_test/src/widget_tester.dart:192:15)
<asynchronous suspension>
#6      TestWidgetsFlutterBinding._runTestBody (package:flutter_test/src/binding.dart:1953:5)
<asynchronous suspension>
#7      StackZoneSpecification._registerCallback.<anonymous closure> (package:stack_trace/src/stack_zone_specification.dart:114:42)
<asynchronous suspension>
To silence this warning, pass "warnIfMissed: false" to "tap()".
To make this warning fatal, set WidgetController.hitTestWarningShouldBeFatal to true.


Warning: A call to tap() with finder "Found 1 widget with type "TextField": [
  TextField(controller:
    BusyMarkSourceController#ae53e(TextEditingValue(text: ┤- item
    ├, selection: TextSelection.collapsed(offset: 7, affinity: TextAffinity.downstream, isDirectional: false), composing: TextRange(start: -1, end: -1)))
  , focusNode: FocusNode#22b66, undoController: UndoHistoryController#eebe8(UndoHistoryValue(canUndo: false, canRedo: false)), decoration: InputDecoration(contentPadding: EdgeInsets(12.0, 16.0, 16.0, 16.0), isCollapsed: true, fillColor: Color(alpha: 0.0000, red: 0.0000, green: 0.0000, blue: 0.0000, colorSpace: ColorSpace.sRGB), focusColor: Color(alpha: 0.0000, red: 0.0000, green: 0.0000, blue: 0.0000, colorSpace: ColorSpace.sRGB), hoverColor: Color(alpha: 0.0000, red: 0.0000, green: 0.0000, blue: 0.0000, colorSpace: ColorSpace.sRGB), focusedBorder: _NoInputBorder(), enabledBorder: _NoInputBorder(), border: _NoInputBorder()), keyboardType: TextInputType(name: TextInputType.multiline, signed: null, decimal: null), style: TextStyle(inherit: true, family: Ubuntu Mono, familyFallback: [Noto Sans Arabic, Noto Sans Mono, DejaVu Sans Mono, DejaVu Sans], size: 14.0, height: 1.6x, leadingDistribution: even), autocorrect: false, smartDashesType: disabled, smartQuotesType: disabled, enableSuggestions: false, maxLines: null, expands: true, textAlignVertical: TextAlignVertical(y: -1.0), textDirection: ltr, cursorWidth: 1.4, cursorHeight: 18.8, cursorColor: Color(alpha: 0.8200, red: 0.9686, green: 0.9686, blue: 0.9686, colorSpace: ColorSpace.sRGB), scrollController: ScrollController#db4bc(one client, offset 0.0), dependencies: [DefaultSelectionStyle, InheritedCupertinoTheme, MediaQuery, UnmanagedRestorationScope, _InheritedTheme, _LocalizationsScope-[GlobalKey#c3e06]], state: _TextFieldState#c74cf),
]" derived an Offset (Offset(425.5, 300.0)) that would not hit test on the specified widget.
Maybe the widget is actually off-screen, or another widget is obscuring it, or the widget cannot receive pointer events.
The finder corresponds to this RenderBox: RenderMouseRegion#714c1
The hit test result at that offset is: HitTestResult(RenderMouseRegion#bfbe6@Offset(425.5, 300.0), RenderSemanticsAnnotations#754cd@Offset(425.5, 300.0), RenderPointerListener#b4961@Offset(425.5, 300.0), RenderSemanticsGestureHandler#500fb@Offset(425.5, 300.0), RenderExcludeSemantics#b310c@Offset(425.5, 300.0), RenderBlockSemantics#f4693@Offset(425.5, 300.0), RenderIgnorePointer#b4baa@Offset(425.5, 300.0), RenderSemanticsAnnotations#2eae4@Offset(425.5, 300.0), _RenderTheater#c1c8f@Offset(425.5, 300.0), RenderAbsorbPointer#d6764@Offset(425.5, 300.0), RenderPointerListener#9e888@Offset(425.5, 300.0), RenderSemanticsAnnotations#a7fe3@Offset(425.5, 300.0), RenderCustomPaint#9a539@Offset(425.5, 300.0), RenderSemanticsAnnotations#0cea0@Offset(425.5, 300.0), RenderSemanticsAnnotations#03b63@Offset(425.5, 300.0), RenderSemanticsAnnotations#fb158@Offset(425.5, 300.0), RenderTapRegionSurface#d3aeb@Offset(425.5, 300.0), RenderSemanticsAnnotations#4234b@Offset(425.5, 300.0), RenderSemanticsAnnotations#96a05@Offset(425.5, 300.0), HitTestEntry<HitTestTarget>#621a2(_ReusableRenderView#6a9e0), HitTestEntry<HitTestTarget>#d19b2(<AutomatedTestWidgetsFlutterBinding>))
#0      WidgetController._getElementPoint (package:flutter_test/src/controller.dart:2165:25)
#1      WidgetController.getCenter (package:flutter_test/src/controller.dart:1947:12)
#2      WidgetController.tap (package:flutter_test/src/controller.dart:1080:7)
#3      _pumpClipboardSourceEditor (file:///home/albert/busystack/busymark/test/src/source_editor_widget_test.dart:9400:16)
<asynchronous suspension>
#4      main.<anonymous closure> (file:///home/albert/busystack/busymark/test/src/source_editor_widget_test.dart:7808:28)
<asynchronous suspension>
#5      testWidgets.<anonymous closure>.<anonymous closure> (package:flutter_test/src/widget_tester.dart:192:15)
<asynchronous suspension>
#6      TestWidgetsFlutterBinding._runTestBody (package:flutter_test/src/binding.dart:1953:5)
<asynchronous suspension>
#7      StackZoneSpecification._registerCallback.<anonymous closure> (package:stack_trace/src/stack_zone_specification.dart:114:42)
<asynchronous suspension>
To silence this warning, pass "warnIfMissed: false" to "tap()".
To make this warning fatal, set WidgetController.hitTestWarningShouldBeFatal to true.


Warning: A call to tap() with finder "Found 1 widget with type "TextField": [
  TextField(controller: BusyMarkSourceController#ae53e(TextEditingValue(text: ┤>   3. item├, selection: TextSelection.collapsed(offset: 11, affinity: TextAffinity.downstream, isDirectional: false), composing: TextRange(start: -1, end: -1))), focusNode: FocusNode#22b66, undoController: UndoHistoryController#eebe8(UndoHistoryValue(canUndo: false, canRedo: false)), decoration: InputDecoration(contentPadding: EdgeInsets(12.0, 16.0, 16.0, 16.0), isCollapsed: true, fillColor: Color(alpha: 0.0000, red: 0.0000, green: 0.0000, blue: 0.0000, colorSpace: ColorSpace.sRGB), focusColor: Color(alpha: 0.0000, red: 0.0000, green: 0.0000, blue: 0.0000, colorSpace: ColorSpace.sRGB), hoverColor: Color(alpha: 0.0000, red: 0.0000, green: 0.0000, blue: 0.0000, colorSpace: ColorSpace.sRGB), focusedBorder: _NoInputBorder(), enabledBorder: _NoInputBorder(), border: _NoInputBorder()), keyboardType: TextInputType(name: TextInputType.multiline, signed: null, decimal: null), style: TextStyle(inherit: true, family: Ubuntu Mono, familyFallback: [Noto Sans Arabic, Noto Sans Mono, DejaVu Sans Mono, DejaVu Sans], size: 14.0, height: 1.6x, leadingDistribution: even), autocorrect: false, smartDashesType: disabled, smartQuotesType: disabled, enableSuggestions: false, maxLines: null, expands: true, textAlignVertical: TextAlignVertical(y: -1.0), textDirection: ltr, cursorWidth: 1.4, cursorHeight: 18.8, cursorColor: Color(alpha: 0.8200, red: 0.9686, green: 0.9686, blue: 0.9686, colorSpace: ColorSpace.sRGB), scrollController: ScrollController#db4bc(one client, offset 0.0), dependencies: [DefaultSelectionStyle, InheritedCupertinoTheme, MediaQuery, UnmanagedRestorationScope, _InheritedTheme, _LocalizationsScope-[GlobalKey#c3e06]], state: _TextFieldState#c74cf),
]" derived an Offset (Offset(425.5, 300.0)) that would not hit test on the specified widget.
Maybe the widget is actually off-screen, or another widget is obscuring it, or the widget cannot receive pointer events.
The finder corresponds to this RenderBox: RenderMouseRegion#714c1
The hit test result at that offset is: HitTestResult(RenderMouseRegion#9fe49@Offset(425.5, 300.0), RenderSemanticsAnnotations#33ba6@Offset(425.5, 300.0), RenderPointerListener#b12b3@Offset(425.5, 300.0), RenderSemanticsGestureHandler#7c610@Offset(425.5, 300.0), RenderExcludeSemantics#f8ac0@Offset(425.5, 300.0), RenderBlockSemantics#ccd76@Offset(425.5, 300.0), RenderIgnorePointer#54f21@Offset(425.5, 300.0), RenderSemanticsAnnotations#8c036@Offset(425.5, 300.0), _RenderTheater#c1c8f@Offset(425.5, 300.0), RenderAbsorbPointer#d6764@Offset(425.5, 300.0), RenderPointerListener#9e888@Offset(425.5, 300.0), RenderSemanticsAnnotations#a7fe3@Offset(425.5, 300.0), RenderCustomPaint#9a539@Offset(425.5, 300.0), RenderSemanticsAnnotations#0cea0@Offset(425.5, 300.0), RenderSemanticsAnnotations#03b63@Offset(425.5, 300.0), RenderSemanticsAnnotations#fb158@Offset(425.5, 300.0), RenderTapRegionSurface#d3aeb@Offset(425.5, 300.0), RenderSemanticsAnnotations#4234b@Offset(425.5, 300.0), RenderSemanticsAnnotations#96a05@Offset(425.5, 300.0), HitTestEntry<HitTestTarget>#55ca0(_ReusableRenderView#6a9e0), HitTestEntry<HitTestTarget>#d8f89(<AutomatedTestWidgetsFlutterBinding>))
#0      WidgetController._getElementPoint (package:flutter_test/src/controller.dart:2165:25)
#1      WidgetController.getCenter (package:flutter_test/src/controller.dart:1947:12)
#2      WidgetController.tap (package:flutter_test/src/controller.dart:1080:7)
#3      _pumpClipboardSourceEditor (file:///home/albert/busystack/busymark/test/src/source_editor_widget_test.dart:9400:16)
<asynchronous suspension>
#4      main.<anonymous closure> (file:///home/albert/busystack/busymark/test/src/source_editor_widget_test.dart:7808:28)
<asynchronous suspension>
#5      testWidgets.<anonymous closure>.<anonymous closure> (package:flutter_test/src/widget_tester.dart:192:15)
<asynchronous suspension>
#6      TestWidgetsFlutterBinding._runTestBody (package:flutter_test/src/binding.dart:1953:5)
<asynchronous suspension>
#7      StackZoneSpecification._registerCallback.<anonymous closure> (package:stack_trace/src/stack_zone_specification.dart:114:42)
<asynchronous suspension>
To silence this warning, pass "warnIfMissed: false" to "tap()".
To make this warning fatal, set WidgetController.hitTestWarningShouldBeFatal to true.

04:56 +1057: /home/albert/busystack/busymark/test/src/source_editor_widget_test.dart: Source complete blocks retain continuation-line ancestors

Warning: A call to tap() with finder "Found 1 widget with type "TextField": [
  TextField(controller:
    BusyMarkSourceController#8d430(TextEditingValue(text: ┤- first
      leftright
    ├, selection: TextSelection.collapsed(offset: 20, affinity: TextAffinity.downstream, isDirectional: false), composing: TextRange(start: -1, end: -1)))
  , focusNode: FocusNode#69bfa, undoController: UndoHistoryController#c1bd4(UndoHistoryValue(canUndo: false, canRedo: false)), decoration: InputDecoration(contentPadding: EdgeInsets(12.0, 16.0, 16.0, 16.0), isCollapsed: true, fillColor: Color(alpha: 0.0000, red: 0.0000, green: 0.0000, blue: 0.0000, colorSpace: ColorSpace.sRGB), focusColor: Color(alpha: 0.0000, red: 0.0000, green: 0.0000, blue: 0.0000, colorSpace: ColorSpace.sRGB), hoverColor: Color(alpha: 0.0000, red: 0.0000, green: 0.0000, blue: 0.0000, colorSpace: ColorSpace.sRGB), focusedBorder: _NoInputBorder(), enabledBorder: _NoInputBorder(), border: _NoInputBorder()), keyboardType: TextInputType(name: TextInputType.multiline, signed: null, decimal: null), style: TextStyle(inherit: true, family: Ubuntu Mono, familyFallback: [Noto Sans Arabic, Noto Sans Mono, DejaVu Sans Mono, DejaVu Sans], size: 14.0, height: 1.6x, leadingDistribution: even), autocorrect: false, smartDashesType: disabled, smartQuotesType: disabled, enableSuggestions: false, maxLines: null, expands: true, textAlignVertical: TextAlignVertical(y: -1.0), textDirection: ltr, cursorWidth: 1.4, cursorHeight: 18.8, cursorColor: Color(alpha: 0.8200, red: 0.9686, green: 0.9686, blue: 0.9686, colorSpace: ColorSpace.sRGB), scrollController: ScrollController#dc51b(one client, offset 0.0), dependencies: [DefaultSelectionStyle, InheritedCupertinoTheme, MediaQuery, UnmanagedRestorationScope, _InheritedTheme, _LocalizationsScope-[GlobalKey#edecb]], state: _TextFieldState#1c4ba),
]" derived an Offset (Offset(425.5, 300.0)) that would not hit test on the specified widget.
Maybe the widget is actually off-screen, or another widget is obscuring it, or the widget cannot receive pointer events.
The finder corresponds to this RenderBox: RenderMouseRegion#08f15
The hit test result at that offset is: HitTestResult(RenderMouseRegion#e8e0a@Offset(425.5, 300.0), RenderSemanticsAnnotations#aa85f@Offset(425.5, 300.0), RenderPointerListener#2fd49@Offset(425.5, 300.0), RenderSemanticsGestureHandler#18844@Offset(425.5, 300.0), RenderExcludeSemantics#890af@Offset(425.5, 300.0), RenderBlockSemantics#ccca4@Offset(425.5, 300.0), RenderIgnorePointer#f704f@Offset(425.5, 300.0), RenderSemanticsAnnotations#efd95@Offset(425.5, 300.0), _RenderTheater#a6282@Offset(425.5, 300.0), RenderAbsorbPointer#fff48@Offset(425.5, 300.0), RenderPointerListener#bd9f2@Offset(425.5, 300.0), RenderSemanticsAnnotations#0bdc1@Offset(425.5, 300.0), RenderCustomPaint#04240@Offset(425.5, 300.0), RenderSemanticsAnnotations#3e13b@Offset(425.5, 300.0), RenderSemanticsAnnotations#f5d3c@Offset(425.5, 300.0), RenderSemanticsAnnotations#dff2e@Offset(425.5, 300.0), RenderTapRegionSurface#20e97@Offset(425.5, 300.0), RenderSemanticsAnnotations#47a4b@Offset(425.5, 300.0), RenderSemanticsAnnotations#2e2dc@Offset(425.5, 300.0), HitTestEntry<HitTestTarget>#59a97(_ReusableRenderView#6a9e0), HitTestEntry<HitTestTarget>#edaeb(<AutomatedTestWidgetsFlutterBinding>))
#0      WidgetController._getElementPoint (package:flutter_test/src/controller.dart:2165:25)
#1      WidgetController.getCenter (package:flutter_test/src/controller.dart:1947:12)
#2      WidgetController.tap (package:flutter_test/src/controller.dart:1080:7)
#3      _pumpClipboardSourceEditor (file:///home/albert/busystack/busymark/test/src/source_editor_widget_test.dart:9400:16)
<asynchronous suspension>
#4      main.<anonymous closure> (file:///home/albert/busystack/busymark/test/src/source_editor_widget_test.dart:7849:28)
<asynchronous suspension>
#5      testWidgets.<anonymous closure>.<anonymous closure> (package:flutter_test/src/widget_tester.dart:192:15)
<asynchronous suspension>
#6      TestWidgetsFlutterBinding._runTestBody (package:flutter_test/src/binding.dart:1953:5)
<asynchronous suspension>
#7      StackZoneSpecification._registerCallback.<anonymous closure> (package:stack_trace/src/stack_zone_specification.dart:114:42)
<asynchronous suspension>
To silence this warning, pass "warnIfMissed: false" to "tap()".
To make this warning fatal, set WidgetController.hitTestWarningShouldBeFatal to true.


Warning: A call to tap() with finder "Found 1 widget with type "TextField": [
  TextField(controller:
    BusyMarkSourceController#8d430(TextEditingValue(text: ┤- first

      leftright
    ├, selection: TextSelection.collapsed(offset: 21, affinity: TextAffinity.downstream, isDirectional: false), composing: TextRange(start: -1, end: -1)))
  , focusNode: FocusNode#69bfa, undoController: UndoHistoryController#c1bd4(UndoHistoryValue(canUndo: false, canRedo: false)), decoration: InputDecoration(contentPadding: EdgeInsets(12.0, 16.0, 16.0, 16.0), isCollapsed: true, fillColor: Color(alpha: 0.0000, red: 0.0000, green: 0.0000, blue: 0.0000, colorSpace: ColorSpace.sRGB), focusColor: Color(alpha: 0.0000, red: 0.0000, green: 0.0000, blue: 0.0000, colorSpace: ColorSpace.sRGB), hoverColor: Color(alpha: 0.0000, red: 0.0000, green: 0.0000, blue: 0.0000, colorSpace: ColorSpace.sRGB), focusedBorder: _NoInputBorder(), enabledBorder: _NoInputBorder(), border: _NoInputBorder()), keyboardType: TextInputType(name: TextInputType.multiline, signed: null, decimal: null), style: TextStyle(inherit: true, family: Ubuntu Mono, familyFallback: [Noto Sans Arabic, Noto Sans Mono, DejaVu Sans Mono, DejaVu Sans], size: 14.0, height: 1.6x, leadingDistribution: even), autocorrect: false, smartDashesType: disabled, smartQuotesType: disabled, enableSuggestions: false, maxLines: null, expands: true, textAlignVertical: TextAlignVertical(y: -1.0), textDirection: ltr, cursorWidth: 1.4, cursorHeight: 18.8, cursorColor: Color(alpha: 0.8200, red: 0.9686, green: 0.9686, blue: 0.9686, colorSpace: ColorSpace.sRGB), scrollController: ScrollController#dc51b(one client, offset 0.0), dependencies: [DefaultSelectionStyle, InheritedCupertinoTheme, MediaQuery, UnmanagedRestorationScope, _InheritedTheme, _LocalizationsScope-[GlobalKey#edecb]], state: _TextFieldState#1c4ba),
]" derived an Offset (Offset(425.5, 300.0)) that would not hit test on the specified widget.
Maybe the widget is actually off-screen, or another widget is obscuring it, or the widget cannot receive pointer events.
The finder corresponds to this RenderBox: RenderMouseRegion#08f15
The hit test result at that offset is: HitTestResult(RenderMouseRegion#53eb2@Offset(425.5, 300.0), RenderSemanticsAnnotations#a61ce@Offset(425.5, 300.0), RenderPointerListener#adf55@Offset(425.5, 300.0), RenderSemanticsGestureHandler#26314@Offset(425.5, 300.0), RenderExcludeSemantics#87038@Offset(425.5, 300.0), RenderBlockSemantics#849ef@Offset(425.5, 300.0), RenderIgnorePointer#e045f@Offset(425.5, 300.0), RenderSemanticsAnnotations#ee06c@Offset(425.5, 300.0), _RenderTheater#a6282@Offset(425.5, 300.0), RenderAbsorbPointer#fff48@Offset(425.5, 300.0), RenderPointerListener#bd9f2@Offset(425.5, 300.0), RenderSemanticsAnnotations#0bdc1@Offset(425.5, 300.0), RenderCustomPaint#04240@Offset(425.5, 300.0), RenderSemanticsAnnotations#3e13b@Offset(425.5, 300.0), RenderSemanticsAnnotations#f5d3c@Offset(425.5, 300.0), RenderSemanticsAnnotations#dff2e@Offset(425.5, 300.0), RenderTapRegionSurface#20e97@Offset(425.5, 300.0), RenderSemanticsAnnotations#47a4b@Offset(425.5, 300.0), RenderSemanticsAnnotations#2e2dc@Offset(425.5, 300.0), HitTestEntry<HitTestTarget>#0d93a(_ReusableRenderView#6a9e0), HitTestEntry<HitTestTarget>#c7941(<AutomatedTestWidgetsFlutterBinding>))
#0      WidgetController._getElementPoint (package:flutter_test/src/controller.dart:2165:25)
#1      WidgetController.getCenter (package:flutter_test/src/controller.dart:1947:12)
#2      WidgetController.tap (package:flutter_test/src/controller.dart:1080:7)
#3      _pumpClipboardSourceEditor (file:///home/albert/busystack/busymark/test/src/source_editor_widget_test.dart:9400:16)
<asynchronous suspension>
#4      main.<anonymous closure> (file:///home/albert/busystack/busymark/test/src/source_editor_widget_test.dart:7849:28)
<asynchronous suspension>
#5      testWidgets.<anonymous closure>.<anonymous closure> (package:flutter_test/src/widget_tester.dart:192:15)
<asynchronous suspension>
#6      TestWidgetsFlutterBinding._runTestBody (package:flutter_test/src/binding.dart:1953:5)
<asynchronous suspension>
#7      StackZoneSpecification._registerCallback.<anonymous closure> (package:stack_trace/src/stack_zone_specification.dart:114:42)
<asynchronous suspension>
To silence this warning, pass "warnIfMissed: false" to "tap()".
To make this warning fatal, set WidgetController.hitTestWarningShouldBeFatal to true.


Warning: A call to tap() with finder "Found 1 widget with type "TextField": [
  TextField(controller:
    BusyMarkSourceController#8d430(TextEditingValue(text: ┤> first
    leftright
    ├, selection: TextSelection.collapsed(offset: 18, affinity: TextAffinity.downstream, isDirectional: false), composing: TextRange(start: -1, end: -1)))
  , focusNode: FocusNode#69bfa, undoController: UndoHistoryController#c1bd4(UndoHistoryValue(canUndo: false, canRedo: false)), decoration: InputDecoration(contentPadding: EdgeInsets(12.0, 16.0, 16.0, 16.0), isCollapsed: true, fillColor: Color(alpha: 0.0000, red: 0.0000, green: 0.0000, blue: 0.0000, colorSpace: ColorSpace.sRGB), focusColor: Color(alpha: 0.0000, red: 0.0000, green: 0.0000, blue: 0.0000, colorSpace: ColorSpace.sRGB), hoverColor: Color(alpha: 0.0000, red: 0.0000, green: 0.0000, blue: 0.0000, colorSpace: ColorSpace.sRGB), focusedBorder: _NoInputBorder(), enabledBorder: _NoInputBorder(), border: _NoInputBorder()), keyboardType: TextInputType(name: TextInputType.multiline, signed: null, decimal: null), style: TextStyle(inherit: true, family: Ubuntu Mono, familyFallback: [Noto Sans Arabic, Noto Sans Mono, DejaVu Sans Mono, DejaVu Sans], size: 14.0, height: 1.6x, leadingDistribution: even), autocorrect: false, smartDashesType: disabled, smartQuotesType: disabled, enableSuggestions: false, maxLines: null, expands: true, textAlignVertical: TextAlignVertical(y: -1.0), textDirection: ltr, cursorWidth: 1.4, cursorHeight: 18.8, cursorColor: Color(alpha: 0.8200, red: 0.9686, green: 0.9686, blue: 0.9686, colorSpace: ColorSpace.sRGB), scrollController: ScrollController#dc51b(one client, offset 0.0), dependencies: [DefaultSelectionStyle, InheritedCupertinoTheme, MediaQuery, UnmanagedRestorationScope, _InheritedTheme, _LocalizationsScope-[GlobalKey#edecb]], state: _TextFieldState#1c4ba),
]" derived an Offset (Offset(425.5, 300.0)) that would not hit test on the specified widget.
Maybe the widget is actually off-screen, or another widget is obscuring it, or the widget cannot receive pointer events.
The finder corresponds to this RenderBox: RenderMouseRegion#08f15
The hit test result at that offset is: HitTestResult(RenderMouseRegion#9ce3e@Offset(425.5, 300.0), RenderSemanticsAnnotations#a1f11@Offset(425.5, 300.0), RenderPointerListener#09be1@Offset(425.5, 300.0), RenderSemanticsGestureHandler#293dc@Offset(425.5, 300.0), RenderExcludeSemantics#94463@Offset(425.5, 300.0), RenderBlockSemantics#673be@Offset(425.5, 300.0), RenderIgnorePointer#5c0b4@Offset(425.5, 300.0), RenderSemanticsAnnotations#34ab8@Offset(425.5, 300.0), _RenderTheater#a6282@Offset(425.5, 300.0), RenderAbsorbPointer#fff48@Offset(425.5, 300.0), RenderPointerListener#bd9f2@Offset(425.5, 300.0), RenderSemanticsAnnotations#0bdc1@Offset(425.5, 300.0), RenderCustomPaint#04240@Offset(425.5, 300.0), RenderSemanticsAnnotations#3e13b@Offset(425.5, 300.0), RenderSemanticsAnnotations#f5d3c@Offset(425.5, 300.0), RenderSemanticsAnnotations#dff2e@Offset(425.5, 300.0), RenderTapRegionSurface#20e97@Offset(425.5, 300.0), RenderSemanticsAnnotations#47a4b@Offset(425.5, 300.0), RenderSemanticsAnnotations#2e2dc@Offset(425.5, 300.0), HitTestEntry<HitTestTarget>#0bf80(_ReusableRenderView#6a9e0), HitTestEntry<HitTestTarget>#1563e(<AutomatedTestWidgetsFlutterBinding>))
#0      WidgetController._getElementPoint (package:flutter_test/src/controller.dart:2165:25)
#1      WidgetController.getCenter (package:flutter_test/src/controller.dart:1947:12)
#2      WidgetController.tap (package:flutter_test/src/controller.dart:1080:7)
#3      _pumpClipboardSourceEditor (file:///home/albert/busystack/busymark/test/src/source_editor_widget_test.dart:9400:16)
<asynchronous suspension>
#4      main.<anonymous closure> (file:///home/albert/busystack/busymark/test/src/source_editor_widget_test.dart:7849:28)
<asynchronous suspension>
#5      testWidgets.<anonymous closure>.<anonymous closure> (package:flutter_test/src/widget_tester.dart:192:15)
<asynchronous suspension>
#6      TestWidgetsFlutterBinding._runTestBody (package:flutter_test/src/binding.dart:1953:5)
<asynchronous suspension>
#7      StackZoneSpecification._registerCallback.<anonymous closure> (package:stack_trace/src/stack_zone_specification.dart:114:42)
<asynchronous suspension>
To silence this warning, pass "warnIfMissed: false" to "tap()".
To make this warning fatal, set WidgetController.hitTestWarningShouldBeFatal to true.

04:56 +1058: /home/albert/busystack/busymark/test/src/source_editor_widget_test.dart: Source container recovery is bound to the actual nested ancestors
04:56 +1059: /home/albert/busystack/busymark/test/src/source_editor_widget_test.dart: Source complete blocks use list markers rather than task prefixes
04:56 +1060: /home/albert/busystack/busymark/test/src/source_editor_widget_test.dart: Source task items keep block kinds at every content position
04:56 +1061: /home/albert/busystack/busymark/test/src/source_editor_widget_test.dart: Source checked ordered nested and zero lists retain inserted block kinds
04:56 +1062: /home/albert/busystack/busymark/test/src/source_editor_widget_test.dart: Source composes mixed and continuation container ancestors
04:57 +1063: /home/albert/busystack/busymark/test/src/source_editor_widget_test.dart: Source protected contexts use the safe source fallback
04:57 +1064: /home/albert/busystack/busymark/test/src/source_editor_widget_test.dart: Writerside Source preserves a structured procedure block
04:57 +1065: /home/albert/busystack/busymark/test/src/source_editor_widget_test.dart: Source delayed paste rejects a changed selection
04:57 +1066: /home/albert/busystack/busymark/test/src/source_editor_widget_test.dart: Source paste preserves composition before and during a read
04:57 +1067: /home/albert/busystack/busymark/test/src/source_editor_widget_test.dart: source failed cut keeps text and does not record history
04:58 +1068: /home/albert/busystack/busymark/test/src/source_editor_widget_test.dart: source delayed cut revalidates selection before deletion
04:58 +1069: /home/albert/busystack/busymark/test/src/source_editor_widget_test.dart: history insertion follows the latest Source selection
04:58 +1070: /home/albert/busystack/busymark/test/src/source_editor_widget_test.dart: structured history rebases retained media into Source
04:58 +1071: /home/albert/busystack/busymark/test/src/source_editor_widget_test.dart: structured history restores a local video into Source
04:58 +1072: /home/albert/busystack/busymark/test/src/source_editor_widget_test.dart: standalone image history ingests and inserts one undoable Source edit
04:58 +1073: /home/albert/busystack/busymark/test/src/source_editor_widget_test.dart: Source local image path retains imported bytes once

Warning: A call to tap() with finder "Found 1 widget with type "TextField": [
  TextField(controller: BusyMarkSourceController#daf5b(TextEditingValue(text: ┤Target├, selection: TextSelection.collapsed(offset: 6, affinity: TextAffinity.downstream, isDirectional: false), composing: TextRange(start: -1, end: -1))), focusNode: FocusNode#65fd2, undoController: UndoHistoryController#90494(UndoHistoryValue(canUndo: false, canRedo: false)), decoration: InputDecoration(contentPadding: EdgeInsets(12.0, 16.0, 16.0, 16.0), isCollapsed: true, fillColor: Color(alpha: 0.0000, red: 0.0000, green: 0.0000, blue: 0.0000, colorSpace: ColorSpace.sRGB), focusColor: Color(alpha: 0.0000, red: 0.0000, green: 0.0000, blue: 0.0000, colorSpace: ColorSpace.sRGB), hoverColor: Color(alpha: 0.0000, red: 0.0000, green: 0.0000, blue: 0.0000, colorSpace: ColorSpace.sRGB), focusedBorder: _NoInputBorder(), enabledBorder: _NoInputBorder(), border: _NoInputBorder()), keyboardType: TextInputType(name: TextInputType.multiline, signed: null, decimal: null), style: TextStyle(inherit: true, family: Ubuntu Mono, familyFallback: [Noto Sans Arabic, Noto Sans Mono, DejaVu Sans Mono, DejaVu Sans], size: 14.0, height: 1.6x, leadingDistribution: even), autocorrect: false, smartDashesType: disabled, smartQuotesType: disabled, enableSuggestions: false, maxLines: null, expands: true, textAlignVertical: TextAlignVertical(y: -1.0), textDirection: ltr, cursorWidth: 1.4, cursorHeight: 18.8, cursorColor: Color(alpha: 0.8200, red: 0.9686, green: 0.9686, blue: 0.9686, colorSpace: ColorSpace.sRGB), scrollController: ScrollController#a712f(one client, offset 0.0), dirty, dependencies: [DefaultSelectionStyle, InheritedCupertinoTheme, MediaQuery, UnmanagedRestorationScope, _InheritedTheme, _LocalizationsScope-[GlobalKey#5e108]], state: _TextFieldState#0e265),
]" derived an Offset (Offset(425.5, 300.0)) that would not hit test on the specified widget.
Maybe the widget is actually off-screen, or another widget is obscuring it, or the widget cannot receive pointer events.
The finder corresponds to this RenderBox: RenderMouseRegion#f04c7
The hit test result at that offset is: HitTestResult(RenderMouseRegion#aedd1@Offset(425.5, 300.0), RenderSemanticsAnnotations#283c4@Offset(425.5, 300.0), RenderPointerListener#63026@Offset(425.5, 300.0), RenderSemanticsGestureHandler#00edf@Offset(425.5, 300.0), RenderExcludeSemantics#5aa3d@Offset(425.5, 300.0), RenderBlockSemantics#fb071@Offset(425.5, 300.0), RenderIgnorePointer#49ca5@Offset(425.5, 300.0), RenderSemanticsAnnotations#0e19b@Offset(425.5, 300.0), _RenderTheater#abcde@Offset(425.5, 300.0), RenderAbsorbPointer#99499@Offset(425.5, 300.0), RenderPointerListener#b0d47@Offset(425.5, 300.0), RenderSemanticsAnnotations#3e991@Offset(425.5, 300.0), RenderCustomPaint#028b0@Offset(425.5, 300.0), RenderSemanticsAnnotations#08165@Offset(425.5, 300.0), RenderSemanticsAnnotations#f0d71@Offset(425.5, 300.0), RenderSemanticsAnnotations#96867@Offset(425.5, 300.0), RenderTapRegionSurface#4a77d@Offset(425.5, 300.0), RenderSemanticsAnnotations#307a0@Offset(425.5, 300.0), RenderSemanticsAnnotations#307e7@Offset(425.5, 300.0), HitTestEntry<HitTestTarget>#52678(_ReusableRenderView#6a9e0), HitTestEntry<HitTestTarget>#e98d4(<AutomatedTestWidgetsFlutterBinding>))
#0      WidgetController._getElementPoint (package:flutter_test/src/controller.dart:2165:25)
#1      WidgetController.getCenter (package:flutter_test/src/controller.dart:1947:12)
#2      WidgetController.tap (package:flutter_test/src/controller.dart:1080:7)
#3      _pumpClipboardSourceEditor (file:///home/albert/busystack/busymark/test/src/source_editor_widget_test.dart:9400:16)
<asynchronous suspension>
#4      main.<anonymous closure>.expectNormalReplay (file:///home/albert/busystack/busymark/test/src/source_editor_widget_test.dart:8934:7)
<asynchronous suspension>
#5      main.<anonymous closure> (file:///home/albert/busystack/busymark/test/src/source_editor_widget_test.dart:8956:5)
<asynchronous suspension>
#6      testWidgets.<anonymous closure>.<anonymous closure> (package:flutter_test/src/widget_tester.dart:192:15)
<asynchronous suspension>
#7      TestWidgetsFlutterBinding._runTestBody (package:flutter_test/src/binding.dart:1953:5)
<asynchronous suspension>
#8      StackZoneSpecification._registerCallback.<anonymous closure> (package:stack_trace/src/stack_zone_specification.dart:114:42)
<asynchronous suspension>
To silence this warning, pass "warnIfMissed: false" to "tap()".
To make this warning fatal, set WidgetController.hitTestWarningShouldBeFatal to true.

04:59 +1074: /home/albert/busystack/busymark/test/src/source_editor_widget_test.dart: unsafe local image candidates paste their original text

Warning: A call to tap() with finder "Found 1 widget with type "TextField": [
  TextField(controller: BusyMarkSourceController#5ae3c(TextEditingValue(text: ┤Target├, selection: TextSelection.collapsed(offset: 6, affinity: TextAffinity.downstream, isDirectional: false), composing: TextRange(start: -1, end: -1))), focusNode: FocusNode#13907, undoController: UndoHistoryController#acaf1(UndoHistoryValue(canUndo: false, canRedo: false)), decoration: InputDecoration(contentPadding: EdgeInsets(12.0, 16.0, 16.0, 16.0), isCollapsed: true, fillColor: Color(alpha: 0.0000, red: 0.0000, green: 0.0000, blue: 0.0000, colorSpace: ColorSpace.sRGB), focusColor: Color(alpha: 0.0000, red: 0.0000, green: 0.0000, blue: 0.0000, colorSpace: ColorSpace.sRGB), hoverColor: Color(alpha: 0.0000, red: 0.0000, green: 0.0000, blue: 0.0000, colorSpace: ColorSpace.sRGB), focusedBorder: _NoInputBorder(), enabledBorder: _NoInputBorder(), border: _NoInputBorder()), keyboardType: TextInputType(name: TextInputType.multiline, signed: null, decimal: null), style: TextStyle(inherit: true, family: Ubuntu Mono, familyFallback: [Noto Sans Arabic, Noto Sans Mono, DejaVu Sans Mono, DejaVu Sans], size: 14.0, height: 1.6x, leadingDistribution: even), autocorrect: false, smartDashesType: disabled, smartQuotesType: disabled, enableSuggestions: false, maxLines: null, expands: true, textAlignVertical: TextAlignVertical(y: -1.0), textDirection: ltr, cursorWidth: 1.4, cursorHeight: 18.8, cursorColor: Color(alpha: 0.8200, red: 0.9686, green: 0.9686, blue: 0.9686, colorSpace: ColorSpace.sRGB), scrollController: ScrollController#caea0(one client, offset 0.0), dirty, dependencies: [DefaultSelectionStyle, InheritedCupertinoTheme, MediaQuery, UnmanagedRestorationScope, _InheritedTheme, _LocalizationsScope-[GlobalKey#63c4b]], state: _TextFieldState#d2e6a),
]" derived an Offset (Offset(425.5, 300.0)) that would not hit test on the specified widget.
Maybe the widget is actually off-screen, or another widget is obscuring it, or the widget cannot receive pointer events.
The finder corresponds to this RenderBox: RenderMouseRegion#0123b
The hit test result at that offset is: HitTestResult(RenderMouseRegion#e9bbd@Offset(425.5, 300.0), RenderSemanticsAnnotations#531be@Offset(425.5, 300.0), RenderPointerListener#8fb5a@Offset(425.5, 300.0), RenderSemanticsGestureHandler#d6d5e@Offset(425.5, 300.0), RenderExcludeSemantics#e97e0@Offset(425.5, 300.0), RenderBlockSemantics#125d4@Offset(425.5, 300.0), RenderIgnorePointer#cd358@Offset(425.5, 300.0), RenderSemanticsAnnotations#42952@Offset(425.5, 300.0), _RenderTheater#ead95@Offset(425.5, 300.0), RenderAbsorbPointer#18aac@Offset(425.5, 300.0), RenderPointerListener#9ac86@Offset(425.5, 300.0), RenderSemanticsAnnotations#71fe0@Offset(425.5, 300.0), RenderCustomPaint#5b1ca@Offset(425.5, 300.0), RenderSemanticsAnnotations#7785b@Offset(425.5, 300.0), RenderSemanticsAnnotations#7a6e9@Offset(425.5, 300.0), RenderSemanticsAnnotations#aa5b4@Offset(425.5, 300.0), RenderTapRegionSurface#63f56@Offset(425.5, 300.0), RenderSemanticsAnnotations#c2208@Offset(425.5, 300.0), RenderSemanticsAnnotations#2600d@Offset(425.5, 300.0), HitTestEntry<HitTestTarget>#7668a(_ReusableRenderView#6a9e0), HitTestEntry<HitTestTarget>#275b3(<AutomatedTestWidgetsFlutterBinding>))
#0      WidgetController._getElementPoint (package:flutter_test/src/controller.dart:2165:25)
#1      WidgetController.getCenter (package:flutter_test/src/controller.dart:1947:12)
#2      WidgetController.tap (package:flutter_test/src/controller.dart:1080:7)
#3      _pumpClipboardSourceEditor (file:///home/albert/busystack/busymark/test/src/source_editor_widget_test.dart:9400:16)
<asynchronous suspension>
#4      main.<anonymous closure> (file:///home/albert/busystack/busymark/test/src/source_editor_widget_test.dart:9010:26)
<asynchronous suspension>
#5      testWidgets.<anonymous closure>.<anonymous closure> (package:flutter_test/src/widget_tester.dart:192:15)
<asynchronous suspension>
#6      TestWidgetsFlutterBinding._runTestBody (package:flutter_test/src/binding.dart:1953:5)
<asynchronous suspension>
#7      StackZoneSpecification._registerCallback.<anonymous closure> (package:stack_trace/src/stack_zone_specification.dart:114:42)
<asynchronous suspension>
To silence this warning, pass "warnIfMissed: false" to "tap()".
To make this warning fatal, set WidgetController.hitTestWarningShouldBeFatal to true.

05:00 +1075: /home/albert/busystack/busymark/test/src/source_editor_widget_test.dart: image history asks to save an untitled Source document
05:00 +1076: /home/albert/busystack/busymark/test/src/source_editor_widget_test.dart: generic XML does not invent Writerside image syntax
05:00 +1077: loading /home/albert/busystack/busymark/test/src/gtk_animation_settings_service_test.dart
05:01 +1077: /home/albert/busystack/busymark/test/src/gtk_animation_settings_service_test.dart: reads the initial GTK animation setting
05:01 +1078: /home/albert/busystack/busymark/test/src/gtk_animation_settings_service_test.dart: animation stream follows GTK setting changes
05:01 +1079: /home/albert/busystack/busymark/test/src/gtk_animation_settings_service_test.dart: provider exposes the preloaded value before native events
05:01 +1080: /home/albert/busystack/busymark/test/src/gtk_animation_settings_service_test.dart: missing GTK integration falls back without disabling motion
05:01 +1081: /home/albert/busystack/busymark/test/src/gtk_animation_settings_service_test.dart: native GTK bridge observes and tears down animation preference state
05:01 +1082: loading /home/albert/busystack/busymark/test/src/nextcloud_notes/notes_creation_policy_test.dart
05:04 +1082: /home/albert/busystack/busymark/test/src/nextcloud_notes/notes_creation_policy_test.dart: exact discovery across refresh reconnect and restart cannot bind or mutate draft
05:05 +1083: /home/albert/busystack/busymark/test/src/nextcloud_notes/notes_creation_policy_test.dart: sanitized discovery across refresh reconnect and restart cannot bind or mutate draft
05:05 +1084: /home/albert/busystack/busymark/test/src/nextcloud_notes/notes_creation_policy_test.dart: multiple discovery across refresh reconnect and restart cannot bind or mutate draft
05:06 +1085: /home/albert/busystack/busymark/test/src/nextcloud_notes/notes_creation_policy_test.dart: none discovery across refresh reconnect and restart cannot bind or mutate draft
05:06 +1086: /home/albert/busystack/busymark/test/src/nextcloud_notes/notes_creation_policy_test.dart: empty discovery across refresh reconnect and restart cannot bind or mutate draft
05:06 +1087: /home/albert/busystack/busymark/test/src/nextcloud_notes/notes_creation_policy_test.dart: other actor discovery across refresh reconnect and restart cannot bind or mutate draft
05:08 +1088: /home/albert/busystack/busymark/test/src/nextcloud_notes/notes_creation_policy_test.dart: confirmation rejects content candidate and retains unresolved work
05:08 +1089: /home/albert/busystack/busymark/test/src/nextcloud_notes/notes_creation_policy_test.dart: confirmation rejects readonly candidate and retains unresolved work
05:08 +1090: /home/albert/busystack/busymark/test/src/nextcloud_notes/notes_creation_policy_test.dart: confirmation rejects error candidate and retains unresolved work
05:08 +1091: /home/albert/busystack/busymark/test/src/nextcloud_notes/notes_creation_policy_test.dart: confirmation rejects deleted candidate and retains unresolved work
05:08 +1092: /home/albert/busystack/busymark/test/src/nextcloud_notes/notes_creation_policy_test.dart: confirmation rejects unavailable candidate and retains unresolved work
05:08 +1093: /home/albert/busystack/busymark/test/src/nextcloud_notes/notes_creation_policy_test.dart: confirmation revalidates local edit during authenticated GET
05:08 +1094: /home/albert/busystack/busymark/test/src/nextcloud_notes/notes_creation_policy_test.dart: confirmation revalidates account removal during authenticated GET
05:08 +1095: /home/albert/busystack/busymark/test/src/nextcloud_notes/notes_creation_policy_test.dart: confirmation revalidates repeat confirmation during authenticated GET
05:09 +1096: /home/albert/busystack/busymark/test/src/nextcloud_notes/notes_creation_policy_test.dart: binding protects downloaded candidate with durable edit
05:09 +1097: /home/albert/busystack/busymark/test/src/nextcloud_notes/notes_creation_policy_test.dart: binding protects downloaded candidate with pending attachment
05:09 +1098: /home/albert/busystack/busymark/test/src/nextcloud_notes/notes_creation_policy_test.dart: binding protects downloaded candidate with open editor
05:09 +1099: /home/albert/busystack/busymark/test/src/nextcloud_notes/notes_creation_policy_test.dart: failed adoption transaction rolls back binding and downloaded identity
05:09 +1100: /home/albert/busystack/busymark/test/src/nextcloud_notes/notes_creation_policy_test.dart: separate-note decision is durable and repeated confirmation makes one replacement
05:09 +1101: loading /home/albert/busystack/busymark/test/src/nextcloud_notes/notes_repository_test.dart
05:10 +1101: /home/albert/busystack/busymark/test/src/nextcloud_notes/notes_repository_test.dart: v1 data migrates without losing pending content or inventing an attempt
05:12 +1102: /home/albert/busystack/busymark/test/src/nextcloud_notes/notes_repository_test.dart: uncertain creation discovery preserves later edits until deliberate adoption
05:12 +1103: /home/albert/busystack/busymark/test/src/nextcloud_notes/notes_repository_test.dart: unsupported attachment cleanup queues nothing and core updates still sync
05:12 +1104: /home/albert/busystack/busymark/test/src/nextcloud_notes/notes_repository_test.dart: lost create response requires deliberate adoption for ordinary
05:12 +1105: /home/albert/busystack/busymark/test/src/nextcloud_notes/notes_repository_test.dart: lost create response requires deliberate adoption for attachment
05:12 +1106: /home/albert/busystack/busymark/test/src/nextcloud_notes/notes_repository_test.dart: lost create response requires deliberate adoption for sanitized title
05:13 +1107: /home/albert/busystack/busymark/test/src/nextcloud_notes/notes_repository_test.dart: lost create response requires deliberate adoption for sanitized category
05:13 +1108: /home/albert/busystack/busymark/test/src/nextcloud_notes/notes_repository_test.dart: lost create response requires deliberate adoption for sanitized attachment
05:13 +1109: /home/albert/busystack/busymark/test/src/nextcloud_notes/notes_repository_test.dart: lost create response requires deliberate adoption for restart
05:13 +1110: /home/albert/busystack/busymark/test/src/nextcloud_notes/notes_repository_test.dart: lost create response requires deliberate adoption for restart attachment
05:13 +1111: /home/albert/busystack/busymark/test/src/nextcloud_notes/notes_repository_test.dart: lost create response requires deliberate adoption for restart sanitized attachment
05:14 +1112: /home/albert/busystack/busymark/test/src/nextcloud_notes/notes_repository_test.dart: lost create response requires deliberate adoption for ambiguous
05:14 +1113: /home/albert/busystack/busymark/test/src/nextcloud_notes/notes_repository_test.dart: uncertain creation excludes preexisting IDs and empty weak matches
05:14 +1114: /home/albert/busystack/busymark/test/src/nextcloud_notes/notes_repository_test.dart: an exact candidate is not auto-adopted by one of two plausible attempts
05:14 +1115: /home/albert/busystack/busymark/test/src/nextcloud_notes/notes_repository_test.dart: three-way merge preserves remote favorite and independent local edit
05:14 +1116: /home/albert/busystack/busymark/test/src/nextcloud_notes/notes_repository_test.dart: three-way merge preserves remote title and independent local edit
05:14 +1117: /home/albert/busystack/busymark/test/src/nextcloud_notes/notes_repository_test.dart: three-way merge preserves remote content and independent local edit
05:14 +1118: /home/albert/busystack/busymark/test/src/nextcloud_notes/notes_repository_test.dart: divergent NotesMergeAttribute.title requires explicit choice
05:14 +1119: /home/albert/busystack/busymark/test/src/nextcloud_notes/notes_repository_test.dart: divergent NotesMergeAttribute.category requires explicit choice
05:15 +1120: /home/albert/busystack/busymark/test/src/nextcloud_notes/notes_repository_test.dart: 412 merge keeps remote protected fields and local favorite on readonly note
05:15 +1121: /home/albert/busystack/busymark/test/src/nextcloud_notes/notes_repository_test.dart: readonly conflict accepts an explicit favorite choice when base is absent
05:15 +1122: /home/albert/busystack/busymark/test/src/nextcloud_notes/notes_repository_test.dart: schema migration, foreign-key transaction rollback and Linux permissions
05:15 +1123: /home/albert/busystack/busymark/test/src/nextcloud_notes/notes_repository_test.dart: durable new note survives restart before any HTTP request
05:15 +1124: /home/albert/busystack/busymark/test/src/nextcloud_notes/notes_repository_test.dart: older capture cannot overwrite a newer durable editor revision
05:15 +1125: /home/albert/busystack/busymark/test/src/nextcloud_notes/notes_repository_test.dart: metadata revision does not invalidate a new editor capture
05:15 +1126: /home/albert/busystack/busymark/test/src/nextcloud_notes/notes_repository_test.dart: account failure is visible even with only synchronized cached notes
05:15 +1127: /home/albert/busystack/busymark/test/src/nextcloud_notes/notes_repository_test.dart: attachment delete operation survives offline restart and retains history bytes
05:16 +1128: /home/albert/busystack/busymark/test/src/nextcloud_notes/notes_repository_test.dart: taking remote cannot discard a local edit made while fresh GET is pending
05:16 +1129: /home/albert/busystack/busymark/test/src/nextcloud_notes/notes_repository_test.dart: revision 10 acknowledgment leaves edit 11 pending during flight
05:16 +1130: /home/albert/busystack/busymark/test/src/nextcloud_notes/notes_repository_test.dart: 412 preserves base/local/current remote without overwrite
05:16 +1131: /home/albert/busystack/busymark/test/src/nextcloud_notes/notes_repository_test.dart: locked note does not block unrelated synchronization
05:16 +1132: /home/albert/busystack/busymark/test/src/nextcloud_notes/notes_repository_test.dart: interrupted chunks preserve notes and previous checkpoint atomically
05:16 +1133: /home/albert/busystack/busymark/test/src/nextcloud_notes/notes_repository_test.dart: complete remote disappearance retains dirty content for recovery
05:16 +1134: /home/albert/busystack/busymark/test/src/nextcloud_notes/notes_repository_test.dart: server error-state content never replaces known good cached content
05:16 +1135: /home/albert/busystack/busymark/test/src/nextcloud_notes/notes_repository_test.dart: pretransition editor capture remains durable when server becomes readonly
05:16 +1136: /home/albert/busystack/busymark/test/src/nextcloud_notes/notes_repository_test.dart: uncertain creation never blindly repeats POST after restart
05:17 +1137: /home/albert/busystack/busymark/test/src/nextcloud_notes/notes_repository_test.dart: crash-marked create is recovered as uncertain without POST
05:17 +1138: /home/albert/busystack/busymark/test/src/nextcloud_notes/notes_repository_test.dart: delete checks fresh state; failed DELETE retains durable content
05:17 +1139: /home/albert/busystack/busymark/test/src/nextcloud_notes/notes_repository_test.dart: new offline attachment restart creates/uploads/publishes authoritative path
05:17 +1140: /home/albert/busystack/busymark/test/src/nextcloud_notes/notes_repository_test.dart: uploaded attachment stage survives restart and is not uploaded twice
05:17 +1141: /home/albert/busystack/busymark/test/src/nextcloud_notes/notes_repository_test.dart: concurrent contexts share one cache owner and deletion invalidates all media
05:18 +1142: /home/albert/busystack/busymark/test/src/nextcloud_notes/notes_repository_test.dart: a deliberate re-upload can reuse a deleted attachment filename
05:18 +1143: /home/albert/busystack/busymark/test/src/nextcloud_notes/notes_repository_test.dart: own upload acknowledgment does not stale a newer editor capture
05:18 +1144: /home/albert/busystack/busymark/test/src/nextcloud_notes/notes_repository_test.dart: media rejects invalid logical IDs and symbolic-link parent
05:18 +1145: /home/albert/busystack/busymark/test/src/nextcloud_notes/notes_repository_test.dart: recovery clones durable pending attachments without rewriting prose or code
05:18 +1146: /home/albert/busystack/busymark/test/src/nextcloud_notes/notes_repository_test.dart: recovery rewrites shared attachment definitions and refuses unavailable bytes atomically
05:18 +1147: /home/albert/busystack/busymark/test/src/nextcloud_notes/notes_repository_test.dart: discard after confirmed remote deletion retains tombstone content and cached bytes
05:18 +1148: /home/albert/busystack/busymark/test/src/nextcloud_notes/notes_repository_test.dart: history restoration restages deleted bytes before editing and survives restart
05:19 +1149: /home/albert/busystack/busymark/test/src/nextcloud_notes/notes_repository_test.dart: readonly attachment deletion preserves content and attachment bytes
05:19 +1150: /home/albert/busystack/busymark/test/src/nextcloud_notes/notes_repository_test.dart: ordinary Save atomically restages a deleted attachment restored by undo
05:19 +1151: /home/albert/busystack/busymark/test/src/nextcloud_notes/notes_repository_test.dart: unrelated edits preserve explicit attachment deletion; newly restored links restage
05:19 +1152: /home/albert/busystack/busymark/test/src/nextcloud_notes/notes_repository_test.dart: explicit unpublished deletion can retain recovery bytes without uploading
05:19 +1153: /home/albert/busystack/busymark/test/src/nextcloud_notes/notes_repository_test.dart: literal private namespace in a new note does not create pending publication
05:19 +1154: /home/albert/busystack/busymark/test/src/nextcloud_notes/notes_repository_test.dart: merge and keep-local reject a local edit made during fresh GET
05:19 +1155: /home/albert/busystack/busymark/test/src/nextcloud_notes/notes_repository_test.dart: conflict overwrite requires review again when remote changes after comparison
05:20 +1156: /home/albert/busystack/busymark/test/src/nextcloud_notes/notes_repository_test.dart: uncertain creation adoption preserves a durably edited downloaded twin
05:20 +1157: /home/albert/busystack/busymark/test/src/nextcloud_notes/notes_repository_test.dart: list checkpoint preserves account capabilities refreshed during HTTP
05:20 +1158: /home/albert/busystack/busymark/test/src/nextcloud_notes/notes_repository_test.dart: readonly acknowledgment exposes recovery for a newer in-flight local edit
05:20 +1159: /home/albert/busystack/busymark/test/src/nextcloud_notes/notes_repository_test.dart: same-ETag readonly transition preserves base/local and exposes recovery
05:20 +1160: /home/albert/busystack/busymark/test/src/nextcloud_notes/notes_repository_test.dart: readonly transition still synchronizes a favorite-only pending change
05:20 +1161: loading /home/albert/busystack/busymark/test/src/nextcloud_notes/notes_conflict_test.dart
05:21 +1161: /home/albert/busystack/busymark/test/src/nextcloud_notes/notes_conflict_test.dart: identical changes do not need a choice
05:21 +1162: /home/albert/busystack/busymark/test/src/nextcloud_notes/notes_conflict_test.dart: boolean three-way truth table preserves all independent changes
05:21 +1163: /home/albert/busystack/busymark/test/src/nextcloud_notes/notes_conflict_test.dart: favorite without a known base requires an explicit choice
05:21 +1164: loading /home/albert/busystack/busymark/test/src/nextcloud_notes/notes_attachment_stream_test.dart
05:21 +1164: /home/albert/busystack/busymark/test/src/nextcloud_notes/notes_attachment_stream_test.dart: streams attachment with content length null including empty
05:21 +1165: /home/albert/busystack/busymark/test/src/nextcloud_notes/notes_attachment_stream_test.dart: streams attachment with content length 3 including empty
05:21 +1166: /home/albert/busystack/busymark/test/src/nextcloud_notes/notes_attachment_stream_test.dart: streams attachment with content length 0 including empty
05:21 +1167: /home/albert/busystack/busymark/test/src/nextcloud_notes/notes_attachment_stream_test.dart: rejects oversized advertised length before consuming body
05:21 +1168: /home/albert/busystack/busymark/test/src/nextcloud_notes/notes_attachment_stream_test.dart: counts bytes beyond limit with absent/dishonest length null
05:22 +1169: /home/albert/busystack/busymark/test/src/nextcloud_notes/notes_attachment_stream_test.dart: counts bytes beyond limit with absent/dishonest length 1
05:22 +1170: /home/albert/busystack/busymark/test/src/nextcloud_notes/notes_attachment_stream_test.dart: network leaves neither valid attachment nor partial file
05:22 +1171: /home/albert/busystack/busymark/test/src/nextcloud_notes/notes_attachment_stream_test.dart: truncated leaves neither valid attachment nor partial file
05:22 +1172: /home/albert/busystack/busymark/test/src/nextcloud_notes/notes_attachment_stream_test.dart: dishonest leaves neither valid attachment nor partial file
05:22 +1173: /home/albert/busystack/busymark/test/src/nextcloud_notes/notes_attachment_stream_test.dart: cancel leaves neither valid attachment nor partial file
05:22 +1174: /home/albert/busystack/busymark/test/src/nextcloud_notes/notes_attachment_stream_test.dart: cancellation before request makes no HTTP call
05:22 +1175: /home/albert/busystack/busymark/test/src/nextcloud_notes/notes_attachment_stream_test.dart: authenticated attachment redirect never follows another origin
05:22 +1176: /home/albert/busystack/busymark/test/src/nextcloud_notes/notes_attachment_stream_test.dart: symlink destination remains untouched
05:22 +1177: loading /home/albert/busystack/busymark/test/src/nextcloud_notes/notes_attachment_references_test.dart
05:22 +1177: /home/albert/busystack/busymark/test/src/nextcloud_notes/notes_attachment_references_test.dart: attachment recovery finds positioned inline and reference destinations
05:22 +1178: /home/albert/busystack/busymark/test/src/nextcloud_notes/notes_attachment_references_test.dart: authored HTML attachments retain exact attribute positions
05:22 +1179: /home/albert/busystack/busymark/test/src/nextcloud_notes/notes_attachment_references_test.dart: literal code, comments and prose do not become attachment operations
05:22 +1180: loading /home/albert/busystack/busymark/test/src/nextcloud_notes/notes_api_test.dart
05:23 +1180: /home/albert/busystack/busymark/test/src/nextcloud_notes/notes_api_test.dart: API 1.4 uploads/downloads on 6.0.0; DELETE independently gated
05:24 +1181: /home/albert/busystack/busymark/test/src/nextcloud_notes/notes_api_test.dart: API 1.4 uploads/downloads on 6.0.1; DELETE independently gated
05:24 +1182: /home/albert/busystack/busymark/test/src/nextcloud_notes/notes_api_test.dart: API 1.4 uploads/downloads on 6.1.0; DELETE independently gated
05:24 +1183: /home/albert/busystack/busymark/test/src/nextcloud_notes/notes_api_test.dart: API 1.4 uploads/downloads on 6.1.4; DELETE independently gated
05:24 +1184: /home/albert/busystack/busymark/test/src/nextcloud_notes/notes_api_test.dart: API 1.4 uploads/downloads on ; DELETE independently gated
05:24 +1185: /home/albert/busystack/busymark/test/src/nextcloud_notes/notes_api_test.dart: API 1.4 uploads/downloads on unknown; DELETE independently gated
05:24 +1186: /home/albert/busystack/busymark/test/src/nextcloud_notes/notes_api_test.dart: API 1.4 uploads/downloads on 6.1.0-rc1; DELETE independently gated
05:24 +1187: /home/albert/busystack/busymark/test/src/nextcloud_notes/notes_api_test.dart: API 1.4 uploads/downloads on 999999999999999999999.0.0; DELETE independently gated
05:24 +1188: /home/albert/busystack/busymark/test/src/nextcloud_notes/notes_api_test.dart: persisted HTTP account cannot issue an authenticated request
05:24 +1189: /home/albert/busystack/busymark/test/src/nextcloud_notes/notes_api_test.dart: pruned IDs tolerate future fields and filename URI escaping is reversible
05:24 +1190: /home/albert/busystack/busymark/test/src/nextcloud_notes/notes_api_test.dart: decodes future fields/read-only/error without exception text as content
05:24 +1191: /home/albert/busystack/busymark/test/src/nextcloud_notes/notes_api_test.dart: CRUD preserves installation prefix and sends exactly quoted If-Match
05:24 +1192: /home/albert/busystack/busymark/test/src/nextcloud_notes/notes_api_test.dart: canonical title/category write response is adopted
05:24 +1193: /home/albert/busystack/busymark/test/src/nextcloud_notes/notes_api_test.dart: 412 carries complete fresh remote conflict state
05:24 +1194: /home/albert/busystack/busymark/test/src/nextcloud_notes/notes_api_test.dart: classifies HTTP 401 preserving future-code compatibility
05:24 +1195: /home/albert/busystack/busymark/test/src/nextcloud_notes/notes_api_test.dart: classifies HTTP 403 preserving future-code compatibility
05:24 +1196: /home/albert/busystack/busymark/test/src/nextcloud_notes/notes_api_test.dart: classifies HTTP 404 preserving future-code compatibility
05:24 +1197: /home/albert/busystack/busymark/test/src/nextcloud_notes/notes_api_test.dart: classifies HTTP 423 preserving future-code compatibility
05:24 +1198: /home/albert/busystack/busymark/test/src/nextcloud_notes/notes_api_test.dart: classifies HTTP 507 preserving future-code compatibility
05:24 +1199: /home/albert/busystack/busymark/test/src/nextcloud_notes/notes_api_test.dart: classifies HTTP 500 preserving future-code compatibility
05:24 +1200: /home/albert/busystack/busymark/test/src/nextcloud_notes/notes_api_test.dart: classifies HTTP 429 preserving future-code compatibility
05:24 +1201: /home/albert/busystack/busymark/test/src/nextcloud_notes/notes_api_test.dart: classifies HTTP 599 preserving future-code compatibility
05:24 +1202: /home/albert/busystack/busymark/test/src/nextcloud_notes/notes_api_test.dart: never follows cross-origin authenticated redirects
05:24 +1203: /home/albert/busystack/busymark/test/src/nextcloud_notes/notes_api_test.dart: incremental chunk list uses server Last-Modified and final complete ids
05:24 +1204: /home/albert/busystack/busymark/test/src/nextcloud_notes/notes_api_test.dart: 304 returns unchanged checkpoint outcome without parsing a body
05:24 +1205: /home/albert/busystack/busymark/test/src/nextcloud_notes/notes_api_test.dart: interrupted chunks do not return partial deletion evidence
05:24 +1206: /home/albert/busystack/busymark/test/src/nextcloud_notes/notes_api_test.dart: attachment upload uses authoritative renamed relative path
05:24 +1207: /home/albert/busystack/busymark/test/src/nextcloud_notes/notes_api_test.dart: attachment upload rejects a filename outside the current note
05:24 +1208: /home/albert/busystack/busymark/test/src/nextcloud_notes/notes_api_test.dart: attachment fetch rejects URLs and traversal without sending credentials
05:24 +1209: /home/albert/busystack/busymark/test/src/nextcloud_notes/notes_api_test.dart: attachment delete gates app version independently of API 1.4
05:24 +1210: /home/albert/busystack/busymark/test/src/nextcloud_notes/notes_api_test.dart: create does not publish private staging references
05:24 +1211: /home/albert/busystack/busymark/test/src/nextcloud_notes/notes_api_test.dart: update never publishes an unresolved private attachment reference
05:24 +1212: /home/albert/busystack/busymark/test/src/nextcloud_notes/notes_api_test.dart: private namespace text in prose and code is preserved by create and update
05:24 +1213: loading /home/albert/busystack/busymark/test/src/pdf_export_options_render_test.dart
05:26 +1213: /home/albert/busystack/busymark/test/src/pdf_export_options_render_test.dart: bundled Typst compiles default-a4 and preserves document data
05:27 +1214: /home/albert/busystack/busymark/test/src/pdf_export_options_render_test.dart: bundled Typst compiles letter-landscape and preserves document data
05:27 +1215: /home/albert/busystack/busymark/test/src/pdf_export_options_render_test.dart: bundled Typst compiles legal-serif and preserves document data
05:27 +1216: /home/albert/busystack/busymark/test/src/pdf_export_options_render_test.dart: bundled Typst compiles custom-sans and preserves document data
05:28 +1217: /home/albert/busystack/busymark/test/src/pdf_export_options_render_test.dart: bundled Typst compiles no-numbers and preserves document data
05:28 +1218: /home/albert/busystack/busymark/test/src/pdf_export_options_render_test.dart: bundled Typst compiles numbered-no-outline and preserves document data
05:28 +1219: /home/albert/busystack/busymark/test/src/pdf_export_options_render_test.dart: bundled Typst compiles narrow-title-bottomLeft and preserves document data
05:28 +1220: /home/albert/busystack/busymark/test/src/pdf_export_options_render_test.dart: bundled Typst compiles narrow-title-bottomCenter and preserves document data
05:29 +1221: /home/albert/busystack/busymark/test/src/pdf_export_options_render_test.dart: bundled Typst compiles narrow-title-bottomRight and preserves document data
05:29 +1222: loading /home/albert/busystack/busymark/test/src/app_smoke_test.dart
05:30 +1222: /home/albert/busystack/busymark/test/src/app_smoke_test.dart: editor shortcuts use documented cross-editor defaults
05:30 +1223: /home/albert/busystack/busymark/test/src/app_smoke_test.dart: workspace resize retains the sidebar and leaves room for header controls
05:32 +1224: /home/albert/busystack/busymark/test/src/app_smoke_test.dart: document view shortcuts are distinct from existing commands
05:32 +1225: /home/albert/busystack/busymark/test/src/app_smoke_test.dart: workspace routes paste shortcuts only to editable document views
05:36 +1226: /home/albert/busystack/busymark/test/src/app_smoke_test.dart: workspace source history restores a pasted URL suffix through undo and redo
05:36 +1227: /home/albert/busystack/busymark/test/src/app_smoke_test.dart: app wires generated localization delegates and locales
05:36 +1228: /home/albert/busystack/busymark/test/src/app_smoke_test.dart: app boots to BusyMark welcome screen without login UI
05:36 +1229: /home/albert/busystack/busymark/test/src/app_smoke_test.dart: recovery shows one actionable notice and preserves damage warnings (0)
05:37 +1230: /home/albert/busystack/busymark/test/src/app_smoke_test.dart: recovery shows one actionable notice and preserves damage warnings (1)
05:37 +1231: /home/albert/busystack/busymark/test/src/app_smoke_test.dart: Welcome creates a fresh Markdown workspace after leaving basic.md (close tab: false)
05:38 +1232: /home/albert/busystack/busymark/test/src/app_smoke_test.dart: Welcome creates a fresh Markdown workspace after leaving basic.md (close tab: true)
05:39 +1233: /home/albert/busystack/busymark/test/src/app_smoke_test.dart: main menu and F11 toggle full-screen mode
05:39 +1234: /home/albert/busystack/busymark/test/src/app_smoke_test.dart: Alt+Left activates the header Back command
05:39 +1235: /home/albert/busystack/busymark/test/src/app_smoke_test.dart: restored capture failure stays owned across Back create discard create
05:40 +1236: /home/albert/busystack/busymark/test/src/app_smoke_test.dart: Escape closes header popup menus
05:40 +1237: /home/albert/busystack/busymark/test/src/app_smoke_test.dart: report issue is in the shared main menu, not Settings content
05:41 +1238: /home/albert/busystack/busymark/test/src/app_smoke_test.dart: global reference and settings shortcuts open targets
05:41 +1239: /home/albert/busystack/busymark/test/src/app_smoke_test.dart: settings screen opens
05:43 +1240: /home/albert/busystack/busymark/test/src/app_smoke_test.dart: settings uses the regular split sidebar at desktop width
05:44 +1241: /home/albert/busystack/busymark/test/src/app_smoke_test.dart: Spelling Dictionaries page groups downloadable and custom data
05:44 +1242: /home/albert/busystack/busymark/test/src/app_smoke_test.dart: import dictionary prompt uses native controls and submits a trimmed ID
05:50 +1243: /home/albert/busystack/busymark/test/src/app_smoke_test.dart: import dictionary prompt cancels and saves without redesign
05:56 +1244: /home/albert/busystack/busymark/test/src/app_smoke_test.dart: cancelling a default-language install keeps the previous selection
05:56 +1245: /home/albert/busystack/busymark/test/src/app_smoke_test.dart: default language persists only after dictionary installation succeeds
06:02 +1246: /home/albert/busystack/busymark/test/src/app_smoke_test.dart: failed dictionary install keeps the default language
06:04 +1247: /home/albert/busystack/busymark/test/src/app_smoke_test.dart: cancelling a project-language install keeps the previous selection
06:04 +1248: /home/albert/busystack/busymark/test/src/app_smoke_test.dart: settings main surface matches the headerbar in light and dark
06:05 +1249: /home/albert/busystack/busymark/test/src/app_smoke_test.dart: stored language override localizes app text
06:05 +1250: /home/albert/busystack/busymark/test/src/app_smoke_test.dart: European Portuguese system locale renders the completed base catalog
06:05 +1251: /home/albert/busystack/busymark/test/src/app_smoke_test.dart: language-only Chinese system locale renders the completed base catalog
06:05 +1252: /home/albert/busystack/busymark/test/src/app_smoke_test.dart: Writerside project dialog syncs generated fields until edited
06:05 +1253: /home/albert/busystack/busymark/test/src/app_smoke_test.dart: keyboard shortcuts dialog opens from the header
06:06 +1254: /home/albert/busystack/busymark/test/src/app_smoke_test.dart: syntax reference categories expose supported authoring forms
06:07 +1255: /home/albert/busystack/busymark/test/src/app_smoke_test.dart: Ctrl+Alt+M opens and Escape closes the syntax reference
06:07 +1256: /home/albert/busystack/busymark/test/src/app_smoke_test.dart: syntax reference remains usable in constrained RTL layout
06:07 +1257: /home/albert/busystack/busymark/test/src/app_smoke_test.dart: keyboard shortcuts tabs section title is localized
06:08 +1258: /home/albert/busystack/busymark/test/src/app_smoke_test.dart: about dialog shows the BusyMark logo
unhandled element <filter/>; Picture key: Svg loader
06:08 +1259: /home/albert/busystack/busymark/test/src/app_smoke_test.dart: Ctrl+N chooses between Markdown and Writerside creation
06:08 +1260: /home/albert/busystack/busymark/test/src/app_smoke_test.dart: Ctrl+N keeps unsaved documents in independent tabs
06:09 +1261: /home/albert/busystack/busymark/test/src/app_smoke_test.dart: Ctrl+N creates real CommonMark inside a Writerside workspace
06:10 +1262: /home/albert/busystack/busymark/test/src/app_smoke_test.dart: Table of Contents creates from selection and exposes nested Writerside actions
06:15 +1263: /home/albert/busystack/busymark/test/src/app_smoke_test.dart: Table of Contents creates from selection and exposes nested Writerside actions with an available native host
06:20 +1264: /home/albert/busystack/busymark/test/src/app_smoke_test.dart: Writerside topic rename uses Preview, Do Refactor, and shared entry points
06:21 +1265: /home/albert/busystack/busymark/test/src/app_smoke_test.dart: topic rename saves every dirty Writerside project source before planning
06:22 +1266: /home/albert/busystack/busymark/test/src/app_smoke_test.dart: tab keyboard shortcuts move and close editor tabs
06:22 +1267: /home/albert/busystack/busymark/test/src/app_smoke_test.dart: Git diff files are shown as separate editor tabs
06:23 +1268: /home/albert/busystack/busymark/test/src/app_smoke_test.dart: File History comparison selector shares its row with match navigation
06:24 +1269: /home/albert/busystack/busymark/test/src/app_smoke_test.dart: file tree disables Git file actions without a repository
06:24 +1270: /home/albert/busystack/busymark/test/src/app_smoke_test.dart: sidebar view shortcuts select workspace sidebar tabs
06:26 +1271: /home/albert/busystack/busymark/test/src/app_smoke_test.dart: real Source edits reach the visible Local History list on the fixed deadline
06:26 +1272: /home/albert/busystack/busymark/test/src/app_smoke_test.dart: selected WYSIWYG formatting reaches Local History through workspace callbacks
06:27 +1273: /home/albert/busystack/busymark/test/src/app_smoke_test.dart: Writerside sidebar shortcuts survive document view changes
06:29 +1274: /home/albert/busystack/busymark/test/src/app_smoke_test.dart: Files view colors entries by Git status
06:29 +1275: /home/albert/busystack/busymark/test/src/app_smoke_test.dart: Files view shows hidden, empty, and unsupported entries
06:29 +1276: /home/albert/busystack/busymark/test/src/app_smoke_test.dart: workspace sidebar is on the right in Arabic
06:29 +1277: /home/albert/busystack/busymark/test/src/app_smoke_test.dart: workspace sidebar is on the right in Persian
06:30 +1278: /home/albert/busystack/busymark/test/src/app_smoke_test.dart: Arabic untitled workspace stays RTL and diagnostic metadata stays LTR
06:30 +1279: /home/albert/busystack/busymark/test/src/app_smoke_test.dart: RTL topic copy keeps bidi controls out of clipboard data
06:30 +1280: /home/albert/busystack/busymark/test/src/app_smoke_test.dart: TOC Copy uses an inactive origin topic open buffer
06:31 +1281: /home/albert/busystack/busymark/test/src/app_smoke_test.dart: TOC Paste reviews an inactive dirty tree before moving
06:31 +1282: /home/albert/busystack/busymark/test/src/app_smoke_test.dart: source undo cannot restore saved text from previous tab
06:31 +1283: /home/albert/busystack/busymark/test/src/app_smoke_test.dart: Source groups typing and deletion undo with historical carets
06:32 +1284: /home/albert/busystack/busymark/test/src/app_smoke_test.dart: Source remount starts a distinct undo group
06:32 +1285: /home/albert/busystack/busymark/test/src/app_smoke_test.dart: source view supports editor formatting shortcuts
06:32 +1286: /home/albert/busystack/busymark/test/src/app_smoke_test.dart: Tab and Shift+Tab update indentation in source view
06:32 +1287: /home/albert/busystack/busymark/test/src/app_smoke_test.dart: editing toolbar context menu changes persisted layout without toggling
06:33 +1288: /home/albert/busystack/busymark/test/src/app_smoke_test.dart: Editor and Preview share a frame while Split stays fluid
06:33 +1289: /home/albert/busystack/busymark/test/src/app_smoke_test.dart: rendered views ignore redundant blanks while Source preserves them
06:33 +1290: /home/albert/busystack/busymark/test/src/app_smoke_test.dart: standalone HTML breaks preserve one blank line in every document view
06:33 +1291: /home/albert/busystack/busymark/test/src/app_smoke_test.dart: Editor and Preview share task-list presentation and wrapping
06:33 +1292: /home/albert/busystack/busymark/test/src/app_smoke_test.dart: Editor and Preview reuse the same quote shell geometry
06:33 +1293: /home/albert/busystack/busymark/test/src/app_smoke_test.dart: Editor and Preview reuse the same code block presentation
06:34 +1294: /home/albert/busystack/busymark/test/src/app_smoke_test.dart: Editor and Preview share professional heading hierarchy
06:34 +1295: /home/albert/busystack/busymark/test/src/app_smoke_test.dart: Editor and Preview share admonition and image presentation
06:34 +1296: /home/albert/busystack/busymark/test/src/app_smoke_test.dart: Preview renders structured formatted and nested quotes
06:34 +1297: /home/albert/busystack/busymark/test/src/app_smoke_test.dart: editor undo cannot restore saved text from previous tab
06:34 +1298: /home/albert/busystack/busymark/test/src/app_smoke_test.dart: Tab inserts a tab character in editor view paragraphs
06:34 +1299: /home/albert/busystack/busymark/test/src/app_smoke_test.dart: window close still warns when active changes are unsaved
06:35 +1300: /home/albert/busystack/busymark/test/src/app_smoke_test.dart: window close flushes autosave for saved files
06:35 +1301: /home/albert/busystack/busymark/test/src/app_smoke_test.dart: startup path opens a Markdown file workspace
06:35 +1302: /home/albert/busystack/busymark/test/src/app_smoke_test.dart: outline follows unsaved source headings without live validation
06:35 +1303: /home/albert/busystack/busymark/test/src/app_smoke_test.dart: outline context menu edits complete heading sections
06:36 +1304: /home/albert/busystack/busymark/test/src/app_smoke_test.dart: outline highlights the heading at the document viewport
06:38 +1305: /home/albert/busystack/busymark/test/src/app_smoke_test.dart: outline navigates to a renamed unsaved editor heading
06:40 +1306: /home/albert/busystack/busymark/test/src/app_smoke_test.dart: untitled outline navigates before the first save
06:40 +1307: /home/albert/busystack/busymark/test/src/app_smoke_test.dart: preview tolerates duplicate heading anchors
06:40 +1308: /home/albert/busystack/busymark/test/src/app_smoke_test.dart: Reading opens an unindexed sibling document link
06:40 +1309: /home/albert/busystack/busymark/test/src/app_smoke_test.dart: Reading linked block and inline images open their targets
06:40 +1310: /home/albert/busystack/busymark/test/src/app_smoke_test.dart: new empty document leaves remembered preview mode for editor
06:40 +1311: /home/albert/busystack/busymark/test/src/app_smoke_test.dart: blocked remote image prompt allows the current workspace
06:40 +1312: /home/albert/busystack/busymark/test/src/app_smoke_test.dart: Ctrl+O open chooser lists recent workspaces
06:41 +1313: /home/albert/busystack/busymark/test/src/app_smoke_test.dart: recent workspace menus support pointer and keyboard actions
06:41 +1314: /home/albert/busystack/busymark/test/src/app_smoke_test.dart: shared Markdown image renderer resolves local images
06:41 +1315: /home/albert/busystack/busymark/test/src/app_smoke_test.dart: shared Markdown image renderer blocks remote images by default
06:41 +1316: /home/albert/busystack/busymark/test/src/app_smoke_test.dart: shared Markdown image renderer resolves absolute paths with spaces
06:41 +1317: /home/albert/busystack/busymark/test/src/app_smoke_test.dart: shared Markdown image renderer resolves absolute paths outside workspace
06:41 +1318: /home/albert/busystack/busymark/test/src/app_smoke_test.dart: shared Markdown image renderer resolves Snap real-home paths
06:41 +1319: /home/albert/busystack/busymark/test/src/app_smoke_test.dart: shared Markdown image renderer resolves local SVG images
06:41 +1320: /home/albert/busystack/busymark/test/src/app_smoke_test.dart: shared Markdown image renderer rejects oversized local SVGs
06:41 +1321: /home/albert/busystack/busymark/test/src/app_smoke_test.dart: shared Markdown image renderer sanitizes embedded SVG image data
06:42 +1322: /home/albert/busystack/busymark/test/src/app_smoke_test.dart: shared Markdown image renderer renders generated SVG badges
06:42 +1323: /home/albert/busystack/busymark/test/src/app_smoke_test.dart: header Search button toggles the expanded search field
06:42 +1324: /home/albert/busystack/busymark/test/src/app_smoke_test.dart: native header Search action toggles search and Back visibility
06:43 +1325: /home/albert/busystack/busymark/test/src/app_smoke_test.dart: workspace search awaits non-active file reads without blocking builds
06:43 +1326: /home/albert/busystack/busymark/test/src/app_smoke_test.dart: workspace search native submit uses exact payload and selected sidebar occurrence
06:44 +1327: /home/albert/busystack/busymark/test/src/app_smoke_test.dart: workspace search preserves query and lands on unopened destination
06:44 +1328: /home/albert/busystack/busymark/test/src/app_smoke_test.dart: workspace search observes edits to inactive buffers
06:45 +1329: /home/albert/busystack/busymark/test/src/app_smoke_test.dart: workspace search reports limits and continues into later files
06:46 +1330: /home/albert/busystack/busymark/test/src/app_smoke_test.dart: workspace search exposes skipped files and regex diagnostics
06:47 +1331: /home/albert/busystack/busymark/test/src/app_smoke_test.dart: workspace search cancels expensive regex while UI keeps building
06:48 +1332: /home/albert/busystack/busymark/test/src/app_smoke_test.dart: workspace search replacement review loads an asynchronous plan
06:49 +1333: /home/albert/busystack/busymark/test/src/app_smoke_test.dart: preview search highlights preserve Unicode offsets
06:49 +1334: /home/albert/busystack/busymark/test/src/app_smoke_test.dart: literal workspace search bounds malformed Markdown snippets around the match
06:50 +1335: /home/albert/busystack/busymark/test/src/app_smoke_test.dart: preview search result clicks move preview scroll repeatedly
06:50 +1336: /home/albert/busystack/busymark/test/src/app_smoke_test.dart: preview lazily builds large documents
06:50 +1337: /home/albert/busystack/busymark/test/src/app_smoke_test.dart: preview search result clicks scroll to code block matches
06:51 +1338: /home/albert/busystack/busymark/test/src/app_smoke_test.dart: preview search result click lands on paragraph after lists
06:51 +1339: /home/albert/busystack/busymark/test/src/app_smoke_test.dart: Editor and Preview share ordered list styling and geometry
06:51 +1340: /home/albert/busystack/busymark/test/src/app_smoke_test.dart: preview renders nested list children
06:51 +1341: /home/albert/busystack/busymark/test/src/app_smoke_test.dart: preview renders raw HTML table as table cells
06:51 +1342: /home/albert/busystack/busymark/test/src/app_smoke_test.dart: Reading applies Markdown table column alignment
06:51 +1343: /home/albert/busystack/busymark/test/src/app_smoke_test.dart: preview search result click lands on code block line
06:52 +1344: /home/albert/busystack/busymark/test/src/app_smoke_test.dart: Ctrl+S runs Save for the active workspace
06:52 +1345: /home/albert/busystack/busymark/test/src/app_smoke_test.dart: Ctrl+S saves source edits from an untitled Markdown document
06:52 +1346: loading /home/albert/busystack/busymark/test/src/validation_problems_ui_test.dart
06:54 +1346: /home/albert/busystack/busymark/test/src/validation_problems_ui_test.dart: Problems reveals the source and dismisses from preview
06:58 +1347: /home/albert/busystack/busymark/test/src/validation_problems_ui_test.dart: Problems reveals the source and dismisses from editor
07:03 +1348: /home/albert/busystack/busymark/test/src/validation_problems_ui_test.dart: an open Problems dialog updates its count and math rows
07:04 +1349: /home/albert/busystack/busymark/test/src/validation_problems_ui_test.dart: manual Validate supersedes queued automatic validation and presents once
07:06 +1350: /home/albert/busystack/busymark/test/src/validation_problems_ui_test.dart: failed and stale validation do not show Problems; concurrent clicks publish once
07:09 +1351: loading /home/albert/busystack/busymark/test/src/writerside_math_diagram_test.dart
07:10 +1351: /home/albert/busystack/busymark/test/src/writerside_math_diagram_test.dart: Writerside math forms use semantic math nodes and round-trip
07:13 +1352: /home/albert/busystack/busymark/test/src/writerside_math_diagram_test.dart: ordinary Markdown does not reinterpret Writerside TeX forms
07:13 +1353: /home/albert/busystack/busymark/test/src/writerside_math_diagram_test.dart: Writerside semantic and fenced diagrams share visualizers
07:13 +1354: /home/albert/busystack/busymark/test/src/writerside_math_diagram_test.dart: referenced diagram source is constrained to the Writerside root
07:13 +1355: /home/albert/busystack/busymark/test/src/writerside_math_diagram_test.dart: Writerside topic XML exposes TeX and diagrams to shared preview
07:17 +1356: loading /home/albert/busystack/busymark/test/src/busymark_motion_widgets_test.dart
07:19 +1356: /home/albert/busystack/busymark/test/src/busymark_motion_widgets_test.dart: view changes fade one live editor while ordinary data changes do not
07:20 +1357: /home/albert/busystack/busymark/test/src/busymark_motion_widgets_test.dart: retained destinations settle immediately under reduced motion
07:20 +1358: /home/albert/busystack/busymark/test/src/busymark_motion_widgets_test.dart: retained crossfade keeps two live pages and hides outgoing UI
07:20 +1359: /home/albert/busystack/busymark/test/src/busymark_motion_widgets_test.dart: keyed crossfade retains three semantic destinations
07:21 +1360: loading /home/albert/busystack/busymark/test/src/preview_builder_test.dart
07:29 +1360: /home/albert/busystack/busymark/test/src/preview_builder_test.dart: preview uses one generic label and no compatibility banner
07:29 +1361: /home/albert/busystack/busymark/test/src/preview_builder_test.dart: preview ignores redundant blank lines between blocks
07:29 +1362: /home/albert/busystack/busymark/test/src/preview_builder_test.dart: preview preserves an explicit blank line encoded with HTML breaks
07:29 +1363: /home/albert/busystack/busymark/test/src/preview_builder_test.dart: preview headings carry parser anchors for outline navigation
07:29 +1364: /home/albert/busystack/busymark/test/src/preview_builder_test.dart: preview blocks carry source locations for search navigation
07:29 +1365: /home/albert/busystack/busymark/test/src/preview_builder_test.dart: preview source locations survive adjacent list items and code fences
07:29 +1366: /home/albert/busystack/busymark/test/src/preview_builder_test.dart: preview list text removes Markdown markers
07:29 +1367: /home/albert/busystack/busymark/test/src/preview_builder_test.dart: preview preserves links inside list items
07:29 +1368: /home/albert/busystack/busymark/test/src/preview_builder_test.dart: preview preserves nested list children
07:29 +1369: /home/albert/busystack/busymark/test/src/preview_builder_test.dart: preview keeps ordered list numbering independent at each depth
07:29 +1370: /home/albert/busystack/busymark/test/src/preview_builder_test.dart: preview preserves inline Markdown semantics
07:29 +1371: /home/albert/busystack/busymark/test/src/preview_builder_test.dart: inline autolinks only support launchable URI schemes
07:29 +1372: /home/albert/busystack/busymark/test/src/preview_builder_test.dart: preview renders quote characters as text instead of HTML entities
07:29 +1373: /home/albert/busystack/busymark/test/src/preview_builder_test.dart: preview preserves pasted local image destinations with spaces
07:29 +1374: /home/albert/busystack/busymark/test/src/preview_builder_test.dart: preview renders quote characters as text instead of HTML entities
07:29 +1375: /home/albert/busystack/busymark/test/src/preview_builder_test.dart: preview preserves pasted local image destinations with spaces
07:29 +1376: /home/albert/busystack/busymark/test/src/preview_builder_test.dart: preview treats single newlines inside paragraphs as soft breaks
07:29 +1377: /home/albert/busystack/busymark/test/src/preview_builder_test.dart: preview supports common Markdown block variants
07:29 +1378: /home/albert/busystack/busymark/test/src/preview_builder_test.dart: preview preserves structured and formatted quote children
07:29 +1379: /home/albert/busystack/busymark/test/src/preview_builder_test.dart: preview preserves source order for code and images
07:29 +1380: /home/albert/busystack/busymark/test/src/preview_builder_test.dart: preview parses Writerside image attributes
07:29 +1381: /home/albert/busystack/busymark/test/src/preview_builder_test.dart: front matter is skipped only at the top of the document
07:29 +1382: /home/albert/busystack/busymark/test/src/preview_builder_test.dart: preview renders raw HTML paragraph without literal tags
07:29 +1383: /home/albert/busystack/busymark/test/src/preview_builder_test.dart: preview renders raw HTML table sections and inline cell formatting
07:29 +1384: /home/albert/busystack/busymark/test/src/preview_builder_test.dart: preview renders direct rows under raw HTML table
07:29 +1385: /home/albert/busystack/busymark/test/src/preview_builder_test.dart: preview renders raw HTML table captions before the table
07:29 +1386: /home/albert/busystack/busymark/test/src/preview_builder_test.dart: preview renders inline raw HTML safely
07:29 +1387: /home/albert/busystack/busymark/test/src/preview_builder_test.dart: preview does not make raw HTML links active without href
07:29 +1388: /home/albert/busystack/busymark/test/src/preview_builder_test.dart: preview rejects absolute local image paths in raw HTML
07:29 +1389: /home/albert/busystack/busymark/test/src/preview_builder_test.dart: preview rejects deeply nested raw HTML before conversion
07:29 +1390: /home/albert/busystack/busymark/test/src/preview_builder_test.dart: preview renders safe raw HTML containers as child content
07:29 +1391: /home/albert/busystack/busymark/test/src/preview_builder_test.dart: preview renders top-level raw HTML image as image block
07:29 +1392: /home/albert/busystack/busymark/test/src/preview_builder_test.dart: preview preserves raw HTML figure caption relationship
07:29 +1393: /home/albert/busystack/busymark/test/src/preview_builder_test.dart: preview allows safe remote raw HTML links images and citations
07:29 +1394: /home/albert/busystack/busymark/test/src/preview_builder_test.dart: preview keeps unsafe raw HTML literal
07:29 +1395: /home/albert/busystack/busymark/test/src/preview_builder_test.dart: preview does not parse Markdown inside raw HTML blocks
07:29 +1396: /home/albert/busystack/busymark/test/src/preview_builder_test.dart: preview keeps paired raw HTML blocks together across blank lines
07:29 +1397: loading /home/albert/busystack/busymark/test/src/nextcloud_capabilities_test.dart
07:30 +1397: /home/albert/busystack/busymark/test/src/nextcloud_capabilities_test.dart: accepts stable baseline and ignores future capability fields
07:31 +1398: /home/albert/busystack/busymark/test/src/nextcloud_capabilities_test.dart: API 1.4 accepted independently of app version 6.0.0
07:31 +1399: /home/albert/busystack/busymark/test/src/nextcloud_capabilities_test.dart: API 1.4 accepted independently of app version 6.0.1
07:31 +1400: /home/albert/busystack/busymark/test/src/nextcloud_capabilities_test.dart: API 1.4 accepted independently of app version 6.1.0
07:31 +1401: /home/albert/busystack/busymark/test/src/nextcloud_capabilities_test.dart: API 1.4 accepted independently of app version 6.1.2
07:31 +1402: /home/albert/busystack/busymark/test/src/nextcloud_capabilities_test.dart: API 1.4 accepted independently of app version null
07:31 +1403: /home/albert/busystack/busymark/test/src/nextcloud_capabilities_test.dart: API 1.4 accepted independently of app version 
07:31 +1404: /home/albert/busystack/busymark/test/src/nextcloud_capabilities_test.dart: API 1.4 accepted independently of app version malformed
07:31 +1405: /home/albert/busystack/busymark/test/src/nextcloud_capabilities_test.dart: API 1.4 accepted independently of app version 42
07:31 +1406: /home/albert/busystack/busymark/test/src/nextcloud_capabilities_test.dart: rejects missing Notes and unavailable/old API accurately
07:31 +1407: /home/albert/busystack/busymark/test/src/nextcloud_capabilities_test.dart: requests OCS capabilities under prefix with proper Basic and headers
07:31 +1408: /home/albert/busystack/busymark/test/src/nextcloud_capabilities_test.dart: authenticated redirects are rejected without following another origin
07:31 +1409: /home/albert/busystack/busymark/test/src/nextcloud_capabilities_test.dart: revocation uses documented DELETE and is best effort on non-200
07:31 +1410: loading /home/albert/busystack/busymark/test/src/writerside_topic_file_editor_test.dart
07:32 +1410: /home/albert/busystack/busymark/test/src/writerside_topic_file_editor_test.dart: rename planning rejects a topic skipped by file-size limits
07:32 +1411: /home/albert/busystack/busymark/test/src/writerside_topic_file_editor_test.dart: rename planning rejects a topic skipped by document limits
07:32 +1412: /home/albert/busystack/busymark/test/src/writerside_topic_file_editor_test.dart: rename planning rejects topic discovery truncated by tree limits
07:32 +1413: /home/albert/busystack/busymark/test/src/writerside_topic_file_editor_test.dart: rename planning rejects a topic-root directory listing failure
07:32 +1414: /home/albert/busystack/busymark/test/src/writerside_topic_file_editor_test.dart: topic discovery traverses excluded and hidden directories but not VCS metadata
07:32 +1415: /home/albert/busystack/busymark/test/src/writerside_topic_file_editor_test.dart: rename updates and resolves a Markdown reference under build
07:34 +1416: /home/albert/busystack/busymark/test/src/writerside_topic_file_editor_test.dart: rename updates and resolves an XML reference under a hidden directory
07:34 +1417: /home/albert/busystack/busymark/test/src/writerside_topic_file_editor_test.dart: rename planning rejects a discovered unreadable topic source
07:34 +1418: /home/albert/busystack/busymark/test/src/writerside_topic_file_editor_test.dart: rename updates topic and start-page references in every tree
07:34 +1419: /home/albert/busystack/busymark/test/src/writerside_topic_file_editor_test.dart: rename refactors links, includes, ref entries, and leaves unrelated text
07:34 +1420: /home/albert/busystack/busymark/test/src/writerside_topic_file_editor_test.dart: rename ignores link-shaped text in image titles and HTML attributes
07:34 +1421: /home/albert/busystack/busymark/test/src/writerside_topic_file_editor_test.dart: rename binds reference links outside image titles and HTML attributes
07:35 +1422: /home/albert/busystack/busymark/test/src/writerside_topic_file_editor_test.dart: rename binds exact HTML hrefs outside Markdown link and image titles
07:35 +1423: /home/albert/busystack/busymark/test/src/writerside_topic_file_editor_test.dart: rename follows origin across modules without touching a local namesake
07:35 +1424: /home/albert/busystack/busymark/test/src/writerside_topic_file_editor_test.dart: project-wide rename includes an origin reference in a build module
07:35 +1425: /home/albert/busystack/busymark/test/src/writerside_topic_file_editor_test.dart: renaming a local namesake preserves origin-qualified Markdown XML links
07:35 +1426: /home/albert/busystack/busymark/test/src/writerside_topic_file_editor_test.dart: rename supports unquoted origin-qualified raw HTML links
07:35 +1427: /home/albert/busystack/busymark/test/src/writerside_topic_file_editor_test.dart: rename keeps decoded whitespace safe in unquoted HTML hrefs
07:36 +1428: /home/albert/busystack/busymark/test/src/writerside_topic_file_editor_test.dart: rename updates shared Markdown reference definitions once
07:36 +1429: /home/albert/busystack/busymark/test/src/writerside_topic_file_editor_test.dart: rename preserves escapes required by a Markdown destination
07:36 +1430: /home/albert/busystack/busymark/test/src/writerside_topic_file_editor_test.dart: rename rewrites an XML-encoded topic destination
07:36 +1431: /home/albert/busystack/busymark/test/src/writerside_topic_file_editor_test.dart: rename escapes decoded XML attribute replacements
07:36 +1432: /home/albert/busystack/busymark/test/src/writerside_topic_file_editor_test.dart: rename updates a matching XML topic root id
07:36 +1433: /home/albert/busystack/busymark/test/src/writerside_topic_file_editor_test.dart: missing or mismatched XML root IDs block rename atomically
07:36 +1434: /home/albert/busystack/busymark/test/src/writerside_topic_file_editor_test.dart: prepared rename is read-only and applies its exact captured changes
07:36 +1435: /home/albert/busystack/busymark/test/src/writerside_topic_file_editor_test.dart: stale prepared rename fails before any partial write
07:36 +1436: /home/albert/busystack/busymark/test/src/writerside_topic_file_editor_test.dart: rename preflights collisions only in publishing instances
07:37 +1437: /home/albert/busystack/busymark/test/src/writerside_topic_file_editor_test.dart: origin topic collisions block a project-wide prepared rename
07:37 +1438: /home/albert/busystack/busymark/test/src/writerside_topic_file_editor_test.dart: Unicode Markdown and XML topic filenames rename safely
07:37 +1439: /home/albert/busystack/busymark/test/src/writerside_topic_file_editor_test.dart: rename supports Writerside .markdown topics
07:37 +1440: /home/albert/busystack/busymark/test/src/writerside_topic_file_editor_test.dart: rename rejects duplicate targets and extension changes
07:37 +1441: /home/albert/busystack/busymark/test/src/writerside_topic_file_editor_test.dart: rename preserves a target created concurrently before exclusive create
07:37 +1442: /home/albert/busystack/busymark/test/src/writerside_topic_file_editor_test.dart: delete reloads newly configured instances before start-page checks
07:37 +1443: /home/albert/busystack/busymark/test/src/writerside_topic_file_editor_test.dart: rename does not claim a new same-basename nested reference
07:37 +1444: /home/albert/busystack/busymark/test/src/writerside_topic_file_editor_test.dart: rename aborts when a concurrent topic changes basename resolution
07:37 +1445: /home/albert/busystack/busymark/test/src/writerside_topic_file_editor_test.dart: delete aborts when a concurrent topic changes basename resolution
07:40 +1446: /home/albert/busystack/busymark/test/src/writerside_topic_file_editor_test.dart: rename retains target when an applied tree cannot be rolled back
07:40 +1447: /home/albert/busystack/busymark/test/src/writerside_topic_file_editor_test.dart: cross-module rollback retains a target after another module changes
07:40 +1448: /home/albert/busystack/busymark/test/src/writerside_topic_file_editor_test.dart: clean rollback removes the harmless newly created target
07:40 +1449: /home/albert/busystack/busymark/test/src/writerside_topic_file_editor_test.dart: rename preserves topic and instance tree file modes
07:40 +1450: /home/albert/busystack/busymark/test/src/writerside_topic_file_editor_test.dart: delete removes every TOC entry and promotes children in place
07:41 +1451: /home/albert/busystack/busymark/test/src/writerside_topic_file_editor_test.dart: delete rejects a topic used as any instance start page
07:41 +1452: /home/albert/busystack/busymark/test/src/writerside_topic_file_editor_test.dart: rename rejects unsafe path components before writing
07:41 +1453: /home/albert/busystack/busymark/test/src/writerside_topic_file_editor_test.dart: delete rejects a topic replaced by a symlink without touching its target
07:41 +1454: loading /home/albert/busystack/busymark/test/src/source_gutter_diagnostics_test.dart
07:41 +1454: /home/albert/busystack/busymark/test/src/source_gutter_diagnostics_test.dart: diagnostic maps to full and visible line without folds
07:41 +1455: /home/albert/busystack/busymark/test/src/source_gutter_diagnostics_test.dart: diagnostic inside folded region is aggregated onto its fold header
07:41 +1456: /home/albert/busystack/busymark/test/src/source_gutter_diagnostics_test.dart: folded layout geometry is reused for equal collapsed sets
07:42 +1457: /home/albert/busystack/busymark/test/src/source_gutter_diagnostics_test.dart: incremental gutter layout matches a full measured layout
07:42 +1458: loading /home/albert/busystack/busymark/test/src/native_writerside_dialog_service_test.dart
07:43 +1458: /home/albert/busystack/busymark/test/src/native_writerside_dialog_service_test.dart: Duplicate Topic is serialized to the native dialog host
07:43 +1459: /home/albert/busystack/busymark/test/src/native_writerside_dialog_service_test.dart: Edit Title returns all native field values
07:43 +1460: /home/albert/busystack/busymark/test/src/native_writerside_dialog_service_test.dart: native cancellation remains distinct from an unavailable host
07:43 +1461: loading /home/albert/busystack/busymark/test/src/wysiwyg_ai_test.dart
07:46 +1461: /home/albert/busystack/busymark/test/src/wysiwyg_ai_test.dart: WYSIWYG AI maps a nested Writerside block to its source block
07:47 +1462: /home/albert/busystack/busymark/test/src/wysiwyg_ai_test.dart: WYSIWYG AI maps selected text when unsourced editor blocks exist
07:47 +1463: /home/albert/busystack/busymark/test/src/wysiwyg_ai_test.dart: WYSIWYG AI applies through canonical Markdown source
07:48 +1464: loading /home/albert/busystack/busymark/test/src/document_status_bar_test.dart
07:49 +1464: /home/albert/busystack/busymark/test/src/document_status_bar_test.dart: places interactive spelling at start and format at end
07:49 +1465: /home/albert/busystack/busymark/test/src/document_status_bar_test.dart: keeps passive format when spelling is unsupported
07:49 +1466: /home/albert/busystack/busymark/test/src/document_status_bar_test.dart: truncates a long one-line language without displacing format
07:50 +1467: /home/albert/busystack/busymark/test/src/document_status_bar_test.dart: uses directional start and end placement in RTL
07:50 +1468: loading /home/albert/busystack/busymark/test/src/text_format_metadata_test.dart
07:51 +1468: /home/albert/busystack/busymark/test/src/text_format_metadata_test.dart: detects and preserves UTF-8 BOM, CRLF, and final newline
07:51 +1469: /home/albert/busystack/busymark/test/src/text_format_metadata_test.dart: preserves a missing final newline when saving edited text
07:51 +1470: /home/albert/busystack/busymark/test/src/text_format_metadata_test.dart: requires an explicit normalization for mixed line endings
07:51 +1471: /home/albert/busystack/busymark/test/src/text_format_metadata_test.dart: rejects invalid UTF-8 instead of replacing bytes
07:51 +1472: loading /home/albert/busystack/busymark/test/src/source_autocomplete_test.dart
07:53 +1472: /home/albert/busystack/busymark/test/src/source_autocomplete_test.dart: autocomplete prioritizes Writerside Markdown authoring suggestions
07:53 +1473: /home/albert/busystack/busymark/test/src/source_autocomplete_test.dart: completion derives XML caret context and consumes the project index
07:53 +1474: /home/albert/busystack/busymark/test/src/source_autocomplete_test.dart: completion suggests attributes legal for the element at the caret
07:53 +1475: loading /home/albert/busystack/busymark/test/src/ai_secret_store_test.dart
07:55 +1475: /home/albert/busystack/busymark/test/src/ai_secret_store_test.dart: reads the provider key through the native credential channel
07:55 +1476: /home/albert/busystack/busymark/test/src/ai_secret_store_test.dart: trims a key before securely storing it
07:55 +1477: /home/albert/busystack/busymark/test/src/ai_secret_store_test.dart: deletes only the selected provider key
07:55 +1478: /home/albert/busystack/busymark/test/src/ai_secret_store_test.dart: surfaces the native credential-service failure
07:55 +1479: loading /home/albert/busystack/busymark/test/src/local_history_workspace_test.dart
07:58 +1479: /home/albert/busystack/busymark/test/src/local_history_workspace_test.dart: pristine empty draft discards without protective storage
08:01 +1480: /home/albert/busystack/busymark/test/src/local_history_workspace_test.dart: workspace replacement retires settled bindings and retains failed baselines
08:01 +1481: /home/albert/busystack/busymark/test/src/local_history_workspace_test.dart: discard still protects nonempty content when history is unavailable
08:01 +1482: /home/albert/busystack/busymark/test/src/local_history_workspace_test.dart: discard still protects whitespace content when history is unavailable
08:01 +1483: /home/albert/busystack/busymark/test/src/local_history_workspace_test.dart: discard still protects edited-empty content when history is unavailable
08:01 +1484: /home/albert/busystack/busymark/test/src/local_history_workspace_test.dart: discard still protects recovered content when history is unavailable
08:01 +1485: /home/albert/busystack/busymark/test/src/local_history_workspace_test.dart: discard still protects file content when history is unavailable
08:01 +1486: /home/albert/busystack/busymark/test/src/local_history_workspace_test.dart: background protective retry cannot execute a previously rejected discard
08:01 +1487: /home/albert/busystack/busymark/test/src/local_history_workspace_test.dart: restored promotion reconciles only the saved lineage (file=false external=false)
08:01 +1488: /home/albert/busystack/busymark/test/src/local_history_workspace_test.dart: restored promotion reconciles only the saved lineage (file=false external=true)
08:01 +1489: /home/albert/busystack/busymark/test/src/local_history_workspace_test.dart: restored promotion reconciles only the saved lineage (file=true external=false)
08:01 +1490: /home/albert/busystack/busymark/test/src/local_history_workspace_test.dart: restored promotion reconciles only the saved lineage (file=true external=true)
08:01 +1491: /home/albert/busystack/busymark/test/src/local_history_workspace_test.dart: first save cannot adopt a deleted path lineage
08:01 +1492: /home/albert/busystack/busymark/test/src/local_history_workspace_test.dart: vacant first save retires a stale active history owner
08:01 +1493: /home/albert/busystack/busymark/test/src/local_history_workspace_test.dart: first save promotes an established untitled lineage over deleted history
08:01 +1494: /home/albert/busystack/busymark/test/src/local_history_workspace_test.dart: comparison uses unsaved editor source and whole restore is one undo step
08:01 +1495: /home/albert/busystack/busymark/test/src/local_history_workspace_test.dart: Clear Document cancels queued restore protection
08:01 +1496: /home/albert/busystack/busymark/test/src/local_history_workspace_test.dart: Clear All cancels queued restore protection
08:01 +1497: /home/albert/busystack/busymark/test/src/local_history_workspace_test.dart: region restore is exact, undoable, and rejects stale ranges
08:02 +1498: /home/albert/busystack/busymark/test/src/local_history_workspace_test.dart: failed protective capture leaves current document unchanged
08:02 +1499: /home/albert/busystack/busymark/test/src/local_history_workspace_test.dart: restoration rejects a revision from another history document
08:02 +1500: /home/albert/busystack/busymark/test/src/local_history_workspace_test.dart: untitled history compares and restores through stable identity
08:02 +1501: /home/albert/busystack/busymark/test/src/local_history_workspace_test.dart: editing during a delayed reload cancels the stale replacement
08:02 +1502: /home/albert/busystack/busymark/test/src/local_history_workspace_test.dart: reload reparse cannot publish after another buffer becomes active
08:02 +1503: /home/albert/busystack/busymark/test/src/local_history_workspace_test.dart: delete skips binary and excluded history descendants
08:02 +1504: /home/albert/busystack/busymark/test/src/local_history_workspace_test.dart: deleted document restores through normal create flow without overwriting
08:02 +1505: /home/albert/busystack/busymark/test/src/local_history_workspace_test.dart: missing history restores over an existing file without touching disk and undoes to its real source
08:02 +1506: /home/albert/busystack/busymark/test/src/local_history_workspace_test.dart: existing open destination protects unsaved source as the restore undo baseline
08:02 +1507: /home/albert/busystack/busymark/test/src/local_history_workspace_test.dart: existing destination restore stops when protection fails or the target changes
08:02 +1508: /home/albert/busystack/busymark/test/src/local_history_workspace_test.dart: autosaved existing-destination recovery never publishes an empty file
08:02 +1509: /home/albert/busystack/busymark/test/src/local_history_workspace_test.dart: delayed explicit save records exactly the source that was written
08:02 +1510: /home/albert/busystack/busymark/test/src/local_history_workspace_test.dart: history failure cannot turn a successful save into a failure
08:02 +1511: /home/albert/busystack/busymark/test/src/local_history_workspace_test.dart: external move keeps edits made during history remap on the destination
08:02 +1512: /home/albert/busystack/busymark/test/src/local_history_workspace_test.dart: external move reparse cannot publish after a newer edit
08:02 +1513: /home/albert/busystack/busymark/test/src/local_history_workspace_test.dart: external move cannot remap a replacement created while loading target
08:02 +1514: /home/albert/busystack/busymark/test/src/local_history_workspace_test.dart: external move completion cannot publish into a replacement workspace
08:02 +1515: /home/albert/busystack/busymark/test/src/local_history_workspace_test.dart: monitor event emitted after invalidation cannot enter reopened workspace
08:02 +1516: /home/albert/busystack/busymark/test/src/local_history_workspace_test.dart: file monitor lifecycle recovers after a failed stop
08:02 +1517: /home/albert/busystack/busymark/test/src/local_history_workspace_test.dart: editing while monitor start is pending still enables workspace events
08:02 +1518: /home/albert/busystack/busymark/test/src/local_history_workspace_test.dart: folder refresh while monitor start is pending still enables events
08:02 +1519: /home/albert/busystack/busymark/test/src/local_history_workspace_test.dart: disposed workspace ignores a delayed monitor start completion
08:02 +1520: /home/albert/busystack/busymark/test/src/local_history_workspace_test.dart: disposed file monitor cannot resume an overtaken start
08:02 +1521: /home/albert/busystack/busymark/test/src/local_history_workspace_test.dart: deferred monitor move cannot enter a replacement workspace
08:02 +1522: /home/albert/busystack/busymark/test/src/local_history_workspace_test.dart: external move retains reconciliation when another process checkpoints the old identity
08:02 +1523: /home/albert/busystack/busymark/test/src/local_history_workspace_test.dart: external move with no bound identity cannot remap replacement history
08:02 +1524: /home/albert/busystack/busymark/test/src/local_history_workspace_test.dart: external deletion with no bound identity cannot delete replacement history
08:02 +1525: /home/albert/busystack/busymark/test/src/local_history_workspace_test.dart: failed external-delete protection retries into the deleted lineage
08:02 +1526: /home/albert/busystack/busymark/test/src/local_history_workspace_test.dart: failed external-delete protection survives restart as detached work
08:02 +1527: /home/albert/busystack/busymark/test/src/local_history_workspace_test.dart: external directory move remaps nested open history
08:02 +1528: /home/albert/busystack/busymark/test/src/local_history_workspace_test.dart: external directory move publishes every buffer after one decode failure
08:02 +1529: /home/albert/busystack/busymark/test/src/local_history_workspace_test.dart: closing a tab during an external directory move settles its journal
08:02 +1530: /home/albert/busystack/busymark/test/src/local_history_workspace_test.dart: external directory deletion marks nested open history deleted
08:02 +1531: /home/albert/busystack/busymark/test/src/local_history_workspace_test.dart: failed recursive-delete protection survives restart on its lineage
08:02 +1532: /home/albert/busystack/busymark/test/src/local_history_workspace_test.dart: external move reconciles closed file history
08:02 +1533: /home/albert/busystack/busymark/test/src/local_history_workspace_test.dart: external deletion reconciles closed file history
08:02 +1534: /home/albert/busystack/busymark/test/src/local_history_workspace_test.dart: external chained moves coalesce before history reconciliation
08:02 +1535: /home/albert/busystack/busymark/test/src/local_history_workspace_test.dart: external chained moves coalesce across an unrelated queued event
08:02 +1536: /home/albert/busystack/busymark/test/src/local_history_workspace_test.dart: closed source move cannot steal an open destination lineage
08:02 +1537: /home/albert/busystack/busymark/test/src/local_history_workspace_test.dart: external file move includes identity established by source settlement
08:02 +1538: /home/albert/busystack/busymark/test/src/local_history_workspace_test.dart: external directory move includes identity established by source settlement
08:02 +1539: /home/albert/busystack/busymark/test/src/local_history_workspace_test.dart: cancelled named Save As detaches source history and reopens separately
08:03 +1540: /home/albert/busystack/busymark/test/src/local_history_workspace_test.dart: recording disabled after first-save publication preserves untitled lineage
08:03 +1541: /home/albert/busystack/busymark/test/src/local_history_workspace_test.dart: first-save pre-promotion cancellation: disable, completed pending capture
08:03 +1542: /home/albert/busystack/busymark/test/src/local_history_workspace_test.dart: first-save pre-promotion cancellation: disable, failed pending capture
08:03 +1543: /home/albert/busystack/busymark/test/src/local_history_workspace_test.dart: first-save pre-promotion cancellation: clear document, completed pending capture
08:03 +1544: /home/albert/busystack/busymark/test/src/local_history_workspace_test.dart: first-save pre-promotion cancellation: clear document, failed pending capture
08:03 +1545: /home/albert/busystack/busymark/test/src/local_history_workspace_test.dart: first-save pre-promotion cancellation: clear all, completed pending capture
08:04 +1546: /home/albert/busystack/busymark/test/src/local_history_workspace_test.dart: first-save pre-promotion cancellation: clear all, failed pending capture
08:04 +1547: /home/albert/busystack/busymark/test/src/local_history_workspace_test.dart: Save As keeps edits made during destination capture out of source history
08:04 +1548: /home/albert/busystack/busymark/test/src/local_history_workspace_test.dart: Save As cannot claim a dirty open buffer at a missing destination
08:04 +1549: /home/albert/busystack/busymark/test/src/local_history_workspace_test.dart: rejected Discard protection remains with the Save As source (existing=false)
08:04 +1550: /home/albert/busystack/busymark/test/src/local_history_workspace_test.dart: rejected Discard protection remains with the Save As source (existing=true)
08:05 +1551: /home/albert/busystack/busymark/test/src/local_history_workspace_test.dart: rename remaps a failed unbound baseline to the committed destination
08:05 +1552: /home/albert/busystack/busymark/test/src/local_history_workspace_test.dart: disposed prepared rename never reaches the filesystem without an execution journal
08:05 +1553: /home/albert/busystack/busymark/test/src/local_history_workspace_test.dart: Clear Document cancels a prepared rename before filesystem publication
08:05 +1554: /home/albert/busystack/busymark/test/src/local_history_workspace_test.dart: Clear Document retains an executing rename journal across a crash
08:05 +1555: /home/albert/busystack/busymark/test/src/local_history_workspace_test.dart: Clear All retains an executing rename journal across a crash
08:05 +1556: /home/albert/busystack/busymark/test/src/local_history_workspace_test.dart: targetless executing rename owner survives an ambiguous restart
08:05 +1557: /home/albert/busystack/busymark/test/src/local_history_workspace_test.dart: move remaps a deferred first-save destination before baseline recovery
08:05 +1558: /home/albert/busystack/busymark/test/src/local_history_workspace_test.dart: recursive folder move remaps retained baselines for every open descendant
08:05 +1559: /home/albert/busystack/busymark/test/src/local_history_workspace_test.dart: pending unrelated remap permits workspace Save As (existing=false)
08:06 +1560: /home/albert/busystack/busymark/test/src/local_history_workspace_test.dart: pending unrelated remap permits workspace Save As (existing=true)
08:06 +1561: /home/albert/busystack/busymark/test/src/local_history_workspace_test.dart: committed move retries a failed history path reconciliation
08:06 +1562: /home/albert/busystack/busymark/test/src/local_history_workspace_test.dart: shutdown retries first-save promotion without requiring another edit
08:06 +1563: /home/albert/busystack/busymark/test/src/local_history_workspace_test.dart: second Save As preserves a failed first-save association as the source
08:06 +1564: /home/albert/busystack/busymark/test/src/local_history_workspace_test.dart: untitled overwrite Save As partitions a failed source checkpoint
08:06 +1565: /home/albert/busystack/busymark/test/src/local_history_workspace_test.dart: untitled overwrite Save As source checkpoint survives process restart
08:06 +1566: /home/albert/busystack/busymark/test/src/local_history_workspace_test.dart: Save As journals its source before the filesystem commit returns
08:06 +1567: /home/albert/busystack/busymark/test/src/local_history_workspace_test.dart: Save As cannot publish a second owner when its destination opens in flight
08:06 +1568: /home/albert/busystack/busymark/test/src/local_history_workspace_test.dart: first Save As rechecks destination ownership after opening its workspace
08:06 +1569: /home/albert/busystack/busymark/test/src/local_history_workspace_test.dart: first Save As waits for an unbound live destination history owner
08:06 +1570: /home/albert/busystack/busymark/test/src/local_history_workspace_test.dart: disposed Save As cannot publish after losing its prepared journal owner
08:06 +1571: /home/albert/busystack/busymark/test/src/local_history_workspace_test.dart: Save As published after disposal leaves a committed recoverable journal
08:07 +1572: /home/albert/busystack/busymark/test/src/local_history_workspace_test.dart: Save As commit write failure after disposal uses the session fallback
08:07 +1573: /home/albert/busystack/busymark/test/src/local_history_workspace_test.dart: Save As publishes destination after a post-publish callback failure
08:08 +1574: /home/albert/busystack/busymark/test/src/local_history_workspace_test.dart: failed rename reconciliation survives shutdown and restart
08:08 +1575: /home/albert/busystack/busymark/test/src/local_history_workspace_test.dart: live owner keeps committed remap journal until its recovery can follow
08:08 +1576: /home/albert/busystack/busymark/test/src/local_history_workspace_test.dart: prepared rename journal repairs a crash after filesystem commit
08:08 +1577: /home/albert/busystack/busymark/test/src/local_history_workspace_test.dart: committed deletion detaches recovery newer than stored history
08:08 +1578: /home/albert/busystack/busymark/test/src/local_history_workspace_test.dart: recursive deletion evidence cannot consume a sibling recovery
08:09 +1579: /home/albert/busystack/busymark/test/src/local_history_workspace_test.dart: Clear All durably removes a previously persisted path journal
08:09 +1580: /home/albert/busystack/busymark/test/src/local_history_workspace_test.dart: startup applies committed destination cleanup before Save As recovery
08:09 +1581: /home/albert/busystack/busymark/test/src/local_history_workspace_test.dart: startup keeps untitled first-save source when another tab owns destination
08:09 +1582: /home/albert/busystack/busymark/test/src/local_history_workspace_test.dart: committed Save As recovery cannot claim another process tab with the same buffer id
08:09 +1583: /home/albert/busystack/busymark/test/src/local_history_workspace_test.dart: session restore selects recovery by process owner before shared buffer id
08:09 +1584: /home/albert/busystack/busymark/test/src/local_history_workspace_test.dart: failed startup reconstruction releases adopted recovery ownership
08:09 +1585: /home/albert/busystack/busymark/test/src/local_history_workspace_test.dart: history retry during slow failed startup cannot erase adopted recovery
08:10 +1586: /home/albert/busystack/busymark/test/src/local_history_workspace_test.dart: session identity restore waits for the authoritative history snapshot
08:10 +1587: /home/albert/busystack/busymark/test/src/local_history_workspace_test.dart: renamed adopted recovery still honors its original path-operation owner
08:10 +1588: /home/albert/busystack/busymark/test/src/local_history_workspace_test.dart: replayed durable Clear All preserves newer history
08:10 +1589: /home/albert/busystack/busymark/test/src/local_history_workspace_test.dart: startup aborts until replayed clear refresh is authoritative
08:10 +1590: /home/albert/busystack/busymark/test/src/local_history_workspace_test.dart: prepared deletion journal repairs a crash after filesystem commit
08:10 +1591: /home/albert/busystack/busymark/test/src/local_history_workspace_test.dart: failed deletion reconciliation survives shutdown and restart
08:10 +1592: /home/albert/busystack/busymark/test/src/local_history_workspace_test.dart: reopened tab adopts its unresolved first-save history association
08:10 +1593: /home/albert/busystack/busymark/test/src/local_history_workspace_test.dart: unresolved shutdown promotion survives in session and retries on startup
08:10 +1594: /home/albert/busystack/busymark/test/src/local_history_workspace_test.dart: workspace rename settles a failed first-save promotion
08:10 +1595: /home/albert/busystack/busymark/test/src/local_history_workspace_test.dart: workspace directory move settles a nested failed first-save promotion
08:10 +1596: /home/albert/busystack/busymark/test/src/local_history_workspace_test.dart: comparison renders styled intraline spans without framework errors
08:11 +1597: /home/albert/busystack/busymark/test/src/local_history_workspace_test.dart: comparison restore actions wait for the current replacement result
08:11 +1598: /home/albert/busystack/busymark/test/src/local_history_workspace_test.dart: workspace refresh invalidates a completed comparison by source content
08:11 +1599: loading /home/albert/busystack/busymark/test/src/visualization_card_test.dart
08:13 +1599: /home/albert/busystack/busymark/test/src/visualization_card_test.dart: full-screen diagram coordinates its modal and preserves pan/zoom
08:14 +1600: /home/albert/busystack/busymark/test/src/visualization_card_test.dart: retains the last valid diagram and navigates new diagnostics
08:14 +1601: /home/albert/busystack/busymark/test/src/visualization_card_test.dart: fits a small Mermaid diagram to the preview width
08:14 +1602: /home/albert/busystack/busymark/test/src/visualization_card_test.dart: keeps a wide Mermaid diagram readable until fit is requested
08:14 +1603: /home/albert/busystack/busymark/test/src/visualization_card_test.dart: shows searchable OpenAPI operations and opens the native reference
08:14 +1604: loading /home/albert/busystack/busymark/test/src/wysiwyg_visualization_diagnostic_test.dart
08:15 +1604: /home/albert/busystack/busymark/test/src/wysiwyg_visualization_diagnostic_test.dart: computes the diagnostic offset within fenced source
08:15 +1605: /home/albert/busystack/busymark/test/src/wysiwyg_visualization_diagnostic_test.dart: WYSIWYG diagnostic selects its actual source line
08:16 +1606: loading /home/albert/busystack/busymark/test/src/nextcloud_notes_ui_test.dart
08:16 +1606: /home/albert/busystack/busymark/test/src/nextcloud_notes_ui_test.dart: Nextcloud settings route selects its dedicated page
08:19 +1607: /home/albert/busystack/busymark/test/src/nextcloud_notes_ui_test.dart: remote editor tabs retain note titles through metadata rename
08:22 +1608: /home/albert/busystack/busymark/test/src/nextcloud_notes_ui_test.dart: cached note list searches content and excludes clean deletion tombstones
08:25 +1609: /home/albert/busystack/busymark/test/src/nextcloud_notes_ui_test.dart: favorites and ancestor category filtering operate on cached notes
08:26 +1610: /home/albert/busystack/busymark/test/src/nextcloud_notes_ui_test.dart: moving the last selected category note clears its filter
08:26 +1611: /home/albert/busystack/busymark/test/src/nextcloud_notes_ui_test.dart: the final category can disappear without hiding uncategorized notes
08:27 +1612: /home/albert/busystack/busymark/test/src/nextcloud_notes_ui_test.dart: uncertain attachment controls remain available with fetched remote state
08:27 +1613: /home/albert/busystack/busymark/test/src/nextcloud_notes_ui_test.dart: read-only metadata stays read-only while favorite is writable and export is explicit
08:28 +1614: /home/albert/busystack/busymark/test/src/nextcloud_notes_ui_test.dart: attachment deletion warns about links and cancellation retains the file
08:28 +1615: /home/albert/busystack/busymark/test/src/nextcloud_notes_ui_test.dart: remote deletion offers explicit discard with a second confirmation
08:29 +1616: /home/albert/busystack/busymark/test/src/nextcloud_notes_ui_test.dart: merge requires explicit choices for divergent scalar metadata
08:29 +1617: /home/albert/busystack/busymark/test/src/nextcloud_notes_ui_test.dart: read-only favorite conflict offers a safe merge
08:30 +1618: /home/albert/busystack/busymark/test/src/nextcloud_notes_ui_test.dart: uncertain creation lets the user select a candidate
08:30 +1619: /home/albert/busystack/busymark/test/src/nextcloud_notes_ui_test.dart: selecting and confirming candidate binds draft and retains newer edits
08:31 +1620: /home/albert/busystack/busymark/test/src/nextcloud_notes_ui_test.dart: forbidden pending changes offer recovery without overwrite
08:31 +1621: /home/albert/busystack/busymark/test/src/nextcloud_notes_ui_test.dart: unavailable pending changes offer recovery without overwrite
08:31 +1622: loading /home/albert/busystack/busymark/test/src/authored_html_diagnostics_test.dart
08:32 +1622: /home/albert/busystack/busymark/test/src/authored_html_diagnostics_test.dart: escaped table pipes cannot bind across subsequent cells
08:32 +1623: /home/albert/busystack/busymark/test/src/authored_html_diagnostics_test.dart: escaped table normalization preserves a later HTML cell: a\|b | a|b
08:32 +1624: /home/albert/busystack/busymark/test/src/authored_html_diagnostics_test.dart: escaped table normalization preserves a later HTML cell: | a\|b\|c | a|b|c |
08:32 +1625: /home/albert/busystack/busymark/test/src/authored_html_diagnostics_test.dart: escaped table normalization preserves a later HTML cell: | a\\\|b | a\\|b |
08:32 +1626: /home/albert/busystack/busymark/test/src/authored_html_diagnostics_test.dart: escaped table normalization preserves a later HTML cell: | a\|b | a|b\
08:32 +1627: /home/albert/busystack/busymark/test/src/authored_html_diagnostics_test.dart: escaped table normalization preserves a later HTML cell: | a\|b |
08:32 +1628: /home/albert/busystack/busymark/test/src/authored_html_diagnostics_test.dart: escaped table normalization preserves a later HTML cell: | `a\|b` | a|b |
08:32 +1629: /home/albert/busystack/busymark/test/src/authored_html_diagnostics_test.dart: escaped pipes in the table header retain diagnostic positions
08:32 +1630: /home/albert/busystack/busymark/test/src/authored_html_diagnostics_test.dart: escaped table cells retain HTML positions: | a\|<script>alert(1)</script>b | a|<script>alert(1)</script>b |
08:32 +1631: /home/albert/busystack/busymark/test/src/authored_html_diagnostics_test.dart: escaped table cells retain HTML positions: | `<script>alert(1)</script>` a\|b | a|<script>alert(1)</script> |
08:32 +1632: /home/albert/busystack/busymark/test/src/authored_html_diagnostics_test.dart: table HTML attributes are checked in block context
08:32 +1633: /home/albert/busystack/busymark/test/src/authored_html_diagnostics_test.dart: table HTML attributes are checked in inline context
08:32 +1634: /home/albert/busystack/busymark/test/src/authored_html_diagnostics_test.dart: inline caption attributes are checked before tree construction
08:32 +1635: /home/albert/busystack/busymark/test/src/authored_html_diagnostics_test.dart: inline colgroup attributes are checked before tree construction
08:32 +1636: /home/albert/busystack/busymark/test/src/authored_html_diagnostics_test.dart: inline col attributes are checked before tree construction
08:32 +1637: /home/albert/busystack/busymark/test/src/authored_html_diagnostics_test.dart: inline thead attributes are checked before tree construction
08:32 +1638: /home/albert/busystack/busymark/test/src/authored_html_diagnostics_test.dart: inline tbody attributes are checked before tree construction
08:32 +1639: /home/albert/busystack/busymark/test/src/authored_html_diagnostics_test.dart: inline tfoot attributes are checked before tree construction
08:32 +1640: /home/albert/busystack/busymark/test/src/authored_html_diagnostics_test.dart: inline th attributes are checked before tree construction
08:32 +1641: /home/albert/busystack/busymark/test/src/authored_html_diagnostics_test.dart: inline td attributes are checked before tree construction
08:32 +1642: /home/albert/busystack/busymark/test/src/authored_html_diagnostics_test.dart: inline URL attributes use HTML entity decoding
08:32 +1643: /home/albert/busystack/busymark/test/src/authored_html_diagnostics_test.dart: table HTML remains literal or safe: Text `<table><tr onclick="example()"><td>Cell</td></tr></table>`
08:32 +1644: /home/albert/busystack/busymark/test/src/authored_html_diagnostics_test.dart: table HTML remains literal or safe: Text \<table>\<tr onclick="example()">\<td>Cell\</td>\</tr>\</table>
08:32 +1645: /home/albert/busystack/busymark/test/src/authored_html_diagnostics_test.dart: table HTML remains literal or safe: ```html
08:32 +1646: /home/albert/busystack/busymark/test/src/authored_html_diagnostics_test.dart: table HTML remains literal or safe:     <table><tr onclick="example()"><td>Cell</td></tr></table>
08:32 +1647: /home/albert/busystack/busymark/test/src/authored_html_diagnostics_test.dart: table HTML remains literal or safe: Text <table><tr title="onclick=example()"><td>Cell</td></tr></table>
08:32 +1648: /home/albert/busystack/busymark/test/src/authored_html_diagnostics_test.dart: HTML location follows parsed source: ```html
08:32 +1649: /home/albert/busystack/busymark/test/src/authored_html_diagnostics_test.dart: HTML location follows parsed source:     <script>alert(1)</script>
08:32 +1650: /home/albert/busystack/busymark/test/src/authored_html_diagnostics_test.dart: HTML location follows parsed source: <div>
08:32 +1651: /home/albert/busystack/busymark/test/src/authored_html_diagnostics_test.dart: HTML location follows parsed source: <div>
08:32 +1652: /home/albert/busystack/busymark/test/src/authored_html_diagnostics_test.dart: HTML location follows parsed source: [^unused]: <script>alert(1)</script>
08:32 +1653: /home/albert/busystack/busymark/test/src/authored_html_diagnostics_test.dart: HTML location follows parsed source: [^used]: <script>alert(1)</script>
08:32 +1654: /home/albert/busystack/busymark/test/src/authored_html_diagnostics_test.dart: HTML location follows parsed source: - ```html
08:32 +1655: /home/albert/busystack/busymark/test/src/authored_html_diagnostics_test.dart: HTML location follows parsed source: `<script>alert(1)</script>` then <script>alert(1)</script>
08:32 +1656: /home/albert/busystack/busymark/test/src/authored_html_diagnostics_test.dart: HTML location follows parsed source: `` <script>alert(1)</script> ``
08:32 +1657: /home/albert/busystack/busymark/test/src/authored_html_diagnostics_test.dart: HTML location follows parsed source: > ```html
08:32 +1658: /home/albert/busystack/busymark/test/src/authored_html_diagnostics_test.dart: HTML location follows parsed source: - Example
08:32 +1659: /home/albert/busystack/busymark/test/src/authored_html_diagnostics_test.dart: HTML location follows parsed source: > - `<script>alert(1)</script>` then <script>alert(1)</script>
08:32 +1660: /home/albert/busystack/busymark/test/src/authored_html_diagnostics_test.dart: HTML location follows parsed source: ---
08:32 +1661: /home/albert/busystack/busymark/test/src/authored_html_diagnostics_test.dart: HTML location follows parsed source: ```html
08:32 +1662: /home/albert/busystack/busymark/test/src/authored_html_diagnostics_test.dart: HTML location follows parsed source: | Code | HTML |
08:32 +1663: /home/albert/busystack/busymark/test/src/authored_html_diagnostics_test.dart: HTML location follows parsed source: | One |
08:32 +1664: /home/albert/busystack/busymark/test/src/authored_html_diagnostics_test.dart: HTML location follows parsed source: `a  <script>alert(1)</script>`
08:32 +1665: /home/albert/busystack/busymark/test/src/authored_html_diagnostics_test.dart: unsafe Markdown URLs are located at the link, after literal examples
08:32 +1666: loading /home/albert/busystack/busymark/test/src/window_control_service_test.dart
08:33 +1666: /home/albert/busystack/busymark/test/src/window_control_service_test.dart: button and native close requests share one pending confirmation
08:33 +1667: /home/albert/busystack/busymark/test/src/window_control_service_test.dart: initializes prevent-close interception
08:33 +1668: /home/albert/busystack/busymark/test/src/window_control_service_test.dart: toggles full screen and tracks native window-state changes
08:33 +1669: /home/albert/busystack/busymark/test/src/window_control_service_test.dart: no dirty documents closes without dialog
08:33 +1670: /home/albert/busystack/busymark/test/src/window_control_service_test.dart: dirty documents with confirmation enabled show dialog
08:33 +1671: /home/albert/busystack/busymark/test/src/window_control_service_test.dart: dirty documents with confirmation disabled close directly
08:33 +1672: /home/albert/busystack/busymark/test/src/window_control_service_test.dart: discard closes after disabling prevent-close
08:33 +1673: /home/albert/busystack/busymark/test/src/window_control_service_test.dart: save closes only when saving succeeds
08:33 +1674: /home/albert/busystack/busymark/test/src/window_control_service_test.dart: save failure keeps the app open
08:33 +1675: loading /home/albert/busystack/busymark/test/src/wysiwyg_code_block_editing_test.dart
08:36 +1675: /home/albert/busystack/busymark/test/src/wysiwyg_code_block_editing_test.dart: terminal code block gets a non-serializing trailing paragraph
08:36 +1676: /home/albert/busystack/busymark/test/src/wysiwyg_code_block_editing_test.dart: Enter inserts a newline within one code block
08:36 +1677: /home/albert/busystack/busymark/test/src/wysiwyg_code_block_editing_test.dart: a code block created by editing also retains a trailing paragraph
08:36 +1678: /home/albert/busystack/busymark/test/src/wysiwyg_code_block_editing_test.dart: third terminal Enter exits code and removes the two empty lines
08:37 +1679: /home/albert/busystack/busymark/test/src/wysiwyg_code_block_editing_test.dart: exiting before existing content inserts a transient paragraph
08:37 +1680: /home/albert/busystack/busymark/test/src/wysiwyg_code_block_editing_test.dart: Enter in the trailing paragraph records an intentional blank
08:37 +1681: /home/albert/busystack/busymark/test/src/wysiwyg_code_block_editing_test.dart: code Enter stays in the multiline code field
08:39 +1682: /home/albert/busystack/busymark/test/src/wysiwyg_code_block_editing_test.dart: Ctrl+Enter exits into the trailing paragraph
08:39 +1683: /home/albert/busystack/busymark/test/src/wysiwyg_code_block_editing_test.dart: Arrow Down exits a terminal code block
08:39 +1684: loading /home/albert/busystack/busymark/test/src/document_format_indicator_test.dart
08:40 +1684: /home/albert/busystack/busymark/test/src/document_format_indicator_test.dart: shows only a compact line-ending label
08:40 +1685: /home/albert/busystack/busymark/test/src/document_format_indicator_test.dart: makes BOM visible and keeps final-newline detail compact
08:40 +1686: /home/albert/busystack/busymark/test/src/document_format_indicator_test.dart: uses a compact technical label for mixed line endings
08:40 +1687: loading /home/albert/busystack/busymark/test/src/spelling_editor_integration_test.dart
08:43 +1687: /home/albert/busystack/busymark/test/src/spelling_editor_integration_test.dart: ordinary WYSIWYG selection never suppresses spelling underlines
08:43 +1688: /home/albert/busystack/busymark/test/src/spelling_editor_integration_test.dart: source spelling correction is one exact transaction
08:45 +1689: /home/albert/busystack/busymark/test/src/spelling_editor_integration_test.dart: formatted rich correction preserves structure and publishes once
08:45 +1690: /home/albert/busystack/busymark/test/src/spelling_editor_integration_test.dart: rich image spelling preserves source and one undo step
08:46 +1691: /home/albert/busystack/busymark/test/src/spelling_editor_integration_test.dart: rich nested code and math spelling preserves source and undo
08:47 +1692: /home/albert/busystack/busymark/test/src/spelling_editor_integration_test.dart: rich nested address and math spelling preserves source and undo
08:47 +1693: /home/albert/busystack/busymark/test/src/spelling_editor_integration_test.dart: rich table image spelling preserves authored cell syntax
08:48 +1694: /home/albert/busystack/busymark/test/src/spelling_editor_integration_test.dart: delayed rich image preparation refuses a newer revision
08:48 +1695: /home/albert/busystack/busymark/test/src/spelling_editor_integration_test.dart: delayed math image preparation refuses a newer revision
08:48 +1696: /home/albert/busystack/busymark/test/src/spelling_editor_integration_test.dart: rich correction preserves entities and translates later anchors
08:48 +1697: /home/albert/busystack/busymark/test/src/spelling_editor_integration_test.dart: rich hard-break correction keeps later source anchor
08:48 +1698: /home/albert/busystack/busymark/test/src/spelling_editor_integration_test.dart: rich table correction preserves encoded cell source
08:49 +1699: /home/albert/busystack/busymark/test/src/spelling_editor_integration_test.dart: rich table-cell correction preserves link and publishes sessions once
08:49 +1700: /home/albert/busystack/busymark/test/src/spelling_editor_integration_test.dart: rich underline painter keeps confirmed helo visible at caret
08:49 +1701: /home/albert/busystack/busymark/test/src/spelling_editor_integration_test.dart: table cell underline uses the live cell composing range
08:49 +1702: loading /home/albert/busystack/busymark/test/src/generated_svg_normalizer_test.dart
08:50 +1702: /home/albert/busystack/busymark/test/src/generated_svg_normalizer_test.dart: inlines safe generated CSS into a vector-only SVG
08:50 +1703: /home/albert/busystack/busymark/test/src/generated_svg_normalizer_test.dart: keeps sanitized foreignObject only in the browser raster input
08:50 +1704: /home/albert/busystack/busymark/test/src/generated_svg_normalizer_test.dart: removes SVG and CSS animations
08:50 +1705: /home/albert/busystack/busymark/test/src/generated_svg_normalizer_test.dart: rejects remote, executable, and escaped CSS URLs
08:50 +1706: /home/albert/busystack/busymark/test/src/generated_svg_normalizer_test.dart: allows embedded D2-style fonts but rejects remote image attributes
08:50 +1707: /home/albert/busystack/busymark/test/src/generated_svg_normalizer_test.dart: requires rasterization for CSS the vector inliner cannot preserve
08:50 +1708: /home/albert/busystack/busymark/test/src/generated_svg_normalizer_test.dart: preserves safe browser-only inline CSS and rasterizes it
08:50 +1709: /home/albert/busystack/busymark/test/src/generated_svg_normalizer_test.dart: removes unsafe URLs from inline CSS
08:50 +1710: /home/albert/busystack/busymark/test/src/generated_svg_normalizer_test.dart: does not claim a vector result when CSS cascade resolution is needed
08:50 +1711: /home/albert/busystack/busymark/test/src/generated_svg_normalizer_test.dart: rejects declarations, excessive complexity, and invalid dimensions
08:50 +1712: /home/albert/busystack/busymark/test/src/generated_svg_normalizer_test.dart: applies the size limit to UTF-8 bytes
08:50 +1713: loading /home/albert/busystack/busymark/test/src/openapi_dependency_resolver_test.dart
08:52 +1713: /home/albert/busystack/busymark/test/src/openapi_dependency_resolver_test.dart: remote requests reject existing local references before reading dependencies
08:54 +1714: /home/albert/busystack/busymark/test/src/openapi_dependency_resolver_test.dart: resolves local files, hashes them, and terminates circular schemas
08:54 +1715: /home/albert/busystack/busymark/test/src/openapi_dependency_resolver_test.dart: keeps internal-only references independent of a saved path
08:54 +1716: /home/albert/busystack/busymark/test/src/openapi_dependency_resolver_test.dart: rejects remote, absolute, malformed, and unsupported references
08:54 +1717: /home/albert/busystack/busymark/test/src/openapi_dependency_resolver_test.dart: reports an unsaved document that contains a local reference
08:54 +1718: /home/albert/busystack/busymark/test/src/openapi_dependency_resolver_test.dart: converts traversal and symlink escapes into typed diagnostics
08:54 +1719: /home/albert/busystack/busymark/test/src/openapi_dependency_resolver_test.dart: enforces dependency count and byte limits
08:54 +1720: loading /home/albert/busystack/busymark/test/src/writerside_video_player_host_test.dart
08:55 +1720: /home/albert/busystack/busymark/test/src/writerside_video_player_host_test.dart: platform host sends reduced source and geometry over one channel
08:55 +1721: /home/albert/busystack/busymark/test/src/writerside_video_player_host_test.dart: Linux player keeps interactive media in a restricted WebKit host
08:58 +1722: loading /home/albert/busystack/busymark/test/src/export_options_test.dart
09:00 +1722: /home/albert/busystack/busymark/test/src/export_options_test.dart: defaults retain PDF geometry and independent HTML reading appearance
09:00 +1723: /home/albert/busystack/busymark/test/src/export_options_test.dart: every option persists and copies without losing unrelated fields
09:00 +1724: /home/albert/busystack/busymark/test/src/export_options_test.dart: absent and malformed persisted values fall back per field
09:00 +1725: /home/albert/busystack/busymark/test/src/export_options_test.dart: geometry resolves dimensions, orientation and four independent margins
09:00 +1726: /home/albert/busystack/busymark/test/src/export_options_test.dart: payload contains resolved geometry and every renderer option as data
09:00 +1727: loading /home/albert/busystack/busymark/test/src/nextcloud_workspace_test.dart
09:02 +1727: /home/albert/busystack/busymark/test/src/nextcloud_workspace_test.dart: an unsaved independently opened candidate blocks consolidation without orphaning its tab
09:05 +1728: /home/albert/busystack/busymark/test/src/nextcloud_workspace_test.dart: Save, Save All, autosave and shutdown durably retain offline notes
09:05 +1729: /home/albert/busystack/busymark/test/src/nextcloud_workspace_test.dart: immediate persistence cannot deadlock a remote save
09:06 +1730: /home/albert/busystack/busymark/test/src/nextcloud_workspace_test.dart: unsaved editor base survives refresh (in flight: false)
09:06 +1731: /home/albert/busystack/busymark/test/src/nextcloud_workspace_test.dart: unsaved editor base survives refresh (in flight: true)
09:06 +1732: /home/albert/busystack/busymark/test/src/nextcloud_workspace_test.dart: removed active note activates remaining tab (explicit: false)
09:06 +1733: /home/albert/busystack/busymark/test/src/nextcloud_workspace_test.dart: removed active note activates remaining tab (explicit: true)
09:06 +1734: /home/albert/busystack/busymark/test/src/nextcloud_workspace_test.dart: remote session restores content and pending sync from SQLite after restart
09:07 +1735: /home/albert/busystack/busymark/test/src/nextcloud_workspace_test.dart: remote Save As keeps account, buffer identity and pending operation
09:07 +1736: /home/albert/busystack/busymark/test/src/nextcloud_workspace_test.dart: closing the final remote tab leaves its Notes workspace and outbox
09:07 +1737: /home/albert/busystack/busymark/test/src/nextcloud_workspace_test.dart: remote history restore is a durable new local edit
09:07 +1738: /home/albert/busystack/busymark/test/src/nextcloud_workspace_test.dart: removing an open remote account clears its session
09:08 +1739: loading /home/albert/busystack/busymark/test/src/source_folding_test.dart
09:09 +1739: /home/albert/busystack/busymark/test/src/source_folding_test.dart: line starts map to the following source line
09:09 +1740: /home/albert/busystack/busymark/test/src/source_folding_test.dart: markdown folding detects sections lists quotes and code blocks
09:09 +1741: /home/albert/busystack/busymark/test/src/source_folding_test.dart: markdown folding keeps shorter fence runs inside dynamic fences
09:09 +1742: /home/albert/busystack/busymark/test/src/source_folding_test.dart: markdown structures inside fences do not create fold regions
09:09 +1743: /home/albert/busystack/busymark/test/src/source_folding_test.dart: xml folding ignores tags inside multiline comments and CDATA
09:09 +1744: /home/albert/busystack/busymark/test/src/source_folding_test.dart: xml folding ignores greater-than signs inside quoted attributes
09:09 +1745: /home/albert/busystack/busymark/test/src/source_folding_test.dart: xml folding scans opening tags across source lines
09:09 +1746: /home/albert/busystack/busymark/test/src/source_folding_test.dart: xml folding skips processing instructions and declarations
09:09 +1747: /home/albert/busystack/busymark/test/src/source_folding_test.dart: markdown folding does not join separate indented code blocks
09:09 +1748: /home/albert/busystack/busymark/test/src/source_folding_test.dart: collapsed gutter entries preserve source line numbers
09:09 +1749: /home/albert/busystack/busymark/test/src/source_folding_test.dart: collapsing one repeated markdown subsection keeps peer sections visible
09:09 +1750: /home/albert/busystack/busymark/test/src/source_folding_test.dart: xml folding detects simple multiline tag blocks
09:09 +1751: /home/albert/busystack/busymark/test/src/source_folding_test.dart: markdown folding detects nested headings task lists and blockquotes
09:09 +1752: /home/albert/busystack/busymark/test/src/source_folding_test.dart: xml folding handles nested same-name tags with a stack
09:09 +1753: /home/albert/busystack/busymark/test/src/source_folding_test.dart: malformed xml does not create unsafe fold ranges
09:09 +1754: /home/albert/busystack/busymark/test/src/source_folding_test.dart: line info supports CRLF endings
09:09 +1755: loading /home/albert/busystack/busymark/test/src/spelling_packaging_audit_test.dart
09:10 +1755: /home/albert/busystack/busymark/test/src/spelling_packaging_audit_test.dart: shipped spelling catalog is metadata-only and revision pinned
09:10 +1756: /home/albert/busystack/busymark/test/src/spelling_packaging_audit_test.dart: ordinary Linux release does not prepare all-language pairs
09:11 +1757: /home/albert/busystack/busymark/test/src/spelling_packaging_audit_test.dart: committed spelling checksum inventory matches exact shipped bytes
09:11 +1758: /home/albert/busystack/busymark/test/src/spelling_packaging_audit_test.dart: native spelling notices are explicit installed artifacts
09:11 +1759: /home/albert/busystack/busymark/test/src/spelling_packaging_audit_test.dart: strict Snap smoke performs and verifies a local revision transition
09:11 +1760: loading /home/albert/busystack/busymark/test/src/writerside_instance_service_test.dart
09:12 +1760: /home/albert/busystack/busymark/test/src/writerside_instance_service_test.dart: creates and registers an empty instance with build settings
09:13 +1761: /home/albert/busystack/busymark/test/src/writerside_instance_service_test.dart: creates a non-publishing TOC library instance
09:13 +1762: /home/albert/busystack/busymark/test/src/writerside_instance_service_test.dart: imports selected Markdown and its referenced local media
09:13 +1763: /home/albert/busystack/busymark/test/src/writerside_instance_service_test.dart: renames an instance and refactors documented project references
09:14 +1764: /home/albert/busystack/busymark/test/src/writerside_instance_service_test.dart: first topic added to an empty instance becomes its home page
09:14 +1765: /home/albert/busystack/busymark/test/src/writerside_instance_service_test.dart: invalid project XML blocks an instance ID refactor without changing files
09:14 +1766: /home/albert/busystack/busymark/test/src/writerside_instance_service_test.dart: concurrent config change prevents every instance publication
09:14 +1767: /home/albert/busystack/busymark/test/src/writerside_instance_service_test.dart: existing-instance Markdown topic import copies selected topics, media, and inserts root entries in order
09:14 +1768: /home/albert/busystack/busymark/test/src/writerside_instance_service_test.dart: existing-instance Markdown topic import inserts several siblings after the exact reference in list order
09:15 +1769: /home/albert/busystack/busymark/test/src/writerside_instance_service_test.dart: existing-instance Markdown topic import initializes only the first imported topic as the start page
09:15 +1770: /home/albert/busystack/busymark/test/src/writerside_instance_service_test.dart: existing-instance Markdown topic import rejects batch, existing-ID, target, and invalid-name conflicts
09:15 +1771: /home/albert/busystack/busymark/test/src/writerside_instance_service_test.dart: existing-instance Markdown topic import accepts a Unicode topic filename
09:15 +1772: /home/albert/busystack/busymark/test/src/writerside_instance_service_test.dart: existing-instance Markdown topic import rejects a stale reference identity without publishing files
09:15 +1773: /home/albert/busystack/busymark/test/src/writerside_instance_service_test.dart: existing-instance Markdown topic import discovered-but-unparsed topic basename blocks import
09:15 +1774: /home/albert/busystack/busymark/test/src/writerside_instance_service_test.dart: existing-instance Markdown topic import fails closed when semantic topic discovery is incomplete
09:15 +1775: /home/albert/busystack/busymark/test/src/writerside_instance_service_test.dart: existing-instance Markdown topic import revalidates IDs before publishing and leaves no partial import
09:15 +1776: /home/albert/busystack/busymark/test/src/writerside_instance_service_test.dart: existing-instance Markdown topic import allows an unrelated topic created before publication
09:15 +1777: /home/albert/busystack/busymark/test/src/writerside_instance_service_test.dart: new-instance import rejects existing and selected-batch topic IDs
09:15 +1778: /home/albert/busystack/busymark/test/src/writerside_instance_service_test.dart: new-instance import rejects an invalid topic filename
09:15 +1779: /home/albert/busystack/busymark/test/src/writerside_instance_service_test.dart: new-instance import fails closed on incomplete discovery
09:16 +1780: loading /home/albert/busystack/busymark/test/src/validation_consistency_test.dart
09:16 +1780: /home/albert/busystack/busymark/test/src/validation_consistency_test.dart: module load, topic validation, and config validation agree and clear fixes
09:17 +1781: /home/albert/busystack/busymark/test/src/validation_consistency_test.dart: editing a target refreshes diagnostics in the referencing topic
09:17 +1782: /home/albert/busystack/busymark/test/src/validation_consistency_test.dart: local variables, comments, interpolation controls and optional includes agree
09:17 +1783: /home/albert/busystack/busymark/test/src/validation_consistency_test.dart: interpolated includes agree across load, topic and config validation
09:18 +1784: /home/albert/busystack/busymark/test/src/validation_consistency_test.dart: local variable scope identity includes its declaring topic
09:20 +1785: /home/albert/busystack/busymark/test/src/validation_consistency_test.dart: cross-module includes refresh when their target changes
09:20 +1786: /home/albert/busystack/busymark/test/src/validation_consistency_test.dart: malformed glossary and keymap XML report the supporting file and clear after repair
09:20 +1787: /home/albert/busystack/busymark/test/src/validation_consistency_test.dart: Markdown validation preserves other files and scan warnings while clearing active errors
09:20 +1788: /home/albert/busystack/busymark/test/src/validation_consistency_test.dart: linked anchors use dirty buffers and canonical self-links, caching targets
09:20 +1789: /home/albert/busystack/busymark/test/src/validation_consistency_test.dart: large buffered targets parse asynchronously and missing saved targets use their buffers
09:21 +1790: /home/albert/busystack/busymark/test/src/validation_consistency_test.dart: front matter requires complete delimiter lines with LF and CRLF
09:21 +1791: /home/albert/busystack/busymark/test/src/validation_consistency_test.dart: HTML diagnostics exclude prose and literal code without relaxing rendering policy
09:21 +1792: /home/albert/busystack/busymark/test/src/validation_consistency_test.dart: location maps are reused within a parse and released between parses
09:21 +1793: loading /home/albert/busystack/busymark/test/src/nextcloud_login_flow_test.dart
09:22 +1793: /home/albert/busystack/busymark/test/src/nextcloud_login_flow_test.dart: Nextcloud installation URLs normalizes the root URL and preserves installation prefixes
09:22 +1794: /home/albert/busystack/busymark/test/src/nextcloud_login_flow_test.dart: Nextcloud installation URLs rejects malformed and unsafe installation URLs
09:22 +1795: /home/albert/busystack/busymark/test/src/nextcloud_login_flow_test.dart: Nextcloud installation URLs routes cannot reset a prefix or change origin
09:22 +1796: /home/albert/busystack/busymark/test/src/nextcloud_login_flow_test.dart: Login Flow v2 anonymous start, browser, pending poll and canonical exact success
09:22 +1797: /home/albert/busystack/busymark/test/src/nextcloud_login_flow_test.dart: Login Flow v2 production login rejects HTTP before network or browser
09:22 +1798: /home/albert/busystack/busymark/test/src/nextcloud_login_flow_test.dart: Login Flow v2 token expires at twenty minutes without extra poll
09:22 +1799: /home/albert/busystack/busymark/test/src/nextcloud_login_flow_test.dart: Login Flow v2 user can cancel while waiting without another poll
09:22 +1800: /home/albert/busystack/busymark/test/src/nextcloud_login_flow_test.dart: Login Flow v2 cancel racing a success revokes the returned app password
09:22 +1801: /home/albert/busystack/busymark/test/src/nextcloud_login_flow_test.dart: Login Flow v2 failed external browser launch does not begin polling
09:22 +1802: /home/albert/busystack/busymark/test/src/nextcloud_login_flow_test.dart: Login Flow v2 rejects malformed responses and unsafe returned flow endpoints
09:22 +1803: /home/albert/busystack/busymark/test/src/nextcloud_login_flow_test.dart: Login Flow v2 pending status is only 404; other status and redirects are errors
09:22 +1804: /home/albert/busystack/busymark/test/src/nextcloud_login_flow_test.dart: Login Flow v2 malformed credentials never become an account
09:22 +1805: /home/albert/busystack/busymark/test/src/nextcloud_login_flow_test.dart: Login Flow v2 network failures have sanitized diagnostics
09:22 +1806: loading /home/albert/busystack/busymark/test/src/writerside_collapsible_test.dart
09:23 +1806: /home/albert/busystack/busymark/test/src/writerside_collapsible_test.dart: Writerside Markdown collapsible chapter owns its section
09:23 +1807: /home/albert/busystack/busymark/test/src/writerside_collapsible_test.dart: ordinary Markdown keeps Writerside collapse syntax literal
09:23 +1808: /home/albert/busystack/busymark/test/src/writerside_collapsible_test.dart: ordinary Markdown does not assign semantic Writerside collapse
09:23 +1809: /home/albert/busystack/busymark/test/src/writerside_collapsible_test.dart: Writerside fenced code consumes its collapsible attribute line
09:23 +1810: /home/albert/busystack/busymark/test/src/writerside_collapsible_test.dart: edited collapsible blocks serialize valid Writerside attributes
09:23 +1811: /home/albert/busystack/busymark/test/src/writerside_collapsible_test.dart: ordinary fenced code does not consume a collapse attribute line
09:23 +1812: /home/albert/busystack/busymark/test/src/writerside_collapsible_test.dart: semantic collapsible elements become structured preview content
09:23 +1813: /home/albert/busystack/busymark/test/src/writerside_collapsible_test.dart: Writerside XML topic preview keeps collapsible content nested
09:24 +1814: /home/albert/busystack/busymark/test/src/writerside_collapsible_test.dart: shared collapse control honors default state and toggles
09:24 +1815: /home/albert/busystack/busymark/test/src/writerside_collapsible_test.dart: WYSIWYG collapses only Writerside chapter content
09:25 +1816: loading /home/albert/busystack/busymark/test/src/export_review_regression_test.dart
09:26 +1816: /home/albert/busystack/busymark/test/src/export_review_regression_test.dart: Writerside PDF retains percent-encoded non-ASCII footnote labels
09:28 +1817: /home/albert/busystack/busymark/test/src/export_review_regression_test.dart: included footnotes use separate document-occurrence namespaces
09:28 +1818: /home/albert/busystack/busymark/test/src/export_review_regression_test.dart: Writerside diagram and paragraph collisions retain each occurrence (XML=false)
09:28 +1819: /home/albert/busystack/busymark/test/src/export_review_regression_test.dart: Writerside diagram and paragraph collisions retain each occurrence (XML=true)
09:28 +1820: /home/albert/busystack/busymark/test/src/export_review_regression_test.dart: repeated includes receive distinct nested occurrence IDs
09:28 +1821: /home/albert/busystack/busymark/test/src/export_review_regression_test.dart: mapper cannot substitute a diagram for a colliding paragraph
09:28 +1822: /home/albert/busystack/busymark/test/src/export_review_regression_test.dart: Writerside rejects outside file URIs and symlinks while staging shared-module images
09:29 +1823: /home/albert/busystack/busymark/test/src/export_review_regression_test.dart: cross-instance navigation is not published (reference only=false)
09:29 +1824: /home/albert/busystack/busymark/test/src/export_review_regression_test.dart: cross-instance navigation is not published (reference only=true)
09:29 +1825: /home/albert/busystack/busymark/test/src/export_review_regression_test.dart: explicit raw anchor is reserved (first=true)
09:29 +1826: /home/albert/busystack/busymark/test/src/export_review_regression_test.dart: explicit inline anchor is reserved (first=true)
09:29 +1827: /home/albert/busystack/busymark/test/src/export_review_regression_test.dart: explicit raw anchor is reserved (first=false)
09:29 +1828: /home/albert/busystack/busymark/test/src/export_review_regression_test.dart: explicit inline anchor is reserved (first=false)
09:29 +1829: /home/albert/busystack/busymark/test/src/export_review_regression_test.dart: collapsible headings keep numbering and actual outline order
09:29 +1830: /home/albert/busystack/busymark/test/src/export_review_regression_test.dart: malformed encoded link becomes a source warning (false #%FF)
09:29 +1831: /home/albert/busystack/busymark/test/src/export_review_regression_test.dart: malformed encoded link becomes a source warning (false %FF.md)
09:29 +1832: /home/albert/busystack/busymark/test/src/export_review_regression_test.dart: malformed encoded link becomes a source warning (false file%FF.txt)
09:29 +1833: /home/albert/busystack/busymark/test/src/export_review_regression_test.dart: malformed encoded link becomes a source warning (true #%FF)
09:29 +1834: /home/albert/busystack/busymark/test/src/export_review_regression_test.dart: malformed encoded link becomes a source warning (true %FF.md)
09:29 +1835: /home/albert/busystack/busymark/test/src/export_review_regression_test.dart: malformed encoded link becomes a source warning (true file%FF.txt)
09:29 +1836: /home/albert/busystack/busymark/test/src/export_review_regression_test.dart: combined Writerside PDF keeps diagrams and scoped notes without reading an outside image
09:29 +1837: /home/albert/busystack/busymark/test/src/export_review_regression_test.dart: ordinary Markdown footnotes compile with retained definitions and repeated references
09:29 +1838: loading /home/albert/busystack/busymark/test/src/wysiwyg_selection_lifecycle_test.dart
09:30 +1838: /home/albert/busystack/busymark/test/src/wysiwyg_selection_lifecycle_test.dart: table-only committed newline and continued typing replace a table-ended selection
09:32 +1839: /home/albert/busystack/busymark/test/src/wysiwyg_selection_lifecycle_test.dart: leading table committed newline and continued typing replace a table-ended selection
09:33 +1840: /home/albert/busystack/busymark/test/src/wysiwyg_selection_lifecycle_test.dart: trailing table committed newline and continued typing replace a table-ended selection
09:35 +1841: /home/albert/busystack/busymark/test/src/wysiwyg_selection_lifecycle_test.dart: consecutive tables committed newline and continued typing replace a table-ended selection
09:36 +1842: /home/albert/busystack/busymark/test/src/wysiwyg_selection_lifecycle_test.dart: table-only reverse=false collapse Arrow Left control=false
09:36 +1843: /home/albert/busystack/busymark/test/src/wysiwyg_selection_lifecycle_test.dart: table-only reverse=false collapse Arrow Up control=false
09:37 +1844: /home/albert/busystack/busymark/test/src/wysiwyg_selection_lifecycle_test.dart: table-only reverse=false collapse Arrow Right control=false
09:37 +1845: /home/albert/busystack/busymark/test/src/wysiwyg_selection_lifecycle_test.dart: table-only reverse=false collapse Arrow Down control=false
09:37 +1846: /home/albert/busystack/busymark/test/src/wysiwyg_selection_lifecycle_test.dart: table-only reverse=false collapse Arrow Left control=true
09:38 +1847: /home/albert/busystack/busymark/test/src/wysiwyg_selection_lifecycle_test.dart: table-only reverse=false collapse Arrow Right control=true
09:38 +1848: /home/albert/busystack/busymark/test/src/wysiwyg_selection_lifecycle_test.dart: table-only reverse=false composing commit uses real input
09:38 +1849: /home/albert/busystack/busymark/test/src/wysiwyg_selection_lifecycle_test.dart: table-only reverse=false composing cancel uses real input
09:39 +1850: /home/albert/busystack/busymark/test/src/wysiwyg_selection_lifecycle_test.dart: table-only reverse=true collapse Arrow Left control=false
09:39 +1851: /home/albert/busystack/busymark/test/src/wysiwyg_selection_lifecycle_test.dart: table-only reverse=true collapse Arrow Up control=false
09:39 +1852: /home/albert/busystack/busymark/test/src/wysiwyg_selection_lifecycle_test.dart: table-only reverse=true collapse Arrow Right control=false
09:39 +1853: /home/albert/busystack/busymark/test/src/wysiwyg_selection_lifecycle_test.dart: table-only reverse=true collapse Arrow Down control=false
09:40 +1854: /home/albert/busystack/busymark/test/src/wysiwyg_selection_lifecycle_test.dart: table-only reverse=true collapse Arrow Left control=true
09:40 +1855: /home/albert/busystack/busymark/test/src/wysiwyg_selection_lifecycle_test.dart: table-only reverse=true collapse Arrow Right control=true
09:40 +1856: /home/albert/busystack/busymark/test/src/wysiwyg_selection_lifecycle_test.dart: table-only reverse=true composing commit uses real input
09:40 +1857: /home/albert/busystack/busymark/test/src/wysiwyg_selection_lifecycle_test.dart: table-only reverse=true composing cancel uses real input
09:41 +1858: /home/albert/busystack/busymark/test/src/wysiwyg_selection_lifecycle_test.dart: leading table reverse=false collapse Arrow Left control=false
09:41 +1859: /home/albert/busystack/busymark/test/src/wysiwyg_selection_lifecycle_test.dart: leading table reverse=false collapse Arrow Up control=false
09:41 +1860: /home/albert/busystack/busymark/test/src/wysiwyg_selection_lifecycle_test.dart: leading table reverse=false collapse Arrow Right control=false
09:42 +1861: /home/albert/busystack/busymark/test/src/wysiwyg_selection_lifecycle_test.dart: leading table reverse=false collapse Arrow Down control=false
09:42 +1862: /home/albert/busystack/busymark/test/src/wysiwyg_selection_lifecycle_test.dart: leading table reverse=false collapse Arrow Left control=true
09:42 +1863: /home/albert/busystack/busymark/test/src/wysiwyg_selection_lifecycle_test.dart: leading table reverse=false collapse Arrow Right control=true
09:42 +1864: /home/albert/busystack/busymark/test/src/wysiwyg_selection_lifecycle_test.dart: leading table reverse=true collapse Arrow Left control=false
09:43 +1865: /home/albert/busystack/busymark/test/src/wysiwyg_selection_lifecycle_test.dart: leading table reverse=true collapse Arrow Up control=false
09:43 +1866: /home/albert/busystack/busymark/test/src/wysiwyg_selection_lifecycle_test.dart: leading table reverse=true collapse Arrow Right control=false
09:43 +1867: /home/albert/busystack/busymark/test/src/wysiwyg_selection_lifecycle_test.dart: leading table reverse=true collapse Arrow Down control=false
09:43 +1868: /home/albert/busystack/busymark/test/src/wysiwyg_selection_lifecycle_test.dart: leading table reverse=true collapse Arrow Left control=true
09:43 +1869: /home/albert/busystack/busymark/test/src/wysiwyg_selection_lifecycle_test.dart: leading table reverse=true collapse Arrow Right control=true
09:44 +1870: /home/albert/busystack/busymark/test/src/wysiwyg_selection_lifecycle_test.dart: leading table reverse=true composing commit uses real input
09:44 +1871: /home/albert/busystack/busymark/test/src/wysiwyg_selection_lifecycle_test.dart: leading table reverse=true composing cancel uses real input
09:44 +1872: /home/albert/busystack/busymark/test/src/wysiwyg_selection_lifecycle_test.dart: trailing table reverse=false collapse Arrow Left control=false
09:45 +1873: /home/albert/busystack/busymark/test/src/wysiwyg_selection_lifecycle_test.dart: trailing table reverse=false collapse Arrow Up control=false
09:45 +1874: /home/albert/busystack/busymark/test/src/wysiwyg_selection_lifecycle_test.dart: trailing table reverse=false collapse Arrow Right control=false
09:45 +1875: /home/albert/busystack/busymark/test/src/wysiwyg_selection_lifecycle_test.dart: trailing table reverse=false collapse Arrow Down control=false
09:45 +1876: /home/albert/busystack/busymark/test/src/wysiwyg_selection_lifecycle_test.dart: trailing table reverse=false collapse Arrow Left control=true
09:45 +1877: /home/albert/busystack/busymark/test/src/wysiwyg_selection_lifecycle_test.dart: trailing table reverse=false collapse Arrow Right control=true
09:46 +1878: /home/albert/busystack/busymark/test/src/wysiwyg_selection_lifecycle_test.dart: trailing table reverse=false composing commit uses real input
09:46 +1879: /home/albert/busystack/busymark/test/src/wysiwyg_selection_lifecycle_test.dart: trailing table reverse=false composing cancel uses real input
09:46 +1880: /home/albert/busystack/busymark/test/src/wysiwyg_selection_lifecycle_test.dart: trailing table reverse=true collapse Arrow Left control=false
09:47 +1881: /home/albert/busystack/busymark/test/src/wysiwyg_selection_lifecycle_test.dart: trailing table reverse=true collapse Arrow Up control=false
09:47 +1882: /home/albert/busystack/busymark/test/src/wysiwyg_selection_lifecycle_test.dart: trailing table reverse=true collapse Arrow Right control=false
09:47 +1883: /home/albert/busystack/busymark/test/src/wysiwyg_selection_lifecycle_test.dart: trailing table reverse=true collapse Arrow Down control=false
09:47 +1884: /home/albert/busystack/busymark/test/src/wysiwyg_selection_lifecycle_test.dart: trailing table reverse=true collapse Arrow Left control=true
09:47 +1885: /home/albert/busystack/busymark/test/src/wysiwyg_selection_lifecycle_test.dart: trailing table reverse=true collapse Arrow Right control=true
09:48 +1886: /home/albert/busystack/busymark/test/src/wysiwyg_selection_lifecycle_test.dart: consecutive tables reverse=false collapse Arrow Left control=false
09:48 +1887: /home/albert/busystack/busymark/test/src/wysiwyg_selection_lifecycle_test.dart: consecutive tables reverse=false collapse Arrow Up control=false
09:48 +1888: /home/albert/busystack/busymark/test/src/wysiwyg_selection_lifecycle_test.dart: consecutive tables reverse=false collapse Arrow Right control=false
09:48 +1889: /home/albert/busystack/busymark/test/src/wysiwyg_selection_lifecycle_test.dart: consecutive tables reverse=false collapse Arrow Down control=false
09:49 +1890: /home/albert/busystack/busymark/test/src/wysiwyg_selection_lifecycle_test.dart: consecutive tables reverse=false collapse Arrow Left control=true
09:49 +1891: /home/albert/busystack/busymark/test/src/wysiwyg_selection_lifecycle_test.dart: consecutive tables reverse=false collapse Arrow Right control=true
09:49 +1892: /home/albert/busystack/busymark/test/src/wysiwyg_selection_lifecycle_test.dart: consecutive tables reverse=false composing commit uses real input
09:50 +1893: /home/albert/busystack/busymark/test/src/wysiwyg_selection_lifecycle_test.dart: consecutive tables reverse=false composing cancel uses real input
09:50 +1894: /home/albert/busystack/busymark/test/src/wysiwyg_selection_lifecycle_test.dart: consecutive tables reverse=true collapse Arrow Left control=false
09:50 +1895: /home/albert/busystack/busymark/test/src/wysiwyg_selection_lifecycle_test.dart: consecutive tables reverse=true collapse Arrow Up control=false
09:51 +1896: /home/albert/busystack/busymark/test/src/wysiwyg_selection_lifecycle_test.dart: consecutive tables reverse=true collapse Arrow Right control=false
09:51 +1897: /home/albert/busystack/busymark/test/src/wysiwyg_selection_lifecycle_test.dart: consecutive tables reverse=true collapse Arrow Down control=false
09:51 +1898: /home/albert/busystack/busymark/test/src/wysiwyg_selection_lifecycle_test.dart: consecutive tables reverse=true collapse Arrow Left control=true
09:51 +1899: /home/albert/busystack/busymark/test/src/wysiwyg_selection_lifecycle_test.dart: consecutive tables reverse=true collapse Arrow Right control=true
09:52 +1900: /home/albert/busystack/busymark/test/src/wysiwyg_selection_lifecycle_test.dart: consecutive tables reverse=true composing commit uses real input
09:52 +1901: /home/albert/busystack/busymark/test/src/wysiwyg_selection_lifecycle_test.dart: consecutive tables reverse=true composing cancel uses real input
09:52 +1902: /home/albert/busystack/busymark/test/src/wysiwyg_selection_lifecycle_test.dart: text control reverse=false collapse Arrow Left control=false
09:52 +1903: /home/albert/busystack/busymark/test/src/wysiwyg_selection_lifecycle_test.dart: text control reverse=false collapse Arrow Up control=false
09:53 +1904: /home/albert/busystack/busymark/test/src/wysiwyg_selection_lifecycle_test.dart: text control reverse=false collapse Arrow Right control=false
09:53 +1905: /home/albert/busystack/busymark/test/src/wysiwyg_selection_lifecycle_test.dart: text control reverse=false collapse Arrow Down control=false
09:53 +1906: /home/albert/busystack/busymark/test/src/wysiwyg_selection_lifecycle_test.dart: text control reverse=false collapse Arrow Left control=true
09:53 +1907: /home/albert/busystack/busymark/test/src/wysiwyg_selection_lifecycle_test.dart: text control reverse=false collapse Arrow Right control=true
09:53 +1908: /home/albert/busystack/busymark/test/src/wysiwyg_selection_lifecycle_test.dart: text control reverse=true collapse Arrow Left control=false
09:53 +1909: /home/albert/busystack/busymark/test/src/wysiwyg_selection_lifecycle_test.dart: text control reverse=true collapse Arrow Up control=false
09:53 +1910: /home/albert/busystack/busymark/test/src/wysiwyg_selection_lifecycle_test.dart: text control reverse=true collapse Arrow Right control=false
09:54 +1911: /home/albert/busystack/busymark/test/src/wysiwyg_selection_lifecycle_test.dart: text control reverse=true collapse Arrow Down control=false
09:54 +1912: /home/albert/busystack/busymark/test/src/wysiwyg_selection_lifecycle_test.dart: text control reverse=true collapse Arrow Left control=true
09:54 +1913: /home/albert/busystack/busymark/test/src/wysiwyg_selection_lifecycle_test.dart: text control reverse=true collapse Arrow Right control=true
09:54 +1914: /home/albert/busystack/busymark/test/src/wysiwyg_selection_lifecycle_test.dart: keyboard extension includes consecutive tables and returns to a selected table: (next: LogicalKeyboardKey#857a2(keyId: "0x100000303", keyLabel: "Arrow Right", debugName: "Arrow Right"), previous: LogicalKeyboardKey#860f3(keyId: "0x100000302", keyLabel: "Arrow Left", debugName: "Arrow Left"), word: false)
09:55 +1915: /home/albert/busystack/busymark/test/src/wysiwyg_selection_lifecycle_test.dart: keyboard extension includes consecutive tables and returns to a selected table: (next: LogicalKeyboardKey#857a2(keyId: "0x100000303", keyLabel: "Arrow Right", debugName: "Arrow Right"), previous: LogicalKeyboardKey#860f3(keyId: "0x100000302", keyLabel: "Arrow Left", debugName: "Arrow Left"), word: true)
09:55 +1916: /home/albert/busystack/busymark/test/src/wysiwyg_selection_lifecycle_test.dart: keyboard extension includes consecutive tables and returns to a selected table: (next: LogicalKeyboardKey#80d00(keyId: "0x100000301", keyLabel: "Arrow Down", debugName: "Arrow Down"), previous: LogicalKeyboardKey#88515(keyId: "0x100000304", keyLabel: "Arrow Up", debugName: "Arrow Up"), word: false)
09:55 +1917: /home/albert/busystack/busymark/test/src/wysiwyg_selection_lifecycle_test.dart: old table input client is rejected after selection
09:56 +1918: /home/albert/busystack/busymark/test/src/wysiwyg_selection_lifecycle_test.dart: old table input client is rejected after document
09:56 +1919: /home/albert/busystack/busymark/test/src/wysiwyg_selection_lifecycle_test.dart: old table input client is rejected after same document source
09:56 +1920: /home/albert/busystack/busymark/test/src/wysiwyg_selection_lifecycle_test.dart: old table input client is rejected after disposal
09:56 +1921: /home/albert/busystack/busymark/test/src/wysiwyg_selection_lifecycle_test.dart: empty table copy deletion undo externalHistory=false
09:57 +1922: /home/albert/busystack/busymark/test/src/wysiwyg_selection_lifecycle_test.dart: empty table copy deletion undo externalHistory=true
09:57 +1923: /home/albert/busystack/busymark/test/src/wysiwyg_selection_lifecycle_test.dart: clipboard history replaces selected table through document range
09:57 +1924: /home/albert/busystack/busymark/test/src/wysiwyg_selection_lifecycle_test.dart: partial paragraph to table to paragraph replacement preserves outside text and undo
09:57 +1925: /home/albert/busystack/busymark/test/src/wysiwyg_selection_lifecycle_test.dart: cell-local input cut paste and Tab remain local
09:58 +1926: /home/albert/busystack/busymark/test/src/wysiwyg_selection_lifecycle_test.dart: scrolling owned drag terminates safely by up (variant: TargetPlatform.linux)
09:58 +1927: /home/albert/busystack/busymark/test/src/wysiwyg_selection_lifecycle_test.dart: scrolling owned drag terminates safely by cancel (variant: TargetPlatform.linux)
09:59 +1928: /home/albert/busystack/busymark/test/src/wysiwyg_selection_lifecycle_test.dart: scrolling owned drag terminates safely by document (variant: TargetPlatform.linux)
10:01 +1929: /home/albert/busystack/busymark/test/src/wysiwyg_selection_lifecycle_test.dart: scrolling owned drag terminates safely by disposal (variant: TargetPlatform.linux)
10:02 +1930: /home/albert/busystack/busymark/test/src/wysiwyg_selection_lifecycle_test.dart: restored direct input paragraphs reverse=false lifecycle=recreate external=false
10:02 +1931: /home/albert/busystack/busymark/test/src/wysiwyg_selection_lifecycle_test.dart: restored direct input paragraphs reverse=false lifecycle=recreate external=true
10:03 +1932: /home/albert/busystack/busymark/test/src/wysiwyg_selection_lifecycle_test.dart: restored direct input paragraphs reverse=false lifecycle=reuse external=false
10:03 +1933: /home/albert/busystack/busymark/test/src/wysiwyg_selection_lifecycle_test.dart: restored direct input paragraphs reverse=false lifecycle=reuse external=true
10:04 +1934: /home/albert/busystack/busymark/test/src/wysiwyg_selection_lifecycle_test.dart: restored direct input paragraphs reverse=true lifecycle=recreate external=false
10:04 +1935: /home/albert/busystack/busymark/test/src/wysiwyg_selection_lifecycle_test.dart: restored direct input paragraphs reverse=true lifecycle=recreate external=true
10:04 +1936: /home/albert/busystack/busymark/test/src/wysiwyg_selection_lifecycle_test.dart: restored direct input paragraphs reverse=true lifecycle=reuse external=false
10:04 +1937: /home/albert/busystack/busymark/test/src/wysiwyg_selection_lifecycle_test.dart: restored direct input paragraphs reverse=true lifecycle=reuse external=true
10:05 +1938: /home/albert/busystack/busymark/test/src/wysiwyg_selection_lifecycle_test.dart: restored direct input mixed paragraph reverse=false lifecycle=recreate external=false
10:05 +1939: /home/albert/busystack/busymark/test/src/wysiwyg_selection_lifecycle_test.dart: restored direct input mixed paragraph reverse=false lifecycle=recreate external=true
10:06 +1940: /home/albert/busystack/busymark/test/src/wysiwyg_selection_lifecycle_test.dart: restored direct input mixed paragraph reverse=false lifecycle=reuse external=false
10:06 +1941: /home/albert/busystack/busymark/test/src/wysiwyg_selection_lifecycle_test.dart: restored direct input mixed paragraph reverse=false lifecycle=reuse external=true
10:06 +1942: /home/albert/busystack/busymark/test/src/wysiwyg_selection_lifecycle_test.dart: restored direct input mixed paragraph reverse=true lifecycle=recreate external=false
10:07 +1943: /home/albert/busystack/busymark/test/src/wysiwyg_selection_lifecycle_test.dart: restored direct input mixed paragraph reverse=true lifecycle=recreate external=true
10:10 +1944: /home/albert/busystack/busymark/test/src/wysiwyg_selection_lifecycle_test.dart: restored direct input mixed paragraph reverse=true lifecycle=reuse external=false
10:10 +1945: /home/albert/busystack/busymark/test/src/wysiwyg_selection_lifecycle_test.dart: restored direct input mixed paragraph reverse=true lifecycle=reuse external=true
10:11 +1946: /home/albert/busystack/busymark/test/src/wysiwyg_selection_lifecycle_test.dart: restored direct input list extent reverse=false lifecycle=recreate external=false
10:11 +1947: /home/albert/busystack/busymark/test/src/wysiwyg_selection_lifecycle_test.dart: restored direct input list extent reverse=false lifecycle=recreate external=true
10:11 +1948: /home/albert/busystack/busymark/test/src/wysiwyg_selection_lifecycle_test.dart: restored direct input list extent reverse=false lifecycle=reuse external=false
10:12 +1949: /home/albert/busystack/busymark/test/src/wysiwyg_selection_lifecycle_test.dart: restored direct input list extent reverse=false lifecycle=reuse external=true
10:13 +1950: /home/albert/busystack/busymark/test/src/wysiwyg_selection_lifecycle_test.dart: restored direct input list extent reverse=true lifecycle=recreate external=false
10:13 +1951: /home/albert/busystack/busymark/test/src/wysiwyg_selection_lifecycle_test.dart: restored direct input list extent reverse=true lifecycle=recreate external=true
10:14 +1952: /home/albert/busystack/busymark/test/src/wysiwyg_selection_lifecycle_test.dart: restored direct input list extent reverse=true lifecycle=reuse external=false
10:14 +1953: /home/albert/busystack/busymark/test/src/wysiwyg_selection_lifecycle_test.dart: restored direct input list extent reverse=true lifecycle=reuse external=true
10:14 +1954: /home/albert/busystack/busymark/test/src/wysiwyg_selection_lifecycle_test.dart: restored direct input table extent control reverse=false lifecycle=recreate external=false
10:14 +1955: /home/albert/busystack/busymark/test/src/wysiwyg_selection_lifecycle_test.dart: restored direct input table extent control reverse=false lifecycle=recreate external=true
10:15 +1956: /home/albert/busystack/busymark/test/src/wysiwyg_selection_lifecycle_test.dart: restored direct input table extent control reverse=false lifecycle=reuse external=false
10:15 +1957: /home/albert/busystack/busymark/test/src/wysiwyg_selection_lifecycle_test.dart: restored direct input table extent control reverse=false lifecycle=reuse external=true
10:15 +1958: /home/albert/busystack/busymark/test/src/wysiwyg_selection_lifecycle_test.dart: restored direct input table extent control reverse=true lifecycle=recreate external=false
10:16 +1959: /home/albert/busystack/busymark/test/src/wysiwyg_selection_lifecycle_test.dart: restored direct input table extent control reverse=true lifecycle=recreate external=true
10:16 +1960: /home/albert/busystack/busymark/test/src/wysiwyg_selection_lifecycle_test.dart: restored direct input table extent control reverse=true lifecycle=reuse external=false
10:16 +1961: /home/albert/busystack/busymark/test/src/wysiwyg_selection_lifecycle_test.dart: restored direct input table extent control reverse=true lifecycle=reuse external=true
10:17 +1962: /home/albert/busystack/busymark/test/src/wysiwyg_selection_lifecycle_test.dart: restored ordinary composition matches fresh mixed=false reverse=false cancel=false
10:17 +1963: /home/albert/busystack/busymark/test/src/wysiwyg_selection_lifecycle_test.dart: restored ordinary composition matches fresh mixed=false reverse=false cancel=true
10:17 +1964: /home/albert/busystack/busymark/test/src/wysiwyg_selection_lifecycle_test.dart: restored ordinary composition matches fresh mixed=false reverse=true cancel=false
10:21 +1965: /home/albert/busystack/busymark/test/src/wysiwyg_selection_lifecycle_test.dart: restored ordinary composition matches fresh mixed=false reverse=true cancel=true
10:21 +1966: /home/albert/busystack/busymark/test/src/wysiwyg_selection_lifecycle_test.dart: restored ordinary composition matches fresh mixed=true reverse=false cancel=false
10:22 +1967: /home/albert/busystack/busymark/test/src/wysiwyg_selection_lifecycle_test.dart: restored ordinary composition matches fresh mixed=true reverse=false cancel=true
10:26 +1968: /home/albert/busystack/busymark/test/src/wysiwyg_selection_lifecycle_test.dart: restored ordinary composition matches fresh mixed=true reverse=true cancel=false
10:26 +1969: /home/albert/busystack/busymark/test/src/wysiwyg_selection_lifecycle_test.dart: restored ordinary composition matches fresh mixed=true reverse=true cancel=true
10:27 +1970: /home/albert/busystack/busymark/test/src/wysiwyg_selection_lifecycle_test.dart: restored local paragraph accepts immediate Unicode input
10:27 +1971: /home/albert/busystack/busymark/test/src/wysiwyg_selection_lifecycle_test.dart: restored local cell accepts immediate Unicode input
10:27 +1972: /home/albert/busystack/busymark/test/src/wysiwyg_selection_lifecycle_test.dart: restored input focus is superseded by caret before handoff
10:27 +1973: /home/albert/busystack/busymark/test/src/wysiwyg_selection_lifecycle_test.dart: restored input focus is superseded by range before handoff
10:27 +1974: /home/albert/busystack/busymark/test/src/wysiwyg_selection_lifecycle_test.dart: restored input focus is superseded by document before handoff
10:28 +1975: /home/albert/busystack/busymark/test/src/wysiwyg_selection_lifecycle_test.dart: restored input focus is superseded by tab replacement before handoff
10:28 +1976: /home/albert/busystack/busymark/test/src/wysiwyg_selection_lifecycle_test.dart: restored input focus is superseded by disposal before handoff
10:28 +1977: /home/albert/busystack/busymark/test/src/wysiwyg_selection_lifecycle_test.dart: restored ordinary input retains a scrolled viewport
10:29 +1978: /home/albert/busystack/busymark/test/src/wysiwyg_selection_lifecycle_test.dart: restored ordinary input uses clamped session offsets
10:29 +1979: /home/albert/busystack/busymark/test/src/wysiwyg_selection_lifecycle_test.dart: table preedit owns Backspace until committed input
10:29 +1980: /home/albert/busystack/busymark/test/src/wysiwyg_selection_lifecycle_test.dart: table preedit owns Delete until committed input
10:29 +1981: /home/albert/busystack/busymark/test/src/wysiwyg_selection_lifecycle_test.dart: table preedit owns Enter until committed input
10:29 +1982: /home/albert/busystack/busymark/test/src/wysiwyg_selection_lifecycle_test.dart: table preedit owns Arrow Left until committed input
10:30 +1983: /home/albert/busystack/busymark/test/src/wysiwyg_selection_lifecycle_test.dart: table preedit owns Arrow Right until committed input
10:30 +1984: /home/albert/busystack/busymark/test/src/wysiwyg_selection_lifecycle_test.dart: table preedit owns Arrow Up until committed input
10:30 +1985: /home/albert/busystack/busymark/test/src/wysiwyg_selection_lifecycle_test.dart: table preedit owns Arrow Down until committed input
10:31 +1986: /home/albert/busystack/busymark/test/src/wysiwyg_selection_lifecycle_test.dart: table preedit owns Home until committed input
10:31 +1987: /home/albert/busystack/busymark/test/src/wysiwyg_selection_lifecycle_test.dart: table preedit owns End until committed input
10:31 +1988: /home/albert/busystack/busymark/test/src/wysiwyg_selection_lifecycle_test.dart: a new pointer gesture supersedes deferred table caret start=false
10:31 +1989: /home/albert/busystack/busymark/test/src/wysiwyg_selection_lifecycle_test.dart: a new pointer gesture supersedes deferred table caret start=true
10:32 +1990: /home/albert/busystack/busymark/test/src/wysiwyg_selection_lifecycle_test.dart: paragraph-ended drag up retains committed text input
10:32 +1991: /home/albert/busystack/busymark/test/src/wysiwyg_selection_lifecycle_test.dart: paragraph-ended drag cancel retains committed text input
10:33 +1992: /home/albert/busystack/busymark/test/src/wysiwyg_selection_lifecycle_test.dart: a table context menu cannot follow a changed document during clipboard preparation
10:33 +1993: /home/albert/busystack/busymark/test/src/wysiwyg_selection_lifecycle_test.dart: a table context menu cannot follow a changed document during open menu
10:34 +1994: /home/albert/busystack/busymark/test/src/wysiwyg_selection_lifecycle_test.dart: structured table fragment replaces selected table surrounded=false
10:35 +1995: /home/albert/busystack/busymark/test/src/wysiwyg_selection_lifecycle_test.dart: structured table fragment replaces selected table surrounded=true
10:36 +1996: /home/albert/busystack/busymark/test/src/wysiwyg_selection_lifecycle_test.dart: table-only reverse=false switching a reused editor captures outgoing document selection
10:36 +1997: /home/albert/busystack/busymark/test/src/wysiwyg_selection_lifecycle_test.dart: table-only reverse=true switching a reused editor captures outgoing document selection
10:36 +1998: /home/albert/busystack/busymark/test/src/wysiwyg_selection_lifecycle_test.dart: leading table reverse=false switching a reused editor captures outgoing document selection
10:37 +1999: /home/albert/busystack/busymark/test/src/wysiwyg_selection_lifecycle_test.dart: leading table reverse=true switching a reused editor captures outgoing document selection
10:37 +2000: /home/albert/busystack/busymark/test/src/wysiwyg_selection_lifecycle_test.dart: trailing table reverse=false switching a reused editor captures outgoing document selection
10:38 +2001: /home/albert/busystack/busymark/test/src/wysiwyg_selection_lifecycle_test.dart: trailing table reverse=true switching a reused editor captures outgoing document selection
10:38 +2002: /home/albert/busystack/busymark/test/src/wysiwyg_selection_lifecycle_test.dart: consecutive tables reverse=false switching a reused editor captures outgoing document selection
10:40 +2003: /home/albert/busystack/busymark/test/src/wysiwyg_selection_lifecycle_test.dart: consecutive tables reverse=true switching a reused editor captures outgoing document selection
10:40 +2004: /home/albert/busystack/busymark/test/src/wysiwyg_selection_lifecycle_test.dart: surrounded reverse=false switching a reused editor captures outgoing document selection
10:41 +2005: /home/albert/busystack/busymark/test/src/wysiwyg_selection_lifecycle_test.dart: surrounded reverse=true switching a reused editor captures outgoing document selection
10:41 +2006: /home/albert/busystack/busymark/test/src/wysiwyg_selection_lifecycle_test.dart: document context menu Cut edits only the selected table
10:42 +2007: /home/albert/busystack/busymark/test/src/wysiwyg_selection_lifecycle_test.dart: document context menu Paste edits only the selected table
10:42 +2008: /home/albert/busystack/busymark/test/src/wysiwyg_selection_lifecycle_test.dart: document context menu Paste as Plain Text edits only the selected table
10:43 +2009: /home/albert/busystack/busymark/test/src/wysiwyg_selection_lifecycle_test.dart: undo table deletion restores a real cell caret surrounded=false
10:43 +2010: /home/albert/busystack/busymark/test/src/wysiwyg_selection_lifecycle_test.dart: undo table deletion restores a real cell caret surrounded=true
10:43 +2011: /home/albert/busystack/busymark/test/src/wysiwyg_selection_lifecycle_test.dart: returning to an ordinary collapsed endpoint up restores real typing
10:44 +2012: /home/albert/busystack/busymark/test/src/wysiwyg_selection_lifecycle_test.dart: returning to an ordinary collapsed endpoint cancel restores real typing
10:44 +2013: /home/albert/busystack/busymark/test/src/wysiwyg_selection_lifecycle_test.dart: table-only real Select All survives workspace session JSON and editor recreation
10:44 +2014: /home/albert/busystack/busymark/test/src/wysiwyg_selection_lifecycle_test.dart: table-only real reverse drag survives workspace session JSON and editor recreation
10:45 +2015: /home/albert/busystack/busymark/test/src/wysiwyg_selection_lifecycle_test.dart: leading table real Select All survives workspace session JSON and editor recreation
10:45 +2016: /home/albert/busystack/busymark/test/src/wysiwyg_selection_lifecycle_test.dart: leading table real reverse drag survives workspace session JSON and editor recreation
10:45 +2017: /home/albert/busystack/busymark/test/src/wysiwyg_selection_lifecycle_test.dart: trailing table real Select All survives workspace session JSON and editor recreation
10:46 +2018: /home/albert/busystack/busymark/test/src/wysiwyg_selection_lifecycle_test.dart: trailing table real reverse drag survives workspace session JSON and editor recreation
10:46 +2019: /home/albert/busystack/busymark/test/src/wysiwyg_selection_lifecycle_test.dart: consecutive tables real Select All survives workspace session JSON and editor recreation
10:46 +2020: /home/albert/busystack/busymark/test/src/wysiwyg_selection_lifecycle_test.dart: consecutive tables real reverse drag survives workspace session JSON and editor recreation
10:47 +2021: /home/albert/busystack/busymark/test/src/wysiwyg_selection_lifecycle_test.dart: paragraph local reverse selection restores locally
10:47 +2022: /home/albert/busystack/busymark/test/src/wysiwyg_selection_lifecycle_test.dart: cell local reverse selection restores locally
10:47 +2023: /home/albert/busystack/busymark/test/src/wysiwyg_selection_lifecycle_test.dart: saved table target removed uses current-document fallback
10:47 +2024: /home/albert/busystack/busymark/test/src/wysiwyg_selection_lifecycle_test.dart: saved table target changed kind uses current-document fallback
10:48 +2025: /home/albert/busystack/busymark/test/src/wysiwyg_selection_lifecycle_test.dart: saved table target changed text uses current-document fallback
10:48 +2026: /home/albert/busystack/busymark/test/src/wysiwyg_selection_lifecycle_test.dart: unrelated move and cancel preserve owned block drag
10:48 +2027: /home/albert/busystack/busymark/test/src/wysiwyg_selection_lifecycle_test.dart: unrelated move and cancel preserve owned cell drag
10:48 +2028: /home/albert/busystack/busymark/test/src/wysiwyg_selection_lifecycle_test.dart: ordinary caret navigation preserves table traversal forward=false control=false
10:48 +2029: /home/albert/busystack/busymark/test/src/wysiwyg_selection_lifecycle_test.dart: ordinary caret navigation preserves table traversal forward=false control=true
10:49 +2030: /home/albert/busystack/busymark/test/src/wysiwyg_selection_lifecycle_test.dart: ordinary caret navigation preserves table traversal forward=true control=false
10:49 +2031: /home/albert/busystack/busymark/test/src/wysiwyg_selection_lifecycle_test.dart: ordinary caret navigation preserves table traversal forward=true control=true
10:49 +2032: /home/albert/busystack/busymark/test/src/wysiwyg_selection_lifecycle_test.dart: table drag: Delete replaces the selected structured block and undoes
10:50 +2033: /home/albert/busystack/busymark/test/src/wysiwyg_selection_lifecycle_test.dart: table drag: Backspace replaces the selected structured block and undoes
10:50 +2034: /home/albert/busystack/busymark/test/src/wysiwyg_selection_lifecycle_test.dart: table drag: Cut replaces the selected structured block and undoes
10:50 +2035: /home/albert/busystack/busymark/test/src/wysiwyg_selection_lifecycle_test.dart: table drag: Enter replaces the selected structured block and undoes
10:50 +2036: /home/albert/busystack/busymark/test/src/wysiwyg_selection_lifecycle_test.dart: table drag: plain paste replaces the selected structured block and undoes
10:51 +2037: /home/albert/busystack/busymark/test/src/wysiwyg_selection_lifecycle_test.dart: table drag: structured paste replaces the selected structured block and undoes
10:51 +2038: /home/albert/busystack/busymark/test/src/wysiwyg_selection_lifecycle_test.dart: table Select All: Delete replaces the selected structured block and undoes
10:51 +2039: /home/albert/busystack/busymark/test/src/wysiwyg_selection_lifecycle_test.dart: table Select All: Backspace replaces the selected structured block and undoes
10:51 +2040: /home/albert/busystack/busymark/test/src/wysiwyg_selection_lifecycle_test.dart: table Select All: Cut replaces the selected structured block and undoes
10:52 +2041: /home/albert/busystack/busymark/test/src/wysiwyg_selection_lifecycle_test.dart: table Select All: Enter replaces the selected structured block and undoes
10:52 +2042: /home/albert/busystack/busymark/test/src/wysiwyg_selection_lifecycle_test.dart: table Select All: plain paste replaces the selected structured block and undoes
10:52 +2043: /home/albert/busystack/busymark/test/src/wysiwyg_selection_lifecycle_test.dart: table Select All: structured paste replaces the selected structured block and undoes
10:52 +2044: /home/albert/busystack/busymark/test/src/wysiwyg_selection_lifecycle_test.dart: surrounded drag: Delete replaces the selected structured block and undoes
10:53 +2045: /home/albert/busystack/busymark/test/src/wysiwyg_selection_lifecycle_test.dart: surrounded drag: Backspace replaces the selected structured block and undoes
10:53 +2046: /home/albert/busystack/busymark/test/src/wysiwyg_selection_lifecycle_test.dart: surrounded drag: Cut replaces the selected structured block and undoes
10:53 +2047: /home/albert/busystack/busymark/test/src/wysiwyg_selection_lifecycle_test.dart: surrounded drag: Enter replaces the selected structured block and undoes
10:53 +2048: /home/albert/busystack/busymark/test/src/wysiwyg_selection_lifecycle_test.dart: surrounded drag: plain paste replaces the selected structured block and undoes
10:54 +2049: /home/albert/busystack/busymark/test/src/wysiwyg_selection_lifecycle_test.dart: surrounded drag: structured paste replaces the selected structured block and undoes
10:54 +2050: /home/albert/busystack/busymark/test/src/wysiwyg_selection_lifecycle_test.dart: table endpoint arrow collapse: true false LogicalKeyboardKey#860f3(keyId: "0x100000302", keyLabel: "Arrow Left", debugName: "Arrow Left")
10:54 +2051: /home/albert/busystack/busymark/test/src/wysiwyg_selection_lifecycle_test.dart: table endpoint arrow collapse: true false LogicalKeyboardKey#857a2(keyId: "0x100000303", keyLabel: "Arrow Right", debugName: "Arrow Right")
10:54 +2052: /home/albert/busystack/busymark/test/src/wysiwyg_selection_lifecycle_test.dart: table endpoint arrow collapse: true true LogicalKeyboardKey#860f3(keyId: "0x100000302", keyLabel: "Arrow Left", debugName: "Arrow Left")
10:54 +2053: /home/albert/busystack/busymark/test/src/wysiwyg_selection_lifecycle_test.dart: table endpoint arrow collapse: true true LogicalKeyboardKey#857a2(keyId: "0x100000303", keyLabel: "Arrow Right", debugName: "Arrow Right")
10:54 +2054: /home/albert/busystack/busymark/test/src/wysiwyg_selection_lifecycle_test.dart: table endpoint arrow collapse: false false LogicalKeyboardKey#860f3(keyId: "0x100000302", keyLabel: "Arrow Left", debugName: "Arrow Left")
10:55 +2055: /home/albert/busystack/busymark/test/src/wysiwyg_selection_lifecycle_test.dart: table endpoint arrow collapse: false false LogicalKeyboardKey#857a2(keyId: "0x100000303", keyLabel: "Arrow Right", debugName: "Arrow Right")
10:55 +2056: /home/albert/busystack/busymark/test/src/wysiwyg_selection_lifecycle_test.dart: table-ended selection accepts actual committed Unicode input once
10:55 +2057: /home/albert/busystack/busymark/test/src/wysiwyg_selection_lifecycle_test.dart: captured table selection restores highlighting copy and mutation
10:56 +2058: /home/albert/busystack/busymark/test/src/wysiwyg_selection_lifecycle_test.dart: cancel releases cross-block drag without changing its endpoint
10:56 +2059: /home/albert/busystack/busymark/test/src/wysiwyg_selection_lifecycle_test.dart: cancel releases cross-cell drag without changing its endpoint
10:56 +2060: /home/albert/busystack/busymark/test/src/wysiwyg_selection_lifecycle_test.dart: unrelated pointer cannot complete an owned document drag
10:56 +2061: /home/albert/busystack/busymark/test/src/wysiwyg_selection_lifecycle_test.dart: rejected protected document Delete cannot edit a local fallback
10:57 +2062: /home/albert/busystack/busymark/test/src/wysiwyg_selection_lifecycle_test.dart: rejected protected document Enter cannot edit a local fallback
10:57 +2063: /home/albert/busystack/busymark/test/src/wysiwyg_selection_lifecycle_test.dart: rejected protected document plain paste cannot edit a local fallback
10:57 +2064: /home/albert/busystack/busymark/test/src/wysiwyg_selection_lifecycle_test.dart: rejected protected document structured paste cannot edit a local fallback
10:57 +2065: /home/albert/busystack/busymark/test/src/wysiwyg_selection_lifecycle_test.dart: rejected protected document typing cannot edit a local fallback
10:57 +2066: /home/albert/busystack/busymark/test/src/wysiwyg_selection_lifecycle_test.dart: failed document deletion preserves redo history
10:58 +2067: /home/albert/busystack/busymark/test/src/wysiwyg_selection_lifecycle_test.dart: delayed table paste is safe after failure
10:58 +2068: /home/albert/busystack/busymark/test/src/wysiwyg_selection_lifecycle_test.dart: delayed table paste is safe after selection
10:58 +2069: /home/albert/busystack/busymark/test/src/wysiwyg_selection_lifecycle_test.dart: delayed table paste is safe after document
10:59 +2070: /home/albert/busystack/busymark/test/src/wysiwyg_selection_lifecycle_test.dart: delayed table paste is safe after disposal
10:59 +2071: /home/albert/busystack/busymark/test/src/wysiwyg_selection_lifecycle_test.dart: delayed table cut is safe after failure
11:10 +2072: /home/albert/busystack/busymark/test/src/wysiwyg_selection_lifecycle_test.dart: delayed table cut is safe after selection
11:11 +2073: /home/albert/busystack/busymark/test/src/wysiwyg_selection_lifecycle_test.dart: delayed table cut is safe after document
11:11 +2074: /home/albert/busystack/busymark/test/src/wysiwyg_selection_lifecycle_test.dart: delayed table cut is safe after disposal
11:11 +2075: loading /home/albert/busystack/busymark/test/src/busymark_toast_test.dart
11:14 +2075: /home/albert/busystack/busymark/test/src/busymark_toast_test.dart: toast works when hosted above the Navigator
11:15 +2076: /home/albert/busystack/busymark/test/src/busymark_toast_test.dart: toast appears at the bottom center and dismisses itself
11:18 +2077: /home/albert/busystack/busymark/test/src/busymark_toast_test.dart: toast action runs and dismisses the toast
11:18 +2078: /home/albert/busystack/busymark/test/src/busymark_toast_test.dart: toasts queue instead of covering each other
11:19 +2079: loading /home/albert/busystack/busymark/test/src/writerside_web_file_name_test.dart
11:20 +2079: /home/albert/busystack/busymark/test/src/writerside_web_file_name_test.dart: canonical Writerside web filenames normalizes runs, edges, case, and Unicode once
11:20 +2080: /home/albert/busystack/busymark/test/src/writerside_web_file_name_test.dart: canonical Writerside web filenames disabled preprocessing preserves established safe characters
11:20 +2081: /home/albert/busystack/busymark/test/src/writerside_web_file_name_test.dart: canonical Writerside web filenames resolves exact custom values per instance for Markdown and XML
11:20 +2082: /home/albert/busystack/busymark/test/src/writerside_web_file_name_test.dart: project instance URL diagnostics diagnoses default/default collision
11:21 +2083: /home/albert/busystack/busymark/test/src/writerside_web_file_name_test.dart: project instance URL diagnostics diagnoses default/custom collision
11:21 +2084: /home/albert/busystack/busymark/test/src/writerside_web_file_name_test.dart: project instance URL diagnostics diagnoses custom/custom collision
11:21 +2085: /home/albert/busystack/busymark/test/src/writerside_web_file_name_test.dart: project instance URL diagnostics allows the same output name in disjoint instances
11:21 +2086: /home/albert/busystack/busymark/test/src/writerside_web_file_name_test.dart: project instance URL diagnostics deduplicates repeated publication of one physical topic
11:21 +2087: /home/albert/busystack/busymark/test/src/writerside_web_file_name_test.dart: project instance URL diagnostics diagnoses a collision with an origin module topic
11:21 +2088: /home/albert/busystack/busymark/test/src/writerside_web_file_name_test.dart: project instance URL diagnostics resolves conditioned names independently in each instance
11:21 +2089: /home/albert/busystack/busymark/test/src/writerside_web_file_name_test.dart: project instance URL diagnostics diagnoses invalid custom filenames before export
11:22 +2090: loading /home/albert/busystack/busymark/test/src/pdf_title_page_test.dart
11:24 +2090: /home/albert/busystack/busymark/test/src/pdf_title_page_test.dart: cover preference defaults off, serializes and copies independently
11:27 +2091: /home/albert/busystack/busymark/test/src/pdf_title_page_test.dart: cover title and authors use the established metadata precedence
11:27 +2092: /home/albert/busystack/busymark/test/src/pdf_title_page_test.dart: snapshot metadata, display text, explicit clears and plain JSON remain independent
11:27 +2093: /home/albert/busystack/busymark/test/src/pdf_title_page_test.dart: instance title uses its display name and only known project metadata
11:27 +2094: loading /home/albert/busystack/busymark/test/src/path_utils_test.dart
11:28 +2094: /home/albert/busystack/busymark/test/src/path_utils_test.dart: maxTreeEntries cancels a wide directory listing at the limit
11:28 +2095: /home/albert/busystack/busymark/test/src/path_utils_test.dart: maxTreeEntries counts directories against the scan budget
11:28 +2096: /home/albert/busystack/busymark/test/src/path_utils_test.dart: directory listing failure marks traversal incomplete
11:28 +2097: /home/albert/busystack/busymark/test/src/path_utils_test.dart: display scan includes hidden and unsupported entries but not VCS data
11:31 +2098: loading /home/albert/busystack/busymark/test/src/git/git_log_parser_test.dart
11:35 +2098: /home/albert/busystack/busymark/test/src/git/git_log_parser_test.dart: parses multiple commits
11:35 +2099: /home/albert/busystack/busymark/test/src/git/git_log_parser_test.dart: parses merge commit with multiple parents
11:35 +2100: /home/albert/busystack/busymark/test/src/git/git_log_parser_test.dart: preserves author punctuation and separator-like subject text
11:35 +2101: /home/albert/busystack/busymark/test/src/git/git_log_parser_test.dart: parses empty history
11:35 +2102: loading /home/albert/busystack/busymark/test/src/git/git_status_parser_test.dart
11:36 +2102: /home/albert/busystack/busymark/test/src/git/git_status_parser_test.dart: parses clean repository status
11:36 +2103: /home/albert/busystack/busymark/test/src/git/git_status_parser_test.dart: parses modified tracked file
11:36 +2104: /home/albert/busystack/busymark/test/src/git/git_status_parser_test.dart: parses staged modification
11:36 +2105: /home/albert/busystack/busymark/test/src/git/git_status_parser_test.dart: parses unstaged modification
11:36 +2106: /home/albert/busystack/busymark/test/src/git/git_status_parser_test.dart: parses staged and unstaged same file
11:36 +2107: /home/albert/busystack/busymark/test/src/git/git_status_parser_test.dart: keeps staged addition and working-tree deletion separate
11:36 +2108: /home/albert/busystack/busymark/test/src/git/git_status_parser_test.dart: tracks rename state independently in each status column
11:36 +2109: /home/albert/busystack/busymark/test/src/git/git_status_parser_test.dart: parses untracked file
11:36 +2110: /home/albert/busystack/busymark/test/src/git/git_status_parser_test.dart: parses deleted file
11:36 +2111: /home/albert/busystack/busymark/test/src/git/git_status_parser_test.dart: parses renamed file
11:36 +2112: /home/albert/busystack/busymark/test/src/git/git_status_parser_test.dart: parses copied file
11:36 +2113: /home/albert/busystack/busymark/test/src/git/git_status_parser_test.dart: parses conflicted files
11:36 +2114: /home/albert/busystack/busymark/test/src/git/git_status_parser_test.dart: parses branch header and ahead behind counts
11:36 +2115: /home/albert/busystack/busymark/test/src/git/git_status_parser_test.dart: parses detached head header
11:36 +2116: /home/albert/busystack/busymark/test/src/git/git_status_parser_test.dart: preserves spaces, unicode, quotes, and newlines in filenames
11:39 +2117: loading /home/albert/busystack/busymark/test/src/git/git_cli_gateway_integration_test.dart
11:40 +2117: /home/albert/busystack/busymark/test/src/git/git_cli_gateway_integration_test.dart: process-backed Git gateway requires workspace trust
11:40 +2118: /home/albert/busystack/busymark/test/src/git/git_cli_gateway_integration_test.dart: configures a repository author identity without terminal setup
11:42 +2119: /home/albert/busystack/busymark/test/src/git/git_cli_gateway_integration_test.dart: runs core workflow in a temporary Git repository
11:43 +2120: /home/albert/busystack/busymark/test/src/git/git_cli_gateway_integration_test.dart: status lists every non-ignored hidden untracked file
11:43 +2121: /home/albert/busystack/busymark/test/src/git/git_cli_gateway_integration_test.dart: resets the current branch with each explicit Git reset mode
11:44 +2122: /home/albert/busystack/busymark/test/src/git/git_cli_gateway_integration_test.dart: refuses to reset while HEAD is detached
11:45 +2123: /home/albert/busystack/busymark/test/src/git/git_cli_gateway_integration_test.dart: keeps staged and unstaged comparisons separate
11:46 +2124: /home/albert/busystack/busymark/test/src/git/git_cli_gateway_integration_test.dart: staged rename diff and unstage preserve both paths
11:46 +2125: /home/albert/busystack/busymark/test/src/git/git_cli_gateway_integration_test.dart: rollback restores both sides of a staged rename to HEAD
11:47 +2126: /home/albert/busystack/busymark/test/src/git/git_cli_gateway_integration_test.dart: staged addition deleted from the working tree keeps separate diffs
11:47 +2127: /home/albert/busystack/busymark/test/src/git/git_cli_gateway_integration_test.dart: preserves complete deleted content and restores a deleted version
11:48 +2128: /home/albert/busystack/busymark/test/src/git/git_cli_gateway_integration_test.dart: failed historical blob read cannot delete the working file
11:49 +2129: /home/albert/busystack/busymark/test/src/git/git_cli_gateway_integration_test.dart: constructs complete text and binary comparisons for untracked files
11:49 +2130: /home/albert/busystack/busymark/test/src/git/git_cli_gateway_integration_test.dart: direct working-tree operations reject intermediate symlink escapes
11:49 +2131: /home/albert/busystack/busymark/test/src/git/git_cli_gateway_integration_test.dart: fetch updates remote-tracking status without changing files
11:50 +2132: /home/albert/busystack/busymark/test/src/git/git_cli_gateway_integration_test.dart: follows renames, compares complete versions, and restores one file
11:51 +2133: /home/albert/busystack/busymark/test/src/git/git_cli_gateway_integration_test.dart: compares a merge commit with its first parent
11:51 +2134: /home/albert/busystack/busymark/test/src/git/git_cli_gateway_integration_test.dart: switch treats an option-like branch name as an operand
11:52 +2135: /home/albert/busystack/busymark/test/src/git/git_cli_gateway_integration_test.dart: diff and commit details preserve C-quoted UTF-8 paths
11:53 +2136: /home/albert/busystack/busymark/test/src/git/git_cli_gateway_integration_test.dart: pushSetUpstream does not broaden an option-like branch to --all
11:53 +2137: /home/albert/busystack/busymark/test/src/git/git_cli_gateway_integration_test.dart: detects conflicted files in a temporary Git repository
11:53 +2138: /home/albert/busystack/busymark/test/src/git/git_cli_gateway_integration_test.dart: status does not run a repository-configured filesystem monitor
11:54 +2139: /home/albert/busystack/busymark/test/src/git/git_cli_gateway_integration_test.dart: diff APIs do not run a repository-configured textconv
11:54 +2140: /home/albert/busystack/busymark/test/src/git/git_cli_gateway_integration_test.dart: commit details do not run a repository-configured textconv
11:55 +2141: loading /home/albert/busystack/busymark/test/src/git/git_process_runner_test.dart
11:56 +2141: /home/albert/busystack/busymark/test/src/git/git_process_runner_test.dart: runner closes child stdin so commands waiting for EOF can finish
11:56 +2142: /home/albert/busystack/busymark/test/src/git/git_process_runner_test.dart: runner terminates commands that exceed the combined output limit
11:56 +2143: /home/albert/busystack/busymark/test/src/git/git_process_runner_test.dart: normal gateway commands always receive a finite timeout
11:57 +2144: /home/albert/busystack/busymark/test/src/git/git_process_runner_test.dart: gateway classifies a missing commit author identity
11:57 +2145: /home/albert/busystack/busymark/test/src/git/git_process_runner_test.dart: snap packages the Linux process-group launcher
11:57 +2146: /home/albert/busystack/busymark/test/src/git/git_process_runner_test.dart: snap Git uses bundled helpers, templates, and SSH
11:57 +2147: /home/albert/busystack/busymark/test/src/git/git_process_runner_test.dart: snap launcher never falls back to the confined host setsid
11:57 +2148: /home/albert/busystack/busymark/test/src/git/git_process_runner_test.dart: Git locator preserves process launcher failures
11:57 +2149: /home/albert/busystack/busymark/test/src/git/git_process_runner_test.dart: Git locator preserves a failed version probe result
11:57 +2150: /home/albert/busystack/busymark/test/src/git/git_process_runner_test.dart: Git locator reports not found for a genuinely missing command
11:57 +2151: /home/albert/busystack/busymark/test/src/git/git_process_runner_test.dart: runner terminates descendant processes when a command times out
11:59 +2152: /home/albert/busystack/busymark/test/src/git/git_process_runner_test.dart: timeout covers descendants that outlive the direct child and hold stdio
12:01 +2153: loading /home/albert/busystack/busymark/test/src/git/git_widget_test.dart
12:06 +2153: /home/albert/busystack/busymark/test/src/git/git_widget_test.dart: hunk range text hides raw unified diff markers
12:06 +2154: /home/albert/busystack/busymark/test/src/git/git_widget_test.dart: changes are grouped correctly
12:07 +2155: /home/albert/busystack/busymark/test/src/git/git_widget_test.dart: file checkboxes select files for commit
12:08 +2156: /home/albert/busystack/busymark/test/src/git/git_widget_test.dart: a path with staged and unstaged changes appears in both groups
12:08 +2157: /home/albert/busystack/busymark/test/src/git/git_widget_test.dart: AD path shows staged addition and unstaged deletion without open action
12:08 +2158: /home/albert/busystack/busymark/test/src/git/git_widget_test.dart: staged rename preserves both paths and workspace scope
12:09 +2159: /home/albert/busystack/busymark/test/src/git/git_widget_test.dart: rename paths follow the selected Git status column
12:09 +2160: /home/albert/busystack/busymark/test/src/git/git_widget_test.dart: commit panel reports staged count and unsaved editor state
12:09 +2161: /home/albert/busystack/busymark/test/src/git/git_widget_test.dart: commit message uses the grouped multiline form surface
12:09 +2162: /home/albert/busystack/busymark/test/src/git/git_widget_test.dart: AI commit draft is a secondary button immediately before Commit
12:09 +2163: /home/albert/busystack/busymark/test/src/git/git_widget_test.dart: AI commit draft replaces text, trims it, and moves the cursor
12:10 +2164: /home/albert/busystack/busymark/test/src/git/git_widget_test.dart: file history requires an active Markdown file
12:10 +2165: /home/albert/busystack/busymark/test/src/git/git_widget_test.dart: file action menu does not contain commit selection actions
12:10 +2166: /home/albert/busystack/busymark/test/src/git/git_widget_test.dart: untracked file menu uses an explicit delete action
12:10 +2167: /home/albert/busystack/busymark/test/src/git/git_widget_test.dart: unsupported untracked files remain stageable but cannot open
12:10 +2168: /home/albert/busystack/busymark/test/src/git/git_widget_test.dart: commit section colors files by Git status
12:10 +2169: /home/albert/busystack/busymark/test/src/git/git_widget_test.dart: changes view commit panel commits staged files with message
12:11 +2170: /home/albert/busystack/busymark/test/src/git/git_widget_test.dart: commit remains disabled without staged files
12:11 +2171: /home/albert/busystack/busymark/test/src/git/git_widget_test.dart: multiline commit message is retained and committed verbatim
12:11 +2172: /home/albert/busystack/busymark/test/src/git/git_widget_test.dart: failed commit preserves the commit message
12:11 +2173: /home/albert/busystack/busymark/test/src/git/git_widget_test.dart: committing disables actions and retains text until success
12:11 +2174: /home/albert/busystack/busymark/test/src/git/git_widget_test.dart: commit message clears when repository or workspace changes
12:11 +2175: /home/albert/busystack/busymark/test/src/git/git_widget_test.dart: conflict group is visible
12:11 +2176: /home/albert/busystack/busymark/test/src/git/git_widget_test.dart: Git unavailable empty state is shown
12:11 +2177: /home/albert/busystack/busymark/test/src/git/git_widget_test.dart: untrusted workspace shows repository trust prompt
12:11 +2178: /home/albert/busystack/busymark/test/src/git/git_widget_test.dart: commit view shows no repository sync strip when clean
12:11 +2179: /home/albert/busystack/busymark/test/src/git/git_widget_test.dart: commit view does not show branch dropdown
12:12 +2180: /home/albert/busystack/busymark/test/src/git/git_widget_test.dart: commit view does not describe branch sync state
12:12 +2181: /home/albert/busystack/busymark/test/src/git/git_widget_test.dart: file history keeps comparison controls out of the sidebar
12:12 +2182: /home/albert/busystack/busymark/test/src/git/git_widget_test.dart: project history file rows show selected file diff
12:12 +2183: /home/albert/busystack/busymark/test/src/git/git_widget_test.dart: project history reset requires an explicit reset mode
12:13 +2184: /home/albert/busystack/busymark/test/src/git/git_widget_test.dart: dirty editor banner appears in diff viewer
12:13 +2185: /home/albert/busystack/busymark/test/src/git/git_widget_test.dart: embedded diff hides duplicate file header but keeps open action
12:13 +2186: /home/albert/busystack/busymark/test/src/git/git_widget_test.dart: diff open action requires an explicit working-tree target
12:13 +2187: /home/albert/busystack/busymark/test/src/git/git_widget_test.dart: diff open action uses the explicit current path
12:13 +2188: /home/albert/busystack/busymark/test/src/git/git_widget_test.dart: embedded diff keeps rename paths visible
12:13 +2189: /home/albert/busystack/busymark/test/src/git/git_widget_test.dart: diff viewer renders patch rows with shared source view
12:13 +2190: /home/albert/busystack/busymark/test/src/git/git_widget_test.dart: embedded diff can hide hunk headers and file action
12:13 +2191: /home/albert/busystack/busymark/test/src/git/git_widget_test.dart: diff viewer source uses full file snapshot when available
12:13 +2192: /home/albert/busystack/busymark/test/src/git/git_widget_test.dart: deleted diff shows the complete removed file snapshot
12:13 +2193: /home/albert/busystack/busymark/test/src/git/git_widget_test.dart: diff viewer scrolls to the first source change on open
12:14 +2194: /home/albert/busystack/busymark/test/src/git/git_widget_test.dart: diff viewer source rows use configured editor font size
12:14 +2195: /home/albert/busystack/busymark/test/src/git/git_widget_test.dart: diff context lines show old and new number columns
12:14 +2196: /home/albert/busystack/busymark/test/src/git/git_widget_test.dart: diff line numbers use source gutter geometry
12:14 +2197: loading /home/albert/busystack/busymark/test/src/git/git_controller_test.dart
12:15 +2197: /home/albert/busystack/busymark/test/src/git/git_controller_test.dart: diff open target follows the current working-tree context
12:15 +2198: /home/albert/busystack/busymark/test/src/git/git_controller_test.dart: refreshes after workspace attach
12:15 +2199: /home/albert/busystack/busymark/test/src/git/git_controller_test.dart: does not expose repository Git for a single Markdown file
12:15 +2200: /home/albert/busystack/busymark/test/src/git/git_controller_test.dart: trust-required gateway does not inspect workspace before trust
12:15 +2201: /home/albert/busystack/busymark/test/src/git/git_controller_test.dart: clearing trust immediately revokes repository access
12:15 +2202: /home/albert/busystack/busymark/test/src/git/git_controller_test.dart: status failure after trust retains the detected repository
12:15 +2203: /home/albert/busystack/busymark/test/src/git/git_controller_test.dart: trust is scoped to the attached workspace
12:15 +2204: /home/albert/busystack/busymark/test/src/git/git_controller_test.dart: Git executes with the canonical path that was trusted
12:15 +2205: /home/albert/busystack/busymark/test/src/git/git_controller_test.dart: stage and unstage update state
12:15 +2206: /home/albert/busystack/busymark/test/src/git/git_controller_test.dart: loads only the selected change comparison and reconciles after stage
12:15 +2207: /home/albert/busystack/busymark/test/src/git/git_controller_test.dart: routes untracked selections to the untracked comparison
12:15 +2208: /home/albert/busystack/busymark/test/src/git/git_controller_test.dart: staged rename comparison preserves the original path
12:15 +2209: /home/albert/busystack/busymark/test/src/git/git_controller_test.dart: rollback forwards every validated rename path
12:15 +2210: /home/albert/busystack/busymark/test/src/git/git_controller_test.dart: reactivates an open change comparison tab
12:15 +2211: /home/albert/busystack/busymark/test/src/git/git_controller_test.dart: commit blocks empty message
12:15 +2212: /home/albert/busystack/busymark/test/src/git/git_controller_test.dart: commit blocks when no files are staged
12:15 +2213: /home/albert/busystack/busymark/test/src/git/git_controller_test.dart: configures author identity through the active repository
12:15 +2214: /home/albert/busystack/busymark/test/src/git/git_controller_test.dart: AI staged-diff fingerprint rejects obsolete commit context
12:15 +2215: /home/albert/busystack/busymark/test/src/git/git_controller_test.dart: branch switch requires clean BusyMark editor state
12:15 +2216: /home/albert/busystack/busymark/test/src/git/git_controller_test.dart: restore is blocked while the active editor has unsaved content
12:15 +2217: /home/albert/busystack/busymark/test/src/git/git_controller_test.dart: restore is blocked while the current file is staged
12:15 +2218: /home/albert/busystack/busymark/test/src/git/git_controller_test.dart: restore protects a repository-relative file against the repository root
12:15 +2219: /home/albert/busystack/busymark/test/src/git/git_controller_test.dart: project history reset uses the selected commit and mode
12:15 +2220: /home/albert/busystack/busymark/test/src/git/git_controller_test.dart: project history reset is blocked by unsaved editor content
12:15 +2221: /home/albert/busystack/busymark/test/src/git/git_controller_test.dart: fetch refreshes repository status
12:15 +2222: /home/albert/busystack/busymark/test/src/git/git_controller_test.dart: reports Git unavailable state
12:15 +2223: /home/albert/busystack/busymark/test/src/git/git_controller_test.dart: stores operation failure state
12:15 +2224: /home/albert/busystack/busymark/test/src/git/git_controller_test.dart: exposes conflict state
12:15 +2225: /home/albert/busystack/busymark/test/src/git/git_controller_test.dart: clears previous workspace Git state immediately on attach
12:15 +2226: /home/albert/busystack/busymark/test/src/git/git_controller_test.dart: ignores stale refresh results after workspace switch
12:15 +2227: /home/albert/busystack/busymark/test/src/git/git_controller_test.dart: cancels set-upstream push when the workspace changes during remote lookup
12:15 +2228: /home/albert/busystack/busymark/test/src/git/git_controller_test.dart: ignores stale history after a workspace switch
12:15 +2229: /home/albert/busystack/busymark/test/src/git/git_controller_test.dart: history tab reloads project history after workspace switch
12:15 +2230: /home/albert/busystack/busymark/test/src/git/git_controller_test.dart: current file history scopes selected commit details to the file
12:15 +2231: /home/albert/busystack/busymark/test/src/git/git_controller_test.dart: file history switches between commit and working-tree comparisons
12:15 +2232: /home/albert/busystack/busymark/test/src/git/git_controller_test.dart: project history loads selected commit details without a file scope
12:15 +2233: /home/albert/busystack/busymark/test/src/git/git_controller_test.dart: project commit details display the first changed file by default
12:15 +2234: /home/albert/busystack/busymark/test/src/git/git_controller_test.dart: selected commit file opens a project commit diff tab
12:15 +2235: /home/albert/busystack/busymark/test/src/git/git_controller_test.dart: closing a commit diff file tab activates the neighboring tab
12:15 +2236: /home/albert/busystack/busymark/test/src/git/git_controller_test.dart: deactivating a diff file keeps open diff tabs
12:15 +2237: /home/albert/busystack/busymark/test/src/git/git_controller_test.dart: file and project history paginate and retain separate selections
12:16 +2238: loading /home/albert/busystack/busymark/test/src/git/git_author_identity_dialog_test.dart
12:18 +2238: /home/albert/busystack/busymark/test/src/git/git_author_identity_dialog_test.dart: Enter submits Git identity and preserves global scope
12:19 +2239: /home/albert/busystack/busymark/test/src/git/git_author_identity_dialog_test.dart: failed commit saves identity and retries the same commit
12:20 +2240: loading /home/albert/busystack/busymark/test/src/git/git_diff_parser_test.dart
12:21 +2240: /home/albert/busystack/busymark/test/src/git/git_diff_parser_test.dart: parses added file
12:21 +2241: /home/albert/busystack/busymark/test/src/git/git_diff_parser_test.dart: parses deleted file
12:21 +2242: /home/albert/busystack/busymark/test/src/git/git_diff_parser_test.dart: parses modified file with line numbers
12:21 +2243: /home/albert/busystack/busymark/test/src/git/git_diff_parser_test.dart: parses renamed file
12:21 +2244: /home/albert/busystack/busymark/test/src/git/git_diff_parser_test.dart: decodes C-quoted UTF-8 paths emitted by Git
12:21 +2245: /home/albert/busystack/busymark/test/src/git/git_diff_parser_test.dart: decodes C-quoted rename metadata emitted by Git
12:21 +2246: /home/albert/busystack/busymark/test/src/git/git_diff_parser_test.dart: parses binary file marker
12:21 +2247: /home/albert/busystack/busymark/test/src/git/git_diff_parser_test.dart: parses multiple hunks
12:21 +2248: /home/albert/busystack/busymark/test/src/git/git_diff_parser_test.dart: keeps no newline marker as header line
12:21 +2249: /home/albert/busystack/busymark/test/src/git/git_diff_parser_test.dart: tolerates unknown diff header lines
12:21 +2250: loading /home/albert/busystack/busymark/test/src/markdown_pdf_export_test.dart
12:25 +2250: /home/albert/busystack/busymark/test/src/markdown_pdf_export_test.dart: PDF export failure dialog exposes actionable detail
12:26 +2251: /home/albert/busystack/busymark/test/src/markdown_pdf_export_test.dart: PDF export eligibility is limited to active regular Markdown
12:26 +2252: /home/albert/busystack/busymark/test/src/markdown_pdf_export_test.dart: workspace PDF export accepts a Writerside module instance
12:26 +2253: /home/albert/busystack/busymark/test/src/markdown_pdf_export_test.dart: atomic PDF publication never replaces without confirmation
12:28 +2254: /home/albert/busystack/busymark/test/src/markdown_pdf_export_test.dart: service rejects compiler output that is not a PDF
12:28 +2255: /home/albert/busystack/busymark/test/src/markdown_pdf_export_test.dart: compiler locator prefers the explicit development override
12:28 +2256: /home/albert/busystack/busymark/test/src/markdown_pdf_export_test.dart: compiler cancellation force-stops an unresponsive process
12:29 +2257: /home/albert/busystack/busymark/test/src/markdown_pdf_export_test.dart: asset staging accepts passive SVG and rejects external content
12:29 +2258: /home/albert/busystack/busymark/test/src/markdown_pdf_export_test.dart: Linux packaging pins and installs the bundled Typst compiler
12:29 +2259: loading /home/albert/busystack/busymark/test/src/source_search_test.dart
12:29 +2259: /home/albert/busystack/busymark/test/src/source_search_test.dart: regex uses Unicode code points and diagnoses zero-length matches
12:29 +2260: /home/albert/busystack/busymark/test/src/source_search_test.dart: workspace-style bounded matching stops after the sentinel match
12:29 +2261: /home/albert/busystack/busymark/test/src/source_search_test.dart: search worker terminates a running backtracking expression
12:29 +2262: /home/albert/busystack/busymark/test/src/source_search_test.dart: plain search finds case-insensitive matches by default
12:29 +2263: /home/albert/busystack/busymark/test/src/source_search_test.dart: case-sensitive and whole-word options constrain matches
12:29 +2264: /home/albert/busystack/busymark/test/src/source_search_test.dart: whole-word boundaries recognize Unicode letters and marks
12:29 +2265: /home/albert/busystack/busymark/test/src/source_search_test.dart: regex search and invalid regex are safe
12:29 +2266: /home/albert/busystack/busymark/test/src/source_search_test.dart: navigation tracks current index and wraps
12:29 +2267: /home/albert/busystack/busymark/test/src/source_search_test.dart: matches inside folded content are marked hidden and revealable
12:29 +2268: /home/albert/busystack/busymark/test/src/source_search_test.dart: workspace search groups authoring content by file
12:29 +2269: /home/albert/busystack/busymark/test/src/source_search_test.dart: source search worker cancels stale requests
12:29 +2270: /home/albert/busystack/busymark/test/src/source_search_test.dart: source search worker bounds transferred high-match results
12:29 +2271: loading /home/albert/busystack/busymark/test/src/source_commands_test.dart
12:32 +2271: /home/albert/busystack/busymark/test/src/source_commands_test.dart: tab inserts spaces
12:32 +2272: /home/albert/busystack/busymark/test/src/source_commands_test.dart: tab indents selected lines without replacing their text
12:32 +2273: /home/albert/busystack/busymark/test/src/source_commands_test.dart: indent and outdent selected lines
12:32 +2274: /home/albert/busystack/busymark/test/src/source_commands_test.dart: smart Enter continues unordered ordered task and blockquote lines
12:32 +2275: /home/albert/busystack/busymark/test/src/source_commands_test.dart: smart Enter exits empty list item
12:32 +2276: /home/albert/busystack/busymark/test/src/source_commands_test.dart: ordered list numbering restarts for nested source lines
12:32 +2277: /home/albert/busystack/busymark/test/src/source_commands_test.dart: ordered list numbering restarts beneath each source parent
12:32 +2278: /home/albert/busystack/busymark/test/src/source_commands_test.dart: inline commands toggle bold italic code and links
12:32 +2279: /home/albert/busystack/busymark/test/src/source_commands_test.dart: code fence and image insertion keep source-specific placeholders
12:32 +2280: /home/albert/busystack/busymark/test/src/source_commands_test.dart: block insertion accepts localized default content
12:32 +2281: loading /home/albert/busystack/busymark/test/src/source_highlighter_test.dart
12:35 +2281: /home/albert/busystack/busymark/test/src/source_highlighter_test.dart: source highlighting bounds high-match span composition
12:35 +2282: /home/albert/busystack/busymark/test/src/source_highlighter_test.dart: markdown source highlighter colors editor syntax
12:35 +2283: /home/albert/busystack/busymark/test/src/source_highlighter_test.dart: markdown source highlighter formats fenced code
12:35 +2284: /home/albert/busystack/busymark/test/src/source_highlighter_test.dart: markdown highlighter tracks dynamic fence delimiters
12:35 +2285: /home/albert/busystack/busymark/test/src/source_highlighter_test.dart: markdown highlighter does not open on indented code
12:35 +2286: /home/albert/busystack/busymark/test/src/source_highlighter_test.dart: xml source highlighter colors tags attributes and strings
12:35 +2287: /home/albert/busystack/busymark/test/src/source_highlighter_test.dart: plain source highlighter keeps normal editor text color
12:35 +2288: /home/albert/busystack/busymark/test/src/source_highlighter_test.dart: controller can keep editable text transparent for custom render
12:35 +2289: /home/albert/busystack/busymark/test/src/source_highlighter_test.dart: transparent editing layout matches rendered Markdown layout
12:35 +2290: /home/albert/busystack/busymark/test/src/source_highlighter_test.dart: folded regions project body lines out of editable text
12:35 +2291: /home/albert/busystack/busymark/test/src/source_highlighter_test.dart: rendered folded regions hide collapsed header text
12:35 +2292: /home/albert/busystack/busymark/test/src/source_highlighter_test.dart: folded regions collapse measured editor height
12:35 +2293: /home/albert/busystack/busymark/test/src/source_highlighter_test.dart: visual markdown editor keeps syntax markers visible while styling content
12:35 +2294: /home/albert/busystack/busymark/test/src/source_highlighter_test.dart: visual markdown tracks dynamic fence delimiters
12:35 +2295: /home/albert/busystack/busymark/test/src/source_highlighter_test.dart: markdown highlighter merges nested emphasis inside links
12:36 +2296: /home/albert/busystack/busymark/test/src/source_highlighter_test.dart: markdown highlighter keeps inline code inside list items
12:36 +2297: /home/albert/busystack/busymark/test/src/source_highlighter_test.dart: markdown highlighter merges bold and italic nesting
12:36 +2298: /home/albert/busystack/busymark/test/src/source_highlighter_test.dart: markdown highlighter merges links inside blockquotes
12:36 +2299: /home/albert/busystack/busymark/test/src/source_highlighter_test.dart: markdown highlighter keeps emphasis inside table cells
12:36 +2300: /home/albert/busystack/busymark/test/src/source_highlighter_test.dart: markdown highlighter recognizes math without damaging code
12:36 +2301: loading /home/albert/busystack/busymark/test/src/html_export_options_test.dart
12:37 +2301: /home/albert/busystack/busymark/test/src/html_export_options_test.dart: TOC and numbering use the semantic hierarchy and preserve anchor IDs
12:39 +2302: /home/albert/busystack/busymark/test/src/html_export_options_test.dart: HtmlExportTheme.light emits complete color variables, responsive width and metadata
12:39 +2303: /home/albert/busystack/busymark/test/src/html_export_options_test.dart: HtmlExportTheme.dark emits complete color variables, responsive width and metadata
12:39 +2304: /home/albert/busystack/busymark/test/src/html_export_options_test.dart: HtmlExportTheme.automatic emits complete color variables, responsive width and metadata
12:39 +2305: /home/albert/busystack/busymark/test/src/html_export_options_test.dart: custom CSS follows generated rules and is captured before processing
12:39 +2306: /home/albert/busystack/busymark/test/src/html_export_options_test.dart: LF CSS hashes the text seen by the HTML parser
12:39 +2307: /home/albert/busystack/busymark/test/src/html_export_options_test.dart: LF custom and built-in CSS apply in Chromium
12:44 +2308: /home/albert/busystack/busymark/test/src/html_export_options_test.dart: CRLF CSS hashes the text seen by the HTML parser
12:44 +2309: /home/albert/busystack/busymark/test/src/html_export_options_test.dart: CRLF custom and built-in CSS apply in Chromium
12:45 +2310: /home/albert/busystack/busymark/test/src/html_export_options_test.dart: CR CSS hashes the text seen by the HTML parser
12:45 +2311: /home/albert/busystack/busymark/test/src/html_export_options_test.dart: CR custom and built-in CSS apply in Chromium
12:46 +2312: /home/albert/busystack/busymark/test/src/html_export_options_test.dart: single-file attachments retain download names and reject source data URLs
12:46 +2313: /home/albert/busystack/busymark/test/src/html_export_options_test.dart: CSS rejects unsafe URLs, imports, HTML, unreadable and oversized files
12:46 +2314: /home/albert/busystack/busymark/test/src/html_export_options_test.dart: repeated embedded assets are bounded before publication and keep old output
12:46 +2315: /home/albert/busystack/busymark/test/src/html_export_options_test.dart: HtmlPackaging.singleFile packages validated assets without source paths or fetching
12:46 +2316: /home/albert/busystack/busymark/test/src/html_export_options_test.dart: HtmlPackaging.assetsDirectory packages validated assets without source paths or fetching
12:46 +2317: loading /home/albert/busystack/busymark/test/src/rtl_glyphs_test.dart
12:49 +2317: /home/albert/busystack/busymark/test/src/rtl_glyphs_test.dart: navigation glyphs resolve for both reading directions
12:49 +2318: /home/albert/busystack/busymark/test/src/rtl_glyphs_test.dart: editing glyphs resolve for both reading directions
12:49 +2319: /home/albert/busystack/busymark/test/src/rtl_glyphs_test.dart: Git branch glyph does not mirror with reading direction
12:49 +2320: /home/albert/busystack/busymark/test/src/rtl_glyphs_test.dart: Git action glyphs have native menu equivalents
12:49 +2321: /home/albert/busystack/busymark/test/src/rtl_glyphs_test.dart: Arabic and Persian font fallbacks are available in the snap
12:49 +2322: loading /home/albert/busystack/busymark/test/src/source_comparison_test.dart
12:49 +2322: /home/albert/busystack/busymark/test/src/source_comparison_test.dart: keeps separated edits as exact separate changes
12:49 +2323: /home/albert/busystack/busymark/test/src/source_comparison_test.dart: handles repeated lines without losing exact offsets
12:49 +2324: /home/albert/busystack/busymark/test/src/source_comparison_test.dart: refines Unicode intraline ranges on UTF-16 boundaries
12:49 +2325: /home/albert/busystack/busymark/test/src/source_comparison_test.dart: distinguishes whitespace, final newline, empty, and XML changes
12:49 +2326: /home/albert/busystack/busymark/test/src/source_comparison_test.dart: labels an unanchored expensive comparison as simplified
12:49 +2327: /home/albert/busystack/busymark/test/src/source_comparison_test.dart: version identity detects stale comparison inputs
12:49 +2328: loading /home/albert/busystack/busymark/test/src/writerside_project_test.dart
12:52 +2328: /home/albert/busystack/busymark/test/src/writerside_project_test.dart: discovers modules, indexes symbols, and resolves origin references
12:52 +2329: /home/albert/busystack/busymark/test/src/writerside_project_test.dart: discovers and loads a module under build
12:52 +2330: /home/albert/busystack/busymark/test/src/writerside_project_test.dart: discovers and loads a module under a hidden directory
12:52 +2331: /home/albert/busystack/busymark/test/src/writerside_project_test.dart: module discovery hard-excludes VCS metadata directories
12:52 +2332: /home/albert/busystack/busymark/test/src/writerside_project_test.dart: topic ownership is project-wide and prefers the nested module
12:52 +2333: /home/albert/busystack/busymark/test/src/writerside_project_test.dart: workspace promotes a parent directory to a multi-module project
12:53 +2334: /home/albert/busystack/busymark/test/src/writerside_project_test.dart: topic symbols cannot be renamed independently of their files
12:53 +2335: /home/albert/busystack/busymark/test/src/writerside_project_test.dart: workspace module and instance selection changes active context
12:53 +2336: /home/albert/busystack/busymark/test/src/writerside_project_test.dart: reparse overlays indexed symbols and preserves unrelated diagnostics
12:53 +2337: /home/albert/busystack/busymark/test/src/writerside_project_test.dart: reparse of variables updates completion and resolution without reopening
12:53 +2338: /home/albert/busystack/busymark/test/src/writerside_project_test.dart: reparse of an instance tree updates active project context
12:53 +2339: /home/albert/busystack/busymark/test/src/writerside_project_test.dart: BusyMark matches the official builder semantic snapshot for the fixture
12:53 +2340: /home/albert/busystack/busymark/test/src/writerside_project_test.dart: conformance fixture preserves source and resolves semantic content
12:53 +2341: loading /home/albert/busystack/busymark/test/src/math_renderer_test.dart
12:54 +2341: /home/albert/busystack/busymark/test/src/math_renderer_test.dart: renders multiple expressions in one batch and isolates failure
12:55 +2342: /home/albert/busystack/busymark/test/src/math_renderer_test.dart: coalesces a large page, caches successes, and rebases local IDs
12:56 +2343: /home/albert/busystack/busymark/test/src/math_renderer_test.dart: deduplicates identical formulas pending in the same batch
12:56 +2344: /home/albert/busystack/busymark/test/src/math_renderer_test.dart: discards an obsolete block revision
12:56 +2345: /home/albert/busystack/busymark/test/src/math_renderer_test.dart: cancels WebKit work after a sole request is superseded
12:56 +2346: /home/albert/busystack/busymark/test/src/math_renderer_test.dart: maps timeout and unavailable hosts to local math failures
12:56 +2347: /home/albert/busystack/busymark/test/src/math_renderer_test.dart: rejects oversized input before invoking WebKit
12:56 +2348: /home/albert/busystack/busymark/test/src/math_renderer_test.dart: extracts baseline style and preserves vector-safe MathJax SVG
12:56 +2349: /home/albert/busystack/busymark/test/src/math_renderer_test.dart: resolves currentColor without flattening explicit SVG colors
12:56 +2350: /home/albert/busystack/busymark/test/src/math_renderer_test.dart: rebases wide MathJax coordinates before secure normalization
12:56 +2351: loading /home/albert/busystack/busymark/test/src/markdown_visualization_export_test.dart
12:56 +2351: /home/albert/busystack/busymark/test/src/markdown_visualization_export_test.dart: stages vector/raster assets, maps OpenAPI, and preserves failed source
12:58 +2352: /home/albert/busystack/busymark/test/src/markdown_visualization_export_test.dart: enforces the export block count without failing the document
12:58 +2353: /home/albert/busystack/busymark/test/src/markdown_visualization_export_test.dart: loads a Writerside referenced diagram before PDF rendering
12:59 +2354: /home/albert/busystack/busymark/test/src/markdown_visualization_export_test.dart: static OpenAPI export contains selectable reference sections
12:59 +2355: /home/albert/busystack/busymark/test/src/markdown_visualization_export_test.dart: Typst exports generated vector/raster assets and falls back on failure
12:59 +2356: loading /home/albert/busystack/busymark/test/src/gtk_window_preferences_service_test.dart
12:59 +2356: /home/albert/busystack/busymark/test/src/gtk_window_preferences_service_test.dart: parses every GTK 3 decoration token in physical order
12:59 +2357: /home/albert/busystack/busymark/test/src/gtk_window_preferences_service_test.dart: ignores unknown controls and actions safely
12:59 +2358: /home/albert/busystack/busymark/test/src/gtk_window_preferences_service_test.dart: loads preferences and delegates the narrowly scoped lower action
12:59 +2359: /home/albert/busystack/busymark/test/src/gtk_window_preferences_service_test.dart: window preference values have stable equality
12:59 +2360: /home/albert/busystack/busymark/test/src/gtk_window_preferences_service_test.dart: null decoration layout uses the documented GTK 3 default
12:59 +2361: loading /home/albert/busystack/busymark/test/src/visualization_release_smoke_test.dart
13:02 +2361: /home/albert/busystack/busymark/test/src/visualization_release_smoke_test.dart: release smoke report path requires an explicit nonempty argument
13:02 +2362: loading /home/albert/busystack/busymark/test/src/spelling_release_smoke_test.dart
13:06 +2362: /home/albert/busystack/busymark/test/src/spelling_release_smoke_test.dart: spelling release smoke requires an explicit guarded report path
13:06 +2363: loading /home/albert/busystack/busymark/test/src/system_accent_test.dart
13:11 +2363: /home/albert/busystack/busymark/test/src/system_accent_test.dart: uses the native Yaru orange accent as the offline fallback
13:11 +2364: /home/albert/busystack/busymark/test/src/system_accent_test.dart: keeps exact RGB portal accent color values authoritative
13:11 +2365: /home/albert/busystack/busymark/test/src/system_accent_test.dart: maps Ubuntu accent names when RGB portal value is unavailable
13:11 +2366: /home/albert/busystack/busymark/test/src/system_accent_test.dart: falls back to RGB when the Ubuntu accent is unavailable
13:11 +2367: /home/albert/busystack/busymark/test/src/system_accent_test.dart: Yaru accent wins over a different generic portal RGB
13:11 +2368: /home/albert/busystack/busymark/test/src/system_accent_test.dart: a Yaru accent signal remains authoritative over generic RGB
13:11 +2369: /home/albert/busystack/busymark/test/src/system_accent_test.dart: an unavailable named accent releases the current generic RGB
13:11 +2370: /home/albert/busystack/busymark/test/src/system_accent_test.dart: portal subscribes before both reads and retains changes during reads
13:11 +2371: /home/albert/busystack/busymark/test/src/system_accent_test.dart: missing portal keys, malformed signals, cancellation and resubscription
13:11 +2372: /home/albert/busystack/busymark/test/src/system_accent_test.dart: generic portal initialization cannot overwrite a newer generic change
13:11 +2373: /home/albert/busystack/busymark/test/src/system_accent_test.dart: GTK wins with gtkFirst=true; unavailability selects current portal
13:11 +2374: /home/albert/busystack/busymark/test/src/system_accent_test.dart: GTK wins with gtkFirst=false; unavailability selects current portal
13:11 +2375: /home/albert/busystack/busymark/test/src/system_accent_test.dart: source errors remain independent and healthy native updates continue
13:11 +2376: /home/albert/busystack/busymark/test/src/system_accent_test.dart: startup changes supersede native snapshots, including unavailable changes
13:11 +2377: /home/albert/busystack/busymark/test/src/system_accent_test.dart: disposal completes pending startup and cancels each owned source once
13:11 +2378: /home/albert/busystack/busymark/test/src/system_accent_test.dart: valid GTK releases startup while portal reads stay pending
13:12 +2379: /home/albert/busystack/busymark/test/src/system_accent_test.dart: generic signal cannot resolve startup before pending named read
13:12 +2380: /home/albert/busystack/busymark/test/src/system_accent_test.dart: valid named portal releases startup without pending RGB
13:12 +2381: /home/albert/busystack/busymark/test/src/system_accent_test.dart: pending GTK blocks ready portal until GTK arrives before deadline
13:12 +2382: /home/albert/busystack/busymark/test/src/system_accent_test.dart: pending named releases retained RGB on unavailable
13:12 +2383: /home/albert/busystack/busymark/test/src/system_accent_test.dart: pending named releases retained RGB on failure
13:12 +2384: /home/albert/busystack/busymark/test/src/system_accent_test.dart: pending named releases retained RGB on deadline
13:12 +2385: /home/albert/busystack/busymark/test/src/system_accent_test.dart: all silent sources time out to orange and late sources recover
13:12 +2386: /home/albert/busystack/busymark/test/src/system_accent_test.dart: pending initialization disposal cancels timers and portal session once
13:12 +2387: loading /home/albert/busystack/busymark/test/src/pdf_front_matter_render_test.dart
13:12 +2387: /home/albert/busystack/busymark/test/src/pdf_front_matter_render_test.dart: Markdown: cover=false toc=false section order and native links
13:13 +2388: /home/albert/busystack/busymark/test/src/pdf_front_matter_render_test.dart: Markdown: cover=false toc=true section order and native links
13:14 +2389: /home/albert/busystack/busymark/test/src/pdf_front_matter_render_test.dart: Markdown: cover=true toc=false section order and native links
13:14 +2390: /home/albert/busystack/busymark/test/src/pdf_front_matter_render_test.dart: Markdown: cover=true toc=true section order and native links
13:14 +2391: /home/albert/busystack/busymark/test/src/pdf_front_matter_render_test.dart: Writerside: cover=false toc=false section order and native links
13:14 +2392: /home/albert/busystack/busymark/test/src/pdf_front_matter_render_test.dart: Writerside: cover=false toc=true section order and native links
13:14 +2393: /home/albert/busystack/busymark/test/src/pdf_front_matter_render_test.dart: Writerside: cover=true toc=false section order and native links
13:14 +2394: /home/albert/busystack/busymark/test/src/pdf_front_matter_render_test.dart: Writerside: cover=true toc=true section order and native links
13:15 +2395: /home/albert/busystack/busymark/test/src/pdf_front_matter_render_test.dart: multipage native outline ends before any body paragraphs; links and page references stay correct
13:15 +2396: /home/albert/busystack/busymark/test/src/pdf_front_matter_render_test.dart: cover suppresses running text, physical first=false numbers=bottomCenter
13:15 +2397: /home/albert/busystack/busymark/test/src/pdf_front_matter_render_test.dart: cover suppresses running text, physical first=false numbers=off
13:15 +2398: /home/albert/busystack/busymark/test/src/pdf_front_matter_render_test.dart: cover suppresses running text, physical first=true numbers=bottomCenter
13:16 +2399: /home/albert/busystack/busymark/test/src/pdf_front_matter_render_test.dart: cover suppresses running text, physical first=true numbers=off
13:16 +2400: /home/albert/busystack/busymark/test/src/pdf_front_matter_render_test.dart: cover wraps Unicode and multiline metadata within sansSerif portrait margins
13:16 +2401: /home/albert/busystack/busymark/test/src/pdf_front_matter_render_test.dart: cover wraps Unicode and multiline metadata within sansSerif landscape margins
13:16 +2402: /home/albert/busystack/busymark/test/src/pdf_front_matter_render_test.dart: cover wraps Unicode and multiline metadata within serif portrait margins
13:17 +2403: /home/albert/busystack/busymark/test/src/pdf_front_matter_render_test.dart: cover wraps Unicode and multiline metadata within serif landscape margins
13:17 +2404: /home/albert/busystack/busymark/test/src/pdf_front_matter_render_test.dart: request defaults come from source metadata and native outline title stays localized
13:17 +2405: /home/albert/busystack/busymark/test/src/pdf_front_matter_render_test.dart: an oversized cover fails clearly and leaves the existing PDF untouched
13:17 +2406: /home/albert/busystack/busymark/test/src/pdf_front_matter_render_test.dart: Chinese cover without spaces wraps onto two lines in sansSerif
13:17 +2407: /home/albert/busystack/busymark/test/src/pdf_front_matter_render_test.dart: Chinese cover without spaces wraps onto two lines in serif
13:20 +2408: /home/albert/busystack/busymark/test/src/pdf_front_matter_render_test.dart: CJK non-breaking sequence U+a0 fails without replacing the PDF
13:20 +2409: /home/albert/busystack/busymark/test/src/pdf_front_matter_render_test.dart: CJK non-breaking sequence U+2060 fails without replacing the PDF
13:21 +2410: /home/albert/busystack/busymark/test/src/pdf_front_matter_render_test.dart: unbroken title stays within A4 cover bounds or fails without replacing the PDF
13:21 +2411: /home/albert/busystack/busymark/test/src/pdf_front_matter_render_test.dart: unbroken subtitle stays within A4 cover bounds or fails without replacing the PDF
13:21 +2412: /home/albert/busystack/busymark/test/src/pdf_front_matter_render_test.dart: unbroken author stays within A4 cover bounds or fails without replacing the PDF
13:22 +2413: /home/albert/busystack/busymark/test/src/pdf_front_matter_render_test.dart: unbroken organization stays within A4 cover bounds or fails without replacing the PDF
13:22 +2414: /home/albert/busystack/busymark/test/src/pdf_front_matter_render_test.dart: unbroken version stays within A4 cover bounds or fails without replacing the PDF
13:23 +2415: /home/albert/busystack/busymark/test/src/pdf_front_matter_render_test.dart: unbroken date stays within A4 cover bounds or fails without replacing the PDF
13:24 +2416: /home/albert/busystack/busymark/test/src/pdf_front_matter_render_test.dart: unbroken title stays within narrow custom cover bounds or fails without replacing the PDF
13:24 +2417: /home/albert/busystack/busymark/test/src/pdf_front_matter_render_test.dart: unbroken subtitle stays within narrow custom cover bounds or fails without replacing the PDF
13:24 +2418: /home/albert/busystack/busymark/test/src/pdf_front_matter_render_test.dart: unbroken author stays within narrow custom cover bounds or fails without replacing the PDF
13:24 +2419: /home/albert/busystack/busymark/test/src/pdf_front_matter_render_test.dart: unbroken organization stays within narrow custom cover bounds or fails without replacing the PDF
13:24 +2420: /home/albert/busystack/busymark/test/src/pdf_front_matter_render_test.dart: unbroken version stays within narrow custom cover bounds or fails without replacing the PDF
13:24 +2421: /home/albert/busystack/busymark/test/src/pdf_front_matter_render_test.dart: unbroken date stays within narrow custom cover bounds or fails without replacing the PDF
13:24 +2422: loading /home/albert/busystack/busymark/test/src/spelling_workspace_test.dart
13:25 +2422: /home/albert/busystack/busymark/test/src/spelling_workspace_test.dart: workspace spelling UI has no obsolete floating or Material chooser
13:25 +2423: /home/albert/busystack/busymark/test/src/spelling_workspace_test.dart: Writerside nested TOC and comment retain rich spelling through correction
13:31 +2424: /home/albert/busystack/busymark/test/src/spelling_workspace_test.dart: rich image review preserves authored source through undo and redo
13:33 +2425: /home/albert/busystack/busymark/test/src/spelling_workspace_test.dart: rich review preserves nested code image beside math through undo and redo
13:36 +2426: /home/albert/busystack/busymark/test/src/spelling_workspace_test.dart: rich review preserves nested address image beside math through undo and redo
13:38 +2427: /home/albert/busystack/busymark/test/src/spelling_workspace_test.dart: Ctrl+N typing paints live spelling targets and corrects with undo
13:40 +2428: /home/albert/busystack/busymark/test/src/spelling_workspace_test.dart: confirmed spelling underline survives continued typing
13:41 +2429: /home/albert/busystack/busymark/test/src/spelling_workspace_test.dart: real rich review retains later visits after serialization: helo caf&#233;

wrld

13:43 +2430: /home/albert/busystack/busymark/test/src/spelling_workspace_test.dart: real rich review retains later visits after serialization: helo  
world

wrld

13:46 +2431: /home/albert/busystack/busymark/test/src/spelling_workspace_test.dart: real rich review retains later visits after serialization: | helo caf&#233; |
| --- |
| hello |

wrld

13:48 +2432: /home/albert/busystack/busymark/test/src/spelling_workspace_test.dart: missing dictionary uses one integrated banner in editor
13:49 +2433: /home/albert/busystack/busymark/test/src/spelling_workspace_test.dart: missing dictionary uses one integrated banner in split
13:49 +2434: /home/albert/busystack/busymark/test/src/spelling_workspace_test.dart: language-required state uses compact document status instead of a banner
13:51 +2435: /home/albert/busystack/busymark/test/src/spelling_workspace_test.dart: general Markdown fixture finishes automatic rich spelling
13:57 +2436: /home/albert/busystack/busymark/test/src/spelling_workspace_test.dart: pasted formatted job finishes automatic spelling in editor
13:58 +2437: /home/albert/busystack/busymark/test/src/spelling_workspace_test.dart: pasted formatted job finishes automatic spelling in source
13:59 +2438: /home/albert/busystack/busymark/test/src/spelling_workspace_test.dart: new rich document checks spelling after choosing its language
14:00 +2439: /home/albert/busystack/busymark/test/src/spelling_workspace_test.dart: new source document checks spelling after choosing its language
14:02 +2440: /home/albert/busystack/busymark/test/src/spelling_workspace_test.dart: uses one document status strip in editor mode
14:02 +2441: /home/albert/busystack/busymark/test/src/spelling_workspace_test.dart: uses one document status strip in source mode
14:03 +2442: /home/albert/busystack/busymark/test/src/spelling_workspace_test.dart: uses one document status strip in preview mode
14:04 +2443: /home/albert/busystack/busymark/test/src/spelling_workspace_test.dart: uses one document status strip in split mode
14:04 +2444: /home/albert/busystack/busymark/test/src/spelling_workspace_test.dart: spelling-off status remains an actionable language control
14:06 +2445: /home/albert/busystack/busymark/test/src/spelling_workspace_test.dart: status initializes the chooser when automatic spelling is off
14:07 +2446: /home/albert/busystack/busymark/test/src/spelling_workspace_test.dart: banner installs the required dictionary and then conceals
14:09 +2447: /home/albert/busystack/busymark/test/src/spelling_workspace_test.dart: failed banner installation keeps the unresolved state
14:10 +2448: /home/albert/busystack/busymark/test/src/spelling_workspace_test.dart: routine checking does not create persistent editor chrome
14:10 +2449: /home/albert/busystack/busymark/test/src/spelling_workspace_test.dart: automatic spelling failure is visible in the compact banner
14:11 +2450: /home/albert/busystack/busymark/test/src/spelling_workspace_test.dart: automatic incomplete projection is visible in the compact banner
14:11 +2451: /home/albert/busystack/busymark/test/src/spelling_workspace_test.dart: native spelling submenu applies immediate language choices
14:12 +2452: /home/albert/busystack/busymark/test/src/spelling_workspace_test.dart: cancelling document dictionary install preserves override
14:13 +2453: /home/albert/busystack/busymark/test/src/spelling_workspace_test.dart: document language changes only after dictionary installation
14:16 +2454: /home/albert/busystack/busymark/test/src/spelling_workspace_test.dart: failed document dictionary install preserves override
14:17 +2455: loading /home/albert/busystack/busymark/test/src/wysiwyg_clipboard_test.dart
14:18 +2455: /home/albert/busystack/busymark/test/src/wysiwyg_clipboard_test.dart: native fragment preserves formatting and structured blocks through JSON
14:18 +2456: /home/albert/busystack/busymark/test/src/wysiwyg_clipboard_test.dart: single rich paragraphs preserve list descendants through source
14:18 +2457: /home/albert/busystack/busymark/test/src/wysiwyg_clipboard_test.dart: fragment rejects invalid versions, ranges, kinds, and excessive nesting
14:18 +2458: /home/albert/busystack/busymark/test/src/wysiwyg_clipboard_test.dart: relative links are rebased for another document
14:18 +2459: /home/albert/busystack/busymark/test/src/wysiwyg_clipboard_test.dart: inline images retain their source media path between projects
14:18 +2460: /home/albert/busystack/busymark/test/src/wysiwyg_clipboard_test.dart: Writerside structure survives the fragment and insertion
14:18 +2461: /home/albert/busystack/busymark/test/src/wysiwyg_clipboard_test.dart: styled table-cell insertion preserves emphasis and table structure
14:18 +2462: /home/albert/busystack/busymark/test/src/wysiwyg_clipboard_test.dart: clipboard service serializes writes and reads the latest result
14:18 +2463: /home/albert/busystack/busymark/test/src/wysiwyg_clipboard_test.dart: clipboard HTML carries headings, emphasis, tasks, tables, and code
14:18 +2464: /home/albert/busystack/busymark/test/src/wysiwyg_clipboard_test.dart: external HTML blockquotes survive Editor serialization
14:18 +2465: /home/albert/busystack/busymark/test/src/wysiwyg_clipboard_test.dart: clipboard fragment serializes its selected structure as Markdown
14:18 +2466: /home/albert/busystack/busymark/test/src/wysiwyg_clipboard_test.dart: HTML normalization preserves supported CSS and checkbox state safely
14:18 +2467: /home/albert/busystack/busymark/test/src/wysiwyg_clipboard_test.dart: Editor clipboard text-only URL paste then ordinary Enter recognizes a live link (plainText=false)
14:20 +2468: /home/albert/busystack/busymark/test/src/wysiwyg_clipboard_test.dart: Editor clipboard text-only URL paste then ordinary Enter recognizes a live link (plainText=true)
14:20 +2469: /home/albert/busystack/busymark/test/src/wysiwyg_clipboard_test.dart: Editor clipboard text-only URL suffix < survives Enter, source reload and label edit
14:20 +2470: /home/albert/busystack/busymark/test/src/wysiwyg_clipboard_test.dart: Editor clipboard text-only URL suffix *< survives Enter, source reload and label edit
14:21 +2471: /home/albert/busystack/busymark/test/src/wysiwyg_clipboard_test.dart: Editor clipboard text-only URL suffix * survives Enter, source reload and label edit
14:21 +2472: /home/albert/busystack/busymark/test/src/wysiwyg_clipboard_test.dart: Editor clipboard text-only URL character-reference suffix survives Enter and reopening: &copy;
14:22 +2473: /home/albert/busystack/busymark/test/src/wysiwyg_clipboard_test.dart: Editor clipboard text-only URL character-reference suffix survives Enter and reopening: &amp;
14:22 +2474: /home/albert/busystack/busymark/test/src/wysiwyg_clipboard_test.dart: Editor clipboard text-only URL character-reference suffix survives Enter and reopening: &amp;*<tag>
14:22 +2475: /home/albert/busystack/busymark/test/src/wysiwyg_clipboard_test.dart: Editor clipboard formatting only a pasted URL suffix preserves the boundary (nested=false)
14:22 +2476: /home/albert/busystack/busymark/test/src/wysiwyg_clipboard_test.dart: Editor clipboard formatting only a pasted URL suffix preserves the boundary (nested=true)
14:23 +2477: /home/albert/busystack/busymark/test/src/wysiwyg_clipboard_test.dart: Editor clipboard pasted URL retains live link coverage through split, Backspace and suffix formatting
14:23 +2478: /home/albert/busystack/busymark/test/src/wysiwyg_clipboard_test.dart: Editor clipboard fresh Editor restores system clipboard formatting and undo
14:24 +2479: /home/albert/busystack/busymark/test/src/wysiwyg_clipboard_test.dart: Editor clipboard Editor pastes a web layout table as a complete document
14:24 +2480: /home/albert/busystack/busymark/test/src/wysiwyg_clipboard_test.dart: Editor clipboard complete heading list and code blocks retain structure at every paragraph position
14:25 +2481: /home/albert/busystack/busymark/test/src/wysiwyg_clipboard_test.dart: Editor clipboard complete blocks in list items preserve descendants and undo tree
14:26 +2482: /home/albert/busystack/busymark/test/src/wysiwyg_clipboard_test.dart: Editor clipboard single rich paragraph field replacement preserves every list subtree
14:27 +2483: /home/albert/busystack/busymark/test/src/wysiwyg_clipboard_test.dart: Editor clipboard history rich paste keeps the committed caret and typing position
14:27 +2484: /home/albert/busystack/busymark/test/src/wysiwyg_clipboard_test.dart: Editor clipboard rich paste in math fields uses source coordinates
14:27 +2485: /home/albert/busystack/busymark/test/src/wysiwyg_clipboard_test.dart: Editor clipboard math structural paste returns the committed block caret
14:28 +2486: /home/albert/busystack/busymark/test/src/wysiwyg_clipboard_test.dart: Editor clipboard math structural paste preserves list descendants through Undo and Redo
14:28 +2487: /home/albert/busystack/busymark/test/src/wysiwyg_clipboard_test.dart: Editor clipboard plain paste persists intentional whitespace through history
14:28 +2488: /home/albert/busystack/busymark/test/src/wysiwyg_clipboard_test.dart: Editor clipboard whole-document paste preserves whitespace and heading replacement scope
14:29 +2489: /home/albert/busystack/busymark/test/src/wysiwyg_clipboard_test.dart: Editor clipboard history rich paste restores table-cell focus and committed caret
14:29 +2490: /home/albert/busystack/busymark/test/src/wysiwyg_clipboard_test.dart: Editor clipboard history multi-paragraph paste focuses the committed last paragraph
14:29 +2491: /home/albert/busystack/busymark/test/src/wysiwyg_clipboard_test.dart: Editor clipboard copy all does not duplicate nested list children
14:29 +2492: /home/albert/busystack/busymark/test/src/wysiwyg_clipboard_test.dart: Editor clipboard whole-document copy preserves a structured blockquote
14:29 +2493: /home/albert/busystack/busymark/test/src/wysiwyg_clipboard_test.dart: Editor clipboard right-click opens the menu for a whole-document selection
14:30 +2494: /home/albert/busystack/busymark/test/src/wysiwyg_clipboard_test.dart: Editor clipboard image-only clipboard context menu offers only normal Paste
14:30 +2495: /home/albert/busystack/busymark/test/src/wysiwyg_clipboard_test.dart: Editor clipboard Copy Plain Text strips formatting in another Editor
14:30 +2496: /home/albert/busystack/busymark/test/src/wysiwyg_clipboard_test.dart: Editor clipboard document selection menu can copy plain text
14:30 +2497: /home/albert/busystack/busymark/test/src/wysiwyg_clipboard_test.dart: Editor clipboard partial inline copy keeps formatting inside another paragraph
14:30 +2498: /home/albert/busystack/busymark/test/src/wysiwyg_clipboard_test.dart: Editor clipboard cut transfers formatting before deleting the selection
14:31 +2499: /home/albert/busystack/busymark/test/src/wysiwyg_clipboard_test.dart: Editor clipboard malformed native fragment falls back to HTML
14:31 +2500: /home/albert/busystack/busymark/test/src/wysiwyg_clipboard_test.dart: Editor clipboard HTML-only clipboard imports into a fresh Editor
14:31 +2501: /home/albert/busystack/busymark/test/src/wysiwyg_clipboard_test.dart: Editor clipboard HTML clipboard plain paste inserts only its text
14:31 +2502: /home/albert/busystack/busymark/test/src/wysiwyg_clipboard_test.dart: Editor clipboard retained external HTML preserves structure on history paste
14:31 +2503: /home/albert/busystack/busymark/test/src/wysiwyg_clipboard_test.dart: Editor clipboard current HTML-only and malformed HTML use ordinary importer fallbacks
14:32 +2504: /home/albert/busystack/busymark/test/src/wysiwyg_clipboard_test.dart: Editor clipboard external image history retains the bytes ingested before its dialog
14:36 +2505: /home/albert/busystack/busymark/test/src/wysiwyg_clipboard_test.dart: Editor clipboard history panel path paste has one editor-owned retention write
14:40 +2506: /home/albert/busystack/busymark/test/src/wysiwyg_clipboard_test.dart: Editor clipboard copied local video can be pasted from history in Editor
14:40 +2507: /home/albert/busystack/busymark/test/src/wysiwyg_clipboard_test.dart: Editor clipboard image paste cancellation is terminal and cleans new assets
14:47 +2508: /home/albert/busystack/busymark/test/src/wysiwyg_clipboard_test.dart: Editor clipboard image picker alternatives stay provisional until acceptance
14:58 +2509: /home/albert/busystack/busymark/test/src/wysiwyg_clipboard_test.dart: Editor clipboard image finalization failure preserves the inserted reference and file
14:59 +2510: /home/albert/busystack/busymark/test/src/wysiwyg_clipboard_test.dart: Editor clipboard native and history image filesystem failures are handled outcomes
15:00 +2511: /home/albert/busystack/busymark/test/src/wysiwyg_clipboard_test.dart: Editor clipboard plain history paste replaces a document selection ending at a non-field block
15:00 +2512: /home/albert/busystack/busymark/test/src/wysiwyg_clipboard_test.dart: Editor clipboard image history follows table and multi-block destinations
15:03 +2513: /home/albert/busystack/busymark/test/src/wysiwyg_clipboard_test.dart: Editor clipboard Ctrl+Shift+V pastes only interoperable plain text
15:03 +2514: /home/albert/busystack/busymark/test/src/wysiwyg_clipboard_test.dart: Editor clipboard plain paste never probes or ingests an existing image path
15:03 +2515: /home/albert/busystack/busymark/test/src/wysiwyg_clipboard_test.dart: Editor clipboard failed clipboard write leaves cut selection intact
15:03 +2516: /home/albert/busystack/busymark/test/src/wysiwyg_clipboard_test.dart: Editor clipboard paste does not edit a destination changed during the read
15:03 +2517: /home/albert/busystack/busymark/test/src/wysiwyg_clipboard_test.dart: Editor clipboard Editor paste preserves composition before and during reads
15:03 +2518: /home/albert/busystack/busymark/test/src/wysiwyg_clipboard_test.dart: Editor clipboard table-cell paste shortcut is consumed during composition
15:03 +2519: /home/albert/busystack/busymark/test/src/wysiwyg_clipboard_test.dart: Editor clipboard composition starting during image ingestion invalidates and cleans paste
15:05 +2520: /home/albert/busystack/busymark/test/src/wysiwyg_clipboard_test.dart: Editor clipboard cut does not delete a selection changed during the write
15:05 +2521: /home/albert/busystack/busymark/test/src/wysiwyg_clipboard_test.dart: Editor clipboard paste is cancelled when the destination Editor is replaced
15:05 +2522: loading /home/albert/busystack/busymark/test/src/surface_palette_render_test.dart
15:06 +2522: /home/albert/busystack/busymark/test/src/surface_palette_render_test.dart: renders the reviewed light surface palette
15:06 +2523: /home/albert/busystack/busymark/test/src/surface_palette_render_test.dart: renders the reviewed dark surface palette
15:07 +2524: loading /home/albert/busystack/busymark/test/src/writerside_title_regressions_test.dart
15:09 +2524: /home/albert/busystack/busymark/test/src/writerside_title_regressions_test.dart: title edit preserves the resolved topic owner across modules
15:11 +2525: /home/albert/busystack/busymark/test/src/writerside_title_regressions_test.dart: multiline quoted titles change and clear safely (1, ")
15:11 +2526: /home/albert/busystack/busymark/test/src/writerside_title_regressions_test.dart: clearing a multiline TOC override removes the existing attribute (1, ")
15:12 +2527: /home/albert/busystack/busymark/test/src/writerside_title_regressions_test.dart: multiline quoted titles change and clear safely (1, ')
15:12 +2528: /home/albert/busystack/busymark/test/src/writerside_title_regressions_test.dart: clearing a multiline TOC override removes the existing attribute (1, ')
15:12 +2529: /home/albert/busystack/busymark/test/src/writerside_title_regressions_test.dart: multiline quoted titles change and clear safely (2, ")
15:12 +2530: /home/albert/busystack/busymark/test/src/writerside_title_regressions_test.dart: clearing a multiline TOC override removes the existing attribute (2, ")
15:12 +2531: /home/albert/busystack/busymark/test/src/writerside_title_regressions_test.dart: multiline quoted titles change and clear safely (2, ')
15:12 +2532: /home/albert/busystack/busymark/test/src/writerside_title_regressions_test.dart: clearing a multiline TOC override removes the existing attribute (2, ')
15:13 +2533: /home/albert/busystack/busymark/test/src/writerside_title_regressions_test.dart: normalized title identity still rejects changed content and raw matching stays exact
15:13 +2534: /home/albert/busystack/busymark/test/src/writerside_title_regressions_test.dart: title transaction rejects missing attribute ranges before publication
15:13 +2535: /home/albert/busystack/busymark/test/src/writerside_title_regressions_test.dart: title transaction rejects corrupt attribute ranges before publication
15:13 +2536: /home/albert/busystack/busymark/test/src/writerside_title_regressions_test.dart: title publication rejects duplicate attributes in resulting XML
15:13 +2537: /home/albert/busystack/busymark/test/src/writerside_title_regressions_test.dart: semantic Markdown instance titles ignore fenced examples and decode once (")
15:13 +2538: /home/albert/busystack/busymark/test/src/writerside_title_regressions_test.dart: semantic Markdown instance titles ignore fenced examples and decode once (')
15:13 +2539: /home/albert/busystack/busymark/test/src/writerside_title_regressions_test.dart: instance title save, reopen, unchanged OK, and edit keep one escaping layer
15:14 +2540: /home/albert/busystack/busymark/test/src/writerside_title_regressions_test.dart: single-quoted Markdown override reopens decoded and edits without touching example
15:15 +2541: loading /home/albert/busystack/busymark/test/src/linux_accent_provider_test.dart
15:15 +2541: /home/albert/busystack/busymark/test/src/linux_accent_provider_test.dart: production provider consumes an older GTK accent without portals
15:16 +2542: /home/albert/busystack/busymark/test/src/linux_accent_provider_test.dart: non-Linux never creates platform listeners
15:16 +2543: /home/albert/busystack/busymark/test/src/linux_accent_provider_test.dart: missing native snapshot uses portal, then native events regain priority
15:16 +2544: /home/albert/busystack/busymark/test/src/linux_accent_provider_test.dart: first application frame and live light/dark themes: GTK with silent portals
15:16 +2545: /home/albert/busystack/busymark/test/src/linux_accent_provider_test.dart: first application frame and live light/dark themes: named with silent RGB
15:16 +2546: /home/albert/busystack/busymark/test/src/linux_accent_provider_test.dart: first application frame and live light/dark themes: pending GTK before deadline
15:17 +2547: /home/albert/busystack/busymark/test/src/linux_accent_provider_test.dart: first application frame and live light/dark themes: pending GTK at deadline
15:17 +2548: /home/albert/busystack/busymark/test/src/linux_accent_provider_test.dart: first application frame and live light/dark themes: pending named becomes valid
15:17 +2549: /home/albert/busystack/busymark/test/src/linux_accent_provider_test.dart: first application frame and live light/dark themes: pending named becomes unavailable
15:17 +2550: /home/albert/busystack/busymark/test/src/linux_accent_provider_test.dart: first application frame and live light/dark themes: pending named at deadline
15:17 +2551: /home/albert/busystack/busymark/test/src/linux_accent_provider_test.dart: first application frame and live light/dark themes: all silent at deadline
15:17 +2552: /home/albert/busystack/busymark/test/src/linux_accent_provider_test.dart: application scope teardown cancels unresolved startup deadlines
15:17 +2553: loading /home/albert/busystack/busymark/test/src/markdown_parser_test.dart
15:22 +2553: /home/albert/busystack/busymark/test/src/markdown_parser_test.dart: inline source mapping uses parsed formatting boundaries
15:22 +2554: /home/albert/busystack/busymark/test/src/markdown_parser_test.dart: inline source mapping locates partially consumed delimiter runs
15:22 +2555: /home/albert/busystack/busymark/test/src/markdown_parser_test.dart: inline source mapping retains escaped collapsed references
15:22 +2556: /home/albert/busystack/busymark/test/src/markdown_parser_test.dart: inline source mapping keeps original autolink semantics
15:22 +2557: /home/albert/busystack/busymark/test/src/markdown_parser_test.dart: inline source mapping preserves supported autolink variants
15:22 +2558: /home/albert/busystack/busymark/test/src/markdown_parser_test.dart: inline source mapping uses parser case folding for references
15:22 +2559: /home/albert/busystack/busymark/test/src/markdown_parser_test.dart: ordinary reference parsing retains pinned sharp-S folding behavior
15:22 +2560: /home/albert/busystack/busymark/test/src/markdown_parser_test.dart: invalid email-like text cannot orphan a later mapped link
15:22 +2561: /home/albert/busystack/busymark/test/src/markdown_parser_test.dart: block inline mapping projects logical content to container source
15:22 +2562: /home/albert/busystack/busymark/test/src/markdown_parser_test.dart: positioned block mapping accepts a trailing empty logical line
15:22 +2563: /home/albert/busystack/busymark/test/src/markdown_parser_test.dart: block inline mapping ignores title and code-span source breaks
15:22 +2564: /home/albert/busystack/busymark/test/src/markdown_parser_test.dart: block inline mapping keeps each hard-break occurrence range
15:22 +2565: /home/albert/busystack/busymark/test/src/markdown_parser_test.dart: block inline mapping matches standalone HTML break layout
15:22 +2566: /home/albert/busystack/busymark/test/src/markdown_parser_test.dart: block inline mapping projects HTML break layout through containers
15:22 +2567: /home/albert/busystack/busymark/test/src/markdown_parser_test.dart: HTML break layout mapping preserves soft breaks and literal code
15:22 +2568: /home/albert/busystack/busymark/test/src/markdown_parser_test.dart: extracts title, outline, links, images, and code fences
15:22 +2569: /home/albert/busystack/busymark/test/src/markdown_parser_test.dart: extracts front matter title
15:22 +2570: /home/albert/busystack/busymark/test/src/markdown_parser_test.dart: Writerside Markdown title comes from H1, not front matter
15:22 +2571: /home/albert/busystack/busymark/test/src/markdown_parser_test.dart: Writerside front matter title does not satisfy missing H1
15:22 +2572: /home/albert/busystack/busymark/test/src/markdown_parser_test.dart: parseAsync handles documents above the background threshold
15:22 +2573: /home/albert/busystack/busymark/test/src/markdown_parser_test.dart: generates Unicode heading anchors for supported languages
15:22 +2574: /home/albert/busystack/busymark/test/src/markdown_parser_test.dart: deduplicates generated heading IDs in source order
15:22 +2575: /home/albert/busystack/busymark/test/src/markdown_parser_test.dart: generates heading IDs from semantic inline text
15:22 +2576: /home/albert/busystack/busymark/test/src/markdown_parser_test.dart: canonicalizes valid ATX and setext heading variants
15:22 +2577: /home/albert/busystack/busymark/test/src/markdown_parser_test.dart: retains Writerside title when complex list source needs fallback
15:22 +2578: /home/albert/busystack/busymark/test/src/markdown_parser_test.dart: detects unresolved links, missing images, and missing alt text
15:22 +2579: /home/albert/busystack/busymark/test/src/markdown_parser_test.dart: does not validate schemed URIs as local references
15:22 +2580: /home/albert/busystack/busymark/test/src/markdown_parser_test.dart: resolves home-relative local image references
15:22 +2581: /home/albert/busystack/busymark/test/src/markdown_parser_test.dart: derives diagnostic links and images from Markdown AST semantics
15:22 +2582: /home/albert/busystack/busymark/test/src/markdown_parser_test.dart: normal Markdown image diagnostics stay within the workspace root
15:22 +2583: /home/albert/busystack/busymark/test/src/markdown_parser_test.dart: local reference diagnostics allow absolute images but reject other escapes
15:22 +2584: /home/albert/busystack/busymark/test/src/markdown_parser_test.dart: cross-linked Markdown anchor validation does not recurse forever
15:22 +2585: /home/albert/busystack/busymark/test/src/markdown_parser_test.dart: local link validation stays inside the workspace root
15:22 +2586: /home/albert/busystack/busymark/test/src/markdown_parser_test.dart: local link validation does not read unsupported anchor targets
15:22 +2587: /home/albert/busystack/busymark/test/src/markdown_parser_test.dart: local link validation does not read oversized Markdown targets
15:22 +2588: /home/albert/busystack/busymark/test/src/markdown_parser_test.dart: detects unsafe raw HTML
15:22 +2589: /home/albert/busystack/busymark/test/src/markdown_parser_test.dart: safe raw HTML does not produce unsafe diagnostics
15:22 +2590: /home/albert/busystack/busymark/test/src/markdown_parser_test.dart: Markdown headings inside paired raw HTML are not outline headings
15:22 +2591: /home/albert/busystack/busymark/test/src/markdown_parser_test.dart: unsafe raw HTML tags produce unsafe diagnostics
15:22 +2592: /home/albert/busystack/busymark/test/src/markdown_parser_test.dart: unsafe raw HTML attributes produce unsafe diagnostics
15:22 +2593: /home/albert/busystack/busymark/test/src/markdown_parser_test.dart: unsafe raw HTML URLs produce unsafe diagnostics
15:22 +2594: /home/albert/busystack/busymark/test/src/markdown_parser_test.dart: deeply nested raw HTML produces unsafe diagnostic
15:22 +2595: /home/albert/busystack/busymark/test/src/markdown_parser_test.dart: safe HTML tags do not become Writerside XML blocks
15:23 +2596: /home/albert/busystack/busymark/test/src/markdown_parser_test.dart: extracts Writerside Markdown XML blocks and variables
15:23 +2597: /home/albert/busystack/busymark/test/src/markdown_parser_test.dart: emits deterministic Markdown accessibility diagnostics
15:23 +2598: /home/albert/busystack/busymark/test/src/markdown_parser_test.dart: does not report populated table headers as empty
15:23 +2599: loading /home/albert/busystack/busymark/test/src/feedback_submission_test.dart
15:26 +2599: /home/albert/busystack/busymark/test/src/feedback_submission_test.dart: FeedbackValidator requires category and enforces subject and message bounds
15:26 +2600: /home/albert/busystack/busymark/test/src/feedback_submission_test.dart: FeedbackValidator accepts inclusive subject and message boundaries
15:26 +2601: /home/albert/busystack/busymark/test/src/feedback_submission_test.dart: FeedbackValidator rejects oversized fields and invalid optional email
15:26 +2602: /home/albert/busystack/busymark/test/src/feedback_submission_test.dart: FeedbackValidator counts Unicode code points at subject and message boundaries
15:26 +2603: /home/albert/busystack/busymark/test/src/feedback_submission_test.dart: FeedbackValidator accepts practical valid email syntax
15:26 +2604: /home/albert/busystack/busymark/test/src/feedback_submission_test.dart: FeedbackValidator rejects malformed email syntax and length boundaries
15:26 +2605: /home/albert/busystack/busymark/test/src/feedback_submission_test.dart: FeedbackSubmission serializes required metadata and omits unapproved details
15:26 +2606: /home/albert/busystack/busymark/test/src/feedback_submission_test.dart: FeedbackSubmission serializes only explicitly approved technical details
15:26 +2607: /home/albert/busystack/busymark/test/src/feedback_submission_test.dart: FeedbackSubmission uses every declared category wire value
15:26 +2608: loading /home/albert/busystack/busymark/test/src/native_headerbar_audit_test.dart
15:26 +2608: /home/albert/busystack/busymark/test/src/native_headerbar_audit_test.dart: Flutter owns application chrome; native bridge carries no split geometry
15:26 +2609: /home/albert/busystack/busymark/test/src/native_headerbar_audit_test.dart: Workspace, Welcome and Settings use the shared full-height frame
15:26 +2610: /home/albert/busystack/busymark/test/src/native_headerbar_audit_test.dart: native clipboard, menus, Writerside media and rendering hosts remain registered
15:26 +2611: /home/albert/busystack/busymark/test/src/native_headerbar_audit_test.dart: Linux desktop identity uses the standard Snap launcher mapping
15:26 +2612: /home/albert/busystack/busymark/test/src/native_headerbar_audit_test.dart: strict Snap keeps the GTK SVG loader ABI-aligned with GNOME
15:26 +2613: /home/albert/busystack/busymark/test/src/native_headerbar_audit_test.dart: local snap builder stages bundled Git tools
15:26 +2614: /home/albert/busystack/busymark/test/src/native_headerbar_audit_test.dart: local repack replaces clean-snap font links with new bundle fonts
15:28 +2615: /home/albert/busystack/busymark/test/src/native_headerbar_audit_test.dart: confined dependency checks reject missing and wrong resolutions
15:29 +2616: /home/albert/busystack/busymark/test/src/native_headerbar_audit_test.dart: Snap reuses verified platform libraries and retains private tools
15:29 +2617: /home/albert/busystack/busymark/test/src/native_headerbar_audit_test.dart: local snap builder uses the project Flutter toolchain
15:29 +2618: /home/albert/busystack/busymark/test/src/native_headerbar_audit_test.dart: Snapcraft pins the same Flutter release as the project
15:29 +2619: /home/albert/busystack/busymark/test/src/native_headerbar_audit_test.dart: local snap builder keeps compiler output off the system tmpfs
15:29 +2620: /home/albert/busystack/busymark/test/src/native_headerbar_audit_test.dart: Flutter content menus use native GTK popup menu semantics
15:29 +2621: /home/albert/busystack/busymark/test/src/native_headerbar_audit_test.dart: native content menus clean up direct GTK popup sessions
15:29 +2622: /home/albert/busystack/busymark/test/src/native_headerbar_audit_test.dart: Snap packaging hooks consolidate resources and keep required fixes
15:29 +2623: /home/albert/busystack/busymark/test/src/native_headerbar_audit_test.dart: native GTK theme follows brightness without replacing a valid user theme
15:29 +2624: loading /home/albert/busystack/busymark/test/src/clipboard_paste_resolver_test.dart
15:30 +2624: /home/albert/busystack/busymark/test/src/clipboard_paste_resolver_test.dart: valid native fragment wins over HTML and text
15:30 +2625: /home/albert/busystack/busymark/test/src/clipboard_paste_resolver_test.dart: malformed native fragment falls through to valid HTML
15:30 +2626: /home/albert/busystack/busymark/test/src/clipboard_paste_resolver_test.dart: unusable HTML falls through to source and plain text
15:30 +2627: /home/albert/busystack/busymark/test/src/clipboard_paste_resolver_test.dart: HTML-only blockquotes are usable through descendant content
15:30 +2628: /home/albert/busystack/busymark/test/src/clipboard_paste_resolver_test.dart: mixed external HTML preserves every block for Editor and Markdown Source
15:30 +2629: /home/albert/busystack/busymark/test/src/clipboard_paste_resolver_test.dart: plain mode uses only interoperable text
15:30 +2630: /home/albert/busystack/busymark/test/src/clipboard_paste_resolver_test.dart: plain mode rejects source-only and image-only payloads
15:30 +2631: /home/albert/busystack/busymark/test/src/clipboard_paste_resolver_test.dart: whitespace text is valid and empty text is unavailable
15:30 +2632: /home/albert/busystack/busymark/test/src/clipboard_paste_resolver_test.dart: explicit image is first in normal mode
15:30 +2633: /home/albert/busystack/busymark/test/src/clipboard_paste_resolver_test.dart: Editor and Source use their required textual fallback order
15:30 +2634: /home/albert/busystack/busymark/test/src/clipboard_paste_resolver_test.dart: structured source serialization accepts the destination mode
15:30 +2635: /home/albert/busystack/busymark/test/src/clipboard_paste_resolver_test.dart: native inline serialization preserves whitespace without a newline
15:30 +2636: /home/albert/busystack/busymark/test/src/clipboard_paste_resolver_test.dart: table-cell fragment serialization escapes pipes and flattens lines
15:30 +2637: /home/albert/busystack/busymark/test/src/clipboard_paste_resolver_test.dart: local image path detection is safe and rejects altered URI meaning
15:30 +2638: loading /home/albert/busystack/busymark/test/src/uri_utils_test.dart
15:32 +2638: /home/albert/busystack/busymark/test/src/uri_utils_test.dart: external launch policy is an explicit safe-list
15:32 +2639: /home/albert/busystack/busymark/test/src/uri_utils_test.dart: scheme detection remains broader than launch policy
15:32 +2640: /home/albert/busystack/busymark/test/src/uri_utils_test.dart: remote resources only allow http and https
15:32 +2641: loading /home/albert/busystack/busymark/test/src/ai_usage_store_test.dart
15:35 +2641: /home/albert/busystack/busymark/test/src/ai_usage_store_test.dart: usage ledger aggregates locally by month and provider
15:37 +2642: /home/albert/busystack/busymark/test/src/ai_usage_store_test.dart: usage ledger starts a clean aggregate in a new month
15:37 +2643: /home/albert/busystack/busymark/test/src/ai_usage_store_test.dart: malformed ledger data is treated as empty, not surfaced
15:37 +2644: loading /home/albert/busystack/busymark/test/src/busymark_design_test.dart
15:39 +2644: /home/albert/busystack/busymark/test/src/busymark_design_test.dart: switch suppresses state halos and preserves focus borders
15:40 +2645: /home/albert/busystack/busymark/test/src/busymark_design_test.dart: checked switch follows blue track states in dark
15:40 +2646: /home/albert/busystack/busymark/test/src/busymark_design_test.dart: checked switch follows purple track states in dark
15:40 +2647: /home/albert/busystack/busymark/test/src/busymark_design_test.dart: checked switch follows blue track states in light
15:40 +2648: /home/albert/busystack/busymark/test/src/busymark_design_test.dart: checked switch follows purple track states in light
15:40 +2649: /home/albert/busystack/busymark/test/src/busymark_design_test.dart: disabled switch preserves inherited disabled styling
15:40 +2650: /home/albert/busystack/busymark/test/src/busymark_design_test.dart: switch row owns its control and activates exactly once
15:40 +2651: /home/albert/busystack/busymark/test/src/busymark_design_test.dart: switch preserves Yaru drag activation
15:40 +2652: /home/albert/busystack/busymark/test/src/busymark_design_test.dart: radio suppresses state halos and preserves focus borders
15:41 +2653: /home/albert/busystack/busymark/test/src/busymark_design_test.dart: selected radio follows blue accent states in dark
15:41 +2654: /home/albert/busystack/busymark/test/src/busymark_design_test.dart: selected radio follows purple accent states in dark
15:41 +2655: /home/albert/busystack/busymark/test/src/busymark_design_test.dart: selected radio follows blue accent states in light
15:41 +2656: /home/albert/busystack/busymark/test/src/busymark_design_test.dart: selected radio follows purple accent states in light
15:41 +2657: /home/albert/busystack/busymark/test/src/busymark_design_test.dart: informational dialog keeps the close control at the right edge
15:41 +2658: /home/albert/busystack/busymark/test/src/busymark_design_test.dart: Split Preview stays fluid without copying Source-only chrome
15:41 +2659: /home/albert/busystack/busymark/test/src/busymark_design_test.dart: document frame centers wide content and honors physical safe edges
15:41 +2660: /home/albert/busystack/busymark/test/src/busymark_design_test.dart: toolbar clearance is applied only to the toolbar edge
15:41 +2661: /home/albert/busystack/busymark/test/src/busymark_design_test.dart: sidebar header and list compose the shared vertical gap
15:41 +2662: /home/albert/busystack/busymark/test/src/busymark_design_test.dart: header controls delegate geometry and elevation to Yaru
15:41 +2663: /home/albert/busystack/busymark/test/src/busymark_design_test.dart: dark header menu delegates its tooltip to IconButton
15:41 +2664: /home/albert/busystack/busymark/test/src/busymark_design_test.dart: settings dropdowns use the framework tooltip
15:41 +2665: /home/albert/busystack/busymark/test/src/busymark_design_test.dart: desktop tooltips use one explicit natural-width geometry
15:41 +2666: /home/albert/busystack/busymark/test/src/busymark_design_test.dart: popup menu rows show shortcuts without redundant hover tooltips
15:41 +2667: /home/albert/busystack/busymark/test/src/busymark_design_test.dart: header popup sends shortcuts and separators to GTK and maps selection
15:42 +2668: /home/albert/busystack/busymark/test/src/busymark_design_test.dart: colored popup icons stay on the native menu path
15:42 +2669: /home/albert/busystack/busymark/test/src/busymark_design_test.dart: header popup preserves asynchronous menu loading
15:42 +2670: /home/albert/busystack/busymark/test/src/busymark_design_test.dart: semantic theme retains Yaru geometry, typography, and interaction
15:42 +2671: /home/albert/busystack/busymark/test/src/busymark_design_test.dart: accent controls use the native Yaru foreground and fill roles
15:42 +2672: /home/albert/busystack/busymark/test/src/busymark_design_test.dart: semantic surfaces use one modern neutral Linux role ladder
15:42 +2673: /home/albert/busystack/busymark/test/src/busymark_design_test.dart: equal-choice segmented selection stays neutral
15:42 +2674: /home/albert/busystack/busymark/test/src/busymark_design_test.dart: grouped cards use native boxed-list depth and roles
15:42 +2675: /home/albert/busystack/busymark/test/src/busymark_design_test.dart: grouped list headings use the native semantic heading style
15:42 +2676: /home/albert/busystack/busymark/test/src/busymark_design_test.dart: contextual banner uses semantic surfaces in light and dark
15:42 +2677: /home/albert/busystack/busymark/test/src/busymark_design_test.dart: contextual banner animates its mounted layout height
15:42 +2678: /home/albert/busystack/busymark/test/src/busymark_design_test.dart: contextual banner reveal honors reduced motion
15:42 +2679: /home/albert/busystack/busymark/test/src/busymark_design_test.dart: dialog grouped cards resolve the contextual native layer
15:42 +2680: /home/albert/busystack/busymark/test/src/busymark_design_test.dart: grouped rows use the native dark hover role
15:42 +2681: /home/albert/busystack/busymark/test/src/busymark_design_test.dart: grouped rows use the native light hover role
15:42 +2682: /home/albert/busystack/busymark/test/src/busymark_design_test.dart: grouped row subtitles use semantic native text roles
15:42 +2683: /home/albert/busystack/busymark/test/src/busymark_design_test.dart: dialog roles and popup selectors use real themed buttons
15:42 +2684: /home/albert/busystack/busymark/test/src/busymark_design_test.dart: WYSIWYG toolbar uses accent controls in dark
15:43 +2685: /home/albert/busystack/busymark/test/src/busymark_design_test.dart: WYSIWYG toolbar uses accent controls in light
15:44 +2686: /home/albert/busystack/busymark/test/src/busymark_design_test.dart: dialog actions wrap at narrow localized text widths
15:44 +2687: /home/albert/busystack/busymark/test/src/busymark_design_test.dart: action rows use semantic destructive foreground in light and dark themes
15:44 +2688: /home/albert/busystack/busymark/test/src/busymark_design_test.dart: shared text-entry group delegates fields to the framework
15:44 +2689: /home/albert/busystack/busymark/test/src/busymark_design_test.dart: grouped text entry uses the native row-owned form surface
15:44 +2690: /home/albert/busystack/busymark/test/src/busymark_design_test.dart: grouped text entry forwards readOnly without disabling input
15:44 +2691: /home/albert/busystack/busymark/test/src/busymark_design_test.dart: semantic standard icon button delegates to FilledButton.icon
15:44 +2692: /home/albert/busystack/busymark/test/src/busymark_design_test.dart: sidebar surface owns one directional semantic boundary
15:44 +2693: loading /home/albert/busystack/busymark/test/src/source_document_test.dart
15:45 +2693: /home/albert/busystack/busymark/test/src/source_document_test.dart: empty document mapping is stable
15:45 +2694: /home/albert/busystack/busymark/test/src/source_document_test.dart: no-fold mapping preserves offsets and ranges
15:45 +2695: /home/albert/busystack/busymark/test/src/source_document_test.dart: single fold projects visible text and maps offsets
15:45 +2696: /home/albert/busystack/busymark/test/src/source_document_test.dart: fold-boundary selection mapping preserves direction, not coverage
15:45 +2697: /home/albert/busystack/busymark/test/src/source_document_test.dart: multiple adjacent and overlapping ranges normalize safely
15:45 +2698: /home/albert/busystack/busymark/test/src/source_document_test.dart: full and visible ranges report hidden clipping
15:45 +2699: /home/albert/busystack/busymark/test/src/source_document_test.dart: CRLF line endings keep line starts and projection correct
15:45 +2700: /home/albert/busystack/busymark/test/src/source_document_test.dart: visible edits before and after folds preserve unrelated folds
15:45 +2701: /home/albert/busystack/busymark/test/src/source_document_test.dart: full editing values preserve composing through folded projection
15:45 +2702: /home/albert/busystack/busymark/test/src/source_document_test.dart: visible edits incrementally retain unaffected line entries
15:45 +2703: /home/albert/busystack/busymark/test/src/source_document_test.dart: incremental line indexes match full indexes across line-break edits
15:45 +2704: /home/albert/busystack/busymark/test/src/source_document_test.dart: visible edit intersecting a fold unfolds only affected region
15:45 +2705: /home/albert/busystack/busymark/test/src/source_document_test.dart: collapsed-boundary insertion preserves hidden folded content
15:45 +2706: /home/albert/busystack/busymark/test/src/source_document_test.dart: visible insertions before and after a fold keep hidden text
15:45 +2707: /home/albert/busystack/busymark/test/src/source_document_test.dart: visible deletions near a fold keep hidden text
15:45 +2708: /home/albert/busystack/busymark/test/src/source_document_test.dart: visible replacement spanning a fold replaces the hidden range
15:45 +2709: loading /home/albert/busystack/busymark/test/src/markdown_math_export_test.dart
15:47 +2709: /home/albert/busystack/busymark/test/src/markdown_math_export_test.dart: uses each heading level effective text size for inline math
15:50 +2710: /home/albert/busystack/busymark/test/src/markdown_math_export_test.dart: custom typography and four margins control actual math jobs
15:50 +2711: /home/albert/busystack/busymark/test/src/markdown_math_export_test.dart: prepares inline and display math as deterministic vector assets
15:50 +2712: /home/albert/busystack/busymark/test/src/markdown_math_export_test.dart: footnote inline and display math retain surrounding semantics
15:50 +2713: /home/albert/busystack/busymark/test/src/markdown_math_export_test.dart: Typst compiles footnote math through the math renderer
15:51 +2714: /home/albert/busystack/busymark/test/src/markdown_math_export_test.dart: Typst keeps MathJax SVG inline and exports failed math visibly
15:51 +2715: loading /home/albert/busystack/busymark/test/src/writerside_semantic_widgets_test.dart
15:52 +2715: /home/albert/busystack/busymark/test/src/writerside_semantic_widgets_test.dart: tabs synchronize and support arrow, Home and End keys
15:53 +2716: /home/albert/busystack/busymark/test/src/writerside_semantic_widgets_test.dart: table sorting is numeric and excludes disabled columns
15:54 +2717: /home/albert/busystack/busymark/test/src/writerside_semantic_widgets_test.dart: Markdown table keeps empty columns equal width
15:54 +2718: /home/albert/busystack/busymark/test/src/writerside_semantic_widgets_test.dart: Writerside table preserves declared column width
15:54 +2719: /home/albert/busystack/busymark/test/src/writerside_semantic_widgets_test.dart: table spans preserve geometry and sticky header position
15:55 +2720: loading /home/albert/busystack/busymark/test/src/clipboard_history_panel_test.dart
15:55 +2720: /home/albert/busystack/busymark/test/src/clipboard_history_panel_test.dart: records balance a two-line source preview with visible metadata
15:56 +2721: /home/albert/busystack/busymark/test/src/clipboard_history_panel_test.dart: large records use a short preview and do not create a tooltip
15:57 +2722: /home/albert/busystack/busymark/test/src/clipboard_history_panel_test.dart: actions menu is right of search and owns refresh and clear
15:57 +2723: /home/albert/busystack/busymark/test/src/clipboard_history_panel_test.dart: keyboard navigation keeps the selected history entry visible
15:58 +2724: /home/albert/busystack/busymark/test/src/clipboard_history_panel_test.dart: Delete edits the focused search without removing history
15:58 +2725: /home/albert/busystack/busymark/test/src/clipboard_history_panel_test.dart: unsupported payload disables paste for the destination
15:58 +2726: /home/albert/busystack/busymark/test/src/clipboard_history_panel_test.dart: double-clicking a shared history row pastes the item
15:59 +2727: /home/albert/busystack/busymark/test/src/clipboard_history_panel_test.dart: plain-text paste remains enabled when rich paste is unavailable
15:59 +2728: /home/albert/busystack/busymark/test/src/clipboard_history_panel_test.dart: source-only payload has no plain-text action
15:59 +2729: /home/albert/busystack/busymark/test/src/clipboard_history_panel_test.dart: image exposes plain paste only with real text
15:59 +2730: /home/albert/busystack/busymark/test/src/clipboard_history_panel_test.dart: failed insertion reports visible feedback
15:59 +2731: /home/albert/busystack/busymark/test/src/clipboard_history_panel_test.dart: cancelled insertion is terminal without an error toast
16:00 +2732: /home/albert/busystack/busymark/test/src/clipboard_history_panel_test.dart: current external HTML is transient until panel insertion and remains reusable
16:00 +2733: /home/albert/busystack/busymark/test/src/clipboard_history_panel_test.dart: failed current-item paste is not retained and plain paste stays explicit
16:01 +2734: /home/albert/busystack/busymark/test/src/clipboard_history_panel_test.dart: successful external paste retains after the panel is disposed
16:01 +2735: /home/albert/busystack/busymark/test/src/clipboard_history_panel_test.dart: plain source and Editor copies stay text and de-duplicate
16:01 +2736: loading /home/albert/busystack/busymark/test/src/feedback_metadata_test.dart
16:02 +2736: /home/albert/busystack/busymark/test/src/feedback_metadata_test.dart: loads version and build number from package metadata
16:02 +2737: /home/albert/busystack/busymark/test/src/feedback_metadata_test.dart: uses zero when package build metadata is absent
16:02 +2738: /home/albert/busystack/busymark/test/src/feedback_metadata_test.dart: rejects missing package version metadata
16:02 +2739: loading /home/albert/busystack/busymark/test/src/writerside_topic_creator_test.dart
16:05 +2739: /home/albert/busystack/busymark/test/src/writerside_topic_creator_test.dart: creates XML child topic and registers it under parent TOC node
16:08 +2740: /home/albert/busystack/busymark/test/src/writerside_topic_creator_test.dart: creates Unicode Markdown and XML topic filenames
16:08 +2741: /home/albert/busystack/busymark/test/src/writerside_topic_creator_test.dart: rejects custom XML source without a root ID before publication
16:08 +2742: /home/albert/busystack/busymark/test/src/writerside_topic_creator_test.dart: rejects custom XML source whose root ID differs from filename
16:08 +2743: /home/albert/busystack/busymark/test/src/writerside_topic_creator_test.dart: accepts custom XML source whose root ID matches filename
16:08 +2744: /home/albert/busystack/busymark/test/src/writerside_topic_creator_test.dart: requires a reference for every non-root placement
16:08 +2745: /home/albert/busystack/busymark/test/src/writerside_topic_creator_test.dart: creates a child under an exact topic-less TOC node path
16:08 +2746: /home/albert/busystack/busymark/test/src/writerside_topic_creator_test.dart: first real topic under an empty group becomes the home page
16:08 +2747: /home/albert/busystack/busymark/test/src/writerside_topic_creator_test.dart: exact TOC path disambiguates sibling insertion
16:09 +2748: /home/albert/busystack/busymark/test/src/writerside_topic_creator_test.dart: rejects an exact TOC path whose expected node has moved
16:09 +2749: /home/albert/busystack/busymark/test/src/writerside_topic_creator_test.dart: invalid exact TOC path does not fall back to topic reference
16:09 +2750: /home/albert/busystack/busymark/test/src/writerside_topic_creator_test.dart: rejects duplicate topic IDs before writing
16:09 +2751: /home/albert/busystack/busymark/test/src/writerside_topic_creator_test.dart: creates a missing nested topics directory
16:09 +2752: /home/albert/busystack/busymark/test/src/writerside_topic_creator_test.dart: rejects a symlinked topics directory without writing outside
16:09 +2753: /home/albert/busystack/busymark/test/src/writerside_topic_creator_test.dart: does not overwrite a concurrently changed tree or leave an orphan topic
16:09 +2754: /home/albert/busystack/busymark/test/src/writerside_topic_creator_test.dart: rollback preserves a created topic changed by another writer
16:09 +2755: /home/albert/busystack/busymark/test/src/writerside_topic_creator_test.dart: atomic tree publication preserves its POSIX mode
16:09 +2756: /home/albert/busystack/busymark/test/src/writerside_topic_creator_test.dart: final module-wide topic ID validation blocks a concurrent same ID with a different extension
16:09 +2757: /home/albert/busystack/busymark/test/src/writerside_topic_creator_test.dart: final module-wide topic ID validation blocks a concurrent same ID in a different directory
16:09 +2758: /home/albert/busystack/busymark/test/src/writerside_topic_creator_test.dart: final module-wide topic ID validation blocks a concurrent same ID in another configured root
16:09 +2759: /home/albert/busystack/busymark/test/src/writerside_topic_creator_test.dart: final module-wide topic ID validation allows an unrelated concurrent topic ID
16:09 +2760: loading /home/albert/busystack/busymark/test/src/writerside_template_dialogs_test.dart
16:11 +2760: /home/albert/busystack/busymark/test/src/writerside_template_dialogs_test.dart: creation selects real variants, validates and submits in TextDirection.rtl
16:15 +2761: /home/albert/busystack/busymark/test/src/writerside_template_dialogs_test.dart: creation selects real variants, validates and submits in TextDirection.ltr
16:18 +2762: /home/albert/busystack/busymark/test/src/writerside_template_dialogs_test.dart: creation uses native master-detail controls and filters
16:19 +2763: /home/albert/busystack/busymark/test/src/writerside_template_dialogs_test.dart: creation opens both template editor entry points
16:23 +2764: /home/albert/busystack/busymark/test/src/writerside_template_dialogs_test.dart: catalog failure keeps BusyMark status and retry controls
16:24 +2765: /home/albert/busystack/busymark/test/src/writerside_template_dialogs_test.dart: Files editor stages new content, cancels and persists on OK
16:27 +2766: /home/albert/busystack/busymark/test/src/writerside_template_dialogs_test.dart: source surface exposes its label and focus boundary
16:29 +2767: /home/albert/busystack/busymark/test/src/writerside_template_dialogs_test.dart: New toolbar command stages an editable draft and Cancel drops it
16:30 +2768: /home/albert/busystack/busymark/test/src/writerside_template_dialogs_test.dart: custom XML template cannot publish a mismatching root ID
16:33 +2769: /home/albert/busystack/busymark/test/src/writerside_template_dialogs_test.dart: save-as-template appears under Custom; edit, duplicate and delete preserve cancel
16:34 +2770: /home/albert/busystack/busymark/test/src/writerside_template_dialogs_test.dart: stale settings reject OK and retain draft for recovery
16:36 +2771: /home/albert/busystack/busymark/test/src/writerside_template_dialogs_test.dart: Internal reset is staged, cancellable, and publishable
16:39 +2772: /home/albert/busystack/busymark/test/src/writerside_template_dialogs_test.dart: Files and Internal Starter.md both save (custom first: true)
16:41 +2773: /home/albert/busystack/busymark/test/src/writerside_template_dialogs_test.dart: Files and Internal Starter.md both save (custom first: false)
16:43 +2774: loading /home/albert/busystack/busymark/test/src/writerside_toc_source_widget_test.dart
16:44 +2774: /home/albert/busystack/busymark/test/src/writerside_toc_source_widget_test.dart: tree exact reveal unfolds and line movement is one undoable full-source edit
16:46 +2775: loading /home/albert/busystack/busymark/test/src/math_parser_test.dart
16:49 +2775: /home/albert/busystack/busymark/test/src/math_parser_test.dart: parses several dollar formulas as semantic inline math
16:49 +2776: /home/albert/busystack/busymark/test/src/math_parser_test.dart: parses the GitHub dollar-backtick form without delimiters
16:49 +2777: /home/albert/busystack/busymark/test/src/math_parser_test.dart: parses single-line and multiline display math as blocks
16:49 +2778: /home/albert/busystack/busymark/test/src/math_parser_test.dart: math scanner stays aligned around every neighboring block kind
16:49 +2779: /home/albert/busystack/busymark/test/src/math_parser_test.dart: math and Writerside tex fences follow document compatibility
16:49 +2780: /home/albert/busystack/busymark/test/src/math_parser_test.dart: Writerside semantic math is inline and remains source-preserving
16:49 +2781: /home/albert/busystack/busymark/test/src/math_parser_test.dart: Writerside semantic math decodes XML entities but preserves source
16:49 +2782: /home/albert/busystack/busymark/test/src/math_parser_test.dart: escaped dollars, code, currency, empty and malformed forms stay text
16:49 +2783: /home/albert/busystack/busymark/test/src/math_parser_test.dart: inline math survives list, blockquote, and table structure
16:49 +2784: /home/albert/busystack/busymark/test/src/math_parser_test.dart: CRLF math input and every original form round-trip untouched
16:49 +2785: /home/albert/busystack/busymark/test/src/math_parser_test.dart: preview builder creates first-class inline and display math nodes
16:49 +2786: loading /home/albert/busystack/busymark/test/src/busymark_document_test.dart
16:52 +2786: /home/albert/busystack/busymark/test/src/busymark_document_test.dart: WYSIWYG hit testing includes shared document surface borders
16:52 +2787: /home/albert/busystack/busymark/test/src/busymark_document_test.dart: document image width resolution is bounded consistently
16:53 +2788: /home/albert/busystack/busymark/test/src/busymark_document_test.dart: package markdown AST imports into BusyDocument core blocks
16:53 +2789: /home/albert/busystack/busymark/test/src/busymark_document_test.dart: linked remote image paragraphs import as editable image blocks
16:53 +2790: /home/albert/busystack/busymark/test/src/busymark_document_test.dart: serializer emits Markdown source for edited semantic blocks
16:53 +2791: /home/albert/busystack/busymark/test/src/busymark_document_test.dart: serializer preserves unchanged raw blocks
16:53 +2792: /home/albert/busystack/busymark/test/src/busymark_document_test.dart: serializer preserves safe raw HTML source byte for byte
16:53 +2793: /home/albert/busystack/busymark/test/src/busymark_document_test.dart: serializer preserves unsafe raw HTML source while preview remains raw
16:53 +2794: /home/albert/busystack/busymark/test/src/busymark_document_test.dart: serializer patches dirty blocks without canonicalizing unchanged source
16:53 +2795: /home/albert/busystack/busymark/test/src/busymark_document_test.dart: WYSIWYG text edits preserve unrelated block instances
16:53 +2796: /home/albert/busystack/busymark/test/src/busymark_document_test.dart: unrelated edits preserve source-only reference definitions
16:53 +2797: /home/albert/busystack/busymark/test/src/busymark_document_test.dart: source-only definitions survive scanner and AST count mismatches
16:53 +2798: /home/albert/busystack/busymark/test/src/busymark_document_test.dart: preserved reference definitions still resolve after an edit
16:53 +2799: /home/albert/busystack/busymark/test/src/busymark_document_test.dart: unrelated edits preserve GFM footnote definitions
16:53 +2800: /home/albert/busystack/busymark/test/src/busymark_document_test.dart: containers with nested definitions are source-protected
16:53 +2801: /home/albert/busystack/busymark/test/src/busymark_document_test.dart: scanner mismatches conservatively protect nested definitions
16:53 +2802: /home/albert/busystack/busymark/test/src/busymark_document_test.dart: opaque source IDs cannot collide with semantic heading IDs
16:53 +2803: /home/albert/busystack/busymark/test/src/busymark_document_test.dart: full list serialization preserves reference definitions
16:53 +2804: /home/albert/busystack/busymark/test/src/busymark_document_test.dart: full serialization omits generated footnote output
16:53 +2805: /home/albert/busystack/busymark/test/src/busymark_document_test.dart: invalid reference-like prose remains a modeled block
16:53 +2806: /home/albert/busystack/busymark/test/src/busymark_document_test.dart: large inline-link documents do not create source-only blocks
16:53 +2807: /home/albert/busystack/busymark/test/src/busymark_document_test.dart: large adjacent definition sets stay distinct and preserved
16:54 +2808: /home/albert/busystack/busymark/test/src/busymark_document_test.dart: destructive selections reject read-only source endpoints
16:54 +2809: /home/albert/busystack/busymark/test/src/busymark_document_test.dart: list indentation cannot attach content to a protected item
16:54 +2810: /home/albert/busystack/busymark/test/src/busymark_document_test.dart: WYSIWYG nested list text edit updates Markdown source
16:54 +2811: /home/albert/busystack/busymark/test/src/busymark_document_test.dart: WYSIWYG ordered list edits preserve nested children
16:54 +2812: /home/albert/busystack/busymark/test/src/busymark_document_test.dart: WYSIWYG ordered task edits preserve marker and nested children
16:54 +2813: /home/albert/busystack/busymark/test/src/busymark_document_test.dart: WYSIWYG nested blockquote edit preserves surrounding source
16:54 +2814: /home/albert/busystack/busymark/test/src/busymark_document_test.dart: WYSIWYG cross-block deletion prunes an emptied blockquote
16:54 +2815: /home/albert/busystack/busymark/test/src/busymark_document_test.dart: WYSIWYG nested inline edit updates Markdown source
16:54 +2816: /home/albert/busystack/busymark/test/src/busymark_document_test.dart: WYSIWYG nested block removal updates Markdown source
16:54 +2817: /home/albert/busystack/busymark/test/src/busymark_document_test.dart: parser includes setext headings in heading metadata
16:54 +2818: /home/albert/busystack/busymark/test/src/busymark_document_test.dart: live document outline follows top-level generated heading order
16:54 +2819: /home/albert/busystack/busymark/test/src/busymark_document_test.dart: duplicate anchors retain distinct editor block identities
16:54 +2820: /home/albert/busystack/busymark/test/src/busymark_document_test.dart: preview and WYSIWYG use the same semantic document
16:54 +2821: /home/albert/busystack/busymark/test/src/busymark_document_test.dart: WYSIWYG text edit updates Markdown source
16:54 +2822: /home/albert/busystack/busymark/test/src/busymark_document_test.dart: WYSIWYG empty documents have one editable paragraph
16:54 +2823: /home/albert/busystack/busymark/test/src/busymark_document_test.dart: WYSIWYG editor accepts typing in an empty document
16:55 +2824: /home/albert/busystack/busymark/test/src/busymark_document_test.dart: WYSIWYG heading navigation skips across large documents
16:59 +2825: /home/albert/busystack/busymark/test/src/busymark_document_test.dart: WYSIWYG renders a blockquote around its editable text
16:59 +2826: /home/albert/busystack/busymark/test/src/busymark_document_test.dart: WYSIWYG uses one quote frame for multiple quote paragraphs
16:59 +2827: /home/albert/busystack/busymark/test/src/busymark_document_test.dart: WYSIWYG quote frame focuses its first editable child
16:59 +2828: /home/albert/busystack/busymark/test/src/busymark_document_test.dart: WYSIWYG inherits RTL indentation inside a blockquote
16:59 +2829: /home/albert/busystack/busymark/test/src/busymark_document_test.dart: WYSIWYG keeps a generated leaf blockquote editable
16:59 +2830: /home/albert/busystack/busymark/test/src/busymark_document_test.dart: WYSIWYG hides a definition-only source and preserves it
16:59 +2831: /home/albert/busystack/busymark/test/src/busymark_document_test.dart: WYSIWYG editor undo and redo restore document edits
16:59 +2832: /home/albert/busystack/busymark/test/src/busymark_document_test.dart: WYSIWYG editor replaces document when active file changes
17:00 +2833: /home/albert/busystack/busymark/test/src/busymark_document_test.dart: WYSIWYG editor applies heading keyboard shortcuts
17:00 +2834: /home/albert/busystack/busymark/test/src/busymark_document_test.dart: Ctrl+Shift+- inserts a thematic break
17:00 +2835: /home/albert/busystack/busymark/test/src/busymark_document_test.dart: WYSIWYG Tab nests eligible list items and Shift+Tab lifts them
17:00 +2836: /home/albert/busystack/busymark/test/src/busymark_document_test.dart: WYSIWYG arrow keys move focus between paragraphs
17:01 +2837: /home/albert/busystack/busymark/test/src/busymark_document_test.dart: WYSIWYG Ctrl+Arrow crosses paragraph boundaries
17:01 +2838: /home/albert/busystack/busymark/test/src/busymark_document_test.dart: WYSIWYG Ctrl+Shift+Arrow extends into the next paragraph
17:01 +2839: /home/albert/busystack/busymark/test/src/busymark_document_test.dart: WYSIWYG repeated arrow keys keep moving between paragraphs
17:01 +2840: /home/albert/busystack/busymark/test/src/busymark_document_test.dart: WYSIWYG Shift+Down selection continues character by character in the next paragraph
17:02 +2841: /home/albert/busystack/busymark/test/src/busymark_document_test.dart: WYSIWYG repeated Shift+Arrow extends one selection
17:02 +2842: /home/albert/busystack/busymark/test/src/busymark_document_test.dart: WYSIWYG horizontal selection continues vertically into the next paragraph
17:02 +2843: /home/albert/busystack/busymark/test/src/busymark_document_test.dart: WYSIWYG reverse Shift+Up selection continues left in the previous paragraph
17:02 +2844: /home/albert/busystack/busymark/test/src/busymark_document_test.dart: WYSIWYG ignores redundant source blank lines
17:02 +2845: /home/albert/busystack/busymark/test/src/busymark_document_test.dart: typing replaces a WYSIWYG selection across paragraphs
17:03 +2846: /home/albert/busystack/busymark/test/src/busymark_document_test.dart: deleting a selected paragraph boundary merges paragraphs
17:03 +2847: /home/albert/busystack/busymark/test/src/busymark_document_test.dart: WYSIWYG Shift+Down follows visual lines before paragraphs
17:03 +2848: /home/albert/busystack/busymark/test/src/busymark_document_test.dart: WYSIWYG Shift+Arrow selects whole grapheme clusters
17:03 +2849: /home/albert/busystack/busymark/test/src/busymark_document_test.dart: WYSIWYG drag selection can copy multiple paragraphs
17:03 +2850: /home/albert/busystack/busymark/test/src/busymark_document_test.dart: WYSIWYG click elsewhere clears previous block selection
17:04 +2851: /home/albert/busystack/busymark/test/src/busymark_document_test.dart: WYSIWYG Shift click selects text across paragraphs
17:04 +2852: /home/albert/busystack/busymark/test/src/busymark_document_test.dart: WYSIWYG Shift drag extends selection across paragraphs
17:04 +2853: /home/albert/busystack/busymark/test/src/busymark_document_test.dart: WYSIWYG Shift drag from heading end hides native selection
17:04 +2854: /home/albert/busystack/busymark/test/src/busymark_document_test.dart: WYSIWYG reverse drag updates selection on pointer up
17:04 +2855: /home/albert/busystack/busymark/test/src/busymark_document_test.dart: WYSIWYG reverse drag aligns wrapped trailing word highlight
17:04 +2856: /home/albert/busystack/busymark/test/src/busymark_document_test.dart: WYSIWYG Ctrl+X cuts block selection
17:05 +2857: /home/albert/busystack/busymark/test/src/busymark_document_test.dart: WYSIWYG cut paste preserves inline formatting
17:05 +2858: /home/albert/busystack/busymark/test/src/busymark_document_test.dart: WYSIWYG cut paste preserves whole block formatting
17:05 +2859: /home/albert/busystack/busymark/test/src/busymark_document_test.dart: WYSIWYG drag selection preserves partial paragraph boundaries
17:05 +2860: /home/albert/busystack/busymark/test/src/busymark_document_test.dart: WYSIWYG toolbar bold applies to selected paragraphs
17:05 +2861: /home/albert/busystack/busymark/test/src/busymark_document_test.dart: WYSIWYG toolbar toggle stays vertically aligned when collapsed
17:05 +2862: /home/albert/busystack/busymark/test/src/busymark_document_test.dart: editing toolbar reserves its document edge
17:06 +2863: /home/albert/busystack/busymark/test/src/busymark_document_test.dart: restoring the first block does not duplicate the Editor top inset
17:07 +2864: /home/albert/busystack/busymark/test/src/busymark_document_test.dart: vertical WYSIWYG toolbar is bounded and extends from its edge
17:07 +2865: /home/albert/busystack/busymark/test/src/busymark_document_test.dart: editing toolbar corners remain physical in LTR and RTL
17:08 +2866: /home/albert/busystack/busymark/test/src/busymark_document_test.dart: editing toolbar context menu changes placement and direction when shown or hidden
17:08 +2867: /home/albert/busystack/busymark/test/src/busymark_document_test.dart: WYSIWYG toolbar list applies to selected paragraphs
17:08 +2868: /home/albert/busystack/busymark/test/src/busymark_document_test.dart: WYSIWYG renders safe HTML blocks and edits raw source
17:09 +2869: /home/albert/busystack/busymark/test/src/busymark_document_test.dart: WYSIWYG toolbar inserts an HTML block
17:09 +2870: /home/albert/busystack/busymark/test/src/busymark_document_test.dart: WYSIWYG dialog submission is discarded after the active file changes
17:09 +2871: /home/albert/busystack/busymark/test/src/busymark_document_test.dart: WYSIWYG dialog submission is discarded after document generation changes
17:09 +2872: /home/albert/busystack/busymark/test/src/busymark_document_test.dart: WYSIWYG dialogs stop app-level tab navigation shortcuts
17:10 +2873: /home/albert/busystack/busymark/test/src/busymark_document_test.dart: WYSIWYG dialogs activate the native headerbar barrier
17:10 +2874: /home/albert/busystack/busymark/test/src/busymark_document_test.dart: WYSIWYG typing preserves existing inline formatting
17:10 +2875: /home/albert/busystack/busymark/test/src/busymark_document_test.dart: WYSIWYG Backspace at block start merges with previous block
17:10 +2876: /home/albert/busystack/busymark/test/src/busymark_document_test.dart: WYSIWYG Ctrl+A twice selects all text for deletion
17:10 +2877: /home/albert/busystack/busymark/test/src/busymark_document_test.dart: WYSIWYG select-all deletion preserves source-protected definitions
17:10 +2878: /home/albert/busystack/busymark/test/src/busymark_document_test.dart: WYSIWYG inline ranges do not duplicate formatted text
17:10 +2879: /home/albert/busystack/busymark/test/src/busymark_document_test.dart: WYSIWYG inline commands serialize bold italic and links
17:10 +2880: /home/albert/busystack/busymark/test/src/busymark_document_test.dart: WYSIWYG serializes italic nested at the end of bold text
17:10 +2881: /home/albert/busystack/busymark/test/src/busymark_document_test.dart: WYSIWYG text edits preserve inline ranges where possible
17:10 +2882: /home/albert/busystack/busymark/test/src/busymark_document_test.dart: WYSIWYG text edits preserve empty-alt inline images
17:10 +2883: /home/albert/busystack/busymark/test/src/busymark_document_test.dart: WYSIWYG edits preserve escaped literal punctuation semantics
17:10 +2884: /home/albert/busystack/busymark/test/src/busymark_document_test.dart: WYSIWYG link dialog submits with Enter
17:11 +2885: /home/albert/busystack/busymark/test/src/busymark_document_test.dart: WYSIWYG link dialog edits an existing link when caret is inside it
17:11 +2886: /home/albert/busystack/busymark/test/src/busymark_document_test.dart: WYSIWYG link dialog edits an existing link when its text is selected
17:11 +2887: /home/albert/busystack/busymark/test/src/busymark_document_test.dart: WYSIWYG inline command toggles selected mark without dropping links
17:11 +2888: /home/albert/busystack/busymark/test/src/busymark_document_test.dart: WYSIWYG inline code command serializes selected text
17:11 +2889: /home/albert/busystack/busymark/test/src/busymark_document_test.dart: serializer chooses inline code delimiters that preserve backticks
17:11 +2890: /home/albert/busystack/busymark/test/src/busymark_document_test.dart: link title backslashes use standards-safe character references
17:11 +2891: /home/albert/busystack/busymark/test/src/busymark_document_test.dart: inline serialization distinguishes every hard-break run boundary
17:11 +2892: /home/albert/busystack/busymark/test/src/busymark_document_test.dart: link titles round-trip decoded punctuation and line endings
17:11 +2893: /home/albert/busystack/busymark/test/src/busymark_document_test.dart: table link titles retain multiline values without physical rows
17:11 +2894: /home/albert/busystack/busymark/test/src/busymark_document_test.dart: serializer preserves fenced code delimiters and trailing whitespace
17:11 +2895: /home/albert/busystack/busymark/test/src/busymark_document_test.dart: parser preserves meaningful trailing fenced-code whitespace
17:11 +2896: /home/albert/busystack/busymark/test/src/busymark_document_test.dart: parser closes dynamic code fences only with a matching delimiter
17:11 +2897: /home/albert/busystack/busymark/test/src/busymark_document_test.dart: parser does not treat indented code as a fenced block
17:11 +2898: /home/albert/busystack/busymark/test/src/busymark_document_test.dart: WYSIWYG inline commands preserve existing sibling formatting
17:11 +2899: /home/albert/busystack/busymark/test/src/busymark_document_test.dart: WYSIWYG block commands apply to multiple selected blocks
17:11 +2900: /home/albert/busystack/busymark/test/src/busymark_document_test.dart: WYSIWYG inline commands apply to multiple selected blocks
17:11 +2901: /home/albert/busystack/busymark/test/src/busymark_document_test.dart: WYSIWYG image command serializes a real image block
17:11 +2902: /home/albert/busystack/busymark/test/src/busymark_document_test.dart: WYSIWYG editor renders Writerside images by basename
17:11 +2903: /home/albert/busystack/busymark/test/src/busymark_document_test.dart: WYSIWYG editor renders absolute local image paths
17:11 +2904: /home/albert/busystack/busymark/test/src/busymark_document_test.dart: WYSIWYG editor renders linked remote image blocks
17:11 +2905: /home/albert/busystack/busymark/test/src/busymark_document_test.dart: WYSIWYG Enter recognizes a pasted bare URL in commonMark
17:11 +2906: /home/albert/busystack/busymark/test/src/busymark_document_test.dart: WYSIWYG Enter recognizes a pasted bare URL in writersideMarkdown
17:11 +2907: /home/albert/busystack/busymark/test/src/busymark_document_test.dart: WYSIWYG Enter recognizes a pasted bare URL in gfm
17:11 +2908: /home/albert/busystack/busymark/test/src/busymark_document_test.dart: WYSIWYG Enter uses parser URL boundaries without parsing other syntax
17:11 +2909: /home/albert/busystack/busymark/test/src/busymark_document_test.dart: WYSIWYG Enter excludes code and keeps explicit equal-label links explicit
17:11 +2910: /home/albert/busystack/busymark/test/src/busymark_document_test.dart: bare URL destinations follow edits and splits while explicit destinations stay authored
17:11 +2911: /home/albert/busystack/busymark/test/src/busymark_document_test.dart: rejoining only extends existing bare URLs and preserves code and explicit links
17:11 +2912: /home/albert/busystack/busymark/test/src/busymark_document_test.dart: structural URL slices update derived destinations and link editing authors an explicit destination
17:11 +2913: /home/albert/busystack/busymark/test/src/busymark_document_test.dart: WYSIWYG Enter splits one block into separate Markdown paragraphs
17:11 +2914: /home/albert/busystack/busymark/test/src/busymark_document_test.dart: WYSIWYG reload ignores an empty paragraph represented only by blanks
17:11 +2915: /home/albert/busystack/busymark/test/src/busymark_document_test.dart: WYSIWYG reload ignores trailing blank lines
17:11 +2916: /home/albert/busystack/busymark/test/src/busymark_document_test.dart: WYSIWYG does not create blocks for redundant source whitespace
17:11 +2917: /home/albert/busystack/busymark/test/src/busymark_document_test.dart: WYSIWYG Enter in unordered list creates next item then exits list
17:11 +2918: /home/albert/busystack/busymark/test/src/busymark_document_test.dart: WYSIWYG Enter in ordered list creates next numbered item
17:11 +2919: /home/albert/busystack/busymark/test/src/busymark_document_test.dart: WYSIWYG thematic break inserts after current block
17:11 +2920: /home/albert/busystack/busymark/test/src/busymark_document_test.dart: WYSIWYG Enter key creates a new paragraph block
17:12 +2921: /home/albert/busystack/busymark/test/src/busymark_document_test.dart: WYSIWYG Enter carries active inline style to next paragraph
17:12 +2922: /home/albert/busystack/busymark/test/src/busymark_document_test.dart: WYSIWYG Enter at paragraph end preserves inner bold span
17:12 +2923: /home/albert/busystack/busymark/test/src/busymark_document_test.dart: WYSIWYG newline text edit preserves inner bold span
17:12 +2924: /home/albert/busystack/busymark/test/src/busymark_document_test.dart: WYSIWYG text input newlines become Markdown paragraphs
17:12 +2925: /home/albert/busystack/busymark/test/src/busymark_document_test.dart: WYSIWYG typing preserves an existing hard break
17:12 +2926: /home/albert/busystack/busymark/test/src/busymark_document_test.dart: hard-break toolbar command retains focus and advances caret
17:13 +2927: /home/albert/busystack/busymark/test/src/busymark_document_test.dart: formatting toolbar command retains editor focus and selection
17:13 +2928: /home/albert/busystack/busymark/test/src/busymark_document_test.dart: Shift+Enter retains focus and advances past the hard break
17:13 +2929: /home/albert/busystack/busymark/test/src/busymark_document_test.dart: blank-line toolbar command round-trips and remains one focused edit
17:13 +2930: /home/albert/busystack/busymark/test/src/busymark_document_test.dart: WYSIWYG editor lazily builds large documents
17:13 +2931: /home/albert/busystack/busymark/test/src/busymark_document_test.dart: WYSIWYG task checkbox toggles directly when clicked
17:13 +2932: /home/albert/busystack/busymark/test/src/busymark_document_test.dart: WYSIWYG block commands serialize headings and lists
17:13 +2933: /home/albert/busystack/busymark/test/src/busymark_document_test.dart: WYSIWYG extended toolbar commands serialize Markdown
17:13 +2934: /home/albert/busystack/busymark/test/src/busymark_document_test.dart: blank-line command keeps repeated terminal markers off the text line
17:13 +2935: /home/albert/busystack/busymark/test/src/busymark_document_test.dart: WYSIWYG table and code language commands serialize Markdown
17:13 +2936: /home/albert/busystack/busymark/test/src/busymark_document_test.dart: WYSIWYG table cell pipes round-trip without shifting columns
17:13 +2937: /home/albert/busystack/busymark/test/src/busymark_document_test.dart: table escaping protects pipes inside formatted cell content
17:13 +2938: /home/albert/busystack/busymark/test/src/busymark_document_test.dart: table code preserves a backslash immediately before a pipe
17:13 +2939: /home/albert/busystack/busymark/test/src/busymark_document_test.dart: WYSIWYG table row and column commands serialize Markdown
17:13 +2940: /home/albert/busystack/busymark/test/src/busymark_document_test.dart: WYSIWYG table dialog validates and synchronizes its size grid
17:14 +2941: /home/albert/busystack/busymark/test/src/busymark_document_test.dart: table alignment survives parsing, edits, and structural changes
17:14 +2942: /home/albert/busystack/busymark/test/src/busymark_document_test.dart: table column alignment command supports all Markdown alignments
17:14 +2943: /home/albert/busystack/busymark/test/src/busymark_document_test.dart: WYSIWYG table cells apply Markdown column alignment
17:14 +2944: /home/albert/busystack/busymark/test/src/busymark_document_test.dart: WYSIWYG table cells are formatted and editable
17:15 +2945: /home/albert/busystack/busymark/test/src/busymark_document_test.dart: WYSIWYG table overlay menus survive structural rebuilds
17:15 +2946: /home/albert/busystack/busymark/test/src/busymark_document_test.dart: Tab travels through WYSIWYG table cells and extends the table
17:15 +2947: /home/albert/busystack/busymark/test/src/busymark_document_test.dart: WYSIWYG list indent outdent and task toggle commands serialize
17:15 +2948: /home/albert/busystack/busymark/test/src/busymark_document_test.dart: WYSIWYG ordered indentation starts a nested list at one
17:15 +2949: /home/albert/busystack/busymark/test/src/busymark_document_test.dart: WYSIWYG ordered indentation preserves a top-level start value
17:15 +2950: /home/albert/busystack/busymark/test/src/busymark_document_test.dart: WYSIWYG ordered indentation numbers multiple nested siblings
17:15 +2951: /home/albert/busystack/busymark/test/src/busymark_document_test.dart: WYSIWYG ordered outdent continues the parent list numbering
17:15 +2952: /home/albert/busystack/busymark/test/src/busymark_document_test.dart: WYSIWYG converts an unordered item to a valid ordered marker
17:15 +2953: /home/albert/busystack/busymark/test/src/busymark_document_test.dart: WYSIWYG converts selected nested items at each list depth
17:15 +2954: loading /home/albert/busystack/busymark/test/src/source_paste_engine_test.dart
17:16 +2954: /home/albert/busystack/busymark/test/src/source_paste_engine_test.dart: single rich paragraph repairs independently surviving endpoints
17:17 +2955: /home/albert/busystack/busymark/test/src/source_paste_engine_test.dart: table cells repair independently formatted selection endpoints
17:17 +2956: /home/albert/busystack/busymark/test/src/source_paste_engine_test.dart: block insertion replaces only a heading own prefix at content start
17:17 +2957: /home/albert/busystack/busymark/test/src/source_paste_engine_test.dart: block insertion removes complete ATX and Setext heading syntax
17:17 +2958: /home/albert/busystack/busymark/test/src/source_paste_engine_test.dart: block insertion retains literal paragraph hashes
17:17 +2959: /home/albert/busystack/busymark/test/src/source_paste_engine_test.dart: whole heading replacement removes every authored marker
17:17 +2960: /home/albert/busystack/busymark/test/src/source_paste_engine_test.dart: heading insertion at middle and end preserves only the leading heading
17:17 +2961: /home/albert/busystack/busymark/test/src/source_paste_engine_test.dart: paragraph sequence removes nested heading marker at content start
17:17 +2962: /home/albert/busystack/busymark/test/src/source_paste_engine_test.dart: external HTML blockquotes remain structured in Source
17:17 +2963: /home/albert/busystack/busymark/test/src/source_paste_engine_test.dart: HTML break layout stays behind a caret after the semantic break
17:17 +2964: /home/albert/busystack/busymark/test/src/source_paste_engine_test.dart: caret immediately before an HTML break keeps the break after paste
17:17 +2965: /home/albert/busystack/busymark/test/src/source_paste_engine_test.dart: selection crossing an HTML break preserves both outside slices
17:17 +2966: /home/albert/busystack/busymark/test/src/source_paste_engine_test.dart: complete inline HTML survives rich link insertion as one fragment
17:17 +2967: /home/albert/busystack/busymark/test/src/source_paste_engine_test.dart: native rich trailing space survives inherited HTML insertion
17:17 +2968: /home/albert/busystack/busymark/test/src/source_paste_engine_test.dart: native incoming edge whitespace survives inherited HTML styles
17:17 +2969: /home/albert/busystack/busymark/test/src/source_paste_engine_test.dart: selection replacement retains native whitespace and link titles
17:17 +2970: /home/albert/busystack/busymark/test/src/source_paste_engine_test.dart: multiple native inline runs retain text styles links and spaces
17:17 +2971: /home/albert/busystack/busymark/test/src/source_paste_engine_test.dart: rich insertion maps collapsed HTML whitespace as content
17:17 +2972: /home/albert/busystack/busymark/test/src/source_paste_engine_test.dart: collapsed whitespace maps through supported raw HTML styles
17:17 +2973: /home/albert/busystack/busymark/test/src/source_paste_engine_test.dart: collapsed whitespace maps through a supported raw HTML link
17:17 +2974: /home/albert/busystack/busymark/test/src/source_paste_engine_test.dart: supported content corpus always plans a rich insertion
17:17 +2975: /home/albert/busystack/busymark/test/src/source_paste_engine_test.dart: repeated mapped siblings avoid fallback and preserve final paste
17:18 +2976: /home/albert/busystack/busymark/test/src/source_paste_engine_test.dart: complete blocks split and preserve enclosing inline contexts
17:18 +2977: /home/albert/busystack/busymark/test/src/source_paste_engine_test.dart: paragraph-only block sequences match Editor merge semantics
17:18 +2978: /home/albert/busystack/busymark/test/src/source_paste_engine_test.dart: block paste preserves independent formatted selection boundaries
17:19 +2979: /home/albert/busystack/busymark/test/src/source_paste_engine_test.dart: structured paste spans partial first and last destination blocks
17:19 +2980: /home/albert/busystack/busymark/test/src/source_paste_engine_test.dart: paragraph sequences retain destination block and container paths
17:19 +2981: /home/albert/busystack/busymark/test/src/source_paste_engine_test.dart: paste output is valid input for a second paste at returned caret
17:19 +2982: /home/albert/busystack/busymark/test/src/source_paste_engine_test.dart: CRLF blockquote projection retains its authored prefixes
17:19 +2983: /home/albert/busystack/busymark/test/src/source_paste_engine_test.dart: structured complete blocks generate only CRLF boundaries
17:19 +2984: /home/albert/busystack/busymark/test/src/source_paste_engine_test.dart: structured inline hard breaks use destination CRLF
17:19 +2985: /home/albert/busystack/busymark/test/src/source_paste_engine_test.dart: mapped and generated structured breaks retain CRLF and caret width
17:19 +2986: /home/albert/busystack/busymark/test/src/source_paste_engine_test.dart: protected Source context explicitly permits textual fallback
17:19 +2987: /home/albert/busystack/busymark/test/src/source_paste_engine_test.dart: syntax-only positions explicitly permit textual fallback
17:19 +2988: /home/albert/busystack/busymark/test/src/source_paste_engine_test.dart: unmappable destination links stop rather than permit fallback
17:19 +2989: loading /home/albert/busystack/busymark/test/src/visualization_coordinator_test.dart
17:19 +2989: /home/albert/busystack/busymark/test/src/visualization_coordinator_test.dart: rejects a superseded render even when its engine finishes last
17:21 +2990: /home/albert/busystack/busymark/test/src/visualization_coordinator_test.dart: retains the last successful render after invalid source
17:21 +2991: /home/albert/busystack/busymark/test/src/visualization_coordinator_test.dart: limits concurrency and gives export work queue priority
17:21 +2992: /home/albert/busystack/busymark/test/src/visualization_coordinator_test.dart: reuses a successful content-addressed cache entry
17:21 +2993: /home/albert/busystack/busymark/test/src/visualization_coordinator_test.dart: validates concurrency and returns a typed unavailable result
17:21 +2994: /home/albert/busystack/busymark/test/src/visualization_coordinator_test.dart: bounds last-successful render retention with LRU eviction
17:22 +2995: loading /home/albert/busystack/busymark/test/src/writerside_toc_actions_test.dart
17:22 +2995: /home/albert/busystack/busymark/test/src/writerside_toc_actions_test.dart: source navigation distinguishes repeated references on one line
17:22 +2996: /home/albert/busystack/busymark/test/src/writerside_toc_actions_test.dart: explicit synchronization follows installed breadth-first topic matching
17:22 +2997: /home/albert/busystack/busymark/test/src/writerside_toc_actions_test.dart: Markdown title edits preserve other instances, content and occurrence
17:22 +2998: /home/albert/busystack/busymark/test/src/writerside_toc_actions_test.dart: Markdown title edit changes H1 and preserves front matter title
17:22 +2999: /home/albert/busystack/busymark/test/src/writerside_toc_actions_test.dart: Markdown title round trip preserves ampersands and entity spellings
17:22 +3000: /home/albert/busystack/busymark/test/src/writerside_toc_actions_test.dart: unchanged inherited values do not add overrides
17:22 +3001: /home/albert/busystack/busymark/test/src/writerside_toc_actions_test.dart: XML title edits escape attributes and expand self-closing root
17:22 +3002: /home/albert/busystack/busymark/test/src/writerside_toc_actions_test.dart: clearing overrides removes only the selected instance and occurrence
17:22 +3003: /home/albert/busystack/busymark/test/src/writerside_toc_actions_test.dart: before-drop preserves complete subtrees and returns all moved paths
17:24 +3004: /home/albert/busystack/busymark/test/src/writerside_toc_actions_test.dart: grouping uses source order and rejects cross-parent selections
17:24 +3005: /home/albert/busystack/busymark/test/src/writerside_toc_actions_test.dart: line moves retain CRLF, caret, reversed selection and boundaries
17:24 +3006: loading /home/albert/busystack/busymark/test/src/markdown_section_editor_test.dart
17:26 +3006: /home/albert/busystack/busymark/test/src/markdown_section_editor_test.dart: section includes descendants and stops at the next sibling
17:26 +3007: /home/albert/busystack/busymark/test/src/markdown_section_editor_test.dart: move up and down swap complete sibling subtrees
17:26 +3008: /home/albert/busystack/busymark/test/src/markdown_section_editor_test.dart: promote and demote preserve descendant hierarchy
17:27 +3009: /home/albert/busystack/busymark/test/src/markdown_section_editor_test.dart: demote is unavailable when a descendant is already H6
17:27 +3010: /home/albert/busystack/busymark/test/src/markdown_section_editor_test.dart: level changes preserve and convert Setext headings
17:27 +3011: loading /home/albert/busystack/busymark/test/src/visualization_models_test.dart
17:28 +3011: /home/albert/busystack/busymark/test/src/visualization_models_test.dart: visualization fence classification recognizes canonical names and aliases without changing spelling
17:28 +3012: /home/albert/busystack/busymark/test/src/visualization_models_test.dart: preserves dependency diagnostic source locations
17:28 +3013: /home/albert/busystack/busymark/test/src/visualization_models_test.dart: visualization cache keys canonicalizes options and dependency order
17:28 +3014: /home/albert/busystack/busymark/test/src/visualization_models_test.dart: visualization cache keys invalidates on engine, source, theme, profile, option, and dependency
17:28 +3015: /home/albert/busystack/busymark/test/src/visualization_models_test.dart: visualization cache keys invalidates entries produced by the previous render pipeline
17:28 +3016: /home/albert/busystack/busymark/test/src/visualization_models_test.dart: visualization disk cache round-trips SVG, raster, and structured OpenAPI successes
17:30 +3017: /home/albert/busystack/busymark/test/src/visualization_models_test.dart: visualization disk cache does not persist failures and repairs malformed entries
17:30 +3018: /home/albert/busystack/busymark/test/src/visualization_models_test.dart: visualization disk cache derives the XDG cache path without changing the environment
17:30 +3019: loading /home/albert/busystack/busymark/test/src/writerside_video_test.dart
17:31 +3019: /home/albert/busystack/busymark/test/src/writerside_video_test.dart: Writerside Markdown models video and preserves its exact source
17:31 +3020: /home/albert/busystack/busymark/test/src/writerside_video_test.dart: video remains blocked raw HTML outside Writerside Markdown
17:31 +3021: /home/albert/busystack/busymark/test/src/writerside_video_test.dart: multiline Writerside video attributes remain one semantic block
17:31 +3022: /home/albert/busystack/busymark/test/src/writerside_video_test.dart: video markup inside an ordinary code fence is not interpreted
17:31 +3023: /home/albert/busystack/busymark/test/src/writerside_video_test.dart: Writerside topic parser exposes video attributes
17:31 +3024: /home/albert/busystack/busymark/test/src/writerside_video_test.dart: Writerside .topic preview creates a first-class video block
17:31 +3025: /home/albert/busystack/busymark/test/src/writerside_video_test.dart: safe video resolver accepts documented hosts and local media
17:31 +3026: /home/albert/busystack/busymark/test/src/writerside_video_test.dart: Writerside module reports invalid and incomplete video sources
17:31 +3027: /home/albert/busystack/busymark/test/src/writerside_video_test.dart: local poster defaults to matching PNG and can be overridden
17:31 +3028: /home/albert/busystack/busymark/test/src/writerside_video_test.dart: hosted video posters resolve from trusted provider sources
17:31 +3029: /home/albert/busystack/busymark/test/src/writerside_video_test.dart: Vimeo poster metadata cannot point images to another host
17:31 +3030: /home/albert/busystack/busymark/test/src/writerside_video_test.dart: PDF export carries a first-class linked video poster
17:31 +3031: loading /home/albert/busystack/busymark/test/src/app_router_test.dart
17:34 +3031: /home/albert/busystack/busymark/test/src/app_router_test.dart: settings return targets are explicit and validated
17:34 +3032: /home/albert/busystack/busymark/test/src/app_router_test.dart: opening Settings preserves a validated Settings origin
17:34 +3033: /home/albert/busystack/busymark/test/src/app_router_test.dart: settings page routes are explicit and validated
17:34 +3034: /home/albert/busystack/busymark/test/src/app_router_test.dart: Settings opened from Welcome returns to Welcome with a stale workspace
17:35 +3035: /home/albert/busystack/busymark/test/src/app_router_test.dart: returning to Welcome does not restore the session again
17:36 +3036: loading /home/albert/busystack/busymark/test/src/writerside_resolution_regression_test.dart
17:37 +3036: /home/albert/busystack/busymark/test/src/writerside_resolution_regression_test.dart: mixed Markdown protects fenced code and CDATA while preserving spans
17:37 +3037: /home/albert/busystack/busymark/test/src/writerside_resolution_regression_test.dart: lazy defaults respect caller arguments and percent escaping
17:37 +3038: /home/albert/busystack/busymark/test/src/writerside_resolution_regression_test.dart: empty links use the target title for the selected instance
17:38 +3039: /home/albert/busystack/busymark/test/src/writerside_resolution_regression_test.dart: conditional chapter content and links follow the selected instance
17:38 +3040: /home/albert/busystack/busymark/test/src/writerside_resolution_regression_test.dart: malformed markup and unresolved reuse stay visible with diagnostics
17:38 +3041: /home/albert/busystack/busymark/test/src/writerside_resolution_regression_test.dart: Markdown IDs include whole chapters and retain mixed-content spans
17:38 +3042: /home/albert/busystack/busymark/test/src/writerside_resolution_regression_test.dart: conditional globals and include arguments override snippet defaults
17:38 +3043: /home/albert/busystack/busymark/test/src/writerside_resolution_regression_test.dart: links resolve labels, separate anchors and nullable availability
17:38 +3044: /home/albert/busystack/busymark/test/src/writerside_resolution_regression_test.dart: included code uses its source topic and unsaved source overrides
17:38 +3045: /home/albert/busystack/busymark/test/src/writerside_resolution_regression_test.dart: summaries stay metadata and starting pages suppress outside content
17:38 +3046: /home/albert/busystack/busymark/test/src/writerside_resolution_regression_test.dart: configured shortcuts, glossary and binary resources have visible references
17:38 +3047: /home/albert/busystack/busymark/test/src/writerside_resolution_regression_test.dart: line and symbol selectors reject invalid selections
17:38 +3048: loading /home/albert/busystack/busymark/test/src/nextcloud_secret_store_test.dart
17:39 +3048: /home/albert/busystack/busymark/test/src/nextcloud_secret_store_test.dart: reads exact app password in dedicated stable account namespace
17:39 +3049: /home/albert/busystack/busymark/test/src/nextcloud_secret_store_test.dart: writes and deletes only the selected account secret
17:39 +3050: /home/albert/busystack/busymark/test/src/nextcloud_secret_store_test.dart: rejects app passwords that cannot be stored as an exact C string
17:39 +3051: /home/albert/busystack/busymark/test/src/nextcloud_secret_store_test.dart: rejects caller-controlled keys and non-random UUIDs before native calls
17:39 +3052: /home/albert/busystack/busymark/test/src/nextcloud_secret_store_test.dart: unavailable keyring fails safely without plaintext fallback
17:39 +3053: loading /home/albert/busystack/busymark/test/src/status_semantics_test.dart
17:43 +3053: /home/albert/busystack/busymark/test/src/status_semantics_test.dart: status colors stay semantic across accents and brightness
17:43 +3054: /home/albert/busystack/busymark/test/src/status_semantics_test.dart: workspace messages use semantic status roles
17:43 +3055: /home/albert/busystack/busymark/test/src/status_semantics_test.dart: Git failures use window-level toasts
17:44 +3056: /home/albert/busystack/busymark/test/src/status_semantics_test.dart: successful Git operations use window-level toasts
17:44 +3057: loading /home/albert/busystack/busymark/test/src/workspace_service_test.dart
17:45 +3057: /home/albert/busystack/busymark/test/src/workspace_service_test.dart: opens a single Markdown file workspace
17:45 +3058: /home/albert/busystack/busymark/test/src/workspace_service_test.dart: resolves an unindexed sibling document within the workspace
17:45 +3059: /home/albert/busystack/busymark/test/src/workspace_service_test.dart: opens a Markdown file from a file URI path
17:45 +3060: /home/albert/busystack/busymark/test/src/workspace_service_test.dart: opens a generic Markdown folder workspace
17:45 +3061: /home/albert/busystack/busymark/test/src/workspace_service_test.dart: canonicalizes a workspace opened through a directory symlink
17:45 +3062: /home/albert/busystack/busymark/test/src/workspace_service_test.dart: rejects a workspace root replaced by a symlink after opening
17:45 +3063: /home/albert/busystack/busymark/test/src/workspace_service_test.dart: opens a Writerside module workspace
17:45 +3064: /home/albert/busystack/busymark/test/src/workspace_service_test.dart: untitled Markdown in Writerside reparses, previews, and outlines as CommonMark
17:45 +3065: /home/albert/busystack/busymark/test/src/workspace_service_test.dart: genuine Writerside Markdown topic keeps Writerside semantics
17:45 +3066: /home/albert/busystack/busymark/test/src/workspace_service_test.dart: creates and opens a Writerside starter project
17:46 +3067: /home/albert/busystack/busymark/test/src/workspace_service_test.dart: reparses and previews Writerside Markdown without generic link validation
17:46 +3068: /home/albert/busystack/busymark/test/src/workspace_service_test.dart: creates a Writerside Markdown topic and registers it in the TOC
17:46 +3069: /home/albert/busystack/busymark/test/src/workspace_service_test.dart: imports Markdown topics into the selected instance and opens the first
17:46 +3070: /home/albert/busystack/busymark/test/src/workspace_service_test.dart: Markdown import reloads stale UI inventory before planning
17:46 +3071: /home/albert/busystack/busymark/test/src/workspace_service_test.dart: topic creation revalidates module IDs after its candidate is written
17:46 +3072: /home/albert/busystack/busymark/test/src/workspace_service_test.dart: creates a topic in the explicitly selected instance and TOC node
17:46 +3073: /home/albert/busystack/busymark/test/src/workspace_service_test.dart: unparsed topic basename reserves its module-wide topic ID for creation
17:46 +3074: /home/albert/busystack/busymark/test/src/workspace_service_test.dart: topic under build reserves its module-wide ID for creation
17:46 +3075: /home/albert/busystack/busymark/test/src/workspace_service_test.dart: topic under a hidden directory reserves its module-wide ID for creation
17:46 +3076: /home/albert/busystack/busymark/test/src/workspace_service_test.dart: duplicate topic cannot reuse an unparsed topic basename
17:46 +3077: /home/albert/busystack/busymark/test/src/workspace_service_test.dart: template source cannot reuse an unparsed topic basename
17:47 +3078: /home/albert/busystack/busymark/test/src/workspace_service_test.dart: topic creation refuses incomplete topic discovery
17:47 +3079: /home/albert/busystack/busymark/test/src/workspace_service_test.dart: rejects topic creation when the configured instance tree is outside the module
17:47 +3080: /home/albert/busystack/busymark/test/src/workspace_service_test.dart: prepared topic rename is stale when a new module is discovered
17:47 +3081: /home/albert/busystack/busymark/test/src/workspace_service_test.dart: topic rename planning rejects incomplete project module discovery
17:47 +3082: /home/albert/busystack/busymark/test/src/workspace_service_test.dart: prepared topic rename rejects incomplete module discovery on apply
17:47 +3083: /home/albert/busystack/busymark/test/src/workspace_service_test.dart: project module discovery reports directory listing failure
17:47 +3084: /home/albert/busystack/busymark/test/src/workspace_service_test.dart: ordinary directory creation does not stale a prepared rename
17:47 +3085: /home/albert/busystack/busymark/test/src/workspace_service_test.dart: normalizes portal-style document paths as filesystem paths
17:47 +3086: /home/albert/busystack/busymark/test/src/workspace_service_test.dart: saveText writes content and returns the saved file snapshot
17:47 +3087: /home/albert/busystack/busymark/test/src/workspace_service_test.dart: file change detection ignores timestamp-only changes
17:47 +3088: /home/albert/busystack/busymark/test/src/workspace_service_test.dart: saveNewText writes a missing file and returns its snapshot
17:47 +3089: /home/albert/busystack/busymark/test/src/workspace_service_test.dart: saveNewText refuses an existing file without changing it
17:47 +3090: /home/albert/busystack/busymark/test/src/workspace_service_test.dart: saveNewText does not replace a file arriving before publication
17:47 +3091: /home/albert/busystack/busymark/test/src/workspace_service_test.dart: saveNewText does not write inside a directory arriving before publication
17:47 +3092: /home/albert/busystack/busymark/test/src/workspace_service_test.dart: saveTextReplacingPath replaces a final symlink without following it
17:47 +3093: /home/albert/busystack/busymark/test/src/workspace_service_test.dart: conditional replacement cannot overwrite a post-validation writer
17:47 +3094: /home/albert/busystack/busymark/test/src/workspace_service_test.dart: conditional replacement validates a displaced relative symlink
17:47 +3095: /home/albert/busystack/busymark/test/src/workspace_service_test.dart: conditional replacement detects a changed relative symlink target
17:47 +3096: /home/albert/busystack/busymark/test/src/workspace_service_test.dart: conditional replacement restores a post-validation directory
17:47 +3097: /home/albert/busystack/busymark/test/src/workspace_service_test.dart: conditional replacement restores a post-validation FIFO without reading
17:47 +3098: /home/albert/busystack/busymark/test/src/workspace_service_test.dart: saveText follows file symlinks and preserves target permissions
17:47 +3099: /home/albert/busystack/busymark/test/src/workspace_service_test.dart: createFile rejects a directory reached through an intermediate symlink
17:47 +3100: /home/albert/busystack/busymark/test/src/workspace_service_test.dart: renameEntity rejects a source reached through an intermediate symlink
17:47 +3101: /home/albert/busystack/busymark/test/src/workspace_service_test.dart: moveEntity rejects a target reached through an intermediate symlink
17:47 +3102: /home/albert/busystack/busymark/test/src/workspace_service_test.dart: deleteEntity rejects a directory reached through an intermediate symlink
17:47 +3103: /home/albert/busystack/busymark/test/src/workspace_service_test.dart: deleteEntity removes a final symlink without deleting its target
17:47 +3104: /home/albert/busystack/busymark/test/src/workspace_service_test.dart: generic deletion rejects topics and containing folders in a non-active module
17:47 +3105: /home/albert/busystack/busymark/test/src/workspace_service_test.dart: an unparsed topic cannot bypass generic deletion
17:47 +3106: /home/albert/busystack/busymark/test/src/workspace_service_test.dart: missing nested mutation paths keep domain-specific errors
17:47 +3107: /home/albert/busystack/busymark/test/src/workspace_service_test.dart: fileChangedSince treats deleted files as changed
17:47 +3108: /home/albert/busystack/busymark/test/src/workspace_service_test.dart: fileChangedSince detects content changes with unchanged modified time
17:48 +3109: /home/albert/busystack/busymark/test/src/workspace_service_test.dart: folder workspace lists all content except version-control metadata
17:48 +3110: /home/albert/busystack/busymark/test/src/workspace_service_test.dart: folder workspace lists unsupported legacy Markdown extensions
17:48 +3111: /home/albert/busystack/busymark/test/src/workspace_service_test.dart: limited folder scan prefers shallow siblings before deep subtree
17:48 +3112: /home/albert/busystack/busymark/test/src/workspace_service_test.dart: invalid UTF-8 Markdown does not fail the whole workspace
17:48 +3113: /home/albert/busystack/busymark/test/src/workspace_service_test.dart: large Markdown files are listed but not parsed automatically
17:48 +3114: /home/albert/busystack/busymark/test/src/workspace_service_test.dart: large Writerside topics are listed but not parsed automatically
17:48 +3115: /home/albert/busystack/busymark/test/src/workspace_service_test.dart: Writerside topic loading honors the document limit
17:48 +3116: loading /home/albert/busystack/busymark/test/src/ai_policy_test.dart
17:48 +3116: /home/albert/busystack/busymark/test/src/ai_policy_test.dart: AI editing is enabled only for Markdown document kinds
17:48 +3117: /home/albert/busystack/busymark/test/src/ai_policy_test.dart: Markdown preservation accepts a prose-only replacement in the complete document
17:49 +3118: /home/albert/busystack/busymark/test/src/ai_policy_test.dart: Markdown preservation rejects swapped URL associations even when the URL set is equal
17:49 +3119: /home/albert/busystack/busymark/test/src/ai_policy_test.dart: Markdown preservation full-document validation catches edits made inside protected syntax
17:49 +3120: /home/albert/busystack/busymark/test/src/ai_policy_test.dart: Markdown preservation protects front matter, references, footnotes, tables, HTML and IDs
17:49 +3121: /home/albert/busystack/busymark/test/src/ai_policy_test.dart: Markdown preservation protects list and heading structure
17:49 +3122: /home/albert/busystack/busymark/test/src/ai_policy_test.dart: Markdown preservation protects implicit heading identifiers from prose rewrites
17:49 +3123: /home/albert/busystack/busymark/test/src/ai_policy_test.dart: the prompt contains only the context explicitly selected by the user
17:49 +3124: /home/albert/busystack/busymark/test/src/ai_policy_test.dart: instructions and direct prompts have explicit token budgets
17:49 +3125: /home/albert/busystack/busymark/test/src/ai_policy_test.dart: token estimates are independent from UTF-8 transport bytes
17:49 +3126: /home/albert/busystack/busymark/test/src/ai_policy_test.dart: generated-output byte limits are independent from provider tokens
17:49 +3127: /home/albert/busystack/busymark/test/src/ai_policy_test.dart: user-selected Markdown target and context selection target and block context remain independent
17:49 +3128: /home/albert/busystack/busymark/test/src/ai_policy_test.dart: user-selected Markdown target and context insert-after-block target can send no document context
17:49 +3129: /home/albert/busystack/busymark/test/src/ai_policy_test.dart: user-selected Markdown target and context current block can use complete-document context
17:49 +3130: /home/albert/busystack/busymark/test/src/ai_policy_test.dart: user-selected Markdown target and context current section includes descendants but not its sibling
17:49 +3131: /home/albert/busystack/busymark/test/src/ai_policy_test.dart: user-selected Markdown target and context complete-document target is explicit
17:49 +3132: /home/albert/busystack/busymark/test/src/ai_policy_test.dart: user-selected Markdown target and context partial protected selections are rejected instead of expanded
17:49 +3133: /home/albert/busystack/busymark/test/src/ai_policy_test.dart: user-selected Markdown target and context validation and application use the exact block insertion
17:49 +3134: /home/albert/busystack/busymark/test/src/ai_policy_test.dart: commit proposals require a bounded subject and blank separator
17:49 +3135: loading /home/albert/busystack/busymark/test/src/linux_window_host_test.dart
17:52 +3135: /home/albert/busystack/busymark/test/src/linux_window_host_test.dart: dialogs cover application header actions while system Close uses the guarded service
17:53 +3136: /home/albert/busystack/busymark/test/src/linux_window_host_test.dart: icon uses its physical GTK side and contributes to the inset
unhandled element <filter/>; Picture key: Svg loader
17:54 +3137: /home/albert/busystack/busymark/test/src/linux_window_host_test.dart: fallback application menu is absent while titlebar menu still works
17:54 +3138: /home/albert/busystack/busymark/test/src/linux_window_host_test.dart: window-state stream survives unrelated host rebuilds
17:54 +3139: /home/albert/busystack/busymark/test/src/linux_window_host_test.dart: normal maximize decoration has matching behavior
17:54 +3140: /home/albert/busystack/busymark/test/src/linux_window_host_test.dart: maximized maximize decoration has matching behavior
17:54 +3141: /home/albert/busystack/busymark/test/src/linux_window_host_test.dart: fullscreen maximize decoration has matching behavior
17:54 +3142: /home/albert/busystack/busymark/test/src/linux_window_host_test.dart: fullscreen titlebar double-click still restores
17:54 +3143: /home/albert/busystack/busymark/test/src/linux_window_host_test.dart: the document title itself handles titlebar double-click
17:54 +3144: /home/albert/busystack/busymark/test/src/linux_window_host_test.dart: live GTK layout removal retains each decoration identity
17:54 +3145: /home/albert/busystack/busymark/test/src/linux_window_host_test.dart: reduced motion settles maximize and restore icons (GTK=false)
17:54 +3146: /home/albert/busystack/busymark/test/src/linux_window_host_test.dart: reduced motion settles maximize and restore icons (GTK=true)
17:54 +3147: /home/albert/busystack/busymark/test/src/linux_window_host_test.dart: GTK reduced motion settles window-control hover immediately
17:54 +3148: /home/albert/busystack/busymark/test/src/linux_window_host_test.dart: enabling reduced motion settles an in-flight window icon morph
17:54 +3149: /home/albert/busystack/busymark/test/src/linux_window_host_test.dart: enabled motion retains the normal active-window fade
17:54 +3150: /home/albert/busystack/busymark/test/src/linux_window_host_test.dart: Flutter reduced motion settles the host fade immediately
17:54 +3151: /home/albert/busystack/busymark/test/src/linux_window_host_test.dart: GTK animation policy reaches the actual host overlay
17:54 +3152: /home/albert/busystack/busymark/test/src/linux_window_host_test.dart: enabling reduced motion stops a fade and later fades can run
17:54 +3153: loading /home/albert/busystack/busymark/test/src/editor_ui_primitives_audit_test.dart
17:56 +3153: /home/albert/busystack/busymark/test/src/editor_ui_primitives_audit_test.dart: source editor overlays use shared semantic surfaces
17:56 +3154: /home/albert/busystack/busymark/test/src/editor_ui_primitives_audit_test.dart: WYSIWYG content actions and table menus use shared controls
17:56 +3155: /home/albert/busystack/busymark/test/src/editor_ui_primitives_audit_test.dart: problems dialog delegates its list surface to shared grouping
17:57 +3156: loading /home/albert/busystack/busymark/test/src/writerside_document_test.dart
17:58 +3156: /home/albert/busystack/busymark/test/src/writerside_document_test.dart: complex Markdown retains semantic XML spans (protected=false)
17:58 +3157: /home/albert/busystack/busymark/test/src/writerside_document_test.dart: complex Markdown retains semantic XML spans (protected=true)
17:58 +3158: /home/albert/busystack/busymark/test/src/writerside_document_test.dart: Writerside heading aliases prefer exact IDs and reject ambiguity
17:58 +3159: /home/albert/busystack/busymark/test/src/writerside_document_test.dart: malformed semantic XML is still reported after a scanner mismatch
17:58 +3160: /home/albert/busystack/busymark/test/src/writerside_document_test.dart: lossless XML nodes preserve exact duplicate ranges and generic markup
17:58 +3161: /home/albert/busystack/busymark/test/src/writerside_document_test.dart: Writerside Markdown round-trips native and generic markup
17:58 +3162: /home/albert/busystack/busymark/test/src/writerside_document_test.dart: modified semantic XML reconstructs equivalent escaped markup
17:58 +3163: /home/albert/busystack/busymark/test/src/writerside_document_test.dart: modified conformance topic retains qualified namespace names
17:58 +3164: /home/albert/busystack/busymark/test/src/writerside_document_test.dart: resolver applies includes, filters, groups, variables, and cycles
17:58 +3165: /home/albert/busystack/busymark/test/src/writerside_document_test.dart: resolver negates the complete instance list
17:58 +3166: /home/albert/busystack/busymark/test/src/writerside_document_test.dart: XML list type is inherited by every list item
17:58 +3167: /home/albert/busystack/busymark/test/src/writerside_document_test.dart: XML lists retain numeric ordinals and their container identity
17:58 +3168: /home/albert/busystack/busymark/test/src/writerside_document_test.dart: repeated list includes have distinct occurrence IDs and original source spans
17:58 +3169: /home/albert/busystack/busymark/test/src/writerside_document_test.dart: workspace exposes resolver errors with exact source spans
17:58 +3170: loading /home/albert/busystack/busymark/test/src/writerside_api_test.dart
18:02 +3170: /home/albert/busystack/busymark/test/src/writerside_api_test.dart: platform-backed API model remains on the host path and transfers complete semantics
18:03 +3171: /home/albert/busystack/busymark/test/src/writerside_api_test.dart: API tags select operations through the existing OpenAPI parser
18:03 +3172: /home/albert/busystack/busymark/test/src/writerside_api_test.dart: API child selectors inherit the specification and preserve sample overrides
18:03 +3173: /home/albert/busystack/busymark/test/src/writerside_api_test.dart: API schemas resolve references and honor nesting depth
18:03 +3174: /home/albert/busystack/busymark/test/src/writerside_api_test.dart: schema and webhook elements are visible
18:03 +3175: /home/albert/busystack/busymark/test/src/writerside_api_test.dart: invalid API selection has a visible fallback and source diagnostic
18:03 +3176: loading /home/albert/busystack/busymark/test/src/local_history_store_test.dart
18:04 +3176: /home/albert/busystack/busymark/test/src/local_history_store_test.dart: capture commit guard rejects stale policy (memory=false)
18:04 +3177: /home/albert/busystack/busymark/test/src/local_history_store_test.dart: capture commit guard rejects stale policy (memory=true)
18:04 +3178: /home/albert/busystack/busymark/test/src/local_history_store_test.dart: real process contention waits and captures without a warning
18:20 +3179: /home/albert/busystack/busymark/test/src/local_history_store_test.dart: lock timeout closes acquisition and queues recover without late capture
18:24 +3180: /home/albert/busystack/busymark/test/src/local_history_store_test.dart: non-contention acquisition failure is prompt and closes the handle
18:24 +3181: /home/albert/busystack/busymark/test/src/local_history_store_test.dart: body contention-shaped error never replays the transaction
18:24 +3182: /home/albert/busystack/busymark/test/src/local_history_store_test.dart: independent production writers preserve both identities and revisions
18:30 +3183: /home/albert/busystack/busymark/test/src/local_history_store_test.dart: identity-targeted reconciliation cannot mutate process replacements
18:35 +3184: /home/albert/busystack/busymark/test/src/local_history_store_test.dart: identity-targeted reconciliation rejects an intervening process checkpoint
18:39 +3185: /home/albert/busystack/busymark/test/src/local_history_store_test.dart: promotion repair rechecks the stale owner atomically (memory=false)
18:39 +3186: /home/albert/busystack/busymark/test/src/local_history_store_test.dart: promotion repair rechecks the stale owner atomically (memory=true)
18:39 +3187: /home/albert/busystack/busymark/test/src/local_history_store_test.dart: persists full revisions and stable document identity across restart
18:39 +3188: /home/albert/busystack/busymark/test/src/local_history_store_test.dart: persists untitled first-save promotion without a new revision
18:40 +3189: /home/albert/busystack/busymark/test/src/local_history_store_test.dart: untitled promotion refuses an already-owned destination path
18:40 +3190: /home/albert/busystack/busymark/test/src/local_history_store_test.dart: deleted paths never own promotion, lookup, or remap
18:40 +3191: /home/albert/busystack/busymark/test/src/local_history_store_test.dart: deduplicates only adjacent ordinary captures and preserves A-B-A
18:40 +3192: /home/albert/busystack/busymark/test/src/local_history_store_test.dart: forced protective capture preserves an identical revision
18:40 +3193: /home/albert/busystack/busymark/test/src/local_history_store_test.dart: stable capture identity makes a protective retry idempotent
18:40 +3194: /home/albert/busystack/busymark/test/src/local_history_store_test.dart: idempotent capture stays complete after its lineage advances
18:40 +3195: /home/albert/busystack/busymark/test/src/local_history_store_test.dart: promotion retry accepts the same lineage after a later move
18:40 +3196: /home/albert/busystack/busymark/test/src/local_history_store_test.dart: atomic path preflight accepts the same target already reconciled elsewhere
18:40 +3197: /home/albert/busystack/busymark/test/src/local_history_store_test.dart: clearing one identity does not poison another identity capture
18:41 +3198: /home/albert/busystack/busymark/test/src/local_history_store_test.dart: repairs a damaged index from intact independently checksummed records
18:41 +3199: /home/albert/busystack/busymark/test/src/local_history_store_test.dart: repair rejects a record associated with a different document
18:41 +3200: /home/albert/busystack/busymark/test/src/local_history_store_test.dart: does not resurrect explicitly cleared revisions during repair
18:41 +3201: /home/albert/busystack/busymark/test/src/local_history_store_test.dart: rejects an unknown future index format without rewriting it
18:41 +3202: /home/albert/busystack/busymark/test/src/local_history_store_test.dart: age retention uses the injected capture time deterministically
18:41 +3203: /home/albert/busystack/busymark/test/src/local_history_store_test.dart: age retention is enforced when an idle store is reopened
18:41 +3204: /home/albert/busystack/busymark/test/src/local_history_store_test.dart: rename, directory move, delete, and per-document clearing retain lineage
18:41 +3205: /home/albert/busystack/busymark/test/src/local_history_store_test.dart: ID-bound captures cannot implicitly move document paths
18:42 +3206: /home/albert/busystack/busymark/test/src/local_history_store_test.dart: serializes concurrent captures without losing index entries
18:42 +3207: /home/albert/busystack/busymark/test/src/local_history_store_test.dart: oversized capture cannot evict the previous revision
18:43 +3208: /home/albert/busystack/busymark/test/src/local_history_store_test.dart: different paths with the same basename keep separate identities
18:43 +3209: /home/albert/busystack/busymark/test/src/local_history_store_test.dart: an intentional empty revision after content is retained
18:43 +3210: /home/albert/busystack/busymark/test/src/local_history_store_test.dart: missing and corrupt revision records do not damage intact entries
18:43 +3211: /home/albert/busystack/busymark/test/src/local_history_store_test.dart: incomplete staging artifacts are never discovered as revisions
18:43 +3212: /home/albert/busystack/busymark/test/src/local_history_store_test.dart: global clear tombstones prevent repair resurrection
18:43 +3213: /home/albert/busystack/busymark/test/src/local_history_store_test.dart: durable Clear All replay cannot erase post-clear history
18:43 +3214: /home/albert/busystack/busymark/test/src/local_history_store_test.dart: durable Clear Document replay cannot erase replacement history
18:43 +3215: /home/albert/busystack/busymark/test/src/local_history_store_test.dart: clear barrier rejects accepted pathless work from its lineage (memory=false)
18:44 +3216: /home/albert/busystack/busymark/test/src/local_history_store_test.dart: clear barrier retains a deleted document path without a replacement (memory=false)
18:44 +3217: /home/albert/busystack/busymark/test/src/local_history_store_test.dart: clear barrier rejects accepted pathless work from its lineage (memory=true)
18:44 +3218: /home/albert/busystack/busymark/test/src/local_history_store_test.dart: clear barrier retains a deleted document path without a replacement (memory=true)
18:44 +3219: /home/albert/busystack/busymark/test/src/local_history_store_test.dart: stable capture replay resolves identity before path checks (memory=false)
18:44 +3220: /home/albert/busystack/busymark/test/src/local_history_store_test.dart: stable capture replay resolves identity before path checks (memory=true)
18:44 +3221: /home/albert/busystack/busymark/test/src/local_history_store_test.dart: file capture rolls back cancellation during revision publication
18:44 +3222: /home/albert/busystack/busymark/test/src/local_history_store_test.dart: file dedup capture rolls back cancellation during index publication
18:44 +3223: /home/albert/busystack/busymark/test/src/local_history_store_test.dart: multiple store instances coordinate concurrent index publication
18:44 +3224: /home/albert/busystack/busymark/test/src/local_history_store_test.dart: storage permission failures surface without touching document data
18:44 +3225: /home/albert/busystack/busymark/test/src/local_history_store_test.dart: path exclusions use injected Windows path semantics
18:44 +3226: loading /home/albert/busystack/busymark/test/src/web_render_host_test.dart
18:45 +3226: /home/albert/busystack/busymark/test/src/web_render_host_test.dart: sends explicit request IDs and decodes a typed map response
18:45 +3227: /home/albert/busystack/busymark/test/src/web_render_host_test.dart: sends a MathJax batch in one cancellable host request
18:45 +3228: /home/albert/busystack/busymark/test/src/web_render_host_test.dart: scales the MathJax timeout for sequential batch conversion
18:45 +3229: /home/albert/busystack/busymark/test/src/web_render_host_test.dart: applies the scaled timeout to a maximum accepted batch
18:45 +3230: /home/albert/busystack/busymark/test/src/web_render_host_test.dart: cancels the matching native request and rejects a late success
18:45 +3231: /home/albert/busystack/busymark/test/src/web_render_host_test.dart: times out and requests native cancellation
18:45 +3232: /home/albert/busystack/busymark/test/src/web_render_host_test.dart: rejects an invalid native response shape
18:45 +3233: /home/albert/busystack/busymark/test/src/web_render_host_test.dart: decodes OpenAPI references with source locations
18:45 +3234: /home/albert/busystack/busymark/test/src/web_render_host_test.dart: sends PNG bytes to the native image clipboard
18:45 +3235: loading /home/albert/busystack/busymark/test/src/document_persistence_test.dart
18:48 +3235: /home/albert/busystack/busymark/test/src/document_persistence_test.dart: file-backed edits update final-newline metadata
18:48 +3236: /home/albert/busystack/busymark/test/src/document_persistence_test.dart: session store keeps tab state and pending history identity without text
18:53 +3237: /home/albert/busystack/busymark/test/src/document_persistence_test.dart: session merge keys first-save promotions by durable operation owner
18:53 +3238: /home/albert/busystack/busymark/test/src/document_persistence_test.dart: recovery store distinguishes clean and unclean runs
18:54 +3239: /home/albert/busystack/busymark/test/src/document_persistence_test.dart: recovery keeps valid entries when another record is malformed
18:54 +3240: /home/albert/busystack/busymark/test/src/document_persistence_test.dart: recovery ownership keeps same buffer IDs isolated by process
18:54 +3241: /home/albert/busystack/busymark/test/src/document_persistence_test.dart: restored dead-owner recovery is adopted and can be retired
18:54 +3242: /home/albert/busystack/busymark/test/src/document_persistence_test.dart: recovery state is written with private POSIX permissions
18:55 +3243: loading /home/albert/busystack/busymark/test/src/source_intrinsic_width_test.dart
18:55 +3243: /home/albert/busystack/busymark/test/src/source_intrinsic_width_test.dart: intrinsic width remeasures only edited source lines
18:56 +3244: /home/albert/busystack/busymark/test/src/source_intrinsic_width_test.dart: large source width uses a bounded estimate
18:56 +3245: loading /home/albert/busystack/busymark/test/src/search_replace_service_test.dart
18:59 +3245: /home/albert/busystack/busymark/test/src/search_replace_service_test.dart: Unicode regex replacement preserves complete characters
18:59 +3246: /home/albert/busystack/busymark/test/src/search_replace_service_test.dart: zero-length replacement limitation survives worker transfer
18:59 +3247: /home/albert/busystack/busymark/test/src/search_replace_service_test.dart: workspace replacement limit at 4999 actual matches
18:59 +3248: /home/albert/busystack/busymark/test/src/search_replace_service_test.dart: workspace replacement limit at 5000 actual matches
18:59 +3249: /home/albert/busystack/busymark/test/src/search_replace_service_test.dart: workspace replacement limit at 5001 actual matches
18:59 +3250: /home/albert/busystack/busymark/test/src/search_replace_service_test.dart: workspace replacement cancels a running expensive regex
18:59 +3251: /home/albert/busystack/busymark/test/src/search_replace_service_test.dart: workspace scope includes closed Writerside documents and ignores unrelated open files
18:59 +3252: /home/albert/busystack/busymark/test/src/search_replace_service_test.dart: previews and applies plain whole-word replacements
18:59 +3253: /home/albert/busystack/busymark/test/src/search_replace_service_test.dart: text replacement previews enforce their match limit
18:59 +3254: /home/albert/busystack/busymark/test/src/search_replace_service_test.dart: replacement worker expands one accepted regex match
18:59 +3255: /home/albert/busystack/busymark/test/src/search_replace_service_test.dart: replacement worker cancels stale plans
18:59 +3256: /home/albert/busystack/busymark/test/src/search_replace_service_test.dart: expands numbered and named regex capture groups
18:59 +3257: /home/albert/busystack/busymark/test/src/search_replace_service_test.dart: applies only selected preview matches
18:59 +3258: /home/albert/busystack/busymark/test/src/search_replace_service_test.dart: workspace preview uses dirty buffers and writes closed files
19:00 +3259: /home/albert/busystack/busymark/test/src/search_replace_service_test.dart: workspace apply skips stale dirty buffers
19:00 +3260: /home/albert/busystack/busymark/test/src/search_replace_service_test.dart: truncated workspace previews cannot be applied
19:00 +3261: /home/albert/busystack/busymark/test/src/search_replace_service_test.dart: stale later files abort before earlier files are changed
19:00 +3262: /home/albert/busystack/busymark/test/src/search_replace_service_test.dart: rollback preserves a concurrent edit and reports displaced content
19:00 +3263: /home/albert/busystack/busymark/test/src/search_replace_service_test.dart: workspace apply revalidates open buffers after disk writes
19:00 +3264: loading /home/albert/busystack/busymark/test/src/export_options_editor_test.dart
19:00 +3264: /home/albert/busystack/busymark/test/src/export_options_editor_test.dart: Escape closes Export before a control receives focus
19:02 +3265: /home/albert/busystack/busymark/test/src/export_options_editor_test.dart: Export keeps breathing room below its final option
19:02 +3266: /home/albert/busystack/busymark/test/src/export_options_editor_test.dart: Markdown PDF loads confirmed settings and shares controls
19:03 +3267: /home/albert/busystack/busymark/test/src/export_options_editor_test.dart: Writerside PDF loads confirmed settings and shares controls
19:04 +3268: /home/albert/busystack/busymark/test/src/export_options_editor_test.dart: Markdown HTML loads confirmed settings and shares controls
19:04 +3269: /home/albert/busystack/busymark/test/src/export_options_editor_test.dart: Writerside HTML loads confirmed settings and shares controls
19:05 +3270: /home/albert/busystack/busymark/test/src/export_options_editor_test.dart: one Export modal switches between PDF and HTML
19:05 +3271: /home/albert/busystack/busymark/test/src/export_options_editor_test.dart: custom geometry controls, TOC enablement and invalid input at minimum size
19:06 +3272: /home/albert/busystack/busymark/test/src/export_options_editor_test.dart: cancelling settings does not confirm or persist edits
19:06 +3273: /home/albert/busystack/busymark/test/src/export_options_editor_test.dart: JSON settings store retains both format settings across controllers
19:07 +3274: loading /home/albert/busystack/busymark/test/src/writerside_toc_menu_test.dart
19:07 +3274: /home/albert/busystack/busymark/test/src/writerside_toc_menu_test.dart: existing-topic picker filters names and selects by keyboard
19:09 +3275: /home/albert/busystack/busymark/test/src/writerside_toc_menu_test.dart: picker returns the supplied topic identity for duplicate names
19:09 +3276: /home/albert/busystack/busymark/test/src/writerside_toc_menu_test.dart: Group keeps raw input and Enter-only acceptance
19:09 +3277: /home/albert/busystack/busymark/test/src/writerside_toc_menu_test.dart: rename preserves validation and Preview/Refactor results
19:09 +3278: /home/albert/busystack/busymark/test/src/writerside_toc_menu_test.dart: nested menus use the native host in TextDirection.rtl
19:10 +3279: /home/albert/busystack/busymark/test/src/writerside_toc_menu_test.dart: unavailable-host fallback supports keyboard and Escape in TextDirection.rtl
19:10 +3280: /home/albert/busystack/busymark/test/src/writerside_toc_menu_test.dart: nested menus use the native host in TextDirection.ltr
19:10 +3281: /home/albert/busystack/busymark/test/src/writerside_toc_menu_test.dart: unavailable-host fallback supports keyboard and Escape in TextDirection.ltr
19:11 +3282: loading /home/albert/busystack/busymark/test/src/native_writerside_dialog_source_test.dart
19:11 +3282: /home/albert/busystack/busymark/test/src/native_writerside_dialog_source_test.dart: Linux Writerside title and duplicate dialogs are GTK-owned
19:13 +3283: /home/albert/busystack/busymark/test/src/native_writerside_dialog_source_test.dart: GTK Writerside contents follow application direction, filenames stay LTR
19:14 +3284: loading /home/albert/busystack/busymark/test/src/wysiwyg_rtl_test.dart
19:14 +3284: /home/albert/busystack/busymark/test/src/wysiwyg_rtl_test.dart: raw HTML preserves inherited and overridden block directions
19:15 +3285: /home/albert/busystack/busymark/test/src/wysiwyg_rtl_test.dart: preview model retains HTML direction for code and quotes
19:15 +3286: /home/albert/busystack/busymark/test/src/wysiwyg_rtl_test.dart: rendered HTML honors rtl, ltr, and auto directions
19:15 +3287: /home/albert/busystack/busymark/test/src/wysiwyg_rtl_test.dart: nested WYSIWYG blocks indent from the RTL start edge
19:16 +3288: /home/albert/busystack/busymark/test/src/wysiwyg_rtl_test.dart: English prose stays LTR in a Persian RTL UI and navigates LTR
19:16 +3289: /home/albert/busystack/busymark/test/src/wysiwyg_rtl_test.dart: Arabic prose stays RTL in an English UI and navigates RTL
19:16 +3290: /home/albert/busystack/busymark/test/src/wysiwyg_rtl_test.dart: raw Writerside technical blocks stay LTR with Arabic content
19:17 +3291: /home/albert/busystack/busymark/test/src/wysiwyg_rtl_test.dart: rendered Arabic HTML without dir follows its content
19:17 +3292: /home/albert/busystack/busymark/test/src/wysiwyg_rtl_test.dart: WYSIWYG technical dialog inputs stay LTR in an RTL UI
19:17 +3293: /home/albert/busystack/busymark/test/src/wysiwyg_rtl_test.dart: RTL horizontal arrows cross paragraph boundaries visually
19:18 +3294: /home/albert/busystack/busymark/test/src/wysiwyg_rtl_test.dart: RTL Ctrl+Shift+Arrow extends word selection across paragraphs
19:18 +3295: /home/albert/busystack/busymark/test/src/wysiwyg_rtl_test.dart: code blocks stay LTR and use LTR boundary arrows in RTL UI
19:18 +3296: /home/albert/busystack/busymark/test/src/wysiwyg_rtl_test.dart: rendered HTML pre is LTR unless dir overrides it
19:18 +3297: /home/albert/busystack/busymark/test/src/wysiwyg_rtl_test.dart: RTL prefix hit testing maps the text start at the right edge
19:18 +3298: loading /home/albert/busystack/busymark/test/src/ai_edit_ui_test.dart
19:19 +3298: /home/albert/busystack/busymark/test/src/ai_edit_ui_test.dart: remote source AI proposal applies with logical identity
19:20 +3299: /home/albert/busystack/busymark/test/src/ai_edit_ui_test.dart: remote WYSIWYG AI proposal applies with logical identity
19:21 +3300: /home/albert/busystack/busymark/test/src/ai_edit_ui_test.dart: document-only AI snapshot opens a usable configuration
19:21 +3301: /home/albert/busystack/busymark/test/src/ai_edit_ui_test.dart: AI configuration uses native rows without duplicate choices
19:21 +3302: /home/albert/busystack/busymark/test/src/ai_edit_ui_test.dart: Refine with AI sends the explicitly selected model
19:22 +3303: /home/albert/busystack/busymark/test/src/ai_edit_ui_test.dart: AI proposal uses an explicitly selected provider
19:22 +3304: /home/albert/busystack/busymark/test/src/ai_edit_ui_test.dart: provider chooser exposes only configured providers
19:22 +3305: /home/albert/busystack/busymark/test/src/ai_edit_ui_test.dart: configured local provider remains available when Gemini is default
19:22 +3306: /home/albert/busystack/busymark/test/src/ai_edit_ui_test.dart: fixed AI target cannot widen a sidebar selection
19:22 +3307: /home/albert/busystack/busymark/test/src/ai_edit_ui_test.dart: proposal Apply refuses stale external source content
19:22 +3308: loading /home/albert/busystack/busymark/test/src/writerside_input_snapshot_test.dart
19:23 +3308: /home/albert/busystack/busymark/test/src/writerside_input_snapshot_test.dart: remaining observations partial prefix grows compatibly
19:24 +3309: /home/albert/busystack/busymark/test/src/writerside_input_snapshot_test.dart: remaining observations partial becomes complete and clears marker
19:24 +3310: /home/albert/busystack/busymark/test/src/writerside_input_snapshot_test.dart: remaining observations identical complete listings remain consistent
19:24 +3311: /home/albert/busystack/busymark/test/src/writerside_input_snapshot_test.dart: remaining observations incompatible repeated listing rejects
19:24 +3312: /home/albert/busystack/busymark/test/src/writerside_input_snapshot_test.dart: remaining observations known failed prefix recovers completely
19:24 +3313: /home/albert/busystack/busymark/test/src/writerside_input_snapshot_test.dart: remaining observations failure without a known prefix cannot prove recovery
19:24 +3314: /home/albert/busystack/busymark/test/src/writerside_input_snapshot_test.dart: remaining observations successful listing followed by failure rejects
19:24 +3315: /home/albert/busystack/busymark/test/src/writerside_input_snapshot_test.dart: remaining observations real entry replacement between complete reads rejects
19:24 +3316: /home/albert/busystack/busymark/test/src/writerside_input_snapshot_test.dart: remaining observations real entry removal between complete reads rejects
19:24 +3317: /home/albert/busystack/busymark/test/src/writerside_input_snapshot_test.dart: remaining observations shorter compatible scan keeps stronger proof
19:24 +3318: /home/albert/busystack/busymark/test/src/writerside_input_snapshot_test.dart: remaining observations complete proof survives compatible limited rescan
19:24 +3319: /home/albert/busystack/busymark/test/src/writerside_input_snapshot_test.dart: remaining observations partial rescan cannot erase a previous failure
19:24 +3320: /home/albert/busystack/busymark/test/src/writerside_input_snapshot_test.dart: remaining observations complete recovery must retain failed-prefix entries
19:24 +3321: /home/albert/busystack/busymark/test/src/writerside_input_snapshot_test.dart: remaining observations shorter failed retry retains its consumed prefix
19:24 +3322: loading /home/albert/busystack/busymark/test/src/asset_ingestion_service_test.dart
19:26 +3322: /home/albert/busystack/busymark/test/src/asset_ingestion_service_test.dart: ingests workspace images with safe names and portable paths
19:26 +3323: /home/albert/busystack/busymark/test/src/asset_ingestion_service_test.dart: reuses identical assets and resolves name collisions
19:27 +3324: /home/albert/busystack/busymark/test/src/asset_ingestion_service_test.dart: overlapping identical publications keep the committed owner
19:27 +3325: /home/albert/busystack/busymark/test/src/asset_ingestion_service_test.dart: overlapping different publications keep the committed owner
19:27 +3326: /home/albert/busystack/busymark/test/src/asset_ingestion_service_test.dart: separate processes protect identical pending publications with equal filenames
19:31 +3327: /home/albert/busystack/busymark/test/src/asset_ingestion_service_test.dart: separate processes protect different pending publications with equal filenames
19:34 +3328: /home/albert/busystack/busymark/test/src/asset_ingestion_service_test.dart: failed publication releases only its own filesystem reservation
19:37 +3329: /home/albert/busystack/busymark/test/src/asset_ingestion_service_test.dart: terminated provisional owner remains reserved across processes
19:41 +3330: /home/albert/busystack/busymark/test/src/asset_ingestion_service_test.dart: rollback cannot delete an asset after its publication is committed
19:41 +3331: /home/albert/busystack/busymark/test/src/asset_ingestion_service_test.dart: uses the configured Writerside images directory
19:41 +3332: /home/albert/busystack/busymark/test/src/asset_ingestion_service_test.dart: restores retained Writerside video bytes without widening image paste
19:41 +3333: /home/albert/busystack/busymark/test/src/asset_ingestion_service_test.dart: requires saving untitled documents and rejects non-images
19:41 +3334: loading /home/albert/busystack/busymark/test/src/ai_test.dart
19:42 +3334: /home/albert/busystack/busymark/test/src/ai_test.dart: local endpoint policy allows literal loopback and localhost origins
19:42 +3335: /home/albert/busystack/busymark/test/src/ai_test.dart: local endpoint policy rejects remote, credential-bearing, and path endpoints
19:42 +3336: /home/albert/busystack/busymark/test/src/ai_test.dart: prompt serializes untrusted document data as a JSON field
19:42 +3337: /home/albert/busystack/busymark/test/src/ai_test.dart: plain-text edit prompts never request Markdown
19:42 +3338: /home/albert/busystack/busymark/test/src/ai_test.dart: Markdown proposal guard accepts prose edits that retain protected Markdown
19:42 +3339: /home/albert/busystack/busymark/test/src/ai_test.dart: Markdown proposal guard rejects changed links and fenced code
19:42 +3340: /home/albert/busystack/busymark/test/src/ai_test.dart: Markdown proposal guard protects fences with longer valid closing markers
19:42 +3341: /home/albert/busystack/busymark/test/src/ai_test.dart: NDJSON decoder handles UTF-8 and JSON split across arbitrary byte chunks
19:42 +3342: /home/albert/busystack/busymark/test/src/ai_test.dart: NDJSON decoder rejects malformed records and oversized responses
19:42 +3343: /home/albert/busystack/busymark/test/src/ai_test.dart: Ollama provider lists models and streams chat content and usage
19:42 +3344: /home/albert/busystack/busymark/test/src/ai_test.dart: Ollama provider stops at completion and ignores trailing stream records
19:42 +3345: /home/albert/busystack/busymark/test/src/ai_test.dart: Ollama provider uses the documented low thinking level for GPT-OSS
19:42 +3346: /home/albert/busystack/busymark/test/src/ai_test.dart: Ollama provider bounds the model-list response while reading it
19:42 +3347: /home/albert/busystack/busymark/test/src/ai_test.dart: Ollama provider rejects redirects without following them
19:42 +3348: /home/albert/busystack/busymark/test/src/ai_test.dart: Ollama provider does not list or run Ollama cloud models
19:42 +3349: /home/albert/busystack/busymark/test/src/ai_test.dart: Ollama provider cancellation interrupts a silent response stream
19:42 +3350: /home/albert/busystack/busymark/test/src/ai_test.dart: coordinator cancels the older request for the same target
19:42 +3351: /home/albert/busystack/busymark/test/src/ai_test.dart: coordinator rejects a provider stream without completion
19:42 +3352: loading /home/albert/busystack/busymark/test/src/wysiwyg_structured_regression_test.dart
19:45 +3352: /home/albert/busystack/busymark/test/src/wysiwyg_structured_regression_test.dart: formatting a URL suffix retains the complete live link and round trips
19:47 +3353: /home/albert/busystack/busymark/test/src/wysiwyg_structured_regression_test.dart: Enter URL recognition preserves formatting, literal syntax, anchors, breaks and descendants
19:47 +3354: /home/albert/busystack/busymark/test/src/wysiwyg_structured_regression_test.dart: Enter recognition preserves formatting within a URL and does not enter math fields
19:47 +3355: /home/albert/busystack/busymark/test/src/wysiwyg_structured_regression_test.dart: text whitespace preservation metadata follows pasted whitespace
19:47 +3356: /home/albert/busystack/busymark/test/src/wysiwyg_structured_regression_test.dart: paste-only whitespace keeps list descendants exactly once
19:47 +3357: /home/albert/busystack/busymark/test/src/wysiwyg_structured_regression_test.dart: plain whitespace paste keeps list descendants through Undo and Redo
19:51 +3358: /home/albert/busystack/busymark/test/src/wysiwyg_structured_regression_test.dart: replacement scope distinguishes a heading field from its document block
19:51 +3359: /home/albert/busystack/busymark/test/src/wysiwyg_structured_regression_test.dart: complete blocks inserted in list content retain every descendant
19:51 +3360: /home/albert/busystack/busymark/test/src/wysiwyg_structured_regression_test.dart: generic block commands cannot convert tables or preserved raw blocks
19:51 +3361: /home/albert/busystack/busymark/test/src/wysiwyg_structured_regression_test.dart: nested list-to-blockquote conversion preserves parent text
19:51 +3362: /home/albert/busystack/busymark/test/src/wysiwyg_structured_regression_test.dart: every admonition style preserves nested list parent text
19:51 +3363: /home/albert/busystack/busymark/test/src/wysiwyg_structured_regression_test.dart: Backspace merge preserves the current list item descendants
19:51 +3364: /home/albert/busystack/busymark/test/src/wysiwyg_structured_regression_test.dart: Backspace merge preserves descendants of an empty list item
19:51 +3365: /home/albert/busystack/busymark/test/src/wysiwyg_structured_regression_test.dart: Backspace rejects a merge that cannot represent descendants
19:51 +3366: /home/albert/busystack/busymark/test/src/wysiwyg_structured_regression_test.dart: complete clipboard snapshots reconstruct a table transactionally
19:51 +3367: /home/albert/busystack/busymark/test/src/wysiwyg_structured_regression_test.dart: same-editor cut and paste preserves complete tables
19:51 +3368: /home/albert/busystack/busymark/test/src/wysiwyg_structured_regression_test.dart: table cell edits normalize every newline form before updating
19:51 +3369: /home/albert/busystack/busymark/test/src/wysiwyg_structured_regression_test.dart: table cell edits preserve block-marker prefixes as literal text
19:51 +3370: /home/albert/busystack/busymark/test/src/wysiwyg_structured_regression_test.dart: ordinary table cell edits preserve formatting and links
19:51 +3371: /home/albert/busystack/busymark/test/src/wysiwyg_structured_regression_test.dart: ordinary cell edits retain toolbar-applied formatting
19:51 +3372: /home/albert/busystack/busymark/test/src/wysiwyg_structured_regression_test.dart: structural edits preserve empty-alt inline images
19:51 +3373: /home/albert/busystack/busymark/test/src/wysiwyg_structured_regression_test.dart: structural edits preserve existing hard line breaks
19:51 +3374: /home/albert/busystack/busymark/test/src/wysiwyg_structured_regression_test.dart: editing preserves a literal bang before an inline link
19:51 +3375: /home/albert/busystack/busymark/test/src/wysiwyg_structured_regression_test.dart: editing escapes block syntax at the start of a list item
19:51 +3376: /home/albert/busystack/busymark/test/src/wysiwyg_structured_regression_test.dart: table field edits preserve rendered formatting and links
19:51 +3377: /home/albert/busystack/busymark/test/src/wysiwyg_structured_regression_test.dart: table fields reject multiline input and reconcile the model
19:52 +3378: /home/albert/busystack/busymark/test/src/wysiwyg_structured_regression_test.dart: table fields preserve block-marker-prefixed cell values
19:52 +3379: /home/albert/busystack/busymark/test/src/wysiwyg_structured_regression_test.dart: exact source ranges select repeated text and table cells
19:52 +3380: /home/albert/busystack/busymark/test/src/wysiwyg_structured_regression_test.dart: exact source navigation rebases spans after earlier edits
19:53 +3381: /home/albert/busystack/busymark/test/src/wysiwyg_structured_regression_test.dart: source navigation expands collapsed Writerside ancestors
19:53 +3382: /home/albert/busystack/busymark/test/src/wysiwyg_structured_regression_test.dart: outline navigation expands a collapsed heading ancestor
19:53 +3383: /home/albert/busystack/busymark/test/src/wysiwyg_structured_regression_test.dart: table cells own shortcuts, formatting, and restored selection
19:53 +3384: /home/albert/busystack/busymark/test/src/wysiwyg_structured_regression_test.dart: external undo groups continuous typing but not transactions
19:53 +3385: /home/albert/busystack/busymark/test/src/wysiwyg_structured_regression_test.dart: external history coalesces editor typing without local copies
19:53 +3386: /home/albert/busystack/busymark/test/src/wysiwyg_structured_regression_test.dart: undo controllers are disposed when blocks disappear
19:53 +3387: loading /home/albert/busystack/busymark/test/src/ai_cloud_provider_test.dart
19:54 +3387: /home/albert/busystack/busymark/test/src/ai_cloud_provider_test.dart: SSE decoder handles split UTF-8 frames and multiline data
19:54 +3388: /home/albert/busystack/busymark/test/src/ai_cloud_provider_test.dart: OpenAI Responses adapter is stateless and maps text and usage
19:54 +3389: /home/albert/busystack/busymark/test/src/ai_cloud_provider_test.dart: Gemini Interactions adapter uses stable v1 and text deltas only
19:54 +3390: /home/albert/busystack/busymark/test/src/ai_cloud_provider_test.dart: cloud provider never includes a secret in surfaced failures
19:54 +3391: /home/albert/busystack/busymark/test/src/ai_cloud_provider_test.dart: cloud provider rejects malformed usage records
19:54 +3392: /home/albert/busystack/busymark/test/src/ai_cloud_provider_test.dart: Gemini rejects an incomplete status update
19:54 +3393: /home/albert/busystack/busymark/test/src/ai_cloud_provider_test.dart: cloud provider rejects EOF without a typed completion event
19:58 +3394: loading /home/albert/busystack/busymark/test/src/modal_barrier_test.dart
19:59 +3394: /home/albert/busystack/busymark/test/src/modal_barrier_test.dart: Brightness.light modal barriers use the semantic shade role
20:03 +3395: /home/albert/busystack/busymark/test/src/modal_barrier_test.dart: Brightness.dark modal barriers use the semantic shade role
20:03 +3396: loading /home/albert/busystack/busymark/test/src/native_menu_service_test.dart
20:03 +3396: /home/albert/busystack/busymark/test/src/native_menu_service_test.dart: show serializes native menu presentation and returns its selection
20:06 +3397: /home/albert/busystack/busymark/test/src/native_menu_service_test.dart: dismiss is scoped to the native menu session
20:06 +3398: /home/albert/busystack/busymark/test/src/native_menu_service_test.dart: missing native host reports unavailable for a themed fallback
20:07 +3399: loading /home/albert/busystack/busymark/test/src/workspace_controller_test.dart
20:11 +3399: /home/albert/busystack/busymark/test/src/workspace_controller_test.dart: Writerside tab preparation loads once and current activation loads zero
20:15 +3400: /home/albert/busystack/busymark/test/src/workspace_controller_test.dart: configuration preview does not reparse in a derived loop and closing all buffers relinquishes overlays
20:15 +3401: /home/albert/busystack/busymark/test/src/workspace_controller_test.dart: closing all Writerside tabs completes override relinquishment
20:15 +3402: /home/albert/busystack/busymark/test/src/workspace_controller_test.dart: closed-tab reconciliation rejects obsolete disk models and keeps tabs closed
20:16 +3403: /home/albert/busystack/busymark/test/src/workspace_controller_test.dart: Writerside preparation rejects obsolete full input state: active
20:16 +3404: /home/albert/busystack/busymark/test/src/workspace_controller_test.dart: Writerside preparation rejects obsolete full input state: inactive
20:16 +3405: /home/albert/busystack/busymark/test/src/workspace_controller_test.dart: Writerside preparation rejects obsolete full input state: closure
20:16 +3406: /home/albert/busystack/busymark/test/src/workspace_controller_test.dart: Writerside preparation rejects obsolete full input state: workspace
20:16 +3407: /home/albert/busystack/busymark/test/src/workspace_controller_test.dart: Writerside preparation rejects obsolete full input state: external
20:17 +3408: /home/albert/busystack/busymark/test/src/workspace_controller_test.dart: Writerside preparation rejects obsolete full input state: disposal
20:18 +3409: /home/albert/busystack/busymark/test/src/workspace_controller_test.dart: rapid Writerside activation keeps derived work bounded and publishes the latest request
20:18 +3410: /home/albert/busystack/busymark/test/src/workspace_controller_test.dart: covered creation notifications are acknowledged, external same-size writes remain visible
20:19 +3411: /home/albert/busystack/busymark/test/src/workspace_controller_test.dart: a failed mutation cannot acknowledge its write notifications
20:19 +3412: /home/albert/busystack/busymark/test/src/workspace_controller_test.dart: quarantine and duplicate delayed deletion events acknowledge incorporated absence
20:20 +3413: /home/albert/busystack/busymark/test/src/workspace_controller_test.dart: an external same-size write during acknowledgement invalidates the consumed fingerprint
20:21 +3414: /home/albert/busystack/busymark/test/src/workspace_controller_test.dart: disposal during covered notification verification is safe: anchor
20:21 +3415: /home/albert/busystack/busymark/test/src/workspace_controller_test.dart: disposal during covered notification verification is safe: disk
20:21 +3416: /home/albert/busystack/busymark/test/src/workspace_controller_test.dart: covered TOC removal notifications require no subsequent module processing
20:22 +3417: /home/albert/busystack/busymark/test/src/workspace_controller_test.dart: remaining removal replacement accepts clean navigation return=false
20:22 +3418: /home/albert/busystack/busymark/test/src/workspace_controller_test.dart: remaining removal replacement accepts clean navigation return=true
20:23 +3419: /home/albert/busystack/busymark/test/src/workspace_controller_test.dart: remaining removal quarantine accepts clean navigation return=false
20:23 +3420: /home/albert/busystack/busymark/test/src/workspace_controller_test.dart: remaining removal quarantine accepts clean navigation return=true
20:23 +3421: /home/albert/busystack/busymark/test/src/workspace_controller_test.dart: remaining removal final deletion accepts clean navigation return=false
20:23 +3422: /home/albert/busystack/busymark/test/src/workspace_controller_test.dart: remaining removal final deletion accepts clean navigation return=true
20:23 +3423: /home/albert/busystack/busymark/test/src/workspace_controller_test.dart: remaining removal replacement rejects inactive edit after clean navigation
20:23 +3424: /home/albert/busystack/busymark/test/src/workspace_controller_test.dart: remaining removal replacement rejects reopen after clean navigation
20:24 +3425: /home/albert/busystack/busymark/test/src/workspace_controller_test.dart: remaining removal replacement rejects close all after clean navigation
20:24 +3426: /home/albert/busystack/busymark/test/src/workspace_controller_test.dart: remaining removal replacement rejects dispose after clean navigation
20:24 +3427: /home/albert/busystack/busymark/test/src/workspace_controller_test.dart: remaining removal replacement rejects disk input after clean navigation
20:24 +3428: /home/albert/busystack/busymark/test/src/workspace_controller_test.dart: remaining removal quarantine rejects inactive edit after clean navigation
20:24 +3429: /home/albert/busystack/busymark/test/src/workspace_controller_test.dart: remaining removal quarantine rejects reopen after clean navigation
20:24 +3430: /home/albert/busystack/busymark/test/src/workspace_controller_test.dart: remaining removal quarantine rejects close all after clean navigation
20:25 +3431: /home/albert/busystack/busymark/test/src/workspace_controller_test.dart: remaining removal quarantine rejects dispose after clean navigation
20:25 +3432: /home/albert/busystack/busymark/test/src/workspace_controller_test.dart: remaining removal quarantine rejects disk input after clean navigation
20:25 +3433: /home/albert/busystack/busymark/test/src/workspace_controller_test.dart: remaining removal final deletion rejects inactive edit after clean navigation
20:25 +3434: /home/albert/busystack/busymark/test/src/workspace_controller_test.dart: remaining removal final deletion rejects reopen after clean navigation
20:25 +3435: /home/albert/busystack/busymark/test/src/workspace_controller_test.dart: remaining removal final deletion rejects close all after clean navigation
20:25 +3436: /home/albert/busystack/busymark/test/src/workspace_controller_test.dart: remaining removal final deletion rejects dispose after clean navigation
20:25 +3437: /home/albert/busystack/busymark/test/src/workspace_controller_test.dart: remaining removal final deletion rejects disk input after clean navigation
20:25 +3438: /home/albert/busystack/busymark/test/src/workspace_controller_test.dart: remaining resource discovery presents stable limited inputs
20:26 +3439: /home/albert/busystack/busymark/test/src/workspace_controller_test.dart: correction removal replacement rejects edit during verification
20:26 +3440: /home/albert/busystack/busymark/test/src/workspace_controller_test.dart: correction removal replacement rejects inactive edit during verification
20:26 +3441: /home/albert/busystack/busymark/test/src/workspace_controller_test.dart: correction removal replacement rejects workspace replacement during verification
20:26 +3442: /home/albert/busystack/busymark/test/src/workspace_controller_test.dart: correction removal replacement rejects same-project reopening during verification
20:26 +3443: /home/albert/busystack/busymark/test/src/workspace_controller_test.dart: correction removal quarantine rejects edit during verification
20:26 +3444: /home/albert/busystack/busymark/test/src/workspace_controller_test.dart: correction removal quarantine rejects inactive edit during verification
20:26 +3445: /home/albert/busystack/busymark/test/src/workspace_controller_test.dart: correction removal quarantine rejects workspace replacement during verification
20:26 +3446: /home/albert/busystack/busymark/test/src/workspace_controller_test.dart: correction removal quarantine rejects same-project reopening during verification
20:26 +3447: /home/albert/busystack/busymark/test/src/workspace_controller_test.dart: correction removal final deletion rejects edit during verification
20:27 +3448: /home/albert/busystack/busymark/test/src/workspace_controller_test.dart: correction removal final deletion rejects inactive edit during verification
20:27 +3449: /home/albert/busystack/busymark/test/src/workspace_controller_test.dart: correction removal final deletion rejects workspace replacement during verification
20:27 +3450: /home/albert/busystack/busymark/test/src/workspace_controller_test.dart: correction removal final deletion rejects same-project reopening during verification
20:27 +3451: /home/albert/busystack/busymark/test/src/workspace_controller_test.dart: correction deletion reconciliation preserves a newer accepted edit disk before refresh inactive=false
20:27 +3452: /home/albert/busystack/busymark/test/src/workspace_controller_test.dart: correction deletion reconciliation preserves a newer accepted edit disk before refresh inactive=true
20:27 +3453: /home/albert/busystack/busymark/test/src/workspace_controller_test.dart: correction deletion reconciliation preserves a newer accepted edit preparation after disk scan inactive=false
20:27 +3454: /home/albert/busystack/busymark/test/src/workspace_controller_test.dart: correction deletion reconciliation preserves a newer accepted edit preparation after disk scan inactive=true
20:28 +3455: /home/albert/busystack/busymark/test/src/workspace_controller_test.dart: correction initial open recovers model/read mismatch automatic=false
20:28 +3456: /home/albert/busystack/busymark/test/src/workspace_controller_test.dart: correction initial open recovers model/read mismatch automatic=true
20:28 +3457: /home/albert/busystack/busymark/test/src/workspace_controller_test.dart: correction initial creation recovers model/read mismatch automatic=false
20:28 +3458: /home/albert/busystack/busymark/test/src/workspace_controller_test.dart: correction initial creation recovers model/read mismatch automatic=true
20:28 +3459: /home/albert/busystack/busymark/test/src/workspace_controller_test.dart: correction limited preparation rejects superseded inactive edit
20:28 +3460: /home/albert/busystack/busymark/test/src/workspace_controller_test.dart: correction limited preparation rejects superseded configuration write
20:28 +3461: /home/albert/busystack/busymark/test/src/workspace_controller_test.dart: correction discovery refresh keeps the live selected instance through reconciliation
20:28 +3462: /home/albert/busystack/busymark/test/src/workspace_controller_test.dart: correction incomplete tree traversal publishes readable edited content and settles limit=4
20:29 +3463: /home/albert/busystack/busymark/test/src/workspace_controller_test.dart: correction incomplete tree traversal publishes readable edited content and settles limit=2
20:30 +3464: /home/albert/busystack/busymark/test/src/workspace_controller_test.dart: Welcome creation cannot overwrite an edit made during history flush
20:30 +3465: /home/albert/busystack/busymark/test/src/workspace_controller_test.dart: starting a Welcome workspace cannot discard a dirty buffer
20:30 +3466: /home/albert/busystack/busymark/test/src/workspace_controller_test.dart: Welcome replaces clean buffers but workspace New remains additive
20:30 +3467: /home/albert/busystack/busymark/test/src/workspace_controller_test.dart: Safe Delete closes the topic buffer, selects a survivor, and records history
20:30 +3468: /home/albert/busystack/busymark/test/src/workspace_controller_test.dart: Safe Delete journal removes the deleted tab after refresh failure restart
20:30 +3469: /home/albert/busystack/busymark/test/src/workspace_controller_test.dart: TOC writes reject an inactive dirty tree without discarding either buffer
20:30 +3470: /home/albert/busystack/busymark/test/src/workspace_controller_test.dart: TOC creation defers its monitor events until the new document is open
20:31 +3471: /home/albert/busystack/busymark/test/src/workspace_controller_test.dart: Markdown topic import opens its first topic in an editable buffer
20:31 +3472: /home/albert/busystack/busymark/test/src/workspace_controller_test.dart: failed Markdown import preserves the active document and workspace
20:31 +3473: /home/albert/busystack/busymark/test/src/workspace_controller_test.dart: Validate publishes a valid table containing an escaped pipe
20:31 +3474: /home/albert/busystack/busymark/test/src/workspace_controller_test.dart: validation reports stale, busy and failed outcomes without publishing old results
20:31 +3475: /home/albert/busystack/busymark/test/src/workspace_controller_test.dart: validation preserves the latest runtime diagnostic change: clear=false
20:31 +3476: /home/albert/busystack/busymark/test/src/workspace_controller_test.dart: validation preserves the latest runtime diagnostic change: clear=true
20:31 +3477: /home/albert/busystack/busymark/test/src/workspace_controller_test.dart: math callbacks from an older editor revision cannot republish errors
20:31 +3478: /home/albert/busystack/busymark/test/src/workspace_controller_test.dart: Markdown validation uses the unsaved linked tab snapshot
20:31 +3479: /home/albert/busystack/busymark/test/src/workspace_controller_test.dart: discarding an inactive Writerside tab restores disk dependencies: savedAnchor=true
20:31 +3480: /home/albert/busystack/busymark/test/src/workspace_controller_test.dart: discarding an inactive Writerside tab restores disk dependencies: savedAnchor=false
20:31 +3481: /home/albert/busystack/busymark/test/src/workspace_controller_test.dart: Writerside rename stages verified edits across unsaved tabs with undo
20:32 +3482: /home/albert/busystack/busymark/test/src/workspace_controller_test.dart: records opened Markdown files by file path in recent workspaces
20:32 +3483: /home/albert/busystack/busymark/test/src/workspace_controller_test.dart: records opened folders by folder path in recent workspaces
20:32 +3484: /home/albert/busystack/busymark/test/src/workspace_controller_test.dart: workspace file operations refresh and preserve active moved files
20:32 +3485: /home/albert/busystack/busymark/test/src/workspace_controller_test.dart: creates an unsaved Markdown file without adding it to recent
20:32 +3486: /home/albert/busystack/busymark/test/src/workspace_controller_test.dart: creates CommonMark inside Writerside without replacing project or dirty topic
20:32 +3487: /home/albert/busystack/busymark/test/src/workspace_controller_test.dart: identical untitled buffers remain distinct by buffer id
20:32 +3488: /home/albert/busystack/busymark/test/src/workspace_controller_test.dart: delayed untitled preview cannot publish into another untitled tab
20:32 +3489: /home/albert/busystack/busymark/test/src/workspace_controller_test.dart: new Markdown files leave preview mode for editor mode
20:32 +3490: /home/albert/busystack/busymark/test/src/workspace_controller_test.dart: new Markdown files preserve non-preview view modes
20:32 +3491: /home/albert/busystack/busymark/test/src/workspace_controller_test.dart: discarding an untitled Markdown file clears the workspace
20:32 +3492: /home/albert/busystack/busymark/test/src/workspace_controller_test.dart: discarding a saved file reloads disk text and clears dirty state
20:32 +3493: /home/albert/busystack/busymark/test/src/workspace_controller_test.dart: creates a Writerside project and records it as recent
20:32 +3494: /home/albert/busystack/busymark/test/src/workspace_controller_test.dart: creates a Writerside topic and opens it without changing recents
20:32 +3495: /home/albert/busystack/busymark/test/src/workspace_controller_test.dart: topic TOC actions refresh the workspace and preserve file state
20:33 +3496: /home/albert/busystack/busymark/test/src/workspace_controller_test.dart: reviewed topic rename is rejected after a project buffer becomes dirty
20:33 +3497: /home/albert/busystack/busymark/test/src/workspace_controller_test.dart: save as writes a new Markdown file and records it as recent
20:33 +3498: /home/albert/busystack/busymark/test/src/workspace_controller_test.dart: saving untitled Markdown in Writerside keeps ordinary files CommonMark
20:33 +3499: /home/albert/busystack/busymark/test/src/workspace_controller_test.dart: Writerside refresh preserves saved Markdown outside the workspace root
20:33 +3500: /home/albert/busystack/busymark/test/src/workspace_controller_test.dart: saving untitled Markdown into discovered topics reclassifies it
20:33 +3501: /home/albert/busystack/busymark/test/src/workspace_controller_test.dart: saving multiple untitled documents creates normal file buffers
20:33 +3502: /home/albert/busystack/busymark/test/src/workspace_controller_test.dart: save as refuses an existing file unless overwrite is explicit
20:33 +3503: /home/albert/busystack/busymark/test/src/workspace_controller_test.dart: save as explicit overwrite replaces the final symlink only
20:33 +3504: /home/albert/busystack/busymark/test/src/workspace_controller_test.dart: save as preserves source edits for an untitled Markdown file
20:33 +3505: /home/albert/busystack/busymark/test/src/workspace_controller_test.dart: save as preserves edits made while writing the file
20:33 +3506: /home/albert/busystack/busymark/test/src/workspace_controller_test.dart: save as completes against its buffer after switching tabs
20:33 +3507: /home/albert/busystack/busymark/test/src/workspace_controller_test.dart: save as preserves edits made while reopening the file
20:33 +3508: /home/albert/busystack/busymark/test/src/workspace_controller_test.dart: switching active files reparses outline for the new file
20:34 +3509: /home/albert/busystack/busymark/test/src/workspace_controller_test.dart: stale validation after save and tab switch does not restore previous file
20:34 +3510: /home/albert/busystack/busymark/test/src/workspace_controller_test.dart: validation completing after save preserves the saved snapshot
20:34 +3511: /home/albert/busystack/busymark/test/src/workspace_controller_test.dart: Source defers preview work until a preview mode is visible
20:34 +3512: /home/albert/busystack/busymark/test/src/workspace_controller_test.dart: Source-only validation still runs when validate-on-edit is enabled
20:34 +3513: /home/albert/busystack/busymark/test/src/workspace_controller_test.dart: stale text update from previous file cannot dirty active tab
20:34 +3514: /home/albert/busystack/busymark/test/src/workspace_controller_test.dart: folder workspaces track open file tabs without duplicates
20:34 +3515: /home/albert/busystack/busymark/test/src/workspace_controller_test.dart: Save All writes every dirty file-backed buffer
20:34 +3516: /home/albert/busystack/busymark/test/src/workspace_controller_test.dart: Save All can be scoped without saving unrelated dirty buffers
20:34 +3517: /home/albert/busystack/busymark/test/src/workspace_controller_test.dart: selected dirty buffers can be discarded without changing tabs
20:34 +3518: /home/albert/busystack/busymark/test/src/workspace_controller_test.dart: closing active file tabs selects a neighboring tab
20:34 +3519: /home/albert/busystack/busymark/test/src/workspace_controller_test.dart: activating sibling file tabs wraps around the open tabs
20:34 +3520: /home/albert/busystack/busymark/test/src/workspace_controller_test.dart: closing all file tabs clears the active editor state
20:34 +3521: /home/albert/busystack/busymark/test/src/workspace_controller_test.dart: closing all tabs aborts when a document changes during history flush
20:34 +3522: /home/albert/busystack/busymark/test/src/workspace_controller_test.dart: closing all tabs cannot clear workspace state replaced during flush
20:34 +3523: /home/albert/busystack/busymark/test/src/workspace_controller_test.dart: failed open clears stale workspace state
20:34 +3524: /home/albert/busystack/busymark/test/src/workspace_controller_test.dart: math renderer failures become source-linked runtime diagnostics
20:34 +3525: /home/albert/busystack/busymark/test/src/workspace_controller_test.dart: validate on edit setting controls live diagnostics only
20:34 +3526: /home/albert/busystack/busymark/test/src/workspace_controller_test.dart: auto save waits for an idle delay before writing
20:36 +3527: /home/albert/busystack/busymark/test/src/workspace_controller_test.dart: Undo and Redo reschedule autosave after the prior save settled
20:41 +3528: /home/albert/busystack/busymark/test/src/workspace_controller_test.dart: inactive document updates schedule autosave without changing tabs
20:42 +3529: /home/albert/busystack/busymark/test/src/workspace_controller_test.dart: failed workspace refresh restores eligible autosave scheduling
20:44 +3530: /home/albert/busystack/busymark/test/src/workspace_controller_test.dart: disabled autosave stays disabled after a failed refresh
20:45 +3531: /home/albert/busystack/busymark/test/src/workspace_controller_test.dart: auto save remains scheduled independently for inactive tabs
20:47 +3532: /home/albert/busystack/busymark/test/src/workspace_controller_test.dart: auto save preserves dirty state when edits happen during save
20:47 +3533: /home/albert/busystack/busymark/test/src/workspace_controller_test.dart: overlapping manual save writes the newer requested revision
20:47 +3534: /home/albert/busystack/busymark/test/src/workspace_controller_test.dart: manual save completes against its buffer after switching tabs
20:47 +3535: /home/albert/busystack/busymark/test/src/workspace_controller_test.dart: closing a buffer waits for its in-flight autosave
20:47 +3536: /home/albert/busystack/busymark/test/src/workspace_controller_test.dart: discard aborts when the document changes during protective history capture
20:47 +3537: /home/albert/busystack/busymark/test/src/workspace_controller_test.dart: discard waits for its buffer in-flight autosave
20:47 +3538: /home/albert/busystack/busymark/test/src/workspace_controller_test.dart: manual save waits for an in-flight autosave of the same buffer
20:47 +3539: /home/albert/busystack/busymark/test/src/workspace_controller_test.dart: Save All waits for an in-flight autosave of the same buffer
20:47 +3540: /home/albert/busystack/busymark/test/src/workspace_controller_test.dart: Save As waits for an in-flight autosave of the same buffer
20:47 +3541: /home/albert/busystack/busymark/test/src/workspace_controller_test.dart: clean shutdown waits for in-flight document writes
20:47 +3542: /home/albert/busystack/busymark/test/src/workspace_controller_test.dart: pending history from a closed clean tab prevents a clean shutdown marker
20:48 +3543: /home/albert/busystack/busymark/test/src/workspace_controller_test.dart: save refuses to overwrite external file changes without force
20:48 +3544: /home/albert/busystack/busymark/test/src/workspace_controller_test.dart: save treats a deleted active file as an external conflict
20:48 +3545: /home/albert/busystack/busymark/test/src/workspace_controller_test.dart: save detects external rewrites with unchanged modified time
20:48 +3546: /home/albert/busystack/busymark/test/src/workspace_controller_test.dart: saving preserves a manually removed final newline
20:48 +3547: /home/albert/busystack/busymark/test/src/workspace_controller_test.dart: WYSIWYG list edits preserve a missing final newline
20:48 +3548: /home/albert/busystack/busymark/test/src/workspace_controller_test.dart: spelling correction undo and redo restore source and rich selections
20:48 +3549: /home/albert/busystack/busymark/test/src/workspace_controller_test.dart: Keep Mine retains the conflict snapshot until explicit overwrite
20:49 +3550: /home/albert/busystack/busymark/test/src/workspace_controller_test.dart: monitor refresh waits for an active foreground refresh
20:49 +3551: /home/albert/busystack/busymark/test/src/workspace_controller_test.dart: workspace refresh preserves an active edit and editor history made during reparse
20:49 +3552: /home/albert/busystack/busymark/test/src/workspace_controller_test.dart: tab activation reconciles edits accepted while its reparse is pending
20:49 +3553: /home/albert/busystack/busymark/test/src/workspace_controller_test.dart: opening a new tab preserves live edits and editor history in the visible document
20:49 +3554: /home/albert/busystack/busymark/test/src/workspace_controller_test.dart: closing the active tab aborts if it changes during next-tab activation
20:49 +3555: /home/albert/busystack/busymark/test/src/workspace_controller_test.dart: aborted discard close preserves dirty state after an editor-only change
20:49 +3556: /home/albert/busystack/busymark/test/src/workspace_controller_test.dart: discard close autosave disposition: aborted
20:49 +3557: /home/albert/busystack/busymark/test/src/workspace_controller_test.dart: discard close autosave disposition: closed
20:49 +3558: /home/albert/busystack/busymark/test/src/workspace_controller_test.dart: discard close autosave disposition: disabled
20:49 +3559: /home/albert/busystack/busymark/test/src/workspace_controller_test.dart: discard close autosave disposition: shutdown
20:49 +3560: /home/albert/busystack/busymark/test/src/workspace_controller_test.dart: discard close autosave disposition: replaced
20:49 +3561: /home/albert/busystack/busymark/test/src/workspace_controller_test.dart: tab activation does not resurrect another tab closed while waiting
20:49 +3562: /home/albert/busystack/busymark/test/src/workspace_controller_test.dart: workspace refresh preserves inactive edits and does not resurrect a closed tab
20:49 +3563: /home/albert/busystack/busymark/test/src/workspace_controller_test.dart: workspace refresh rejects a disk load superseded by typing
20:49 +3564: /home/albert/busystack/busymark/test/src/workspace_controller_test.dart: external file moves remap the open document buffer
20:49 +3565: /home/albert/busystack/busymark/test/src/workspace_controller_test.dart: monitors saved standalone tabs outside the workspace root
20:50 +3566: /home/albert/busystack/busymark/test/src/workspace_controller_test.dart: standalone refresh preserves saved tabs in different directories
20:50 +3567: /home/albert/busystack/busymark/test/src/workspace_controller_test.dart: startup leaves a clean session closed unless reopening is enabled
20:50 +3568: /home/albert/busystack/busymark/test/src/workspace_controller_test.dart: startup restores an interrupted session without an opt-in
20:50 +3569: /home/albert/busystack/busymark/test/src/workspace_controller_test.dart: restored sessions retain tabs whose files are missing
20:50 +3570: /home/albert/busystack/busymark/test/src/workspace_controller_test.dart: restored standalone sessions retain a missing document
20:50 +3571: /home/albert/busystack/busymark/test/src/workspace_controller_test.dart: mixed untitled and saved session restores as a standalone workspace
20:50 +3572: /home/albert/busystack/busymark/test/src/workspace_controller_test.dart: Writerside session restores recovered untitled CommonMark active
20:50 +3573: /home/albert/busystack/busymark/test/src/workspace_controller_test.dart: Writerside session restores recovered untitled CommonMark inactive
20:50 +3574: /home/albert/busystack/busymark/test/src/workspace_controller_test.dart: clean marker cannot hide remaining recovery entries
20:50 +3575: /home/albert/busystack/busymark/test/src/workspace_controller_test.dart: recovery text remains restorable when the later session save fails
20:50 +3576: /home/albert/busystack/busymark/test/src/workspace_controller_test.dart: single-document session uses no workspace path after saved tabs close
20:50 +3577: loading /home/albert/busystack/busymark/test/src/markdown_source_map_test.dart
20:50 +3577: /home/albert/busystack/busymark/test/src/markdown_source_map_test.dart: mapped image-description text follows Markdown image alt semantics
20:50 +3578: /home/albert/busystack/busymark/test/src/markdown_source_map_test.dart: annotated parsing has ordinary semantics across supported corpus
20:50 +3579: /home/albert/busystack/busymark/test/src/markdown_source_map_test.dart: image ranges identify only resolved source occurrences
20:50 +3580: /home/albert/busystack/busymark/test/src/markdown_source_map_test.dart: positioned label breaks retain raw endings and container prefixes
20:50 +3581: /home/albert/busystack/busymark/test/src/markdown_source_map_test.dart: mapped link and image titles retain exact raw boundaries
20:50 +3582: /home/albert/busystack/busymark/test/src/markdown_source_map_test.dart: destination-only links and images have no mapped title
20:50 +3583: /home/albert/busystack/busymark/test/src/markdown_source_map_test.dart: position records do not change HTML or link semantics
20:50 +3584: /home/albert/busystack/busymark/test/src/markdown_source_map_test.dart: selection endpoints crossing HTML retain one semantic fragment
20:50 +3585: /home/albert/busystack/busymark/test/src/markdown_source_map_test.dart: supported HTML whitespace positions have complete position records
20:50 +3586: /home/albert/busystack/busymark/test/src/markdown_source_map_test.dart: only operation-local markers are ignored
20:51 +3587: /home/albert/busystack/busymark/test/src/markdown_source_map_test.dart: delimiter-only positions are explicitly incomplete
20:51 +3588: /home/albert/busystack/busymark/test/src/markdown_source_map_test.dart: syntax-boundary probes retain the ordinary semantic oracle
20:51 +3589: /home/albert/busystack/busymark/test/src/markdown_source_map_test.dart: deterministic inline combinations preserve annotated semantics
20:51 +3590: /home/albert/busystack/busymark/test/src/markdown_source_map_test.dart: standalone HTML break ownership uses one indexed lookup per break
20:51 +3591: /home/albert/busystack/busymark/test/src/markdown_source_map_test.dart: AST source boundary lookahead is linear and maps the final link
20:51 +3592: /home/albert/busystack/busymark/test/src/markdown_source_map_test.dart: fallback mapping is bounded for entities repetitions and code spans
20:51 +3593: /home/albert/busystack/busymark/test/src/markdown_source_map_test.dart: tag-looking attribute text does not claim break layout
20:51 +3594: loading /home/albert/busystack/busymark/test/src/wysiwyg_session_test.dart
20:55 +3594: /home/albert/busystack/busymark/test/src/wysiwyg_session_test.dart: restores WYSIWYG selection from document session state
20:56 +3595: /home/albert/busystack/busymark/test/src/wysiwyg_session_test.dart: reports the old document session before switching tabs
20:56 +3596: /home/albert/busystack/busymark/test/src/wysiwyg_session_test.dart: defers session provider updates until document rebuild ends
20:56 +3597: /home/albert/busystack/busymark/test/src/wysiwyg_session_test.dart: workspace mode delegates WYSIWYG undo to buffer history
20:57 +3598: loading /home/albert/busystack/busymark/test/src/writerside_identity_test.dart
20:58 +3598: /home/albert/busystack/busymark/test/src/writerside_identity_test.dart: anchor identity includes topic and all instances participate in usages
20:58 +3599: /home/albert/busystack/busymark/test/src/writerside_identity_test.dart: conditional globals and snippet variables have distinct scopes
20:58 +3600: /home/albert/busystack/busymark/test/src/writerside_identity_test.dart: completion filters context and target identity before limiting
20:58 +3601: /home/albert/busystack/busymark/test/src/writerside_identity_test.dart: validation uses relationships, typed values and current configuration syntax
20:58 +3602: loading /home/albert/busystack/busymark/test/src/html_export_ui_test.dart
21:02 +3602: /home/albert/busystack/busymark/test/src/html_export_ui_test.dart: one Export command retains Ctrl+Shift+E
21:02 +3603: /home/albert/busystack/busymark/test/src/html_export_ui_test.dart: Flutter Main menu exposes document export
21:02 +3604: /home/albert/busystack/busymark/test/src/html_export_ui_test.dart: untitled active text stays captured while destination picker is open
21:05 +3605: /home/albert/busystack/busymark/test/src/html_export_ui_test.dart: Writerside HTML follows Cancel handling before instance selection
21:05 +3606: /home/albert/busystack/busymark/test/src/html_export_ui_test.dart: Writerside HTML follows Discard handling before instance selection
21:06 +3607: /home/albert/busystack/busymark/test/src/html_export_ui_test.dart: Writerside HTML follows Save handling before instance selection
21:14 +3608: loading /home/albert/busystack/busymark/test/src/nextcloud_document_model_test.dart
21:15 +3608: /home/albert/busystack/busymark/test/src/nextcloud_document_model_test.dart: remote identity is independent of paths, title and publication
21:15 +3609: /home/albert/busystack/busymark/test/src/nextcloud_document_model_test.dart: remote context stays Markdown and has no disk root or disk path
21:15 +3610: /home/albert/busystack/busymark/test/src/nextcloud_document_model_test.dart: session v2 stores remote identity and editor state without content
21:15 +3611: /home/albert/busystack/busymark/test/src/nextcloud_document_model_test.dart: remote history binds reopened and renamed notes to one logical document
21:15 +3612: loading /home/albert/busystack/busymark/test/src/markdown_export_mapper_test.dart
21:17 +3612: /home/albert/busystack/busymark/test/src/markdown_export_mapper_test.dart: Writerside numeric list starts and container boundaries reach PDF
21:17 +3613: /home/albert/busystack/busymark/test/src/markdown_export_mapper_test.dart: list items and visualization replacements retain source anchors
21:17 +3614: /home/albert/busystack/busymark/test/src/markdown_export_mapper_test.dart: maps Markdown semantics into renderer-neutral export blocks
21:17 +3615: /home/albert/busystack/busymark/test/src/markdown_export_mapper_test.dart: omits reference definitions while preserving their resolved links
21:17 +3616: /home/albert/busystack/busymark/test/src/markdown_export_mapper_test.dart: Typst payload contains data but never raw local image paths
21:17 +3617: loading /home/albert/busystack/busymark/test/src/visualization_markdown_integration_test.dart
21:21 +3617: /home/albert/busystack/busymark/test/src/visualization_markdown_integration_test.dart: basic fixture uses a renderable OpenAPI fence
21:21 +3618: /home/albert/busystack/busymark/test/src/visualization_markdown_integration_test.dart: visualizer fences remain generic code and round-trip byte-for-byte
21:22 +3619: /home/albert/busystack/busymark/test/src/visualization_markdown_integration_test.dart: dedicated visualizer rules highlight comments, keys, and keywords
21:23 +3620: loading /home/albert/busystack/busymark/test/src/workspace_monitor_endpoints_test.dart
21:26 +3620: /home/albert/busystack/busymark/test/src/workspace_monitor_endpoints_test.dart: temporary-to-real move retains publication: /tmp/.guide.tree.busymark-topic-create-10-100-0
21:26 +3621: /home/albert/busystack/busymark/test/src/workspace_monitor_endpoints_test.dart: real-to-temporary move retains deletion: /tmp/.guide.tree.busymark-topic-create-10-100-0
21:26 +3622: /home/albert/busystack/busymark/test/src/workspace_monitor_endpoints_test.dart: temporary-to-real move retains publication: /tmp/.guide.tree.busymark-safe-delete-10-100-0
21:26 +3623: /home/albert/busystack/busymark/test/src/workspace_monitor_endpoints_test.dart: real-to-temporary move retains deletion: /tmp/.guide.tree.busymark-safe-delete-10-100-0
21:26 +3624: /home/albert/busystack/busymark/test/src/workspace_monitor_endpoints_test.dart: temporary-to-real move retains publication: /tmp/.topic.md.busymark-safe-delete-quarantine-10-100-0
21:26 +3625: /home/albert/busystack/busymark/test/src/workspace_monitor_endpoints_test.dart: real-to-temporary move retains deletion: /tmp/.topic.md.busymark-safe-delete-quarantine-10-100-0
21:26 +3626: /home/albert/busystack/busymark/test/src/workspace_monitor_endpoints_test.dart: external moves, missing destinations and authored hidden names stay visible
21:26 +3627: loading /home/albert/busystack/busymark/test/src/html_rich_export_test.dart
21:27 +3627: /home/albert/busystack/busymark/test/src/html_rich_export_test.dart: rendered mermaid retains a linked Writerside block ID
21:29 +3628: /home/albert/busystack/busymark/test/src/html_rich_export_test.dart: rendered openapi retains a linked Writerside block ID
21:29 +3629: /home/albert/busystack/busymark/test/src/html_rich_export_test.dart: HTML uses unique occurrence jobs, standalone math and diagram/static API engines
21:29 +3630: /home/albert/busystack/busymark/test/src/html_rich_export_test.dart: custom HTML metrics and embedded rich assets stay self-contained
21:29 +3631: /home/albert/busystack/busymark/test/src/html_rich_export_test.dart: all diagram dependencies are captured before rendering begins
21:29 +3632: /home/albert/busystack/busymark/test/src/html_rich_export_test.dart: cancelling an active render retains existing output and removes staging
21:29 +3633: /home/albert/busystack/busymark/test/src/html_rich_export_test.dart: render timeout is bounded and cancellation interrupts a pending job
21:30 +3634: loading /home/albert/busystack/busymark/test/src/writerside_html_reference_scanner_test.dart
21:30 +3634: /home/albert/busystack/busymark/test/src/writerside_html_reference_scanner_test.dart: finds exact href and body spans for every supported quote form
21:30 +3635: /home/albert/busystack/busymark/test/src/writerside_html_reference_scanner_test.dart: ignores comments, fenced code, and inline code but keeps containers
21:30 +3636: /home/albert/busystack/busymark/test/src/writerside_html_reference_scanner_test.dart: multiline anchors are exact and malformed anchors remain manual
21:30 +3637: All tests passed!
