00:00 +0: loading /home/albert/busystack/busymark/test/src/nextcloud_media_export_test.dart
00:00 +0: /home/albert/busystack/busymark/test/src/nextcloud_media_export_test.dart: remote authored absolute and file image paths never enter local resolver
00:00 +1: /home/albert/busystack/busymark/test/src/nextcloud_media_export_test.dart: managed attachment renderer resolves through provider
00:00 +2: /home/albert/busystack/busymark/test/src/nextcloud_media_export_test.dart: provider publication accepts a remote note with no file path and rolls back through provider
00:00 +3: /home/albert/busystack/busymark/test/src/nextcloud_media_export_test.dart: HTML and PDF remote assets cannot read authored machine files
00:00 +4: /home/albert/busystack/busymark/test/src/nextcloud_media_export_test.dart: Markdown local copy owns portable attachments and preserves code and ordinary text
00:02 +5: /home/albert/busystack/busymark/test/src/nextcloud_media_export_test.dart: Markdown export rewrites exact prefix-sharing destinations
00:02 +6: /home/albert/busystack/busymark/test/src/nextcloud_media_export_test.dart: generic attachment links are escaped and exported as portable HTML downloads
00:02 +7: /home/albert/busystack/busymark/test/src/nextcloud_media_export_test.dart: unavailable published attachment cannot silently export a broken copy
00:02 +8: /home/albert/busystack/busymark/test/src/nextcloud_media_export_test.dart: unavailable pending attachment cannot produce a broken local copy
00:02 +9: loading /home/albert/busystack/busymark/test/src/writerside_toc_editor_test.dart
00:03 +9: /home/albert/busystack/busymark/test/src/writerside_toc_editor_test.dart: moves a complete subtree as the last child of an exact node
00:03 +10: /home/albert/busystack/busymark/test/src/writerside_toc_editor_test.dart: moves a nested entry after a root sibling
00:03 +11: /home/albert/busystack/busymark/test/src/writerside_toc_editor_test.dart: moves a nested entry to the end of the TOC root
00:03 +12: /home/albert/busystack/busymark/test/src/writerside_toc_editor_test.dart: rejects moving an entry relative to itself without writing
00:03 +13: /home/albert/busystack/busymark/test/src/writerside_toc_editor_test.dart: rejects moving an entry into its descendant without writing
00:03 +14: /home/albert/busystack/busymark/test/src/writerside_toc_editor_test.dart: requires a destination for child and sibling placement
00:03 +15: /home/albert/busystack/busymark/test/src/writerside_toc_editor_test.dart: rejects invalid structural paths without writing
00:03 +16: /home/albert/busystack/busymark/test/src/writerside_toc_editor_test.dart: rejects stale paths whose expected TOC identities moved
00:03 +17: /home/albert/busystack/busymark/test/src/writerside_toc_editor_test.dart: removes a root entry and promotes its children in place
00:03 +18: /home/albert/busystack/busymark/test/src/writerside_toc_editor_test.dart: removes a nested entry and promotes its child before its sibling
00:04 +19: /home/albert/busystack/busymark/test/src/writerside_toc_editor_test.dart: removes multiple entries atomically against one tree snapshot
00:04 +20: /home/albert/busystack/busymark/test/src/writerside_toc_editor_test.dart: batch removal handles a selected descendant and ancestor
00:04 +21: /home/albert/busystack/busymark/test/src/writerside_toc_editor_test.dart: moves multiple subtrees as an ordered group
00:04 +22: /home/albert/busystack/busymark/test/src/writerside_toc_editor_test.dart: rejects a tree outside the guarded module root
00:04 +23: /home/albert/busystack/busymark/test/src/writerside_toc_editor_test.dart: rejects a symlinked tree without mutating its target
00:04 +24: /home/albert/busystack/busymark/test/src/writerside_toc_editor_test.dart: does not overwrite a tree changed before atomic publication
00:04 +25: /home/albert/busystack/busymark/test/src/writerside_toc_editor_test.dart: atomic replacement preserves the tree POSIX mode
00:04 +26: loading /home/albert/busystack/busymark/test/src/busymark_dialogs_test.dart
00:06 +26: /home/albert/busystack/busymark/test/src/busymark_dialogs_test.dart: modal dialogs stop app and editor shortcuts
00:07 +27: /home/albert/busystack/busymark/test/src/busymark_dialogs_test.dart: Escape closes a modal without an initially focused control
00:07 +28: /home/albert/busystack/busymark/test/src/busymark_dialogs_test.dart: modal fallback does not steal a child autofocus request
00:08 +29: /home/albert/busystack/busymark/test/src/busymark_dialogs_test.dart: overlapping dialogs synchronize native modal depth
00:08 +30: /home/albert/busystack/busymark/test/src/busymark_dialogs_test.dart: serializes rapid manual native barrier transitions
00:08 +31: /home/albert/busystack/busymark/test/src/busymark_dialogs_test.dart: failed native barrier acquisition rolls back and can retry
00:08 +32: /home/albert/busystack/busymark/test/src/busymark_dialogs_test.dart: modal coordinator resolves the service from ProviderScope
00:08 +33: /home/albert/busystack/busymark/test/src/busymark_dialogs_test.dart: open modal barrier follows live theme changes
00:08 +34: loading /home/albert/busystack/busymark/test/src/writerside_topic_removal_service_test.dart
00:13 +34: /home/albert/busystack/busymark/test/src/writerside_topic_removal_service_test.dart: analysis finds every tree, topic link, include, and start page
00:16 +35: /home/albert/busystack/busymark/test/src/writerside_topic_removal_service_test.dart: remove promotes children, updates usages, adds redirect, and keeps file
00:30 +36: /home/albert/busystack/busymark/test/src/writerside_topic_removal_service_test.dart: safe delete updates all usages and removes every TOC occurrence
00:31 +37: /home/albert/busystack/busymark/test/src/writerside_topic_removal_service_test.dart: redirect to a promoted child is written to the promoted copy
00:31 +38: /home/albert/busystack/busymark/test/src/writerside_topic_removal_service_test.dart: malformed XML topics make usage analysis fail closed
00:31 +39: /home/albert/busystack/busymark/test/src/writerside_topic_removal_service_test.dart: file-size-skipped topics make removal fail closed
00:31 +40: /home/albert/busystack/busymark/test/src/writerside_topic_removal_service_test.dart: document-count-skipped topics make removal fail closed
00:31 +41: /home/albert/busystack/busymark/test/src/writerside_topic_removal_service_test.dart: unreadable topic contents make removal fail closed
00:31 +42: /home/albert/busystack/busymark/test/src/writerside_topic_removal_service_test.dart: topic-root traversal truncation makes removal fail closed
00:31 +43: /home/albert/busystack/busymark/test/src/writerside_topic_removal_service_test.dart: incomplete project-module discovery makes removal fail closed
00:31 +44: /home/albert/busystack/busymark/test/src/writerside_topic_removal_service_test.dart: tree directory enumeration failure makes removal fail closed
00:31 +45: /home/albert/busystack/busymark/test/src/writerside_topic_removal_service_test.dart: single-quoted includes without element-id are found and removed
00:31 +46: /home/albert/busystack/busymark/test/src/writerside_topic_removal_service_test.dart: variable-expanded links are analyzed and the variables file is stale-checked
00:31 +47: /home/albert/busystack/busymark/test/src/writerside_topic_removal_service_test.dart: Safe Delete finds and unlinks authored HTML anchors without literal false positives
00:32 +48: /home/albert/busystack/busymark/test/src/writerside_topic_removal_service_test.dart: malformed authored HTML anchors are manual Safe Delete blockers
00:32 +49: /home/albert/busystack/busymark/test/src/writerside_topic_removal_service_test.dart: authored HTML variable hrefs are expanded and ambiguity blocks
00:32 +50: /home/albert/busystack/busymark/test/src/writerside_topic_removal_service_test.dart: authored HTML relevance follows its conditioned Markdown chapter
00:33 +51: /home/albert/busystack/busymark/test/src/writerside_topic_removal_service_test.dart: automatic HTML unlinking permits project-wide orphan status
00:33 +52: /home/albert/busystack/busymark/test/src/writerside_topic_removal_service_test.dart: a surviving authored HTML link suppresses orphan status
00:33 +53: /home/albert/busystack/busymark/test/src/writerside_topic_removal_service_test.dart: ambiguous references block deletion without changing any file
00:33 +54: /home/albert/busystack/busymark/test/src/writerside_topic_removal_service_test.dart: old web file names follow Writerside normalization and exact overrides
00:33 +55: /home/albert/busystack/busymark/test/src/writerside_topic_removal_service_test.dart: existing redirect rules block conflicting redirects
00:33 +56: /home/albert/busystack/busymark/test/src/writerside_topic_removal_service_test.dart: redirect preserves direct and rule-based accepted aliases
00:33 +57: /home/albert/busystack/busymark/test/src/writerside_topic_removal_service_test.dart: a transferred redirect alias collision fails before writes
00:33 +58: /home/albert/busystack/busymark/test/src/writerside_topic_removal_service_test.dart: redirect sources use each host instance web filename
00:33 +59: /home/albert/busystack/busymark/test/src/writerside_topic_removal_service_test.dart: remaining start-page and cross-instance usages prevent orphan status
00:34 +60: /home/albert/busystack/busymark/test/src/writerside_topic_removal_service_test.dart: remove-from-instance relevance respects document conditions
00:34 +61: /home/albert/busystack/busymark/test/src/writerside_topic_removal_service_test.dart: start-page and stale analyses fail closed without deleting the topic
00:34 +62: /home/albert/busystack/busymark/test/src/writerside_topic_removal_service_test.dart: generic Files deletion cannot bypass Writerside Safe Delete
00:34 +63: /home/albert/busystack/busymark/test/src/writerside_topic_removal_service_test.dart: project analysis finds origin links, includes, cards, and ref TOC nodes
00:34 +64: /home/albert/busystack/busymark/test/src/writerside_topic_removal_service_test.dart: authored Markdown HTML anchors resolve origin project-wide
00:34 +65: /home/albert/busystack/busymark/test/src/writerside_topic_removal_service_test.dart: safe delete updates automatic cross-module origin usages
00:34 +66: /home/albert/busystack/busymark/test/src/writerside_topic_removal_service_test.dart: selected ref node uses removal workflow and promotes its children
00:34 +67: /home/albert/busystack/busymark/test/src/writerside_topic_removal_service_test.dart: semantic tree scan includes hidden/build trees and excludes VCS metadata
00:34 +68: /home/albert/busystack/busymark/test/src/writerside_topic_removal_service_test.dart: a new module after analysis makes the reviewed plan stale
00:34 +69: /home/albert/busystack/busymark/test/src/writerside_topic_removal_service_test.dart: cross-module failure rolls back BusyMark edits without overwriting a concurrent edit
00:35 +70: loading /home/albert/busystack/busymark/test/src/wysiwyg_math_test.dart
00:38 +70: /home/albert/busystack/busymark/test/src/wysiwyg_math_test.dart: math source paste preserves incoming nested blocks and returns its caret
00:38 +71: /home/albert/busystack/busymark/test/src/wysiwyg_math_test.dart: inline math insertion preserves structural block kinds
00:38 +72: /home/albert/busystack/busymark/test/src/wysiwyg_math_test.dart: removing final formula leaves normal editing mode
00:38 +73: /home/albert/busystack/busymark/test/src/wysiwyg_math_test.dart: math source edits preserve nested list children
00:38 +74: /home/albert/busystack/busymark/test/src/wysiwyg_math_test.dart: descendant math does not put a plain list parent in source mode
00:38 +75: /home/albert/busystack/busymark/test/src/wysiwyg_math_test.dart: first inline math insertion preserves unaffected inline AST
00:38 +76: /home/albert/busystack/busymark/test/src/wysiwyg_math_test.dart: math edits retain explicit heading IDs
00:38 +77: /home/albert/busystack/busymark/test/src/wysiwyg_math_test.dart: first math insertion recalculates a generated heading ID
00:38 +78: /home/albert/busystack/busymark/test/src/wysiwyg_math_test.dart: inline math insertion always emits reparsable source
00:38 +79: /home/albert/busystack/busymark/test/src/wysiwyg_math_test.dart: additional inline math uses the same reparsable insertion policy
00:38 +80: /home/albert/busystack/busymark/test/src/wysiwyg_math_test.dart: inline math insertion rejects multiline selections without mutation
00:38 +81: /home/albert/busystack/busymark/test/src/wysiwyg_math_test.dart: inline math insertion preserves zero-width semantic inlines
00:38 +82: /home/albert/busystack/busymark/test/src/wysiwyg_math_test.dart: table-cell source editing retains and removes semantic math
00:38 +83: /home/albert/busystack/busymark/test/src/wysiwyg_math_test.dart: math source edits cannot discard additional Markdown blocks
00:38 +84: /home/albert/busystack/busymark/test/src/wysiwyg_math_test.dart: math source editing preserves escaped literal dollars
00:38 +85: /home/albert/busystack/busymark/test/src/wysiwyg_math_test.dart: inline math insertion preserves the intended inline position
00:38 +86: /home/albert/busystack/busymark/test/src/wysiwyg_math_test.dart: math field source boundaries map to semantic text boundaries
00:38 +87: /home/albert/busystack/busymark/test/src/wysiwyg_math_test.dart: source-mode math insertion preserves the intended inline position
00:38 +88: /home/albert/busystack/busymark/test/src/wysiwyg_math_test.dart: WYSIWYG renders math, edits exact source, and reparses without corruption
00:40 +89: /home/albert/busystack/busymark/test/src/wysiwyg_math_test.dart: WYSIWYG toolbar inserts inline and display math source
00:40 +90: /home/albert/busystack/busymark/test/src/wysiwyg_math_test.dart: inline math toolbar preserves existing inline structure
00:41 +91: /home/albert/busystack/busymark/test/src/wysiwyg_math_test.dart: rendered and focused math list items keep one marker
00:41 +92: /home/albert/busystack/busymark/test/src/wysiwyg_math_test.dart: table math renders unfocused and edits delimiter source
00:41 +93: /home/albert/busystack/busymark/test/src/wysiwyg_math_test.dart: plain table cell treats typed Markdown as rich text
00:42 +94: loading /home/albert/busystack/busymark/test/src/writerside_responsiveness_test.dart
00:45 +94: /home/albert/busystack/busymark/test/src/writerside_responsiveness_test.dart: correction discovery refresh preserves a valid second instance
00:45 +95: /home/albert/busystack/busymark/test/src/writerside_responsiveness_test.dart: correction discovery selection fallback: selected instance removed
00:45 +96: /home/albert/busystack/busymark/test/src/writerside_responsiveness_test.dart: correction discovery selection fallback: intentional selection
00:45 +97: /home/albert/busystack/busymark/test/src/writerside_responsiveness_test.dart: correction discovery selection fallback: another module
00:45 +98: /home/albert/busystack/busymark/test/src/writerside_responsiveness_test.dart: correction incomplete observations are presentation only and reject changed reads
00:45 +99: /home/albert/busystack/busymark/test/src/writerside_responsiveness_test.dart: correction limited inventory retains raw counts for excluded Git entries
00:45 +100: /home/albert/busystack/busymark/test/src/writerside_responsiveness_test.dart: rejected source size remains an input to freshness checking
00:45 +101: /home/albert/busystack/busymark/test/src/writerside_responsiveness_test.dart: bounded topic rejection detects recovery on the real worker
00:45 +102: /home/albert/busystack/busymark/test/src/writerside_responsiveness_test.dart: oversized buffer overrides retain their consumed-input hash
00:46 +103: /home/albert/busystack/busymark/test/src/writerside_responsiveness_test.dart: unreadable sources keep error diagnostics and invalidate on recovery
00:46 +104: /home/albert/busystack/busymark/test/src/writerside_responsiveness_test.dart: real execution transfers results and propagates worker failures
00:46 +105: /home/albert/busystack/busymark/test/src/writerside_responsiveness_test.dart: worker preserves full parsed and resolved models: basic_project
00:46 +106: /home/albert/busystack/busymark/test/src/writerside_responsiveness_test.dart: worker preserves full parsed and resolved models: conformance_project
00:46 +107: /home/albert/busystack/busymark/test/src/writerside_responsiveness_test.dart: worker preserves full parsed and resolved models: markdown_export_compatibility
00:46 +108: /home/albert/busystack/busymark/test/src/writerside_responsiveness_test.dart: worker preserves failure and safety diagnostics: malformed XML
00:46 +109: /home/albert/busystack/busymark/test/src/writerside_responsiveness_test.dart: worker preserves failure and safety diagnostics: missing configured root
00:46 +110: /home/albert/busystack/busymark/test/src/writerside_responsiveness_test.dart: worker preserves failure and safety diagnostics: unsafe include
00:46 +111: /home/albert/busystack/busymark/test/src/writerside_responsiveness_test.dart: worker preserves failure and safety diagnostics: scan limit
00:46 +112: /home/albert/busystack/busymark/test/src/writerside_responsiveness_test.dart: preparation consumes complete overlays once, then selects with zero loads
00:46 +113: /home/albert/busystack/busymark/test/src/writerside_responsiveness_test.dart: reuse checks equal-size disk dependencies and added inputs
00:47 +114: /home/albert/busystack/busymark/test/src/writerside_responsiveness_test.dart: planned path exclusions cannot hide a new colon-named dependency
00:47 +115: /home/albert/busystack/busymark/test/src/writerside_responsiveness_test.dart: configuration overlay rediscovery retains symbols and diagnostics
00:47 +116: /home/albert/busystack/busymark/test/src/writerside_responsiveness_test.dart: creation returns its typed publication result without reopening
00:47 +117: /home/albert/busystack/busymark/test/src/writerside_responsiveness_test.dart: removal application shares one ownership-checked fresh project
00:47 +118: /home/albert/busystack/busymark/test/src/writerside_responsiveness_test.dart: supplied removal model rejects changed input before fingerprint collection
00:47 +119: /home/albert/busystack/busymark/test/src/writerside_responsiveness_test.dart: supplied removal model rejects added input before fingerprint collection
00:47 +120: /home/albert/busystack/busymark/test/src/writerside_responsiveness_test.dart: supplied removal model rejects removed input before fingerprint collection
00:47 +121: /home/albert/busystack/busymark/test/src/writerside_responsiveness_test.dart: supplied removal model rejects tree input before fingerprint collection
00:47 +122: /home/albert/busystack/busymark/test/src/writerside_responsiveness_test.dart: supplied removal model rejects configuration input before fingerprint collection
00:47 +123: /home/albert/busystack/busymark/test/src/writerside_responsiveness_test.dart: removal rejects disk dependency after fingerprint verification and before commit
00:47 +124: /home/albert/busystack/busymark/test/src/writerside_responsiveness_test.dart: removal rejects dirty affected buffer after fingerprint verification and before commit
00:47 +125: /home/albert/busystack/busymark/test/src/writerside_responsiveness_test.dart: analysis is never reused across confirmation
00:47 +126: loading /home/albert/busystack/busymark/test/src/local_history_controller_test.dart
00:50 +126: /home/albert/busystack/busymark/test/src/local_history_controller_test.dart: failed opened baseline retries its original source without an edit
00:50 +127: /home/albert/busystack/busymark/test/src/local_history_controller_test.dart: baseline before edit preserves original and coalesces latest edit
00:50 +128: /home/albert/busystack/busymark/test/src/local_history_controller_test.dart: closed failures keep ownership and stale settlement cannot drop newer work
00:50 +129: /home/albert/busystack/busymark/test/src/local_history_controller_test.dart: committed protective capture survives refresh failure without recapture
00:50 +130: /home/albert/busystack/busymark/test/src/local_history_controller_test.dart: protective authorization is invalidated while committed refresh awaits
00:50 +131: /home/albert/busystack/busymark/test/src/local_history_controller_test.dart: disable cancels an in-flight baseline at the store boundary
00:50 +132: /home/albert/busystack/busymark/test/src/local_history_controller_test.dart: exclude cancels an in-flight baseline at the store boundary
00:50 +133: /home/albert/busystack/busymark/test/src/local_history_controller_test.dart: committed promotion stays associated when refresh fails
00:50 +134: /home/albert/busystack/busymark/test/src/local_history_controller_test.dart: committed Save As binds destination even when list refresh fails
00:50 +135: /home/albert/busystack/busymark/test/src/local_history_controller_test.dart: settling one buffer resumes retries accepted by another buffer
00:51 +136: /home/albert/busystack/busymark/test/src/local_history_controller_test.dart: clear document cancels its failed unbound baseline
00:51 +137: /home/albert/busystack/busymark/test/src/local_history_controller_test.dart: Save As retains failed original baseline through recovery (first=true)
00:51 +138: /home/albert/busystack/busymark/test/src/local_history_controller_test.dart: Save As retains failed original baseline through recovery (first=false)
00:51 +139: /home/albert/busystack/busymark/test/src/local_history_controller_test.dart: Save As keeps retained source protection with a source identity established during settlement (existing=false)
00:51 +140: /home/albert/busystack/busymark/test/src/local_history_controller_test.dart: Save As keeps retained source protection with a source identity established during settlement (existing=true)
00:51 +141: /home/albert/busystack/busymark/test/src/local_history_controller_test.dart: Save As retains a source identity established before later settlement fails
00:51 +142: /home/albert/busystack/busymark/test/src/local_history_controller_test.dart: Save As refreshes a staged destination after its concurrent checkpoint
00:51 +143: /home/albert/busystack/busymark/test/src/local_history_controller_test.dart: abandoned and superseded moves retain the newest committed association
00:51 +144: /home/albert/busystack/busymark/test/src/local_history_controller_test.dart: queued edits share one retained baseline retry owner
00:51 +145: /home/albert/busystack/busymark/test/src/local_history_controller_test.dart: independent failures, permanent baselines and policy cancellation remain isolated
00:51 +146: /home/albert/busystack/busymark/test/src/local_history_controller_test.dart: cancelled failed baselines cannot be restored by delayed callbacks
00:51 +147: /home/albert/busystack/busymark/test/src/local_history_controller_test.dart: continuous typing captures latest text at fixed checkpoint interval
00:51 +148: /home/albert/busystack/busymark/test/src/local_history_controller_test.dart: inactive buffers receive independent checkpoint timers
00:51 +149: /home/albert/busystack/busymark/test/src/local_history_controller_test.dart: first checkpoint attaches an empty untitled browsing scope and publishes it
00:51 +150: /home/albert/busystack/busymark/test/src/local_history_controller_test.dart: file store checkpoint persists across reopen and clear stays authoritative
01:11 +151: /home/albert/busystack/busymark/test/src/local_history_controller_test.dart: active revision search follows matching and nonmatching captures
01:11 +152: /home/albert/busystack/busymark/test/src/local_history_controller_test.dart: failed automatic capture keeps pending source and retries without another edit
01:11 +153: /home/albert/busystack/busymark/test/src/local_history_controller_test.dart: a newer edit accepted during a failed write wins the retry
01:11 +154: /home/albert/busystack/busymark/test/src/local_history_controller_test.dart: automatic checkpoint retries a transient first-save promotion failure
01:11 +155: /home/albert/busystack/busymark/test/src/local_history_controller_test.dart: flush waits behind queued observation and captures its latest source
01:11 +156: /home/albert/busystack/busymark/test/src/local_history_controller_test.dart: clear wins over an in-flight capture and later edits record normally
01:11 +157: /home/albert/busystack/busymark/test/src/local_history_controller_test.dart: edit accepted during Clear Document records in the replacement lineage
01:11 +158: /home/albert/busystack/busymark/test/src/local_history_controller_test.dart: Clear Document blocks replacement capture while its journal is pending
01:11 +159: /home/albert/busystack/busymark/test/src/local_history_controller_test.dart: edit accepted during Clear All records in the replacement lineage
01:11 +160: /home/albert/busystack/busymark/test/src/local_history_controller_test.dart: Clear All blocks replacement capture while its journal is pending
01:11 +161: /home/albert/busystack/busymark/test/src/local_history_controller_test.dart: clear invalidates an automatic checkpoint queued for an untitled draft
01:11 +162: /home/albert/busystack/busymark/test/src/local_history_controller_test.dart: failed explicit save cannot recreate history after Clear Document
01:11 +163: /home/albert/busystack/busymark/test/src/local_history_controller_test.dart: failed explicit save cannot recreate history after Clear All
01:11 +164: /home/albert/busystack/busymark/test/src/local_history_controller_test.dart: clearing the displayed comparison closes it without a missing warning
01:11 +165: /home/albert/busystack/busymark/test/src/local_history_controller_test.dart: clear invalidates an in-flight path capture for the same document
01:11 +166: /home/albert/busystack/busymark/test/src/local_history_controller_test.dart: first edit after another controller clears a stale binding starts a new lineage
01:12 +167: /home/albert/busystack/busymark/test/src/local_history_controller_test.dart: Clear Document rejects in-flight buffer replacement protection
01:12 +168: /home/albert/busystack/busymark/test/src/local_history_controller_test.dart: Clear Document rejects queued buffer replacement protection
01:12 +169: /home/albert/busystack/busymark/test/src/local_history_controller_test.dart: Clear Document rejects in-flight path replacement protection
01:12 +170: /home/albert/busystack/busymark/test/src/local_history_controller_test.dart: Clear Document rejects queued path replacement protection
01:12 +171: /home/albert/busystack/busymark/test/src/local_history_controller_test.dart: Clear All rejects in-flight buffer replacement protection
01:12 +172: /home/albert/busystack/busymark/test/src/local_history_controller_test.dart: Clear All rejects queued buffer replacement protection
01:12 +173: /home/albert/busystack/busymark/test/src/local_history_controller_test.dart: Clear All rejects in-flight path replacement protection
01:12 +174: /home/albert/busystack/busymark/test/src/local_history_controller_test.dart: Clear All rejects queued path replacement protection
01:12 +175: /home/albert/busystack/busymark/test/src/local_history_controller_test.dart: recording off prevents baseline and checkpoints without deleting history
01:12 +176: /home/albert/busystack/busymark/test/src/local_history_controller_test.dart: store-wide find locates closed and deleted documents by path or content
01:12 +177: /home/albert/busystack/busymark/test/src/local_history_controller_test.dart: retained-document lookup is temporary and normal document selection resumes following
01:12 +178: /home/albert/busystack/busymark/test/src/local_history_controller_test.dart: panel construction preserves an explicit retained-document inspection
01:13 +179: /home/albert/busystack/busymark/test/src/local_history_controller_test.dart: delayed revision search cannot repopulate a newly selected document scope
01:13 +180: /home/albert/busystack/busymark/test/src/local_history_controller_test.dart: revision search failure finishes searching and remains in scope
01:13 +181: /home/albert/busystack/busymark/test/src/local_history_controller_test.dart: Local History follows active tabs and clears the visible query without a document dropdown
01:13 +182: /home/albert/busystack/busymark/test/src/local_history_controller_test.dart: revision rows use local second-precision time, date groups, event metadata, and RTL
01:13 +183: /home/albert/busystack/busymark/test/src/local_history_controller_test.dart: a delayed revision read cannot cross the selected document or leave loading stuck
01:14 +184: /home/albert/busystack/busymark/test/src/local_history_controller_test.dart: Save As settles pending named and untitled checkpoints safely
01:14 +185: /home/albert/busystack/busymark/test/src/local_history_controller_test.dart: untitled overwrite Save As retains a failed source checkpoint
01:14 +186: /home/albert/busystack/busymark/test/src/local_history_controller_test.dart: committed Save As source capture is idempotent after a lost result
01:14 +187: /home/albert/busystack/busymark/test/src/local_history_controller_test.dart: Save As recovery never adopts unrelated same-content destination history
01:14 +188: /home/albert/busystack/busymark/test/src/local_history_controller_test.dart: recording-disabled first save promotes untitled history identity
01:14 +189: /home/albert/busystack/busymark/test/src/local_history_controller_test.dart: excluding a recovered first-save destination preserves its untitled source baseline
01:14 +190: /home/albert/busystack/busymark/test/src/local_history_controller_test.dart: queued committed Save As cannot recreate a newly excluded destination side
01:14 +191: /home/albert/busystack/busymark/test/src/local_history_controller_test.dart: failed first-save promotion is retried before a later capture
01:14 +192: /home/albert/busystack/busymark/test/src/local_history_controller_test.dart: flush retries a failed first-save promotion without another edit
01:14 +193: /home/albert/busystack/busymark/test/src/local_history_controller_test.dart: flush reports a content failure after successfully retrying promotion
01:14 +194: /home/albert/busystack/busymark/test/src/local_history_controller_test.dart: remap settles pending first-save promotions for files and directories
01:14 +195: /home/albert/busystack/busymark/test/src/local_history_controller_test.dart: file and directory moves settle pending checkpoints before remap
01:14 +196: /home/albert/busystack/busymark/test/src/local_history_controller_test.dart: failed path reconciliation blocks affected captures but not unrelated documents
01:14 +197: /home/albert/busystack/busymark/test/src/local_history_controller_test.dart: successful path queue prefix is published before a later failure
01:14 +198: /home/albert/busystack/busymark/test/src/local_history_controller_test.dart: path deletion warnings remain scoped to affected owners
01:14 +199: /home/albert/busystack/busymark/test/src/local_history_controller_test.dart: committed path operation is not replayed after refresh failure
01:14 +200: /home/albert/busystack/busymark/test/src/local_history_controller_test.dart: restored targetless executing reconciliation preserves its owner
01:14 +201: /home/albert/busystack/busymark/test/src/local_history_controller_test.dart: path dependency namespaces (deletion: false, dependent: true, destination: /workspace/Z.md, recursive: false, source: /workspace/A.md)
01:14 +202: /home/albert/busystack/busymark/test/src/local_history_controller_test.dart: path dependency namespaces (deletion: false, dependent: true, destination: /workspace/Z.md, recursive: false, source: /workspace/B.md)
01:14 +203: /home/albert/busystack/busymark/test/src/local_history_controller_test.dart: path dependency namespaces (deletion: false, dependent: true, destination: /workspace/A.md, recursive: false, source: /workspace/C.md)
01:14 +204: /home/albert/busystack/busymark/test/src/local_history_controller_test.dart: path dependency namespaces (deletion: false, dependent: true, destination: /workspace/B.md, recursive: false, source: /workspace/C.md)
01:14 +205: /home/albert/busystack/busymark/test/src/local_history_controller_test.dart: path dependency namespaces (deletion: false, dependent: true, destination: /workspace/Z.md, recursive: false, source: /workspace/dirA/nested/C.md)
01:14 +206: /home/albert/busystack/busymark/test/src/local_history_controller_test.dart: path dependency namespaces (deletion: false, dependent: true, destination: /workspace/Z.md, recursive: false, source: /workspace/dirB/nested/C.md)
01:14 +207: /home/albert/busystack/busymark/test/src/local_history_controller_test.dart: path dependency namespaces (deletion: false, dependent: true, destination: /workspace/dirA/nested/C.md, recursive: false, source: /workspace/C.md)
01:14 +208: /home/albert/busystack/busymark/test/src/local_history_controller_test.dart: path dependency namespaces (deletion: false, dependent: true, destination: /workspace/dirB/nested/C.md, recursive: false, source: /workspace/C.md)
01:14 +209: /home/albert/busystack/busymark/test/src/local_history_controller_test.dart: path dependency namespaces (deletion: false, dependent: true, destination: /other, recursive: false, source: /workspace)
01:14 +210: /home/albert/busystack/busymark/test/src/local_history_controller_test.dart: path dependency namespaces (deletion: false, dependent: true, destination: /workspace, recursive: false, source: /other)
01:14 +211: /home/albert/busystack/busymark/test/src/local_history_controller_test.dart: path dependency namespaces (deletion: false, dependent: false, destination: /workspace/dirB-sibling/C.md, recursive: false, source: /workspace/dirA-sibling/C.md)
01:14 +212: /home/albert/busystack/busymark/test/src/local_history_controller_test.dart: path dependency namespaces (deletion: false, dependent: false, destination: /workspace/D.md, recursive: false, source: /workspace/C.md)
01:14 +213: /home/albert/busystack/busymark/test/src/local_history_controller_test.dart: path dependency namespaces (deletion: true, dependent: true, destination: /workspace/Z.md, recursive: true, source: /workspace/dirA/nested/C.md)
01:14 +214: /home/albert/busystack/busymark/test/src/local_history_controller_test.dart: path dependency namespaces (deletion: true, dependent: true, destination: /workspace/dirA/nested/C.md, recursive: true, source: /workspace/C.md)
01:14 +215: /home/albert/busystack/busymark/test/src/local_history_controller_test.dart: path dependency namespaces (deletion: true, dependent: true, destination: /other, recursive: true, source: /workspace)
01:14 +216: /home/albert/busystack/busymark/test/src/local_history_controller_test.dart: path dependency namespaces (deletion: true, dependent: false, destination: /workspace/D.md, recursive: true, source: /workspace/C.md)
01:14 +217: /home/albert/busystack/busymark/test/src/local_history_controller_test.dart: path dependency namespaces (deletion: true, dependent: true, destination: /workspace/Z.md, recursive: false, source: /workspace/A.md)
01:14 +218: /home/albert/busystack/busymark/test/src/local_history_controller_test.dart: path dependency namespaces (deletion: true, dependent: false, destination: /workspace/D.md, recursive: false, source: /workspace/C.md)
01:14 +219: /home/albert/busystack/busymark/test/src/local_history_controller_test.dart: path dependency uses prepared target with different paths
01:14 +220: /home/albert/busystack/busymark/test/src/local_history_controller_test.dart: path dependency uses bound identity with different paths
01:14 +221: /home/albert/busystack/busymark/test/src/local_history_controller_test.dart: path dependency uses destination identity with different paths
01:14 +222: /home/albert/busystack/busymark/test/src/local_history_controller_test.dart: path dependency checks promotion destination identity at a different path
01:14 +223: /home/albert/busystack/busymark/test/src/local_history_controller_test.dart: path dependency settles only conflicting entries behind an unresolved head
01:14 +224: /home/albert/busystack/busymark/test/src/local_history_controller_test.dart: path dependency recomputes identities after settling namespace prerequisites (promotion=false)
01:14 +225: /home/albert/busystack/busymark/test/src/local_history_controller_test.dart: path dependency recomputes identities after settling namespace prerequisites (promotion=true)
01:14 +226: /home/albert/busystack/busymark/test/src/local_history_controller_test.dart: path dependency preserves transitive queue ordering
01:14 +227: /home/albert/busystack/busymark/test/src/local_history_controller_test.dart: path dependency retries independent work behind retained head (executing=false)
01:14 +228: /home/albert/busystack/busymark/test/src/local_history_controller_test.dart: path dependency retries independent work behind retained head (executing=true)
01:14 +229: /home/albert/busystack/busymark/test/src/local_history_controller_test.dart: staged path commit survives refresh failure until workspace acknowledgement
01:14 +230: /home/albert/busystack/busymark/test/src/local_history_controller_test.dart: external staged remap refreshes its bound target after checkpoint settlement
01:14 +231: /home/albert/busystack/busymark/test/src/local_history_controller_test.dart: definitive false staged result retires its executing journal
01:14 +232: /home/albert/busystack/busymark/test/src/local_history_controller_test.dart: deferred deletion cannot delete replacement path history
01:14 +233: /home/albert/busystack/busymark/test/src/local_history_controller_test.dart: Clear Document removes only its recursive reconciliation target
01:14 +234: /home/albert/busystack/busymark/test/src/local_history_controller_test.dart: Clear Document preserves timer retry for remaining recursive target
01:14 +235: /home/albert/busystack/busymark/test/src/local_history_controller_test.dart: prepared remap rejects a checkpoint that changed its frozen target
01:14 +236: /home/albert/busystack/busymark/test/src/local_history_controller_test.dart: ownerless path failure is visible only in history presentation
01:14 +237: /home/albert/busystack/busymark/test/src/local_history_controller_test.dart: detached promotion capture is included in durable retained work
01:14 +238: /home/albert/busystack/busymark/test/src/local_history_controller_test.dart: live external retained owner is not replayed and Clear All retires it
01:14 +239: /home/albert/busystack/busymark/test/src/local_history_controller_test.dart: a clear conflict cancels the old baseline retry owner
01:14 +240: /home/albert/busystack/busymark/test/src/local_history_controller_test.dart: edit after failed Clear waits and persists in the replacement lineage
01:14 +241: /home/albert/busystack/busymark/test/src/local_history_controller_test.dart: post-Clear edit uses committed epoch when reconciliation refresh fails
01:14 +242: /home/albert/busystack/busymark/test/src/local_history_controller_test.dart: deferred remap cannot mutate replacement path history
01:14 +243: /home/albert/busystack/busymark/test/src/local_history_controller_test.dart: failed remap reserves source and destination paths until reconciliation
01:14 +244: /home/albert/busystack/busymark/test/src/local_history_controller_test.dart: deletion remains ordered behind a retained path remap
01:14 +245: /home/albert/busystack/busymark/test/src/local_history_controller_test.dart: first save waits for a reserved source path before promoting its history
01:14 +246: /home/albert/busystack/busymark/test/src/local_history_controller_test.dart: path target discovery observes history written after cached load
01:14 +247: /home/albert/busystack/busymark/test/src/local_history_controller_test.dart: first-save cleanup cannot restore promotion after Clear document
01:14 +248: /home/albert/busystack/busymark/test/src/local_history_controller_test.dart: first-save cleanup cannot restore promotion after Clear all
01:14 +249: /home/albert/busystack/busymark/test/src/local_history_controller_test.dart: first-save cleanup cannot restore promotion after disposal
01:14 +250: /home/albert/busystack/busymark/test/src/local_history_controller_test.dart: Save As transfers retained remap ownership with source work
01:14 +251: /home/albert/busystack/busymark/test/src/local_history_controller_test.dart: flushBuffer reports retained remap work and retires closed owner
01:14 +252: /home/albert/busystack/busymark/test/src/local_history_controller_test.dart: Clear All cannot be undone by an in-flight path remap
01:14 +253: /home/albert/busystack/busymark/test/src/local_history_controller_test.dart: path reconciliation resumes a newly opened destination owner
01:14 +254: loading /home/albert/busystack/busymark/test/src/writerside_markdown_export_compatibility_test.dart
01:18 +254: /home/albert/busystack/busymark/test/src/writerside_markdown_export_compatibility_test.dart: HTML retains complex Markdown and resolves both heading ID spellings
01:18 +255: /home/albert/busystack/busymark/test/src/writerside_markdown_export_compatibility_test.dart: PDF retains complex Markdown and resolved heading links
01:18 +256: loading /home/albert/busystack/busymark/test/src/math_widget_test.dart
01:22 +256: /home/albert/busystack/busymark/test/src/math_widget_test.dart: inline math applies MathJax baseline and surrounding text metrics
01:23 +257: /home/albert/busystack/busymark/test/src/math_widget_test.dart: wide display math scrolls horizontally without clipping
01:23 +258: /home/albert/busystack/busymark/test/src/math_widget_test.dart: failed formulas retain source and a localized explanation
01:25 +259: loading /home/albert/busystack/busymark/test/src/wysiwyg_selection_test.dart
01:26 +259: /home/albert/busystack/busymark/test/src/wysiwyg_selection_test.dart: reduced fixture uses rendered offsets without Markdown delimiters or block separators
01:26 +260: /home/albert/busystack/busymark/test/src/wysiwyg_selection_test.dart: Select All: logical range and copy include styled suffixes and table
01:28 +261: /home/albert/busystack/busymark/test/src/wysiwyg_selection_test.dart: multi-block paint matches rendered runs: b0 BusyBlockKind.paragraph
01:29 +262: /home/albert/busystack/busymark/test/src/wysiwyg_selection_test.dart: multi-block paint matches rendered runs: b1 BusyBlockKind.paragraph
01:30 +263: /home/albert/busystack/busymark/test/src/wysiwyg_selection_test.dart: multi-block paint matches rendered runs: b2 BusyBlockKind.paragraph
01:30 +264: /home/albert/busystack/busymark/test/src/wysiwyg_selection_test.dart: multi-block paint matches rendered runs: b3 BusyBlockKind.unorderedListItem
01:31 +265: /home/albert/busystack/busymark/test/src/wysiwyg_selection_test.dart: multi-block paint matches rendered runs: b4 BusyBlockKind.unorderedListItem
01:31 +266: /home/albert/busystack/busymark/test/src/wysiwyg_selection_test.dart: multi-block paint matches rendered runs: b5 BusyBlockKind.unorderedListItem
01:31 +267: /home/albert/busystack/busymark/test/src/wysiwyg_selection_test.dart: multi-block paint matches rendered runs: b6 BusyBlockKind.paragraph
01:32 +268: /home/albert/busystack/busymark/test/src/wysiwyg_selection_test.dart: multi-block paint matches rendered runs: b17 BusyBlockKind.paragraph
01:32 +269: /home/albert/busystack/busymark/test/src/wysiwyg_selection_test.dart: table cells paint the same selected text as document copy
01:32 +270: /home/albert/busystack/busymark/test/src/wysiwyg_selection_test.dart: repeated Select All keeps the entire document selected
01:33 +271: /home/albert/busystack/busymark/test/src/wysiwyg_selection_test.dart: Select All includes a table at the document edge: Before.

| H |
| --- |
| Body! |

01:33 +272: /home/albert/busystack/busymark/test/src/wysiwyg_selection_test.dart: Select All includes a table at the document edge: | H |
| --- |
| Body! |

After.

01:33 +273: /home/albert/busystack/busymark/test/src/wysiwyg_selection_test.dart: drag endpoints use the styled rendered coordinate system
01:34 +274: /home/albert/busystack/busymark/test/src/wysiwyg_selection_test.dart: drag from a paragraph into a table copies and selects its cells
01:34 +275: /home/albert/busystack/busymark/test/src/wysiwyg_selection_test.dart: drag across table cells selects the existing complete-table document block
01:35 +276: /home/albert/busystack/busymark/test/src/wysiwyg_selection_test.dart: paragraph boundary (1, 0, 1, 165) at width 460.0
01:35 +277: /home/albert/busystack/busymark/test/src/wysiwyg_selection_test.dart: paragraph boundary (0, 4, 1, 165) at width 460.0
01:36 +278: /home/albert/busystack/busymark/test/src/wysiwyg_selection_test.dart: paragraph boundary (1, 0, 2, 8) at width 460.0
01:36 +279: /home/albert/busystack/busymark/test/src/wysiwyg_selection_test.dart: paragraph boundary (0, 0, 2, 30) at width 460.0
01:36 +280: /home/albert/busystack/busymark/test/src/wysiwyg_selection_test.dart: paragraph boundary (2, 30, 0, 0) at width 460.0
01:37 +281: /home/albert/busystack/busymark/test/src/wysiwyg_selection_test.dart: all styled runs and list endings repaint after resizing to 460.0
01:37 +282: /home/albert/busystack/busymark/test/src/wysiwyg_selection_test.dart: paragraph boundary (1, 0, 1, 165) at width 1000.0
01:37 +283: /home/albert/busystack/busymark/test/src/wysiwyg_selection_test.dart: paragraph boundary (0, 4, 1, 165) at width 1000.0
01:38 +284: /home/albert/busystack/busymark/test/src/wysiwyg_selection_test.dart: paragraph boundary (1, 0, 2, 8) at width 1000.0
01:38 +285: /home/albert/busystack/busymark/test/src/wysiwyg_selection_test.dart: paragraph boundary (0, 0, 2, 30) at width 1000.0
01:38 +286: /home/albert/busystack/busymark/test/src/wysiwyg_selection_test.dart: paragraph boundary (2, 30, 0, 0) at width 1000.0
01:39 +287: /home/albert/busystack/busymark/test/src/wysiwyg_selection_test.dart: all styled runs and list endings repaint after resizing to 1000.0
01:39 +288: /home/albert/busystack/busymark/test/src/wysiwyg_selection_test.dart: partial multi-block styled span: **Bold** plain! end=2
01:39 +289: /home/albert/busystack/busymark/test/src/wysiwyg_selection_test.dart: partial multi-block styled span: **Bold** plain! end=10
01:39 +290: /home/albert/busystack/busymark/test/src/wysiwyg_selection_test.dart: partial multi-block styled span: **Bold** plain! end=11
01:39 +291: /home/albert/busystack/busymark/test/src/wysiwyg_selection_test.dart: partial multi-block styled span: plain **bold**! end=2
01:39 +292: /home/albert/busystack/busymark/test/src/wysiwyg_selection_test.dart: partial multi-block styled span: plain **bold**! end=10
01:39 +293: /home/albert/busystack/busymark/test/src/wysiwyg_selection_test.dart: partial multi-block styled span: plain **bold**! end=11
01:40 +294: /home/albert/busystack/busymark/test/src/wysiwyg_selection_test.dart: partial multi-block styled span: `code` plain! end=2
01:40 +295: /home/albert/busystack/busymark/test/src/wysiwyg_selection_test.dart: partial multi-block styled span: `code` plain! end=10
01:40 +296: /home/albert/busystack/busymark/test/src/wysiwyg_selection_test.dart: partial multi-block styled span: `code` plain! end=11
01:40 +297: /home/albert/busystack/busymark/test/src/wysiwyg_selection_test.dart: partial multi-block styled span: plain `code`! end=2
01:40 +298: /home/albert/busystack/busymark/test/src/wysiwyg_selection_test.dart: partial multi-block styled span: plain `code`! end=10
01:40 +299: /home/albert/busystack/busymark/test/src/wysiwyg_selection_test.dart: partial multi-block styled span: plain `code`! end=11
01:40 +300: /home/albert/busystack/busymark/test/src/wysiwyg_selection_test.dart: partial multi-block styled span: [link](https://example.test) plain! end=2
01:41 +301: /home/albert/busystack/busymark/test/src/wysiwyg_selection_test.dart: partial multi-block styled span: [link](https://example.test) plain! end=10
01:41 +302: /home/albert/busystack/busymark/test/src/wysiwyg_selection_test.dart: partial multi-block styled span: [link](https://example.test) plain! end=11
01:41 +303: /home/albert/busystack/busymark/test/src/wysiwyg_selection_test.dart: partial multi-block styled span: *emphasis* plain! end=2
01:41 +304: /home/albert/busystack/busymark/test/src/wysiwyg_selection_test.dart: partial multi-block styled span: *emphasis* plain! end=14
01:41 +305: /home/albert/busystack/busymark/test/src/wysiwyg_selection_test.dart: partial multi-block styled span: *emphasis* plain! end=15
01:41 +306: /home/albert/busystack/busymark/test/src/wysiwyg_selection_test.dart: list boundary (3, 0, 3, 29) includes the final rendered character
01:41 +307: /home/albert/busystack/busymark/test/src/wysiwyg_selection_test.dart: list boundary (4, 0, 4, 36) includes the final rendered character
01:41 +308: /home/albert/busystack/busymark/test/src/wysiwyg_selection_test.dart: list boundary (3, 0, 4, 36) includes the final rendered character
01:41 +309: /home/albert/busystack/busymark/test/src/wysiwyg_selection_test.dart: list boundary (2, 4, 4, 36) includes the final rendered character
01:42 +310: /home/albert/busystack/busymark/test/src/wysiwyg_selection_test.dart: list boundary (3, 0, 6, 9) includes the final rendered character
01:42 +311: /home/albert/busystack/busymark/test/src/wysiwyg_selection_test.dart: list boundary (2, 0, 6, 93) includes the final rendered character
01:48 +312: /home/albert/busystack/busymark/test/src/wysiwyg_selection_test.dart: list boundary (5, 0, 5, 29) includes the final rendered character
01:48 +313: /home/albert/busystack/busymark/test/src/wysiwyg_selection_test.dart: mouse range across paragraph, list, table and paragraph equals Select All
01:48 +314: /home/albert/busystack/busymark/test/src/wysiwyg_selection_test.dart: Select All, mouse and keyboard ranges produce equivalent local selection geometry
01:51 +315: /home/albert/busystack/busymark/test/src/wysiwyg_selection_test.dart: local table cell selection stays local; subsequent Select All expands to document
01:51 +316: /home/albert/busystack/busymark/test/src/wysiwyg_selection_test.dart: table to following paragraph retains complete selected rows
01:52 +317: /home/albert/busystack/busymark/test/src/wysiwyg_selection_test.dart: document selection survives viewport scrolling and block recreation
01:53 +318: /home/albert/busystack/busymark/test/src/wysiwyg_selection_test.dart: selected table text follows horizontal cell scrolling
01:53 +319: /home/albert/busystack/busymark/test/src/wysiwyg_selection_test.dart: drag across a viewport jump resolves the visible extent block (variant: TargetPlatform.linux)
01:55 +320: loading /home/albert/busystack/busymark/test/src/writerside_video_widget_test.dart
01:56 +320: /home/albert/busystack/busymark/test/src/writerside_video_widget_test.dart: video card embeds a supported YouTube source in place
01:57 +321: /home/albert/busystack/busymark/test/src/writerside_video_widget_test.dart: mini-player embeds Vimeo with the reduced video ID
01:57 +322: /home/albert/busystack/busymark/test/src/writerside_video_widget_test.dart: local video player receives only a canonical media path
01:58 +323: /home/albert/busystack/busymark/test/src/writerside_video_widget_test.dart: video dimensions preserve ratio and scale to available width
01:58 +324: /home/albert/busystack/busymark/test/src/writerside_video_widget_test.dart: failed native player leaves a usable poster fallback
01:58 +325: /home/albert/busystack/busymark/test/src/writerside_video_widget_test.dart: WYSIWYG renders a Writerside video without rewriting source
01:59 +326: loading /home/albert/busystack/busymark/test/src/feedback_dialog_test.dart
02:00 +326: /home/albert/busystack/busymark/test/src/feedback_dialog_test.dart: uses the native grouped modal-editor structure
02:02 +327: /home/albert/busystack/busymark/test/src/feedback_dialog_test.dart: shared report form remains directional in an Arabic UI
02:02 +328: /home/albert/busystack/busymark/test/src/feedback_dialog_test.dart: dark route uses the shared dialog surface
02:02 +329: /home/albert/busystack/busymark/test/src/feedback_dialog_test.dart: shows required-field validation without sending
02:02 +330: /home/albert/busystack/busymark/test/src/feedback_dialog_test.dart: rejects an invalid optional reply email
02:02 +331: /home/albert/busystack/busymark/test/src/feedback_dialog_test.dart: category can return to the unselected placeholder
02:03 +332: /home/albert/busystack/busymark/test/src/feedback_dialog_test.dart: disables submit while a request is active
02:03 +333: /home/albert/busystack/busymark/test/src/feedback_dialog_test.dart: clears the form and shows the server reference on success
02:03 +334: /home/albert/busystack/busymark/test/src/feedback_dialog_test.dart: shows a distinct message when the server rejects the form
02:03 +335: /home/albert/busystack/busymark/test/src/feedback_dialog_test.dart: keeps retry UUID until submitted content changes
02:04 +336: /home/albert/busystack/busymark/test/src/feedback_dialog_test.dart: cannot dismiss the dialog while submission is active
02:07 +337: loading /home/albert/busystack/busymark/test/src/headless_chrome_test.dart
02:09 +337: /home/albert/busystack/busymark/test/src/headless_chrome_test.dart: evaluates the requested document after it becomes ready
02:09 +338: /home/albert/busystack/busymark/test/src/headless_chrome_test.dart: does not evaluate the initial about:blank target
02:09 +339: /home/albert/busystack/busymark/test/src/headless_chrome_test.dart: retries when navigation destroys the execution context
02:09 +340: /home/albert/busystack/busymark/test/src/headless_chrome_test.dart: a silent open DevTools socket respects the readiness bound
02:09 +341: /home/albert/busystack/busymark/test/src/headless_chrome_test.dart: socket closure before a response fails deterministically
02:09 +342: /home/albert/busystack/busymark/test/src/headless_chrome_test.dart: a DevTools error is not mistaken for navigation
02:09 +343: /home/albert/busystack/busymark/test/src/headless_chrome_test.dart: a page that never becomes ready reports its last state
02:09 +344: loading /home/albert/busystack/busymark/test/src/workspace_document_context_test.dart
02:12 +344: /home/albert/busystack/busymark/test/src/workspace_document_context_test.dart: untitled buffer is CommonMark in untitledMarkdown
02:12 +345: /home/albert/busystack/busymark/test/src/workspace_document_context_test.dart: untitled buffer is CommonMark in singleMarkdown
02:12 +346: /home/albert/busystack/busymark/test/src/workspace_document_context_test.dart: untitled buffer is CommonMark in markdownFolder
02:12 +347: /home/albert/busystack/busymark/test/src/workspace_document_context_test.dart: untitled buffer is CommonMark in writersideModule
02:12 +348: /home/albert/busystack/busymark/test/src/workspace_document_context_test.dart: untitled buffer is CommonMark in nextcloudNotes
02:12 +349: /home/albert/busystack/busymark/test/src/workspace_document_context_test.dart: Writerside document resolution (setUpAll)
02:12 +349: /home/albert/busystack/busymark/test/src/workspace_document_context_test.dart: Writerside document resolution discovered Markdown topic wins over generic file inventory
02:12 +350: /home/albert/busystack/busymark/test/src/workspace_document_context_test.dart: Writerside document resolution discovered XML topic resolves as a Writerside XML topic
02:12 +351: /home/albert/busystack/busymark/test/src/workspace_document_context_test.dart: Writerside document resolution ordinary Markdown under the project is still CommonMark
02:12 +352: /home/albert/busystack/busymark/test/src/workspace_document_context_test.dart: Writerside document resolution path fallback does not depend on workspace file inventory
02:12 +353: /home/albert/busystack/busymark/test/src/workspace_document_context_test.dart: Writerside document resolution (tearDownAll)
02:12 +353: loading /home/albert/busystack/busymark/test/src/html_export_test.dart
02:13 +353: /home/albert/busystack/busymark/test/src/html_export_test.dart: unsaved Markdown is a complete styled document with stable semantic anchors
02:22 +354: /home/albert/busystack/busymark/test/src/html_export_test.dart: raw disclosures, definitions and spans survive with structural sanitization
02:22 +355: /home/albert/busystack/busymark/test/src/html_export_test.dart: explicit blank lines export as consecutive HTML breaks
02:22 +356: /home/albert/busystack/busymark/test/src/html_export_test.dart: content-addressed assets relocate, deduplicate and reject symlink escapes
02:22 +357: /home/albert/busystack/busymark/test/src/html_export_test.dart: home-relative images use the shared local-media path rules
02:22 +358: /home/albert/busystack/busymark/test/src/html_export_test.dart: untrusted metadata and data URLs cannot create active HTML
02:22 +359: /home/albert/busystack/busymark/test/src/html_export_test.dart: unsafe SVG and CSS never reach exported assets
02:22 +360: /home/albert/busystack/busymark/test/src/html_export_test.dart: overwrite refusal, cancellation and rendering failure preserve previous HTML
02:22 +361: /home/albert/busystack/busymark/test/src/html_export_test.dart: metadata title remains separate from a formatted Markdown title heading
02:22 +362: /home/albert/busystack/busymark/test/src/html_export_test.dart: UTF-8 byte limits are enforced
02:22 +363: /home/albert/busystack/busymark/test/src/html_export_test.dart: Writerside produces linked pages, hidden topics, WIP and start copy
02:22 +364: /home/albert/busystack/busymark/test/src/html_export_test.dart: official conformance fixture exports as individual pages
02:23 +365: loading /home/albert/busystack/busymark/test/src/writerside_admonition_test.dart
02:24 +365: /home/albert/busystack/busymark/test/src/writerside_admonition_test.dart: Writerside blockquotes become typed admonitions and round-trip
02:24 +366: /home/albert/busystack/busymark/test/src/writerside_admonition_test.dart: ordinary Markdown blockquotes do not acquire Writerside semantics
02:24 +367: /home/albert/busystack/busymark/test/src/writerside_admonition_test.dart: semantic admonition elements include quote and preserve attributes
02:24 +368: /home/albert/busystack/busymark/test/src/writerside_admonition_test.dart: admonition editing emits source that reparses semantically
02:24 +369: /home/albert/busystack/busymark/test/src/writerside_admonition_test.dart: editing inside an existing admonition changes its outer type
02:24 +370: /home/albert/busystack/busymark/test/src/writerside_admonition_test.dart: WYSIWYG Admonition menu applies the selected type
02:25 +371: /home/albert/busystack/busymark/test/src/writerside_admonition_test.dart: ordinary Markdown does not show the Writerside editing menu
02:25 +372: /home/albert/busystack/busymark/test/src/writerside_admonition_test.dart: Writerside .topic preview keeps content inside its admonition
02:25 +373: /home/albert/busystack/busymark/test/src/writerside_admonition_test.dart: PDF export keeps admonitions semantic and quotes neutral
02:25 +374: loading /home/albert/busystack/busymark/test/src/d2_renderer_test.dart
02:27 +374: /home/albert/busystack/busymark/test/src/d2_renderer_test.dart: D2 source policy rejects imports and icon assets with source locations
02:27 +375: /home/albert/busystack/busymark/test/src/d2_renderer_test.dart: D2 source policy does not treat comments, quoted labels, or block strings as imports
02:27 +376: /home/albert/busystack/busymark/test/src/d2_renderer_test.dart: returns normalized vector SVG for browser-independent output
02:27 +377: /home/albert/busystack/busymark/test/src/d2_renderer_test.dart: rasterizes foreignObject output at PDF resolution
02:27 +378: /home/albert/busystack/busymark/test/src/d2_renderer_test.dart: rasterizes browser CSS that cannot be preserved in vector form
02:27 +379: /home/albert/busystack/busymark/test/src/d2_renderer_test.dart: maps D2 diagnostics and renderer limits to typed results
02:27 +380: /home/albert/busystack/busymark/test/src/d2_renderer_test.dart: locates only executable files at deterministic bundle paths
02:27 +381: /home/albert/busystack/busymark/test/src/d2_renderer_test.dart: bundled D2 CLI renders stdin to stdout without a shell
02:27 +382: loading /home/albert/busystack/busymark/test/src/nextcloud_editor_boundary_test.dart
02:29 +382: /home/albert/busystack/busymark/test/src/nextcloud_editor_boundary_test.dart: remote read-only source blocks typing and formatting mutations
02:30 +383: /home/albert/busystack/busymark/test/src/nextcloud_editor_boundary_test.dart: remote read-only WYSIWYG blocks typing and formatting emissions
02:31 +384: loading /home/albert/busystack/busymark/test/src/markdown_pdf_export_service_test.dart
02:32 +384: /home/albert/busystack/busymark/test/src/markdown_pdf_export_service_test.dart: display images do not reserve a fixed-height letterbox
02:32 +385: /home/albert/busystack/busymark/test/src/markdown_pdf_export_service_test.dart: quotes and admonitions use the existing callout presentation
02:32 +386: /home/albert/busystack/busymark/test/src/markdown_pdf_export_service_test.dart: PDF export ignores redundant blank lines between blocks
02:35 +387: /home/albert/busystack/busymark/test/src/markdown_pdf_export_service_test.dart: PDF payload preserves an explicit blank line as two breaks
02:35 +388: /home/albert/busystack/busymark/test/src/markdown_pdf_export_service_test.dart: bundled template renders two explicit breaks as one blank PDF line
02:35 +389: /home/albert/busystack/busymark/test/src/markdown_pdf_export_service_test.dart: bundled template renders redundant blank lines identically
02:35 +390: /home/albert/busystack/busymark/test/src/markdown_pdf_export_service_test.dart: bundled template exports representative Markdown to a valid PDF
02:35 +391: /home/albert/busystack/busymark/test/src/markdown_pdf_export_service_test.dart: Writerside video poster and link compile into a valid PDF
02:36 +392: /home/albert/busystack/busymark/test/src/markdown_pdf_export_service_test.dart: Writerside admonitions compile into a valid PDF
02:36 +393: loading /home/albert/busystack/busymark/test/src/clipboard_layout_table_test.dart
02:37 +393: /home/albert/busystack/busymark/test/src/clipboard_layout_table_test.dart: data tables remain tables, including borderless and single-column data
02:37 +394: /home/albert/busystack/busymark/test/src/clipboard_layout_table_test.dart: nested layout wrappers retain their inner data table and prose
02:37 +395: /home/albert/busystack/busymark/test/src/clipboard_layout_table_test.dart: explicit presentation table keeps caption, cell order and direction
02:37 +396: /home/albert/busystack/busymark/test/src/clipboard_layout_table_test.dart: editor preserves content inside a layout table
02:37 +397: /home/albert/busystack/busymark/test/src/clipboard_layout_table_test.dart: editor plain paste ignores layout and rich content
02:37 +398: /home/albert/busystack/busymark/test/src/clipboard_layout_table_test.dart: markdownSource preserves content inside a layout table
02:37 +399: /home/albert/busystack/busymark/test/src/clipboard_layout_table_test.dart: markdownSource plain paste ignores layout and rich content
02:37 +400: loading /home/albert/busystack/busymark/test/src/writerside_markdown_import_dialog_test.dart
02:39 +400: /home/albert/busystack/busymark/test/src/writerside_markdown_import_dialog_test.dart: selects all candidates by default and disables OK for none
02:40 +401: /home/albert/busystack/busymark/test/src/writerside_markdown_import_dialog_test.dart: successful import closes the dialog with selected list order
02:41 +402: /home/albert/busystack/busymark/test/src/writerside_markdown_import_dialog_test.dart: failed import stays open and presents the localized error
02:41 +403: loading /home/albert/busystack/busymark/test/src/html_publication_test.dart
02:43 +403: /home/albert/busystack/busymark/test/src/html_publication_test.dart: single-file local video has a downloadable fallback
02:46 +404: /home/albert/busystack/busymark/test/src/html_publication_test.dart: Writerside list starts and same-type boundaries survive HTML export
02:46 +405: /home/albert/busystack/busymark/test/src/html_publication_test.dart: repeated list includes export as separate HTML containers
02:46 +406: /home/albert/busystack/busymark/test/src/html_publication_test.dart: Writerside list styles stay distinct across consecutive lists
02:46 +407: /home/albert/busystack/busymark/test/src/html_publication_test.dart: Writerside shares HTML appearance without changing TOC status or source
02:46 +408: /home/albert/busystack/busymark/test/src/html_publication_test.dart: Writerside module origins preserve includes, variables, file identity and nullable links
02:47 +409: /home/albert/busystack/busymark/test/src/html_publication_test.dart: definition lists preserve individual disclosure states and IDs
02:47 +410: /home/albert/busystack/busymark/test/src/html_publication_test.dart: web filename and index collisions identify both topics before publication
02:47 +411: /home/albert/busystack/busymark/test/src/html_publication_test.dart: Writerside publication uses canonical effective web filenames
02:47 +412: /home/albert/busystack/busymark/test/src/html_publication_test.dart: source and media are captured before progress or later editor changes
02:47 +413: /home/albert/busystack/busymark/test/src/html_publication_test.dart: publication failure retains previous HTML and referenced immutable assets
02:47 +414: /home/albert/busystack/busymark/test/src/html_publication_test.dart: duplicate explicit IDs warn, non-Latin footnotes and document IDs resolve
02:47 +415: loading /home/albert/busystack/busymark/test/src/spelling_service_test.dart
02:51 +415: /home/albert/busystack/busymark/test/src/spelling_service_test.dart: document kinds expose one authoritative spelling capability
02:51 +416: /home/albert/busystack/busymark/test/src/spelling_service_test.dart: effective spelling language preserves document and project order
02:51 +417: /home/albert/busystack/busymark/test/src/spelling_service_test.dart: session identity changes when a stable buffer is saved to a path
02:51 +418: /home/albert/busystack/busymark/test/src/spelling_service_test.dart: downloaded dictionaries use revision-shared Snap storage
02:51 +419: /home/albert/busystack/busymark/test/src/spelling_service_test.dart: first save and Save As republish source routing immediately
02:52 +420: /home/albert/busystack/busymark/test/src/spelling_service_test.dart: persistent spelling words rereads and merges independent external changes
02:53 +421: /home/albert/busystack/busymark/test/src/spelling_service_test.dart: persistent spelling words coordinates writers in independent application processes
02:56 +422: /home/albert/busystack/busymark/test/src/spelling_service_test.dart: persistent spelling words merges an external edit injected after staging
02:57 +423: /home/albert/busystack/busymark/test/src/spelling_service_test.dart: persistent spelling words merges an external replacement after the atomic exchange
02:57 +424: /home/albert/busystack/busymark/test/src/spelling_service_test.dart: persistent spelling words preserves a newer destination and the rejected displaced version
03:00 +425: /home/albert/busystack/busymark/test/src/spelling_service_test.dart: persistent spelling words preserves case while merging canonical Unicode equivalents
03:00 +426: /home/albert/busystack/busymark/test/src/spelling_service_test.dart: persistent spelling words rebuilds untrusted stored keys from validated display values
03:00 +427: /home/albert/busystack/busymark/test/src/spelling_service_test.dart: persistent spelling words case-distinct words survive restart into the native worker
03:00 +428: /home/albert/busystack/busymark/test/src/spelling_service_test.dart: persistent spelling words malformed storage is reported instead of overwritten
03:00 +429: /home/albert/busystack/busymark/test/src/spelling_service_test.dart: staging validation accepts numeric header revisions and count drift
03:00 +430: /home/albert/busystack/busymark/test/src/spelling_service_test.dart: dictionary import publishes a complete pair only after validation
03:00 +431: /home/albert/busystack/busymark/test/src/spelling_service_test.dart: on-demand dictionary installation installs only one shared resource and reuses it by locale
03:00 +432: /home/albert/busystack/busymark/test/src/spelling_service_test.dart: on-demand dictionary installation cancellation and checksum failure leave no installation
03:00 +433: /home/albert/busystack/busymark/test/src/spelling_service_test.dart: on-demand dictionary installation cancellation observes the atomic publication commit point
03:00 +434: /home/albert/busystack/busymark/test/src/spelling_service_test.dart: on-demand dictionary installation a stale invalid record cannot remove a repaired installation
03:00 +435: /home/albert/busystack/busymark/test/src/spelling_service_test.dart: on-demand dictionary installation a stale valid descriptor cannot remove a replacement in another process
03:01 +436: /home/albert/busystack/busymark/test/src/spelling_service_test.dart: on-demand dictionary installation catalog waits through a replacement publication gap
03:01 +437: /home/albert/busystack/busymark/test/src/spelling_service_test.dart: on-demand dictionary installation a late no-replace publisher cannot replace a completed installation
03:01 +438: /home/albert/busystack/busymark/test/src/spelling_service_test.dart: on-demand dictionary installation independent process observes the published no-replace destination
03:02 +439: /home/albert/busystack/busymark/test/src/spelling_service_test.dart: on-demand dictionary installation stalled response times out, cancels, and permits retry
03:02 +440: /home/albert/busystack/busymark/test/src/spelling_service_test.dart: on-demand dictionary installation asynchronous output sink errors fail the receiver without zone leaks
03:02 +441: /home/albert/busystack/busymark/test/src/spelling_service_test.dart: on-demand dictionary installation a failed replacement cannot damage a working installation
03:03 +442: /home/albert/busystack/busymark/test/src/spelling_service_test.dart: on-demand dictionary installation a failed controller download exposes a working retry
03:03 +443: /home/albert/busystack/busymark/test/src/spelling_service_test.dart: on-demand dictionary installation controller reserves an installation before coordinator startup
03:03 +444: /home/albert/busystack/busymark/test/src/spelling_service_test.dart: on-demand dictionary installation controller releases installation ownership after setup failure
03:03 +445: /home/albert/busystack/busymark/test/src/spelling_service_test.dart: on-demand dictionary installation controller cancellation remains with the reserved startup operation
03:03 +446: /home/albert/busystack/busymark/test/src/spelling_service_test.dart: aliased imports remain selectable across collision, restart, and removal
03:03 +447: /home/albert/busystack/busymark/test/src/spelling_service_test.dart: same-resource import collision is rejected before publication
03:03 +448: /home/albert/busystack/busymark/test/src/spelling_service_test.dart: an import does not impersonate the downloadable resource row
03:03 +449: /home/albert/busystack/busymark/test/src/spelling_service_test.dart: invalid imported installation is removable by exact record
03:03 +450: /home/albert/busystack/busymark/test/src/spelling_service_test.dart: invalid downloaded installation repairs through settings API
03:03 +451: /home/albert/busystack/busymark/test/src/spelling_service_test.dart: Ignore Once keeps its authored anchor across editor modes
03:04 +452: /home/albert/busystack/busymark/test/src/spelling_service_test.dart: source hit testing excludes formatting and link destination gaps
03:04 +453: /home/albert/busystack/busymark/test/src/spelling_service_test.dart: Ignore Once follows one transaction across edit, undo, redo, and tabs
03:04 +454: /home/albert/busystack/busymark/test/src/spelling_service_test.dart: document ignores survive tab changes but not an actual close
03:04 +455: /home/albert/busystack/busymark/test/src/spelling_service_test.dart: a delayed suggestion cannot revive after language changes
03:04 +456: /home/albert/busystack/busymark/test/src/spelling_service_test.dart: a manual request waits for its own result while a check runs
03:04 +457: /home/albert/busystack/busymark/test/src/spelling_service_test.dart: checks in bounded batches and reuses unchanged run results
03:04 +458: /home/albert/busystack/busymark/test/src/spelling_service_test.dart: cached runs cover the complete checked text across edits
03:04 +459: /home/albert/busystack/busymark/test/src/spelling_service_test.dart: a NUL suffix cannot complete checking and recovers after correction
03:04 +460: /home/albert/busystack/busymark/test/src/spelling_service_test.dart: project initialization publishes only the latest owner
03:04 +461: /home/albert/busystack/busymark/test/src/spelling_service_test.dart: older same-project Settings read cannot undo a newer snapshot
03:04 +462: /home/albert/busystack/busymark/test/src/spelling_service_test.dart: older project watcher read cannot undo Settings publication
03:05 +463: /home/albert/busystack/busymark/test/src/spelling_service_test.dart: project read begun during a mutation cannot undo its result
03:05 +464: /home/albert/busystack/busymark/test/src/spelling_service_test.dart: superseded project conflict read preserves newer state and error
03:05 +465: /home/albert/busystack/busymark/test/src/spelling_service_test.dart: superseded project watcher error cannot replace valid state
03:05 +466: /home/albert/busystack/busymark/test/src/spelling_service_test.dart: project watcher recovers after identical dictionary repair
03:06 +467: /home/albert/busystack/busymark/test/src/spelling_service_test.dart: project repair recovers a later failed preparation at latest revision
03:07 +468: /home/albert/busystack/busymark/test/src/spelling_service_test.dart: project reread does not clear an unrelated personal read failure
03:07 +469: /home/albert/busystack/busymark/test/src/spelling_service_test.dart: failed personal initialization retries after repair and shares first load
03:07 +470: /home/albert/busystack/busymark/test/src/spelling_service_test.dart: explicit checks and Settings refresh external personal words
03:07 +471: /home/albert/busystack/busymark/test/src/spelling_service_test.dart: late personal refresh cannot undo a newer local mutation
03:07 +472: /home/albert/busystack/busymark/test/src/spelling_service_test.dart: refresh begun during a personal mutation cannot undo its result
03:07 +473: /home/albert/busystack/busymark/test/src/spelling_service_test.dart: an older personal refresh cannot replace a newer publication
03:07 +474: /home/albert/busystack/busymark/test/src/spelling_service_test.dart: a superseded conflict read cannot replace a newer personal refresh
03:07 +475: /home/albert/busystack/busymark/test/src/spelling_service_test.dart: Settings holds a failed preparation until deliberate retry
03:10 +476: /home/albert/busystack/busymark/test/src/spelling_service_test.dart: warm no-workspace Settings refreshes personal words once
03:11 +477: /home/albert/busystack/busymark/test/src/spelling_service_test.dart: warm Settings observes an external dictionary removal once
03:11 +478: /home/albert/busystack/busymark/test/src/spelling_service_test.dart: leaving Settings during preparation ignores its late completion
03:11 +479: /home/albert/busystack/busymark/test/src/spelling_service_test.dart: concurrent first requests start exactly one worker
03:12 +480: /home/albert/busystack/busymark/test/src/spelling_service_test.dart: a project-word mutation cannot publish into a later project
03:13 +481: /home/albert/busystack/busymark/test/src/spelling_service_test.dart: new input hides old results before preparation can fail
03:13 +482: /home/albert/busystack/busymark/test/src/spelling_service_test.dart: external project-word edits refresh an open document
03:16 +483: /home/albert/busystack/busymark/test/src/spelling_service_test.dart: review dialog keeps one traversal through skip, back, correction, and persistence
03:18 +484: /home/albert/busystack/busymark/test/src/spelling_service_test.dart: review word-store conflict stays current and exposes preserved recovery path
03:19 +485: /home/albert/busystack/busymark/test/src/spelling_service_test.dart: equivalent rebuild does not cancel session initialization
03:19 +486: /home/albert/busystack/busymark/test/src/spelling_service_test.dart: automatic session checks after an unresolved language is selected
03:20 +487: /home/albert/busystack/busymark/test/src/spelling_service_test.dart: an available but absent dictionary is not downloaded implicitly
03:20 +488: /home/albert/busystack/busymark/test/src/spelling_service_test.dart: removing a downloaded pair keeps words and reports not installed
03:20 +489: /home/albert/busystack/busymark/test/src/spelling_service_test.dart: warm instance refreshes external installation at explicit boundaries
03:20 +490: /home/albert/busystack/busymark/test/src/spelling_service_test.dart: warm instance replaces an active imported dictionary fingerprint
03:20 +491: /home/albert/busystack/busymark/test/src/spelling_service_test.dart: concurrent warm catalog preparations share one owned read
03:20 +492: /home/albert/busystack/busymark/test/src/spelling_service_test.dart: a delayed catalog read cannot undo a local installation
03:20 +493: /home/albert/busystack/busymark/test/src/spelling_service_test.dart: a failed warm catalog refresh remains retryable
03:20 +494: /home/albert/busystack/busymark/test/src/spelling_service_test.dart: automatic checking rereads inventory after dictionary load fails
03:20 +495: /home/albert/busystack/busymark/test/src/spelling_service_test.dart: long-lived spelling worker catalog validation requires its resource-specific probe
03:20 +496: /home/albert/busystack/busymark/test/src/spelling_service_test.dart: long-lived spelling worker projects source and rich snapshots through reusable messages
03:20 +497: /home/albert/busystack/busymark/test/src/spelling_service_test.dart: long-lived spelling worker incrementally reuses unaffected plain Markdown runs
03:20 +498: /home/albert/busystack/busymark/test/src/spelling_service_test.dart: long-lived spelling worker incremental Markdown projection agrees with a fresh structural parse
03:21 +499: /home/albert/busystack/busymark/test/src/spelling_service_test.dart: long-lived spelling worker projection cache rebinds source targets after Save As
03:21 +500: /home/albert/busystack/busymark/test/src/spelling_service_test.dart: long-lived spelling worker project custom words do not leak between contexts
03:21 +501: /home/albert/busystack/busymark/test/src/spelling_service_test.dart: long-lived spelling worker quoted corrections retain straight and curly punctuation
03:21 +502: /home/albert/busystack/busymark/test/src/spelling_service_test.dart: long-lived spelling worker quotation context survives projection and worker barriers
03:21 +503: /home/albert/busystack/busymark/test/src/spelling_service_test.dart: long-lived spelling worker quotation context survives a bounded worker chunk
03:21 +504: /home/albert/busystack/busymark/test/src/spelling_service_test.dart: long-lived spelling worker removing a custom exception does not forbid a base word
03:21 +505: /home/albert/busystack/busymark/test/src/spelling_service_test.dart: long-lived spelling worker prose around 64 KiB is checked across bounded chunks
03:21 +506: /home/albert/busystack/busymark/test/src/spelling_service_test.dart: long-lived spelling worker isolates encoding and oversized-token failures
03:21 +507: /home/albert/busystack/busymark/test/src/spelling_service_test.dart: long-lived spelling worker normal, large, and superseded checks stay bounded
spelling benchmark: normal=4ms large/latest=182ms suggestion=0ms
03:21 +508: loading /home/albert/busystack/busymark/test/src/header_bar_configuration_test.dart
03:22 +508: /home/albert/busystack/busymark/test/src/header_bar_configuration_test.dart: rapid navigation applies only monotonic complete configurations
03:22 +509: /home/albert/busystack/busymark/test/src/header_bar_configuration_test.dart: a new Dart session can restart native revisions from one
03:22 +510: /home/albert/busystack/busymark/test/src/header_bar_configuration_test.dart: modal depth is an atomic overlay on the latest page state
03:22 +511: /home/albert/busystack/busymark/test/src/header_bar_configuration_test.dart: modal barrier is retained before the first page publishes
03:22 +512: /home/albert/busystack/busymark/test/src/header_bar_configuration_test.dart: older runners fall back once to the ordered legacy protocol
03:22 +513: /home/albert/busystack/busymark/test/src/header_bar_configuration_test.dart: failed atomic apply keeps the last success and retries the same desired state
03:22 +514: /home/albert/busystack/busymark/test/src/header_bar_configuration_test.dart: theme map contains the native semantic visual roles
03:22 +515: /home/albert/busystack/busymark/test/src/header_bar_configuration_test.dart: native header labels expose only application-menu commands
03:22 +516: loading /home/albert/busystack/busymark/test/src/source_audit_test.dart
03:24 +516: /home/albert/busystack/busymark/test/src/source_audit_test.dart: source tree has BusyMark identity and no removed domain surfaces
03:27 +517: /home/albert/busystack/busymark/test/src/source_audit_test.dart: pubspec package name is busymark
03:27 +518: /home/albert/busystack/busymark/test/src/source_audit_test.dart: release version metadata stays in sync
03:27 +519: /home/albert/busystack/busymark/test/src/source_audit_test.dart: top-level app routes do not animate between desktop surfaces
03:27 +520: /home/albert/busystack/busymark/test/src/source_audit_test.dart: Flutter UI resolves icons through the BusyMark glyph catalog
03:27 +521: /home/albert/busystack/busymark/test/src/source_audit_test.dart: preview output actions are not present
03:28 +522: /home/albert/busystack/busymark/test/src/source_audit_test.dart: product stderr logging is isolated behind debug logging
03:28 +523: /home/albert/busystack/busymark/test/src/source_audit_test.dart: grouped action rows use one BusyMark-owned rounded surface
03:28 +524: /home/albert/busystack/busymark/test/src/source_audit_test.dart: BusyMark dialog title bars use the same surface as dialog body
03:28 +525: /home/albert/busystack/busymark/test/src/source_audit_test.dart: BusyMark dialog buttons are thin semantic framework adapters
03:28 +526: /home/albert/busystack/busymark/test/src/source_audit_test.dart: Writerside New Topic uses the established modal editor components
03:28 +527: /home/albert/busystack/busymark/test/src/source_audit_test.dart: shared grouped surfaces use native card shadow layers
03:28 +528: /home/albert/busystack/busymark/test/src/source_audit_test.dart: filled grouped action surfaces use the shared grouped surface
03:28 +529: /home/albert/busystack/busymark/test/src/source_audit_test.dart: semantic surfaces are centralized while inputs retain Yaru geometry
03:28 +530: /home/albert/busystack/busymark/test/src/source_audit_test.dart: split-view sidebars share one directional semantic boundary
03:28 +531: /home/albert/busystack/busymark/test/src/source_audit_test.dart: hardcoded UI colors stay in the shared design layer
03:28 +532: /home/albert/busystack/busymark/test/src/source_audit_test.dart: problems are opened from a popup instead of a bottom panel setting
03:28 +533: /home/albert/busystack/busymark/test/src/source_audit_test.dart: native search action toggles workspace search UI
03:28 +534: /home/albert/busystack/busymark/test/src/source_audit_test.dart: preview links are actionable instead of styled-only text
03:28 +535: /home/albert/busystack/busymark/test/src/source_audit_test.dart: inline preview images do not inherit link text decoration
03:28 +536: /home/albert/busystack/busymark/test/src/source_audit_test.dart: document views share direction resolution and keep code LTR
03:28 +537: /home/albert/busystack/busymark/test/src/source_audit_test.dart: Editor and Preview reuse the shared document callout surface
03:28 +538: /home/albert/busystack/busymark/test/src/source_audit_test.dart: document views reuse one code-block surface and typography
03:28 +539: /home/albert/busystack/busymark/test/src/source_audit_test.dart: Editor and Preview reuse one prose line-height style
03:28 +540: /home/albert/busystack/busymark/test/src/source_audit_test.dart: equivalent Editor and Preview blocks use shared document primitives
03:28 +541: /home/albert/busystack/busymark/test/src/source_audit_test.dart: workspace isolates technical labels only at rendering boundaries
03:28 +542: /home/albert/busystack/busymark/test/src/source_audit_test.dart: workspace sidebar tabs match the opened workspace kind
03:28 +543: /home/albert/busystack/busymark/test/src/source_audit_test.dart: sidebar tabs and editor hover use neutral native surfaces
03:28 +544: /home/albert/busystack/busymark/test/src/source_audit_test.dart: sidebar header menu uses shared popup menu
03:28 +545: /home/albert/busystack/busymark/test/src/source_audit_test.dart: shared popup menus prefer GTK with a themed framework fallback
03:28 +546: /home/albert/busystack/busymark/test/src/source_audit_test.dart: Git actions use the shared workspace-header popup
03:29 +547: /home/albert/busystack/busymark/test/src/source_audit_test.dart: Git changes view uses an integrated commit panel
03:29 +548: /home/albert/busystack/busymark/test/src/source_audit_test.dart: Git sidebar actions use the shared semantic button adapter
03:29 +549: /home/albert/busystack/busymark/test/src/source_audit_test.dart: settings selectors delegate to the shared native menu
03:29 +550: /home/albert/busystack/busymark/test/src/source_audit_test.dart: report issue form uses the native grouped modal editor
03:29 +551: /home/albert/busystack/busymark/test/src/source_audit_test.dart: data-entry dialogs use native grouped modal editors
03:29 +552: /home/albert/busystack/busymark/test/src/source_audit_test.dart: Writerside template workflow uses BusyMark and Yaru presentation
03:29 +553: /home/albert/busystack/busymark/test/src/source_audit_test.dart: sidebar trees share the expandable Yaru-style row
03:29 +554: /home/albert/busystack/busymark/test/src/source_audit_test.dart: recent workspaces expose one native menu action model
03:29 +555: /home/albert/busystack/busymark/test/src/source_audit_test.dart: history records reuse the Recent sidebar row
03:29 +556: /home/albert/busystack/busymark/test/src/source_audit_test.dart: outline tree drives source and preview heading navigation
03:29 +557: /home/albert/busystack/busymark/test/src/source_audit_test.dart: preview search navigation targets clicked result source span
03:29 +558: /home/albert/busystack/busymark/test/src/source_audit_test.dart: source editor line numbers use measured editor layout
03:29 +559: /home/albert/busystack/busymark/test/src/source_audit_test.dart: document view modes drive source preview and split layouts
03:29 +560: /home/albert/busystack/busymark/test/src/source_audit_test.dart: WYSIWYG toolbar exposes fuller Markdown controls
03:29 +561: /home/albert/busystack/busymark/test/src/source_audit_test.dart: WYSIWYG text selection does not paint full text block backgrounds
03:29 +562: /home/albert/busystack/busymark/test/src/source_audit_test.dart: Markdown image blocks render frameless and edit through dialog
03:29 +563: /home/albert/busystack/busymark/test/src/source_audit_test.dart: native context menus wait for the secondary pointer release
03:29 +564: /home/albert/busystack/busymark/test/src/source_audit_test.dart: source view has compact gutter without pane status chrome
03:29 +565: loading /home/albert/busystack/busymark/test/src/localization_audit_test.dart
03:30 +565: /home/albert/busystack/busymark/test/src/localization_audit_test.dart: production Dart does not hardcode obvious user-facing strings
03:31 +566: /home/albert/busystack/busymark/test/src/localization_audit_test.dart: native Linux GTK user-facing strings are not hardcoded
03:31 +567: /home/albert/busystack/busymark/test/src/localization_audit_test.dart: Linux package metadata matches supplied target locales
03:31 +568: /home/albert/busystack/busymark/test/src/localization_audit_test.dart: package metadata uses reviewed product wording in every locale
03:31 +569: /home/albert/busystack/busymark/test/src/localization_audit_test.dart: duplicate JSON key scanning respects nested object scopes
03:31 +570: /home/albert/busystack/busymark/test/src/localization_audit_test.dart: ARB catalogs have valid, unique message structure and locale IDs
03:31 +571: /home/albert/busystack/busymark/test/src/localization_audit_test.dart: all ARBs match the English messages and placeholders
03:34 +572: /home/albert/busystack/busymark/test/src/localization_audit_test.dart: destructive, save, and Git history actions remain distinct
03:34 +573: /home/albert/busystack/busymark/test/src/localization_audit_test.dart: English-identical target messages are explicitly reviewed
03:34 +574: /home/albert/busystack/busymark/test/src/localization_audit_test.dart: Syntax Reference is localized without legacy message keys
03:34 +575: /home/albert/busystack/busymark/test/src/localization_audit_test.dart: clipboard write failures are localized in every target locale
03:34 +576: /home/albert/busystack/busymark/test/src/localization_audit_test.dart: Portuguese and Chinese base catalogs contain reviewed UI prose
03:34 +577: /home/albert/busystack/busymark/test/src/localization_audit_test.dart: completed base-catalog plurals reach their supported branches
03:34 +578: /home/albert/busystack/busymark/test/src/localization_audit_test.dart: Russian and Ukrainian count messages render every reviewed form
03:34 +579: /home/albert/busystack/busymark/test/src/localization_audit_test.dart: Portuguese count messages distinguish singular and plural
03:34 +580: /home/albert/busystack/busymark/test/src/localization_audit_test.dart: Hindi unsaved-document prompt uses saved-state terminology
03:34 +581: /home/albert/busystack/busymark/test/src/localization_audit_test.dart: RTL translations isolate technical interpolations
03:34 +582: /home/albert/busystack/busymark/test/src/localization_audit_test.dart: Persian dynamic numbers use Persian digits
03:34 +583: /home/albert/busystack/busymark/test/src/localization_audit_test.dart: locale resolution considers all preferences and falls back to English
03:34 +584: /home/albert/busystack/busymark/test/src/localization_audit_test.dart: every selectable locale has a generated catalog
03:34 +585: /home/albert/busystack/busymark/test/src/localization_audit_test.dart: diagnostics localize at render time from codes and args
03:34 +586: loading /home/albert/busystack/busymark/test/src/spelling_bundle_integration_test.dart
03:35 +586: /home/albert/busystack/busymark/test/src/spelling_bundle_integration_test.dart: real en-CA checks pasted rich content completely in both editors
03:44 +587: /home/albert/busystack/busymark/test/src/spelling_bundle_integration_test.dart: packaged catalog opens real regional and non-Latin dictionaries
Shell: Failure loading aff file /home/albert/busystack/busymark/build/spelling-test/installed/es-UY/dictionary.aff
03:52 +588: /home/albert/busystack/busymark/test/src/spelling_bundle_integration_test.dart: real en-CA checks the general Markdown fixture completely
03:55 +589: loading /home/albert/busystack/busymark/test/src/command_registry_test.dart
03:55 +589: /home/albert/busystack/busymark/test/src/command_registry_test.dart: catalog includes every editor command with an executable callback
03:55 +590: /home/albert/busystack/busymark/test/src/command_registry_test.dart: catalog exposes stable unique IDs for all migrated shortcuts
03:55 +591: /home/albert/busystack/busymark/test/src/command_registry_test.dart: rejects duplicate command IDs
03:55 +592: /home/albert/busystack/busymark/test/src/command_registry_test.dart: rejects shortcut conflicts in the same command scope
03:55 +593: /home/albert/busystack/busymark/test/src/command_registry_test.dart: allows the same shortcut in distinct focus scopes
03:55 +594: /home/albert/busystack/busymark/test/src/command_registry_test.dart: executes only visible enabled bound commands
03:55 +595: /home/albert/busystack/busymark/test/src/command_registry_test.dart: contextual commands execute against the captured editor
03:56 +596: loading /home/albert/busystack/busymark/test/src/ai_packaging_audit_test.dart
03:58 +596: /home/albert/busystack/busymark/test/src/ai_packaging_audit_test.dart: Linux packages secure AI credential storage consistently
03:58 +597: /home/albert/busystack/busymark/test/src/ai_packaging_audit_test.dart: real local AI qualification covers every shipped action
03:58 +598: loading /home/albert/busystack/busymark/test/src/markdown_source_structure_test.dart
04:00 +598: /home/albert/busystack/busymark/test/src/markdown_source_structure_test.dart: source line bounds treat offsets as insertion positions
04:00 +599: /home/albert/busystack/busymark/test/src/markdown_source_structure_test.dart: table cell spans respect meaningful outer pipes and escaping
04:00 +600: /home/albert/busystack/busymark/test/src/markdown_source_structure_test.dart: escaped terminal pipes remain in the final cell source span
04:00 +601: loading /home/albert/busystack/busymark/test/src/visualization_raster_sizing_test.dart
04:05 +601: /home/albert/busystack/busymark/test/src/visualization_raster_sizing_test.dart: wide preview fits identically through D2 and WebKit renderers
04:05 +602: /home/albert/busystack/busymark/test/src/visualization_raster_sizing_test.dart: wide PDF fits identically through D2 and WebKit renderers
04:05 +603: /home/albert/busystack/busymark/test/src/visualization_raster_sizing_test.dart: area-constrained PDF fits identically through D2 and WebKit renderers
04:05 +604: loading /home/albert/busystack/busymark/test/src/writerside_template_service_test.dart
04:06 +604: /home/albert/busystack/busymark/test/src/writerside_template_service_test.dart: real installed catalog has six default families and 22 bundled TGDP topics
04:07 +605: /home/albert/busystack/busymark/test/src/writerside_template_service_test.dart: literal substitution is simultaneous, case-sensitive, XML-only escaped
04:07 +606: /home/albert/busystack/busymark/test/src/writerside_template_service_test.dart: save source matches installed first-match substring behavior
04:07 +607: /home/albert/busystack/busymark/test/src/writerside_template_service_test.dart: TGDP brace escaping preserves attribute blocks and rewrites relative links
04:07 +608: /home/albert/busystack/busymark/test/src/writerside_template_service_test.dart: save, unique naming, restart, cancellation snapshot and stale edit rejection
04:08 +609: /home/albert/busystack/busymark/test/src/writerside_template_service_test.dart: concurrent saves serialize without losing templates
04:08 +610: /home/albert/busystack/busymark/test/src/writerside_template_service_test.dart: custom and Internal templates may share a name (custom first: true)
04:08 +611: /home/albert/busystack/busymark/test/src/writerside_template_service_test.dart: custom and Internal templates may share a name (custom first: false)
04:08 +612: /home/albert/busystack/busymark/test/src/writerside_template_service_test.dart: corrupt and symbolic-link stores are never replaced
04:08 +613: /home/albert/busystack/busymark/test/src/writerside_template_service_test.dart: builtin overrides persist independently and reset reveals original source
04:08 +614: /home/albert/busystack/busymark/test/src/writerside_template_service_test.dart: template bytes are published in the guarded creation transaction and rolled back on conflict
04:08 +615: /home/albert/busystack/busymark/test/src/writerside_template_service_test.dart: invalid XML templates and colliding root IDs never publish a topic or TOC edit
04:08 +616: loading /home/albert/busystack/busymark/test/src/writerside_test.dart
04:09 +616: /home/albert/busystack/busymark/test/src/writerside_test.dart: parses writerside.cfg directories and registered instances
04:09 +617: /home/albert/busystack/busymark/test/src/writerside_test.dart: parses documented full writerside.cfg metadata
04:09 +618: /home/albert/busystack/busymark/test/src/writerside_test.dart: parses documented config defaults
04:09 +619: /home/albert/busystack/busymark/test/src/writerside_test.dart: parses attribute defaults for present config elements
04:09 +620: /home/albert/busystack/busymark/test/src/writerside_test.dart: parses documented topic title overrides and web file names
04:09 +621: /home/albert/busystack/busymark/test/src/writerside_test.dart: Markdown web filename metadata ignores literal examples
04:09 +622: /home/albert/busystack/busymark/test/src/writerside_test.dart: XML topic metadata is scoped to direct topic children
04:09 +623: /home/albert/busystack/busymark/test/src/writerside_test.dart: parses .tree metadata and TOC hierarchy
04:09 +624: /home/albert/busystack/busymark/test/src/writerside_test.dart: Writerside topic XML exposes semantic math to the shared preview
04:10 +625: /home/albert/busystack/busymark/test/src/writerside_test.dart: loads basic Writerside project with topics and no missing topic diagnostics
04:10 +626: /home/albert/busystack/busymark/test/src/writerside_test.dart: does not parse a Writerside config above the byte limit
04:10 +627: /home/albert/busystack/busymark/test/src/writerside_test.dart: rejects configured paths outside the module root
04:10 +628: /home/albert/busystack/busymark/test/src/writerside_test.dart: rejects a configured topic root reached through a symlink
04:10 +629: /home/albert/busystack/busymark/test/src/writerside_test.dart: rejects a Writerside config file reached through a symlink
04:10 +630: /home/albert/busystack/busymark/test/src/writerside_test.dart: loads project.ihp as an equivalent Writerside config file
04:10 +631: /home/albert/busystack/busymark/test/src/writerside_test.dart: loads topics from multiple configured topic roots
04:10 +632: /home/albert/busystack/busymark/test/src/writerside_test.dart: resolves exact topic reference before basename fallback
04:10 +633: /home/albert/busystack/busymark/test/src/writerside_test.dart: reports duplicate topic IDs in a help module
04:10 +634: /home/albert/busystack/busymark/test/src/writerside_test.dart: reports ambiguous basename fallback after exact matching misses
04:10 +635: /home/albert/busystack/busymark/test/src/writerside_test.dart: resolves Markdown links across configured topic roots
04:10 +636: /home/albert/busystack/busymark/test/src/writerside_test.dart: reports ambiguous basename topic references deterministically
04:10 +637: /home/albert/busystack/busymark/test/src/writerside_test.dart: broken Writerside project produces deterministic diagnostics
04:10 +638: /home/albert/busystack/busymark/test/src/writerside_test.dart: resolves basename images in nested Writerside image directories
04:10 +639: /home/albert/busystack/busymark/test/src/writerside_test.dart: resolves local images from secondary configured image roots
04:10 +640: /home/albert/busystack/busymark/test/src/writerside_test.dart: parses the documented instance tree elements and attributes
04:10 +641: /home/albert/busystack/busymark/test/src/writerside_test.dart: rejects redirect-source attributes on empty TOC groups
04:10 +642: /home/albert/busystack/busymark/test/src/writerside_test.dart: module service retains empty-group redirect-source diagnostics
04:10 +643: /home/albert/busystack/busymark/test/src/writerside_test.dart: resolves registered TOC libraries, filters, groups, and cross-instance refs
04:10 +644: /home/albert/busystack/busymark/test/src/writerside_test.dart: reports circular reusable tree includes without recursing
04:10 +645: /home/albert/busystack/busymark/test/src/writerside_test.dart: included content still requires a regular instance home page
04:10 +646: /home/albert/busystack/busymark/test/src/writerside_test.dart: ignores status-specific values for general instance settings
04:10 +647: /home/albert/busystack/busymark/test/src/writerside_test.dart: conformance fixture is a valid openable Writerside module
04:11 +648: loading /home/albert/busystack/busymark/test/src/linux_page_frame_test.dart
04:11 +648: /home/albert/busystack/busymark/test/src/linux_page_frame_test.dart: narrow title stays centered between the controls when resized
04:12 +649: /home/albert/busystack/busymark/test/src/linux_page_frame_test.dart: header title fits asymmetric controls at width 500.0 in TextDirection.rtl
04:12 +650: /home/albert/busystack/busymark/test/src/linux_page_frame_test.dart: header title fits asymmetric controls at width 500.0 in TextDirection.ltr
04:12 +651: /home/albert/busystack/busymark/test/src/linux_page_frame_test.dart: header title fits asymmetric controls at width 800.0 in TextDirection.rtl
04:12 +652: /home/albert/busystack/busymark/test/src/linux_page_frame_test.dart: header title fits asymmetric controls at width 800.0 in TextDirection.ltr
04:12 +653: /home/albert/busystack/busymark/test/src/linux_page_frame_test.dart: Brightness.dark seam paints the same subtle color across header and body
04:12 +654: /home/albert/busystack/busymark/test/src/linux_page_frame_test.dart: Brightness.light seam paints the same subtle color across header and body
04:12 +655: /home/albert/busystack/busymark/test/src/linux_page_frame_test.dart: one viewport owns the full-height sidebar edge at every frame
04:12 +656: /home/albert/busystack/busymark/test/src/linux_page_frame_test.dart: unrelated rebuild preserves partial progress and body state
04:12 +657: /home/albert/busystack/busymark/test/src/linux_page_frame_test.dart: breakpoint settlement is immediate and retained state survives
04:12 +658: /home/albert/busystack/busymark/test/src/linux_page_frame_test.dart: RTL and fractional device pixels share one snapped edge
04:12 +659: /home/albert/busystack/busymark/test/src/linux_page_frame_test.dart: divider follows the snapped physical viewport while opening and closing
04:12 +660: /home/albert/busystack/busymark/test/src/linux_page_frame_test.dart: animation setting settles a running reveal to its logical target
04:12 +661: /home/albert/busystack/busymark/test/src/linux_page_frame_test.dart: header receives only the presented system-control obstruction
04:12 +662: /home/albert/busystack/busymark/test/src/linux_page_frame_test.dart: frame is the single owner of the full-height sidebar seam
04:12 +663: loading /home/albert/busystack/busymark/test/src/writerside_toc_regressions_test.dart
04:14 +663: /home/albert/busystack/busymark/test/src/writerside_toc_regressions_test.dart: tree-to-editor sync opens selected topic even with a .tree editor active
04:19 +664: /home/albert/busystack/busymark/test/src/writerside_toc_regressions_test.dart: editor-to-TOC sync resolves qualified identities and chooses breadth-first occurrence
04:22 +665: /home/albert/busystack/busymark/test/src/writerside_toc_regressions_test.dart: live removal dialog uses documented confirmation, redirect label and usage count
04:26 +666: /home/albert/busystack/busymark/test/src/writerside_toc_regressions_test.dart: New Topic surfaces expose local Markdown import only at root/sibling
04:28 +667: /home/albert/busystack/busymark/test/src/writerside_toc_regressions_test.dart: Empty MD Topic creates an editable document when Reading mode is active, preserving other tabs
04:32 +668: /home/albert/busystack/busymark/test/src/writerside_toc_regressions_test.dart: Empty XML Topic creates an editable document when Reading mode is active, preserving other tabs
04:35 +669: /home/albert/busystack/busymark/test/src/writerside_toc_regressions_test.dart: Topic from Template... creates an editable document when Reading mode is active, preserving other tabs
04:38 +670: loading /home/albert/busystack/busymark/test/src/busymark_search_field_test.dart
04:39 +670: /home/albert/busystack/busymark/test/src/busymark_search_field_test.dart: header Escape preserves the query for the next search
04:40 +671: /home/albert/busystack/busymark/test/src/busymark_search_field_test.dart: search fallback uses the normal Yaru-themed entry geometry
04:40 +672: /home/albert/busystack/busymark/test/src/busymark_search_field_test.dart: focus request targets the themed text entry
04:40 +673: /home/albert/busystack/busymark/test/src/busymark_search_field_test.dart: Escape clears the query and closes the owner
04:41 +674: loading /home/albert/busystack/busymark/test/src/writerside_toc_workspace_test.dart
04:41 +674: /home/albert/busystack/busymark/test/src/writerside_toc_workspace_test.dart: row titles, markers and included source identity use selected context
04:44 +675: /home/albert/busystack/busymark/test/src/writerside_toc_workspace_test.dart: linking retains source bytes and rejects a now-present candidate
04:44 +676: /home/albert/busystack/busymark/test/src/writerside_toc_workspace_test.dart: home reassignment preserves other instances and unrelated attributes
04:44 +677: /home/albert/busystack/busymark/test/src/writerside_toc_workspace_test.dart: linking initializes the first-topic home page: empty instance
04:44 +678: /home/albert/busystack/busymark/test/src/writerside_toc_workspace_test.dart: linking initializes the first-topic home page: groups only
04:44 +679: /home/albert/busystack/busymark/test/src/writerside_toc_workspace_test.dart: linking initializes the first-topic home page: existing home
04:44 +680: /home/albert/busystack/busymark/test/src/writerside_toc_workspace_test.dart: linking initializes the first-topic home page: library
04:45 +681: /home/albert/busystack/busymark/test/src/writerside_toc_workspace_test.dart: linking initializes the first-topic home page: empty group insertion
04:45 +682: /home/albert/busystack/busymark/test/src/writerside_toc_workspace_test.dart: linking initializes the first-topic home page: existing nested topic
04:45 +683: /home/albert/busystack/busymark/test/src/writerside_toc_workspace_test.dart: first linked topic and home assignment share the same publication guard
04:45 +684: /home/albert/busystack/busymark/test/src/writerside_toc_workspace_test.dart: title transaction rolls back both files on a concurrent dirty-buffer guard
04:45 +685: /home/albert/busystack/busymark/test/src/writerside_toc_workspace_test.dart: XML duplicate copies source, changes only root ID, adds basic sibling
04:45 +686: /home/albert/busystack/busymark/test/src/writerside_toc_workspace_test.dart: sort revalidates title dependencies before publishing the tree
04:46 +687: /home/albert/busystack/busymark/test/src/writerside_toc_workspace_test.dart: safe deletion rechecks dirty-buffer guard and rolls back earlier edits
04:46 +688: loading /home/albert/busystack/busymark/test/src/writerside_pdf_export_test.dart
04:50 +688: /home/albert/busystack/busymark/test/src/writerside_pdf_export_test.dart: repeated list includes restart numbering in the final PDF
04:50 +689: /home/albert/busystack/busymark/test/src/writerside_pdf_export_test.dart: final PDF keeps alphabetic starts, separate decimal lists and procedure numbering
04:50 +690: /home/albert/busystack/busymark/test/src/writerside_pdf_export_test.dart: unresolved TOC origin or shared topic fails explicitly (unknown)
04:51 +691: /home/albert/busystack/busymark/test/src/writerside_pdf_export_test.dart: unresolved TOC origin or shared topic fails explicitly (shared-pdf)
04:51 +692: /home/albert/busystack/busymark/test/src/writerside_pdf_export_test.dart: PDF selects shared TOC topics with filename collision=false
04:51 +693: /home/albert/busystack/busymark/test/src/writerside_pdf_export_test.dart: PDF selects shared TOC topics with filename collision=true
04:51 +694: /home/albert/busystack/busymark/test/src/writerside_pdf_export_test.dart: final PDF retains procedure titles, definition terms and linked targets (diagram rendered=true)
04:51 +695: /home/albert/busystack/busymark/test/src/writerside_pdf_export_test.dart: final PDF retains procedure titles, definition terms and linked targets (diagram rendered=false)
04:51 +696: /home/albert/busystack/busymark/test/src/writerside_pdf_export_test.dart: bundled Typst compiles semantic tables, anchors and glossary footnotes
04:51 +697: /home/albert/busystack/busymark/test/src/writerside_pdf_export_test.dart: PDF retains nested chapter bodies and resolves unique internal destinations
04:51 +698: /home/albert/busystack/busymark/test/src/writerside_pdf_export_test.dart: Markdown topic links retain their PDF destinations
04:51 +699: /home/albert/busystack/busymark/test/src/writerside_pdf_export_test.dart: Markdown topic blank lines remain explicit in Writerside PDF
04:51 +700: /home/albert/busystack/busymark/test/src/writerside_pdf_export_test.dart: native export composes the selected instance without a container runtime
04:52 +701: /home/albert/busystack/busymark/test/src/writerside_pdf_export_test.dart: hidden topics remain content and toc-title stays navigation-only
04:52 +702: /home/albert/busystack/busymark/test/src/writerside_pdf_export_test.dart: referenced diagrams keep resolved source and all tab panels reach PDF
04:54 +703: /home/albert/busystack/busymark/test/src/writerside_pdf_export_test.dart: pre-cancelled native export never starts PDF compilation
04:54 +704: /home/albert/busystack/busymark/test/src/writerside_pdf_export_test.dart: unknown Writerside instance is rejected before compilation
04:54 +705: /home/albert/busystack/busymark/test/src/writerside_pdf_export_test.dart: resolution errors prevent PDF compilation
04:54 +706: /home/albert/busystack/busymark/test/src/writerside_pdf_export_test.dart: module validation errors prevent PDF compilation
04:54 +707: /home/albert/busystack/busymark/test/src/writerside_pdf_export_test.dart: module validation warnings are returned to the caller
04:54 +708: /home/albert/busystack/busymark/test/src/writerside_pdf_export_test.dart: nonfatal resolution diagnostics are returned as PDF warnings
04:54 +709: /home/albert/busystack/busymark/test/src/writerside_pdf_export_test.dart: native exporter failures use Writerside failure codes
04:55 +710: /home/albert/busystack/busymark/test/src/writerside_pdf_export_test.dart: native Writerside fixture compiles end to end with bundled Typst
04:55 +711: loading /home/albert/busystack/busymark/test/src/clipboard_history_test.dart
04:56 +711: /home/albert/busystack/busymark/test/src/clipboard_history_test.dart: retains newest first, deduplicates, removes, clears, and evicts by count
04:56 +712: /home/albert/busystack/busymark/test/src/clipboard_history_test.dart: accounts byte budget and rejects an oversized item without truncation
04:56 +713: /home/albert/busystack/busymark/test/src/clipboard_history_test.dart: collection off leaves existing entries and blocks new retention
04:56 +714: /home/albert/busystack/busymark/test/src/clipboard_history_test.dart: current external clipboard remains transient until explicitly retained
04:56 +715: /home/albert/busystack/busymark/test/src/clipboard_history_test.dart: current external HTML keeps its rich and interoperable text representations
04:56 +716: /home/albert/busystack/busymark/test/src/clipboard_history_test.dart: current HTML-only clipboard is eligible without internal ownership
04:56 +717: /home/albert/busystack/busymark/test/src/clipboard_history_test.dart: current source-only clipboard does not invent plain text
04:56 +718: /home/albert/busystack/busymark/test/src/clipboard_history_test.dart: equal visible text with different structure stays distinct
04:56 +719: /home/albert/busystack/busymark/test/src/clipboard_history_test.dart: equal relative markup from different origins stays distinct
04:56 +720: /home/albert/busystack/busymark/test/src/clipboard_history_test.dart: retains whitespace-only text and owns image bytes immutably
04:56 +721: /home/albert/busystack/busymark/test/src/clipboard_history_test.dart: a new provider session starts with no retained history
04:56 +722: /home/albert/busystack/busymark/test/src/clipboard_history_test.dart: insertion registry follows latest target and never retains disposed targets
04:56 +723: /home/albert/busystack/busymark/test/src/clipboard_history_test.dart: unknown token cannot recover rich data through equal plain text
04:56 +724: /home/albert/busystack/busymark/test/src/clipboard_history_test.dart: rich ownership is byte bounded and shares equivalent media
04:56 +725: loading /home/albert/busystack/busymark/test/src/ai_reliability_test.dart
05:00 +725: /home/albert/busystack/busymark/test/src/ai_reliability_test.dart: coordinator honors Retry-After and caps retry attempts
05:00 +726: /home/albert/busystack/busymark/test/src/ai_reliability_test.dart: coordinator never retries after partial output
05:00 +727: /home/albert/busystack/busymark/test/src/ai_reliability_test.dart: coordinator bounds all retries by one total deadline
05:00 +728: /home/albert/busystack/busymark/test/src/ai_reliability_test.dart: global permit pool limits requests across different targets
05:00 +729: /home/albert/busystack/busymark/test/src/ai_reliability_test.dart: request-id cancellation cannot cancel a newer request for the target
05:00 +730: /home/albert/busystack/busymark/test/src/ai_reliability_test.dart: model fallback stays inside the explicitly selected provider
05:00 +731: /home/albert/busystack/busymark/test/src/ai_reliability_test.dart: Ollama uses an absolute deadline even while bytes keep arriving
05:00 +732: /home/albert/busystack/busymark/test/src/ai_reliability_test.dart: cancellation interrupts the preliminary Ollama model request
05:00 +733: /home/albert/busystack/busymark/test/src/ai_reliability_test.dart: Retry-After supports seconds and HTTP dates without negatives
05:00 +734: loading /home/albert/busystack/busymark/test/src/markdown_serializer_metadata_test.dart
05:05 +734: /home/albert/busystack/busymark/test/src/markdown_serializer_metadata_test.dart: partially formatted URL source offsets and text atoms survive save and edit
05:05 +735: /home/albert/busystack/busymark/test/src/markdown_serializer_metadata_test.dart: URL punctuation beside surrounding formatting retains literal and style boundaries
05:05 +736: /home/albert/busystack/busymark/test/src/markdown_serializer_metadata_test.dart: surrounding formatting commits the same URL editing semantics as reopening
05:06 +737: /home/albert/busystack/busymark/test/src/markdown_serializer_metadata_test.dart: bare URL trailing literal punctuation survives serialization and reparse
05:06 +738: /home/albert/busystack/busymark/test/src/markdown_serializer_metadata_test.dart: bare URL character-reference suffix round-trips in MarkdownMode.commonMark: &copy;
05:06 +739: /home/albert/busystack/busymark/test/src/markdown_serializer_metadata_test.dart: bare URL character-reference suffix round-trips in MarkdownMode.commonMark: &amp;
05:06 +740: /home/albert/busystack/busymark/test/src/markdown_serializer_metadata_test.dart: bare URL character-reference suffix round-trips in MarkdownMode.commonMark: &amp;*<tag>
05:06 +741: /home/albert/busystack/busymark/test/src/markdown_serializer_metadata_test.dart: bare URL character-reference suffix round-trips in MarkdownMode.writersideMarkdown: &copy;
05:06 +742: /home/albert/busystack/busymark/test/src/markdown_serializer_metadata_test.dart: bare URL character-reference suffix round-trips in MarkdownMode.writersideMarkdown: &amp;
05:06 +743: /home/albert/busystack/busymark/test/src/markdown_serializer_metadata_test.dart: bare URL character-reference suffix round-trips in MarkdownMode.writersideMarkdown: &amp;*<tag>
05:06 +744: /home/albert/busystack/busymark/test/src/markdown_serializer_metadata_test.dart: unrecognized URL source preserves literal text and metadata in MarkdownMode.commonMark
05:06 +745: /home/albert/busystack/busymark/test/src/markdown_serializer_metadata_test.dart: unrecognized URL source preserves literal text and metadata in MarkdownMode.writersideMarkdown
05:06 +746: /home/albert/busystack/busymark/test/src/markdown_serializer_metadata_test.dart: descendant whitespace preservation prevents ancestor trimming
05:06 +747: /home/albert/busystack/busymark/test/src/markdown_serializer_metadata_test.dart: ordinary and metadata inline emission are byte-identical
05:06 +748: /home/albert/busystack/busymark/test/src/markdown_serializer_metadata_test.dart: bare URL offsets and text atoms stay exact through Enter, edit and save/reparse
05:06 +749: /home/albert/busystack/busymark/test/src/markdown_serializer_metadata_test.dart: bare leaf links use raw URL positions and explicit equal-label links retain delimiters
05:06 +750: /home/albert/busystack/busymark/test/src/markdown_serializer_metadata_test.dart: grouped breaks retain distinct source provenance in one traversal
05:06 +751: /home/albert/busystack/busymark/test/src/markdown_serializer_metadata_test.dart: text-leaf atoms use interior spans and exclude delimiters
05:06 +752: /home/albert/busystack/busymark/test/src/markdown_serializer_metadata_test.dart: table escaping translates leaf spans without changing source
05:06 +753: loading /home/albert/busystack/busymark/test/src/gtk_header_icon_service_test.dart
05:07 +753: /home/albert/busystack/busymark/test/src/gtk_header_icon_service_test.dart: semantic catalog uses the exact native GTK icon names
05:07 +754: /home/albert/busystack/busymark/test/src/gtk_header_icon_service_test.dart: initial load batches direction variants and preserves candidate order
05:07 +755: /home/albert/busystack/busymark/test/src/gtk_header_icon_service_test.dart: explicit Back role survives atomic theme and scale catalog replacement
05:09 +756: loading /home/albert/busystack/busymark/test/src/nextcloud_connection_test.dart
05:13 +756: /home/albert/busystack/busymark/test/src/nextcloud_connection_test.dart: setup stores password only in secret service and metadata in SQLite
05:14 +757: /home/albert/busystack/busymark/test/src/nextcloud_connection_test.dart: locked keyring fails setup without a plaintext account fallback
05:14 +758: /home/albert/busystack/busymark/test/src/nextcloud_connection_test.dart: Notes 6.0.1 connects with API 1.4
05:14 +759: /home/albert/busystack/busymark/test/src/nextcloud_connection_test.dart: production setup preserves the HTTPS-specific validation error
05:14 +760: /home/albert/busystack/busymark/test/src/nextcloud_connection_test.dart: unsupported API rolls back secret and revokes new token
05:14 +761: /home/albert/busystack/busymark/test/src/nextcloud_connection_test.dart: setup revokes the grant even if keyring cleanup fails
05:15 +762: /home/albert/busystack/busymark/test/src/nextcloud_connection_test.dart: reconnect preserves stable account identity and pending note cache
05:15 +763: /home/albert/busystack/busymark/test/src/nextcloud_connection_test.dart: different returned login cannot inherit the existing account outbox
05:15 +764: /home/albert/busystack/busymark/test/src/nextcloud_connection_test.dart: failed remote revocation still removes local account and secret
05:15 +765: /home/albert/busystack/busymark/test/src/nextcloud_connection_test.dart: locked keyring during removal retains account for explicit retry
05:15 +766: loading /home/albert/busystack/busymark/test/src/feedback_service_test.dart
05:19 +766: /home/albert/busystack/busymark/test/src/feedback_service_test.dart: posts the serialized request and returns the server reference
05:19 +767: /home/albert/busystack/busymark/test/src/feedback_service_test.dart: maps connection failures
05:19 +768: /home/albert/busystack/busymark/test/src/feedback_service_test.dart: maps response timeouts
05:19 +769: /home/albert/busystack/busymark/test/src/feedback_service_test.dart: maps HTTP 429 and preserves Retry-After
05:19 +770: /home/albert/busystack/busymark/test/src/feedback_service_test.dart: maps HTTP 400 and 422 to rejected request failures
05:19 +771: /home/albert/busystack/busymark/test/src/feedback_service_test.dart: maps server and malformed-response failures to server errors
05:19 +772: loading /home/albert/busystack/busymark/test/src/app_settings_test.dart
05:22 +772: /home/albert/busystack/busymark/test/src/app_settings_test.dart: hydration and redundant sidebar requests do not count as user transitions
05:22 +773: /home/albert/busystack/busymark/test/src/app_settings_test.dart: window behavior defaults protect unsaved changes
05:22 +774: /home/albert/busystack/busymark/test/src/app_settings_test.dart: reopen workspace setting is migration-safe
05:22 +775: /home/albert/busystack/busymark/test/src/app_settings_test.dart: document view mode defaults to editor
05:22 +776: /home/albert/busystack/busymark/test/src/app_settings_test.dart: auto save defaults to enabled
05:22 +777: /home/albert/busystack/busymark/test/src/app_settings_test.dart: history settings have bounded privacy-preserving defaults
05:22 +778: /home/albert/busystack/busymark/test/src/app_settings_test.dart: history settings validate persisted ranges and absolute exclusions
05:22 +779: /home/albert/busystack/busymark/test/src/app_settings_test.dart: AI defaults disabled and provider settings never persist secrets
05:22 +780: /home/albert/busystack/busymark/test/src/app_settings_test.dart: editing button direction defaults to horizontal
05:22 +781: /home/albert/busystack/busymark/test/src/app_settings_test.dart: editing button direction round-trips through settings JSON
05:22 +782: /home/albert/busystack/busymark/test/src/app_settings_test.dart: remote images default to blocked
05:22 +783: /home/albert/busystack/busymark/test/src/app_settings_test.dart: Git workspaces default to untrusted
05:22 +784: /home/albert/busystack/busymark/test/src/app_settings_test.dart: legacy preview visibility migrates to source mode when hidden
05:22 +785: /home/albert/busystack/busymark/test/src/app_settings_test.dart: language defaults to system locale
05:22 +786: /home/albert/busystack/busymark/test/src/app_settings_test.dart: language override persists as locale tag
05:22 +787: /home/albert/busystack/busymark/test/src/app_settings_test.dart: legacy Norwegian locale tag migrates to Bokmal
05:22 +788: /home/albert/busystack/busymark/test/src/app_settings_test.dart: supported script variants canonicalize to the available catalog
05:22 +789: /home/albert/busystack/busymark/test/src/app_settings_test.dart: regional variants canonicalize and unsupported tags are discarded
05:22 +790: /home/albert/busystack/busymark/test/src/app_settings_test.dart: unused product settings are not persisted
05:22 +791: /home/albert/busystack/busymark/test/src/app_settings_test.dart: file settings store keeps the live JSON intact until publication
05:22 +792: /home/albert/busystack/busymark/test/src/app_settings_test.dart: failed settings publication preserves the previous valid JSON
05:22 +793: /home/albert/busystack/busymark/test/src/app_settings_test.dart: window behavior settings persist
05:22 +794: /home/albert/busystack/busymark/test/src/app_settings_test.dart: auto save setting persists
05:22 +795: /home/albert/busystack/busymark/test/src/app_settings_test.dart: editing button direction setting persists
05:22 +796: /home/albert/busystack/busymark/test/src/app_settings_test.dart: Writerside instance selection and icon color persist across renames
05:22 +797: /home/albert/busystack/busymark/test/src/app_settings_test.dart: initial load preserves user actions made before it completes
05:22 +798: /home/albert/busystack/busymark/test/src/app_settings_test.dart: removing a recent workspace persists without affecting files
05:22 +799: /home/albert/busystack/busymark/test/src/app_settings_test.dart: remote image permissions persist globally and per workspace
05:22 +800: /home/albert/busystack/busymark/test/src/app_settings_test.dart: Git workspace trust persists, normalizes, and can be cleared
05:22 +801: /home/albert/busystack/busymark/test/src/app_settings_test.dart: Git workspace trust follows the canonical workspace identity
05:22 +802: /home/albert/busystack/busymark/test/src/app_settings_test.dart: stored Git trust does not follow a replaced canonical path
05:22 +803: /home/albert/busystack/busymark/test/src/app_settings_test.dart: Git trust preserves leading and trailing path whitespace
05:22 +804: loading /home/albert/busystack/busymark/test/src/spellcheck_projection_test.dart
05:25 +804: /home/albert/busystack/busymark/test/src/spellcheck_projection_test.dart: different live prose still reports incomplete instead of guessed mapping
05:25 +805: /home/albert/busystack/busymark/test/src/spellcheck_projection_test.dart: general Markdown fixture has complete Source and rich spelling mappings
05:26 +806: /home/albert/busystack/busymark/test/src/spellcheck_projection_test.dart: live HTML paste preserves prose and maps spelling before a reload
05:26 +807: /home/albert/busystack/busymark/test/src/spellcheck_projection_test.dart: pasted job maps tables, trailing HTML breaks and address barriers
05:26 +808: /home/albert/busystack/busymark/test/src/spellcheck_projection_test.dart: closing hashes are heading syntax only in an ATX heading
05:26 +809: /home/albert/busystack/busymark/test/src/spellcheck_projection_test.dart: Markdown spelling projection keeps literal unresolved and invalid apparent links checkable
05:26 +810: /home/albert/busystack/busymark/test/src/spellcheck_projection_test.dart: Markdown spelling projection resolves only parser-recognized links and images across revisions
05:26 +811: /home/albert/busystack/busymark/test/src/spellcheck_projection_test.dart: Markdown spelling projection keeps literal trailing braces in paragraph and heading prose
05:27 +812: /home/albert/busystack/busymark/test/src/spellcheck_projection_test.dart: Markdown spelling projection binds recognized images to their exact source occurrence
05:27 +813: /home/albert/busystack/busymark/test/src/spellcheck_projection_test.dart: Markdown spelling projection orders formatting from image labels and surrounding body
05:27 +814: /home/albert/busystack/busymark/test/src/spellcheck_projection_test.dart: Markdown spelling projection recognizes nested syntax inside exact image descriptions
05:27 +815: /home/albert/busystack/busymark/test/src/spellcheck_projection_test.dart: Markdown spelling projection excludes only trailing attributes recognized by the current mode
05:27 +816: /home/albert/busystack/busymark/test/src/spellcheck_projection_test.dart: Markdown spelling projection metadata does not split a surrounding Markdown word
05:27 +817: /home/albert/busystack/busymark/test/src/spellcheck_projection_test.dart: Markdown spelling projection corrects a Markdown body word across independent metadata
05:27 +818: /home/albert/busystack/busymark/test/src/spellcheck_projection_test.dart: Markdown spelling projection maps repeated and formatted prose without searching globally
05:27 +819: /home/albert/busystack/busymark/test/src/spellcheck_projection_test.dart: Markdown spelling projection keeps entities, escapes, links, and table cells source exact
05:27 +820: /home/albert/busystack/busymark/test/src/spellcheck_projection_test.dart: Markdown spelling projection keeps CRLF and repeated occurrence targets exact
05:27 +821: /home/albert/busystack/busymark/test/src/spellcheck_projection_test.dart: Markdown spelling projection uses barriers around excluded authored syntax
05:27 +822: /home/albert/busystack/busymark/test/src/spellcheck_projection_test.dart: Markdown spelling projection excludes a fenced code block nested in a block quote
05:27 +823: /home/albert/busystack/busymark/test/src/spellcheck_projection_test.dart: Markdown spelling projection keeps quoted list fences across blank continuations
05:27 +824: /home/albert/busystack/busymark/test/src/spellcheck_projection_test.dart: Markdown spelling projection counts tab columns in list fence continuations
05:27 +825: /home/albert/busystack/busymark/test/src/spellcheck_projection_test.dart: Markdown spelling projection keeps unmatched delimiters and removes only parsed formatting
05:27 +826: /home/albert/busystack/busymark/test/src/spellcheck_projection_test.dart: Markdown spelling projection maps quoted HTML attribute values from quote boundaries
05:27 +827: /home/albert/busystack/busymark/test/src/spellcheck_projection_test.dart: Markdown spelling projection preserves semantic HTML boundaries and multiline exclusions
05:27 +828: /home/albert/busystack/busymark/test/src/spellcheck_projection_test.dart: Markdown spelling projection keeps comparison prose and scans multiline HTML tags exactly
05:27 +829: /home/albert/busystack/busymark/test/src/spellcheck_projection_test.dart: Markdown spelling projection keeps escaped multiline tag-like prose checkable
05:27 +830: /home/albert/busystack/busymark/test/src/spellcheck_projection_test.dart: Markdown spelling projection removes delimiters when a correction empties formatting
05:27 +831: /home/albert/busystack/busymark/test/src/spellcheck_projection_test.dart: Markdown spelling projection uses parser-compatible percentages escapes and code spans
05:27 +832: /home/albert/busystack/busymark/test/src/spellcheck_projection_test.dart: Markdown spelling projection retains complete formatting ancestors across opaque children
05:27 +833: /home/albert/busystack/busymark/test/src/spellcheck_projection_test.dart: Markdown spelling projection validates formatting gaps in regional coordinates
05:27 +834: /home/albert/busystack/busymark/test/src/spellcheck_projection_test.dart: Markdown spelling projection accepts canonically equivalent mapped replacement text
05:27 +835: /home/albert/busystack/busymark/test/src/spellcheck_projection_test.dart: Markdown spelling projection link titles use exact quote boundaries before trailing whitespace
05:27 +836: /home/albert/busystack/busymark/test/src/spellcheck_projection_test.dart: Markdown spelling projection recognized link and image titles use their authored boundaries
05:27 +837: /home/albert/busystack/busymark/test/src/spellcheck_projection_test.dart: Markdown spelling projection destination-only links and images do not expose a false title
05:27 +838: /home/albert/busystack/busymark/test/src/spellcheck_projection_test.dart: Markdown spelling projection recognized multiline links consume one mapped occurrence
05:27 +839: /home/albert/busystack/busymark/test/src/spellcheck_projection_test.dart: Markdown spelling projection multiline link labels keep container prefixes out of prose
05:27 +840: /home/albert/busystack/busymark/test/src/spellcheck_projection_test.dart: Markdown spelling projection multiline mapped labels agree with rich prose and corrections
05:27 +841: /home/albert/busystack/busymark/test/src/spellcheck_projection_test.dart: Markdown spelling projection inline HTML breaks in link labels agree with rich prose
05:27 +842: /home/albert/busystack/busymark/test/src/spellcheck_projection_test.dart: Markdown spelling projection code-styled image alternative text agrees with rich image field
05:27 +843: /home/albert/busystack/busymark/test/src/spellcheck_projection_test.dart: Markdown spelling projection image code and Markdown hard breaks retain image alt semantics
05:27 +844: /home/albert/busystack/busymark/test/src/spellcheck_projection_test.dart: Markdown spelling projection image code hard-break corrections retain authored source
05:27 +845: /home/albert/busystack/busymark/test/src/spellcheck_projection_test.dart: Markdown spelling projection container image code matches the block-parsed alternative: list
05:27 +846: /home/albert/busystack/busymark/test/src/spellcheck_projection_test.dart: Markdown spelling projection container image code matches the block-parsed alternative: quote
05:27 +847: /home/albert/busystack/busymark/test/src/spellcheck_projection_test.dart: Markdown spelling projection container image code matches the block-parsed alternative: crlf-after-content
05:27 +848: /home/albert/busystack/busymark/test/src/spellcheck_projection_test.dart: Markdown spelling projection container image code matches the block-parsed alternative: combined-quote-list
05:27 +849: /home/albert/busystack/busymark/test/src/spellcheck_projection_test.dart: Markdown spelling projection container image code matches the block-parsed alternative: nested-image
05:27 +850: /home/albert/busystack/busymark/test/src/spellcheck_projection_test.dart: Markdown spelling projection container image code matches the block-parsed alternative: authored-inner-spaces
05:27 +851: /home/albert/busystack/busymark/test/src/spellcheck_projection_test.dart: Markdown spelling projection container image code matches the block-parsed alternative: authored-continuation-space
05:27 +852: /home/albert/busystack/busymark/test/src/spellcheck_projection_test.dart: Markdown spelling projection container image code matches the block-parsed alternative: literal-code-syntax
05:27 +853: /home/albert/busystack/busymark/test/src/spellcheck_projection_test.dart: Markdown spelling projection nested image code inherits the enclosing container mapping
05:27 +854: /home/albert/busystack/busymark/test/src/spellcheck_projection_test.dart: Markdown spelling projection link title keeps literal inline-break markup as scalar text
05:27 +855: /home/albert/busystack/busymark/test/src/spellcheck_projection_test.dart: Markdown spelling projection multiline code inside a link label stays opaque
05:27 +856: /home/albert/busystack/busymark/test/src/spellcheck_projection_test.dart: Markdown spelling projection multiline nested-image destination stays outside outer prose
05:27 +857: /home/albert/busystack/busymark/test/src/spellcheck_projection_test.dart: Markdown spelling projection nested label syntax owns its breaks before outer prose resumes
05:27 +858: /home/albert/busystack/busymark/test/src/spellcheck_projection_test.dart: Markdown spelling projection metadata scalar tag-like text remains checkable
05:27 +859: /home/albert/busystack/busymark/test/src/spellcheck_projection_test.dart: Markdown spelling projection parenthesized title replacement escapes its own delimiter
05:27 +860: /home/albert/busystack/busymark/test/src/spellcheck_projection_test.dart: Markdown spelling projection semantic leaf blocks define independent complete prose runs
05:27 +861: /home/albert/busystack/busymark/test/src/spellcheck_projection_test.dart: Markdown spelling projection projects semantic HTML prose and trusts parser math nodes
05:27 +862: /home/albert/busystack/busymark/test/src/spellcheck_projection_test.dart: Markdown spelling projection large formatting-heavy projection and correction stay bounded
05:28 +863: /home/albert/busystack/busymark/test/src/spellcheck_projection_test.dart: Writerside XML spelling projection keeps inline body words intact across readable attributes
05:28 +864: /home/albert/busystack/busymark/test/src/spellcheck_projection_test.dart: Writerside XML spelling projection corrects XML body and encoded metadata independently
05:28 +865: /home/albert/busystack/busymark/test/src/spellcheck_projection_test.dart: Writerside XML spelling projection excludes visible addresses in encoded text and CDATA
05:28 +866: /home/albert/busystack/busymark/test/src/spellcheck_projection_test.dart: Writerside XML spelling projection maps text, entities, CDATA, and positive attributes
05:28 +867: /home/albert/busystack/busymark/test/src/spellcheck_projection_test.dart: Writerside XML spelling projection reports malformed XML as incomplete without guessed targets
05:28 +868: /home/albert/busystack/busymark/test/src/spellcheck_projection_test.dart: Writerside XML spelling projection clips CDATA occurrences while preserving repeated surrounding text
05:28 +869: /home/albert/busystack/busymark/test/src/spellcheck_projection_test.dart: Writerside XML spelling projection maps line breaks, excludes variables, and includes controls
05:28 +870: /home/albert/busystack/busymark/test/src/spellcheck_projection_test.dart: Writerside XML spelling projection excludes entity-encoded variables after XML decoding
05:28 +871: /home/albert/busystack/busymark/test/src/spellcheck_projection_test.dart: Writerside XML spelling projection keeps decomposed Unicode in XML and CDATA corrections
05:28 +872: /home/albert/busystack/busymark/test/src/spellcheck_projection_test.dart: exact rich correction nested image descriptions retain recursive spelling policy
05:28 +873: /home/albert/busystack/busymark/test/src/spellcheck_projection_test.dart: exact rich correction source-backed rich correction preserves images beside math
05:28 +874: /home/albert/busystack/busymark/test/src/spellcheck_projection_test.dart: exact rich correction source-backed table image and math correction preserves cell source
05:28 +875: /home/albert/busystack/busymark/test/src/spellcheck_projection_test.dart: exact rich correction neighboring prose in a math image field keeps exact source
05:28 +876: /home/albert/busystack/busymark/test/src/spellcheck_projection_test.dart: exact rich correction image ownership continues across ordinary and math fields
05:28 +877: /home/albert/busystack/busymark/test/src/spellcheck_projection_test.dart: exact rich correction image description spelling agrees across source and rich fields
05:28 +878: /home/albert/busystack/busymark/test/src/spellcheck_projection_test.dart: exact rich correction rich image spelling changes only the mapped source word
05:28 +879: /home/albert/busystack/busymark/test/src/spellcheck_projection_test.dart: exact rich correction container image code corrects after continuation in rich editor
05:28 +880: /home/albert/busystack/busymark/test/src/spellcheck_projection_test.dart: exact rich correction code-styled image alternative corrects through rich controller
05:28 +881: /home/albert/busystack/busymark/test/src/spellcheck_projection_test.dart: exact rich correction image code punctuation correction retains literal code meaning
05:28 +882: /home/albert/busystack/busymark/test/src/spellcheck_projection_test.dart: exact rich correction multiline link label correction uses rich controller mapping
05:28 +883: /home/albert/busystack/busymark/test/src/spellcheck_projection_test.dart: exact rich correction maps all rich fields without requiring parser block spans: # Introduction

- [Overview](#overview)
  - [Motivation](#motivation)
- [Discussion](#discussion)
<!-- busymark:toc:end -->

## Overview

helo **world**

helo world

05:28 +884: /home/albert/busystack/busymark/test/src/spellcheck_projection_test.dart: exact rich correction maps all rich fields without requiring parser block spans: - helo
  - helo

helo

05:28 +885: /home/albert/busystack/busymark/test/src/spellcheck_projection_test.dart: exact rich correction maps all rich fields without requiring parser block spans: <!-- hidden comment -->

helo

05:28 +886: /home/albert/busystack/busymark/test/src/spellcheck_projection_test.dart: exact rich correction escaped comment prose is still an editable rich spelling field
05:28 +887: /home/albert/busystack/busymark/test/src/spellcheck_projection_test.dart: exact rich correction maps hard breaks by structural field identity
05:28 +888: /home/albert/busystack/busymark/test/src/spellcheck_projection_test.dart: exact rich correction removes a rich formatting container emptied by deletion
05:28 +889: /home/albert/busystack/busymark/test/src/spellcheck_projection_test.dart: exact rich correction retains current source anchors and source-only title targets
05:28 +890: /home/albert/busystack/busymark/test/src/spellcheck_projection_test.dart: exact rich correction rich links keep all title delimiters source-only
05:28 +891: /home/albert/busystack/busymark/test/src/spellcheck_projection_test.dart: exact rich correction preserves formatting ownership across leaves
05:28 +892: /home/albert/busystack/busymark/test/src/spellcheck_projection_test.dart: exact rich correction keeps trailing formatting on its original leaf
05:28 +893: /home/albert/busystack/busymark/test/src/spellcheck_projection_test.dart: exact rich correction preserves link destination and table structure
05:28 +894: /home/albert/busystack/busymark/test/src/spellcheck_projection_test.dart: exact rich correction maps and corrects a table-cell field containing inline math
05:28 +895: /home/albert/busystack/busymark/test/src/spellcheck_projection_test.dart: exact rich correction corrects transformed prose in table math source fields
05:28 +896: /home/albert/busystack/busymark/test/src/spellcheck_projection_test.dart: exact rich correction corrects formatted and encoded prose in math source fields
05:28 +897: /home/albert/busystack/busymark/test/src/spellcheck_projection_test.dart: exact rich correction owns every nested wrapper in paragraph math-source fields
05:28 +898: loading /home/albert/busystack/busymark/test/src/linux_gtk_accent_service_test.dart
05:30 +898: /home/albert/busystack/busymark/test/src/linux_gtk_accent_service_test.dart: validates availability, finite normalized RGB and payload shape
05:30 +899: /home/albert/busystack/busymark/test/src/linux_gtk_accent_service_test.dart: attaches before snapshot and rejects a superseded snapshot
05:30 +900: /home/albert/busystack/busymark/test/src/linux_gtk_accent_service_test.dart: replays current value, deduplicates and safely resubscribes
05:30 +901: /home/albert/busystack/busymark/test/src/linux_gtk_accent_service_test.dart: missing channels are unavailable and cancellable
05:30 +902: /home/albert/busystack/busymark/test/src/linux_gtk_accent_service_test.dart: cancellation while snapshot is pending discards its result
05:30 +903: /home/albert/busystack/busymark/test/src/linux_gtk_accent_service_test.dart: silent channels expire locally and unsuperseded late snapshot recovers
05:30 +904: /home/albert/busystack/busymark/test/src/linux_gtk_accent_service_test.dart: new unavailable event invalidates older read and deadline
05:30 +905: /home/albert/busystack/busymark/test/src/linux_gtk_accent_service_test.dart: cancellation while both native calls pending rejects late errors
05:30 +906: loading /home/albert/busystack/busymark/test/src/writerside_project_creator_test.dart
05:32 +906: /home/albert/busystack/busymark/test/src/writerside_project_creator_test.dart: creates starter project scaffold and loads without diagnostics
05:36 +907: /home/albert/busystack/busymark/test/src/writerside_project_creator_test.dart: derives the starter topic filename from its title
05:36 +908: /home/albert/busystack/busymark/test/src/writerside_project_creator_test.dart: creates starter project with Unicode directory and instance ID
05:36 +909: /home/albert/busystack/busymark/test/src/writerside_project_creator_test.dart: escapes XML-sensitive project names in writerside.cfg
05:36 +910: /home/albert/busystack/busymark/test/src/writerside_project_creator_test.dart: sanitizes start topic title as plain Markdown heading text
05:36 +911: /home/albert/busystack/busymark/test/src/writerside_project_creator_test.dart: rejects existing non-empty target directory and does not overwrite files
05:36 +912: /home/albert/busystack/busymark/test/src/writerside_project_creator_test.dart: rejects an existing project target symlink without writing through it
05:36 +913: /home/albert/busystack/busymark/test/src/writerside_project_creator_test.dart: canonicalizes a project parent selected through a symlink
05:36 +914: /home/albert/busystack/busymark/test/src/writerside_project_creator_test.dart: rejects unsafe create request names before writing files
05:36 +915: loading /home/albert/busystack/busymark/test/src/pdf_title_page_ui_test.dart
05:38 +915: /home/albert/busystack/busymark/test/src/pdf_title_page_ui_test.dart: cover edits survive toggling and format changes, validate, reset, and do not leak through preferences
05:41 +916: /home/albert/busystack/busymark/test/src/pdf_title_page_ui_test.dart: instance changes refresh automatic fields without replacing edited or cleared text
05:42 +917: /home/albert/busystack/busymark/test/src/pdf_title_page_ui_test.dart: settings without a document show only the reusable cover preference
05:42 +918: /home/albert/busystack/busymark/test/src/pdf_title_page_ui_test.dart: Direct PDF Markdown forwards current defaults and export-owned text
05:43 +919: /home/albert/busystack/busymark/test/src/pdf_title_page_ui_test.dart: Direct PDF Writerside forwards current defaults and export-owned text
05:44 +920: /home/albert/busystack/busymark/test/src/pdf_title_page_ui_test.dart: Unified PDF Markdown forwards current defaults and export-owned text
05:44 +921: /home/albert/busystack/busymark/test/src/pdf_title_page_ui_test.dart: Unified PDF Writerside forwards current defaults and export-owned text
05:45 +922: loading /home/albert/busystack/busymark/test/src/visualization_packaging_audit_test.dart
05:46 +922: /home/albert/busystack/busymark/test/src/visualization_packaging_audit_test.dart: README screenshot references resolve to checked-in images
05:46 +923: /home/albert/busystack/busymark/test/src/visualization_packaging_audit_test.dart: release metadata is consistent and production-grade
05:46 +924: /home/albert/busystack/busymark/test/src/visualization_packaging_audit_test.dart: web engines are exact, checksummed, licensed, and installed offline
05:46 +925: /home/albert/busystack/busymark/test/src/visualization_packaging_audit_test.dart: D2 is checksum pinned for amd64 and installed with notices
05:46 +926: /home/albert/busystack/busymark/test/src/visualization_packaging_audit_test.dart: Linux CI builds and exercises the bundled visualization stack
05:46 +927: /home/albert/busystack/busymark/test/src/visualization_packaging_audit_test.dart: only offscreen WebKit views disable hardware compositing
05:46 +928: /home/albert/busystack/busymark/test/src/visualization_packaging_audit_test.dart: WebKit host and harness disable persistence and external resources
05:46 +929: loading /home/albert/busystack/busymark/test/src/workspace_safety_test.dart
05:47 +929: /home/albert/busystack/busymark/test/src/workspace_safety_test.dart: unsaved changes dialog aborts destructive navigation on cancel
05:48 +930: /home/albert/busystack/busymark/test/src/workspace_safety_test.dart: discarding unsaved changes prevents repeated prompts
05:48 +931: /home/albert/busystack/busymark/test/src/workspace_safety_test.dart: destructive dialog buttons stay readable on dark controls
05:48 +932: /home/albert/busystack/busymark/test/src/workspace_safety_test.dart: unsaved changes Discard action renders white in the dark dialog
05:48 +933: /home/albert/busystack/busymark/test/src/workspace_safety_test.dart: overwrite confirmation stays pinned to the document being saved
05:48 +934: /home/albert/busystack/busymark/test/src/workspace_safety_test.dart: overlapping manual saves write the newer requested revision
05:48 +935: /home/albert/busystack/busymark/test/src/workspace_safety_test.dart: save completes for its buffer when the active document changes
05:48 +936: /home/albert/busystack/busymark/test/src/workspace_safety_test.dart: Save As stays pinned while the file picker is open
05:48 +937: /home/albert/busystack/busymark/test/src/workspace_safety_test.dart: Save As cancel does not overwrite an existing normalized markdown path
05:48 +938: /home/albert/busystack/busymark/test/src/workspace_safety_test.dart: Save As overwrites an existing normalized markdown path only after confirmation
05:48 +939: /home/albert/busystack/busymark/test/src/workspace_safety_test.dart: Save As cancels when the document changes during path lookup
05:48 +940: /home/albert/busystack/busymark/test/src/workspace_safety_test.dart: discard confirmation cannot discard a newly active document
05:48 +941: /home/albert/busystack/busymark/test/src/workspace_safety_test.dart: workspace continuation resolves inactive dirty documents too
05:48 +942: /home/albert/busystack/busymark/test/src/workspace_safety_test.dart: closing one dirty tab can save it while another stays dirty
05:49 +943: /home/albert/busystack/busymark/test/src/workspace_safety_test.dart: closing one dirty tab can discard it while another stays dirty
05:49 +944: loading /home/albert/busystack/busymark/test/src/linux_header_bar_service_test.dart
05:50 +944: /home/albert/busystack/busymark/test/src/linux_header_bar_service_test.dart: headerbar update retries native channel initialization after early miss
05:50 +945: /home/albert/busystack/busymark/test/src/linux_header_bar_service_test.dart: headerbar forwards text direction updates
05:50 +946: /home/albert/busystack/busymark/test/src/linux_header_bar_service_test.dart: headerbar action events preserve repeated identical clicks
05:50 +947: /home/albert/busystack/busymark/test/src/linux_header_bar_service_test.dart: native search events and focus request keep semantic meaning
05:50 +948: loading /home/albert/busystack/busymark/test/src/source_editor_widget_test.dart
05:56 +948: /home/albert/busystack/busymark/test/src/source_editor_widget_test.dart: Source pastes a web layout table as a complete document
05:57 +949: /home/albert/busystack/busymark/test/src/source_editor_widget_test.dart: search replacement recovers after editing a pending result (current)
05:58 +950: /home/albert/busystack/busymark/test/src/source_editor_widget_test.dart: search replacement recovers after editing a pending result (find next)
05:58 +951: /home/albert/busystack/busymark/test/src/source_editor_widget_test.dart: search replacement recovers after editing a missing result (current)
05:58 +952: /home/albert/busystack/busymark/test/src/source_editor_widget_test.dart: search replacement recovers after editing a missing result (find next)
05:59 +953: /home/albert/busystack/busymark/test/src/source_editor_widget_test.dart: Replace current follows selected result with 3 matches
05:59 +954: /home/albert/busystack/busymark/test/src/source_editor_widget_test.dart: Replace current follows selected result with 3000 matches
06:00 +955: /home/albert/busystack/busymark/test/src/source_editor_widget_test.dart: search navigation retains a later window when unfolding
06:01 +956: /home/albert/busystack/busymark/test/src/source_editor_widget_test.dart: spelling review caret uses full offsets after an earlier fold
06:01 +957: /home/albert/busystack/busymark/test/src/source_editor_widget_test.dart: spelling reveal unfolds and retains the word selection
06:01 +958: /home/albert/busystack/busymark/test/src/source_editor_widget_test.dart: Source Markdown spelling painter ignores selection and tracks composition
06:01 +959: /home/albert/busystack/busymark/test/src/source_editor_widget_test.dart: Source Writerside Markdown spelling painter ignores selection and tracks composition
06:01 +960: /home/albert/busystack/busymark/test/src/source_editor_widget_test.dart: Source XML spelling painter ignores selection and tracks composition
06:01 +961: /home/albert/busystack/busymark/test/src/source_editor_widget_test.dart: source AI action applies a selection through the editor path
06:01 +962: /home/albert/busystack/busymark/test/src/source_editor_widget_test.dart: source spelling menu targets the pointer occurrence exactly
06:01 +963: /home/albert/busystack/busymark/test/src/source_editor_widget_test.dart: source spelling language uses a checked native submenu without a dialog
06:02 +964: /home/albert/busystack/busymark/test/src/source_editor_widget_test.dart: source spelling menu converts folded offsets to full source
06:02 +965: /home/albert/busystack/busymark/test/src/source_editor_widget_test.dart: source AI applies a user-selected insertion target
06:02 +966: /home/albert/busystack/busymark/test/src/source_editor_widget_test.dart: source editor remains LTR inside an Arabic interface
06:02 +967: /home/albert/busystack/busymark/test/src/source_editor_widget_test.dart: source editor shows large-file fallback status
06:24 +968: /home/albert/busystack/busymark/test/src/source_editor_widget_test.dart: source editor renders visible diagnostic gutter tooltip
06:24 +969: /home/albert/busystack/busymark/test/src/source_editor_widget_test.dart: source search localizes an invalid regular expression
06:24 +970: /home/albert/busystack/busymark/test/src/source_editor_widget_test.dart: source search reports no current match before navigation
06:24 +971: /home/albert/busystack/busymark/test/src/source_editor_widget_test.dart: source fold and search options use semantic icon buttons
06:25 +972: /home/albert/busystack/busymark/test/src/source_editor_widget_test.dart: source Replace All is one editor operation
06:25 +973: /home/albert/busystack/busymark/test/src/source_editor_widget_test.dart: source Replace and Find Next selects the logical next match
06:25 +974: /home/albert/busystack/busymark/test/src/source_editor_widget_test.dart: shifted folded regions are persisted after edit debounce
06:25 +975: /home/albert/busystack/busymark/test/src/source_editor_widget_test.dart: source sessions ignore render notifications and coalesce scrolling
06:25 +976: /home/albert/busystack/busymark/test/src/source_editor_widget_test.dart: source editor gives glyphs, caret, and selection breathing room
06:25 +977: /home/albert/busystack/busymark/test/src/source_editor_widget_test.dart: source heading selections cover styled glyphs evenly
06:25 +978: /home/albert/busystack/busymark/test/src/source_editor_widget_test.dart: source heading caret advances after a typed space
06:25 +979: /home/albert/busystack/busymark/test/src/source_editor_widget_test.dart: source caret follows an immediate end-of-file contraction
06:25 +980: /home/albert/busystack/busymark/test/src/source_editor_widget_test.dart: Tab indents selected Source lines without replacing text
06:25 +981: /home/albert/busystack/busymark/test/src/source_editor_widget_test.dart: source symbol shortcuts dispatch the full source caret
06:25 +982: /home/albert/busystack/busymark/test/src/source_editor_widget_test.dart: Ctrl+Space opens project-aware source completion
06:26 +983: /home/albert/busystack/busymark/test/src/source_editor_widget_test.dart: wordWrap false uses one horizontally scrollable layout
06:26 +984: /home/albert/busystack/busymark/test/src/source_editor_widget_test.dart: source input preserves an active IME composing range
06:26 +985: /home/albert/busystack/busymark/test/src/source_editor_widget_test.dart: active IME composition defers Enter to the input method
06:26 +986: /home/albert/busystack/busymark/test/src/source_editor_widget_test.dart: active IME composition defers Tab to the input method
06:26 +987: /home/albert/busystack/busymark/test/src/source_editor_widget_test.dart: active IME composition defers autocomplete Escape to the input method
06:26 +988: /home/albert/busystack/busymark/test/src/source_editor_widget_test.dart: active IME composition defers the autocomplete shortcut
06:26 +989: /home/albert/busystack/busymark/test/src/source_editor_widget_test.dart: focused Source accepts authoritative parent text updates
06:26 +990: /home/albert/busystack/busymark/test/src/source_editor_widget_test.dart: source keyboard copy retains exact whitespace once
06:26 +991: /home/albert/busystack/busymark/test/src/source_editor_widget_test.dart: Source normal HTML paste converts while plain paste uses text
06:26 +992: /home/albert/busystack/busymark/test/src/source_editor_widget_test.dart: Source CRLF structured paste is one exact undo transaction
06:26 +993: /home/albert/busystack/busymark/test/src/source_editor_widget_test.dart: Source plain paste keeps LF bytes in a CRLF document
06:26 +994: /home/albert/busystack/busymark/test/src/source_editor_widget_test.dart: Source structured inline paste keeps surrounding text inline
06:26 +995: /home/albert/busystack/busymark/test/src/source_editor_widget_test.dart: Source structured block paste adds Markdown boundaries
06:26 +996: /home/albert/busystack/busymark/test/src/source_editor_widget_test.dart: Source structured blocks keep boundaries at every position

Warning: A call to tap() with finder "Found 1 widget with type "TextField": [
  TextField(controller: BusyMarkSourceController#225bf(TextEditingValue(text: ┤leftright├, selection: TextSelection.collapsed(offset: 9, affinity: TextAffinity.downstream, isDirectional: false), composing: TextRange(start: -1, end: -1))), focusNode: FocusNode#359da, undoController: UndoHistoryController#fbf6e(UndoHistoryValue(canUndo: false, canRedo: false)), decoration: InputDecoration(contentPadding: EdgeInsets(12.0, 16.0, 16.0, 16.0), isCollapsed: true, fillColor: Color(alpha: 0.0000, red: 0.0000, green: 0.0000, blue: 0.0000, colorSpace: ColorSpace.sRGB), focusColor: Color(alpha: 0.0000, red: 0.0000, green: 0.0000, blue: 0.0000, colorSpace: ColorSpace.sRGB), hoverColor: Color(alpha: 0.0000, red: 0.0000, green: 0.0000, blue: 0.0000, colorSpace: ColorSpace.sRGB), focusedBorder: _NoInputBorder(), enabledBorder: _NoInputBorder(), border: _NoInputBorder()), keyboardType: TextInputType(name: TextInputType.multiline, signed: null, decimal: null), style: TextStyle(inherit: true, family: Ubuntu Mono, familyFallback: [Noto Sans Arabic, Noto Sans Mono, DejaVu Sans Mono, DejaVu Sans], size: 14.0, height: 1.6x, leadingDistribution: even), autocorrect: false, smartDashesType: disabled, smartQuotesType: disabled, enableSuggestions: false, maxLines: null, expands: true, textAlignVertical: TextAlignVertical(y: -1.0), textDirection: ltr, cursorWidth: 1.4, cursorHeight: 18.8, cursorColor: Color(alpha: 0.8200, red: 0.9686, green: 0.9686, blue: 0.9686, colorSpace: ColorSpace.sRGB), scrollController: ScrollController#f4baa(one client, offset 0.0), dependencies: [DefaultSelectionStyle, InheritedCupertinoTheme, MediaQuery, UnmanagedRestorationScope, _InheritedTheme, _LocalizationsScope-[GlobalKey#24146]], state: _TextFieldState#00dda),
]" derived an Offset (Offset(425.5, 300.0)) that would not hit test on the specified widget.
Maybe the widget is actually off-screen, or another widget is obscuring it, or the widget cannot receive pointer events.
The finder corresponds to this RenderBox: RenderMouseRegion#76e5a
The hit test result at that offset is: HitTestResult(RenderMouseRegion#a76bc@Offset(425.5, 300.0), RenderSemanticsAnnotations#84d43@Offset(425.5, 300.0), RenderPointerListener#d2a23@Offset(425.5, 300.0), RenderSemanticsGestureHandler#c8d47@Offset(425.5, 300.0), RenderExcludeSemantics#446e1@Offset(425.5, 300.0), RenderBlockSemantics#33b84@Offset(425.5, 300.0), RenderIgnorePointer#06b5a@Offset(425.5, 300.0), RenderSemanticsAnnotations#a0cc8@Offset(425.5, 300.0), _RenderTheater#8e663@Offset(425.5, 300.0), RenderAbsorbPointer#3d4ef@Offset(425.5, 300.0), RenderPointerListener#4c5ce@Offset(425.5, 300.0), RenderSemanticsAnnotations#517ae@Offset(425.5, 300.0), RenderCustomPaint#87b01@Offset(425.5, 300.0), RenderSemanticsAnnotations#b3ed2@Offset(425.5, 300.0), RenderSemanticsAnnotations#d7f97@Offset(425.5, 300.0), RenderSemanticsAnnotations#cf42b@Offset(425.5, 300.0), RenderTapRegionSurface#83a9a@Offset(425.5, 300.0), RenderSemanticsAnnotations#78eaf@Offset(425.5, 300.0), RenderSemanticsAnnotations#92831@Offset(425.5, 300.0), HitTestEntry<HitTestTarget>#61cb0(_ReusableRenderView#15fff), HitTestEntry<HitTestTarget>#ec2a1(<AutomatedTestWidgetsFlutterBinding>))
#0      WidgetController._getElementPoint (package:flutter_test/src/controller.dart:2165:25)
#1      WidgetController.getCenter (package:flutter_test/src/controller.dart:1947:12)
#2      WidgetController.tap (package:flutter_test/src/controller.dart:1080:7)
#3      _pumpClipboardSourceEditor (file:///home/albert/busystack/busymark/test/src/source_editor_widget_test.dart:9400:16)
<asynchronous suspension>
#4      main.<anonymous closure> (file:///home/albert/busystack/busymark/test/src/source_editor_widget_test.dart:2597:26)
<asynchronous suspension>
#5      testWidgets.<anonymous closure>.<anonymous closure> (package:flutter_test/src/widget_tester.dart:192:15)
<asynchronous suspension>
#6      TestWidgetsFlutterBinding._runTestBody (package:flutter_test/src/binding.dart:1953:5)
<asynchronous suspension>
#7      StackZoneSpecification._registerCallback.<anonymous closure> (package:stack_trace/src/stack_zone_specification.dart:114:42)
<asynchronous suspension>
To silence this warning, pass "warnIfMissed: false" to "tap()".
To make this warning fatal, set WidgetController.hitTestWarningShouldBeFatal to true.

06:26 +997: /home/albert/busystack/busymark/test/src/source_editor_widget_test.dart: Source complete heading list and code blocks retain structure at every paragraph position

Warning: A call to tap() with finder "Found 1 widget with type "TextField": [
  TextField(controller: BusyMarkSourceController#89f57(TextEditingValue(text: ┤leftright├, selection: TextSelection.collapsed(offset: 9, affinity: TextAffinity.downstream, isDirectional: false), composing: TextRange(start: -1, end: -1))), focusNode: FocusNode#b81a4, undoController: UndoHistoryController#16081(UndoHistoryValue(canUndo: false, canRedo: false)), decoration: InputDecoration(contentPadding: EdgeInsets(12.0, 16.0, 16.0, 16.0), isCollapsed: true, fillColor: Color(alpha: 0.0000, red: 0.0000, green: 0.0000, blue: 0.0000, colorSpace: ColorSpace.sRGB), focusColor: Color(alpha: 0.0000, red: 0.0000, green: 0.0000, blue: 0.0000, colorSpace: ColorSpace.sRGB), hoverColor: Color(alpha: 0.0000, red: 0.0000, green: 0.0000, blue: 0.0000, colorSpace: ColorSpace.sRGB), focusedBorder: _NoInputBorder(), enabledBorder: _NoInputBorder(), border: _NoInputBorder()), keyboardType: TextInputType(name: TextInputType.multiline, signed: null, decimal: null), style: TextStyle(inherit: true, family: Ubuntu Mono, familyFallback: [Noto Sans Arabic, Noto Sans Mono, DejaVu Sans Mono, DejaVu Sans], size: 14.0, height: 1.6x, leadingDistribution: even), autocorrect: false, smartDashesType: disabled, smartQuotesType: disabled, enableSuggestions: false, maxLines: null, expands: true, textAlignVertical: TextAlignVertical(y: -1.0), textDirection: ltr, cursorWidth: 1.4, cursorHeight: 18.8, cursorColor: Color(alpha: 0.8200, red: 0.9686, green: 0.9686, blue: 0.9686, colorSpace: ColorSpace.sRGB), scrollController: ScrollController#af290(one client, offset 0.0), dependencies: [DefaultSelectionStyle, InheritedCupertinoTheme, MediaQuery, UnmanagedRestorationScope, _InheritedTheme, _LocalizationsScope-[GlobalKey#f4c32]], state: _TextFieldState#5e3c7),
]" derived an Offset (Offset(425.5, 300.0)) that would not hit test on the specified widget.
Maybe the widget is actually off-screen, or another widget is obscuring it, or the widget cannot receive pointer events.
The finder corresponds to this RenderBox: RenderMouseRegion#de15c
The hit test result at that offset is: HitTestResult(RenderMouseRegion#eb236@Offset(425.5, 300.0), RenderSemanticsAnnotations#6ad61@Offset(425.5, 300.0), RenderPointerListener#378c6@Offset(425.5, 300.0), RenderSemanticsGestureHandler#37179@Offset(425.5, 300.0), RenderExcludeSemantics#d730d@Offset(425.5, 300.0), RenderBlockSemantics#ec7cd@Offset(425.5, 300.0), RenderIgnorePointer#c483d@Offset(425.5, 300.0), RenderSemanticsAnnotations#0843f@Offset(425.5, 300.0), _RenderTheater#ea447@Offset(425.5, 300.0), RenderAbsorbPointer#aee3c@Offset(425.5, 300.0), RenderPointerListener#3a06d@Offset(425.5, 300.0), RenderSemanticsAnnotations#3bc51@Offset(425.5, 300.0), RenderCustomPaint#52ec8@Offset(425.5, 300.0), RenderSemanticsAnnotations#89fca@Offset(425.5, 300.0), RenderSemanticsAnnotations#b0bbf@Offset(425.5, 300.0), RenderSemanticsAnnotations#8895d@Offset(425.5, 300.0), RenderTapRegionSurface#72cc6@Offset(425.5, 300.0), RenderSemanticsAnnotations#007f1@Offset(425.5, 300.0), RenderSemanticsAnnotations#14f88@Offset(425.5, 300.0), HitTestEntry<HitTestTarget>#6b471(_ReusableRenderView#15fff), HitTestEntry<HitTestTarget>#77269(<AutomatedTestWidgetsFlutterBinding>))
#0      WidgetController._getElementPoint (package:flutter_test/src/controller.dart:2165:25)
#1      WidgetController.getCenter (package:flutter_test/src/controller.dart:1947:12)
#2      WidgetController.tap (package:flutter_test/src/controller.dart:1080:7)
#3      _pumpClipboardSourceEditor (file:///home/albert/busystack/busymark/test/src/source_editor_widget_test.dart:9400:16)
<asynchronous suspension>
#4      main.<anonymous closure> (file:///home/albert/busystack/busymark/test/src/source_editor_widget_test.dart:2633:30)
<asynchronous suspension>
#5      testWidgets.<anonymous closure>.<anonymous closure> (package:flutter_test/src/widget_tester.dart:192:15)
<asynchronous suspension>
#6      TestWidgetsFlutterBinding._runTestBody (package:flutter_test/src/binding.dart:1953:5)
<asynchronous suspension>
#7      StackZoneSpecification._registerCallback.<anonymous closure> (package:stack_trace/src/stack_zone_specification.dart:114:42)
<asynchronous suspension>
To silence this warning, pass "warnIfMissed: false" to "tap()".
To make this warning fatal, set WidgetController.hitTestWarningShouldBeFatal to true.


Warning: A call to tap() with finder "Found 1 widget with type "TextField": [
  TextField(controller: BusyMarkSourceController#89f57(TextEditingValue(text: ┤leftright├, selection: TextSelection.collapsed(offset: 8, affinity: TextAffinity.downstream, isDirectional: false), composing: TextRange(start: -1, end: -1))), focusNode: FocusNode#b81a4, undoController: UndoHistoryController#16081(UndoHistoryValue(canUndo: false, canRedo: false)), decoration: InputDecoration(contentPadding: EdgeInsets(12.0, 16.0, 16.0, 16.0), isCollapsed: true, fillColor: Color(alpha: 0.0000, red: 0.0000, green: 0.0000, blue: 0.0000, colorSpace: ColorSpace.sRGB), focusColor: Color(alpha: 0.0000, red: 0.0000, green: 0.0000, blue: 0.0000, colorSpace: ColorSpace.sRGB), hoverColor: Color(alpha: 0.0000, red: 0.0000, green: 0.0000, blue: 0.0000, colorSpace: ColorSpace.sRGB), focusedBorder: _NoInputBorder(), enabledBorder: _NoInputBorder(), border: _NoInputBorder()), keyboardType: TextInputType(name: TextInputType.multiline, signed: null, decimal: null), style: TextStyle(inherit: true, family: Ubuntu Mono, familyFallback: [Noto Sans Arabic, Noto Sans Mono, DejaVu Sans Mono, DejaVu Sans], size: 14.0, height: 1.6x, leadingDistribution: even), autocorrect: false, smartDashesType: disabled, smartQuotesType: disabled, enableSuggestions: false, maxLines: null, expands: true, textAlignVertical: TextAlignVertical(y: -1.0), textDirection: ltr, cursorWidth: 1.4, cursorHeight: 18.8, cursorColor: Color(alpha: 0.8200, red: 0.9686, green: 0.9686, blue: 0.9686, colorSpace: ColorSpace.sRGB), scrollController: ScrollController#af290(one client, offset 0.0), dependencies: [DefaultSelectionStyle, InheritedCupertinoTheme, MediaQuery, UnmanagedRestorationScope, _InheritedTheme, _LocalizationsScope-[GlobalKey#f4c32]], state: _TextFieldState#5e3c7),
]" derived an Offset (Offset(425.5, 300.0)) that would not hit test on the specified widget.
Maybe the widget is actually off-screen, or another widget is obscuring it, or the widget cannot receive pointer events.
The finder corresponds to this RenderBox: RenderMouseRegion#de15c
The hit test result at that offset is: HitTestResult(RenderMouseRegion#e1cde@Offset(425.5, 300.0), RenderSemanticsAnnotations#98b76@Offset(425.5, 300.0), RenderPointerListener#3d318@Offset(425.5, 300.0), RenderSemanticsGestureHandler#c3e98@Offset(425.5, 300.0), RenderExcludeSemantics#ab2d4@Offset(425.5, 300.0), RenderBlockSemantics#a036d@Offset(425.5, 300.0), RenderIgnorePointer#1a161@Offset(425.5, 300.0), RenderSemanticsAnnotations#048d3@Offset(425.5, 300.0), _RenderTheater#ea447@Offset(425.5, 300.0), RenderAbsorbPointer#aee3c@Offset(425.5, 300.0), RenderPointerListener#3a06d@Offset(425.5, 300.0), RenderSemanticsAnnotations#3bc51@Offset(425.5, 300.0), RenderCustomPaint#52ec8@Offset(425.5, 300.0), RenderSemanticsAnnotations#89fca@Offset(425.5, 300.0), RenderSemanticsAnnotations#b0bbf@Offset(425.5, 300.0), RenderSemanticsAnnotations#8895d@Offset(425.5, 300.0), RenderTapRegionSurface#72cc6@Offset(425.5, 300.0), RenderSemanticsAnnotations#007f1@Offset(425.5, 300.0), RenderSemanticsAnnotations#14f88@Offset(425.5, 300.0), HitTestEntry<HitTestTarget>#603e7(_ReusableRenderView#15fff), HitTestEntry<HitTestTarget>#7ca25(<AutomatedTestWidgetsFlutterBinding>))
#0      WidgetController._getElementPoint (package:flutter_test/src/controller.dart:2165:25)
#1      WidgetController.getCenter (package:flutter_test/src/controller.dart:1947:12)
#2      WidgetController.tap (package:flutter_test/src/controller.dart:1080:7)
#3      _pumpClipboardSourceEditor (file:///home/albert/busystack/busymark/test/src/source_editor_widget_test.dart:9400:16)
<asynchronous suspension>
#4      main.<anonymous closure> (file:///home/albert/busystack/busymark/test/src/source_editor_widget_test.dart:2633:30)
<asynchronous suspension>
#5      testWidgets.<anonymous closure>.<anonymous closure> (package:flutter_test/src/widget_tester.dart:192:15)
<asynchronous suspension>
#6      TestWidgetsFlutterBinding._runTestBody (package:flutter_test/src/binding.dart:1953:5)
<asynchronous suspension>
#7      StackZoneSpecification._registerCallback.<anonymous closure> (package:stack_trace/src/stack_zone_specification.dart:114:42)
<asynchronous suspension>
To silence this warning, pass "warnIfMissed: false" to "tap()".
To make this warning fatal, set WidgetController.hitTestWarningShouldBeFatal to true.


Warning: A call to tap() with finder "Found 1 widget with type "TextField": [
  TextField(controller: BusyMarkSourceController#89f57(TextEditingValue(text: ┤leftright├, selection: TextSelection.collapsed(offset: 9, affinity: TextAffinity.downstream, isDirectional: false), composing: TextRange(start: -1, end: -1))), focusNode: FocusNode#b81a4, undoController: UndoHistoryController#16081(UndoHistoryValue(canUndo: false, canRedo: false)), decoration: InputDecoration(contentPadding: EdgeInsets(12.0, 16.0, 16.0, 16.0), isCollapsed: true, fillColor: Color(alpha: 0.0000, red: 0.0000, green: 0.0000, blue: 0.0000, colorSpace: ColorSpace.sRGB), focusColor: Color(alpha: 0.0000, red: 0.0000, green: 0.0000, blue: 0.0000, colorSpace: ColorSpace.sRGB), hoverColor: Color(alpha: 0.0000, red: 0.0000, green: 0.0000, blue: 0.0000, colorSpace: ColorSpace.sRGB), focusedBorder: _NoInputBorder(), enabledBorder: _NoInputBorder(), border: _NoInputBorder()), keyboardType: TextInputType(name: TextInputType.multiline, signed: null, decimal: null), style: TextStyle(inherit: true, family: Ubuntu Mono, familyFallback: [Noto Sans Arabic, Noto Sans Mono, DejaVu Sans Mono, DejaVu Sans], size: 14.0, height: 1.6x, leadingDistribution: even), autocorrect: false, smartDashesType: disabled, smartQuotesType: disabled, enableSuggestions: false, maxLines: null, expands: true, textAlignVertical: TextAlignVertical(y: -1.0), textDirection: ltr, cursorWidth: 1.4, cursorHeight: 18.8, cursorColor: Color(alpha: 0.8200, red: 0.9686, green: 0.9686, blue: 0.9686, colorSpace: ColorSpace.sRGB), scrollController: ScrollController#af290(one client, offset 0.0), dependencies: [DefaultSelectionStyle, InheritedCupertinoTheme, MediaQuery, UnmanagedRestorationScope, _InheritedTheme, _LocalizationsScope-[GlobalKey#f4c32]], state: _TextFieldState#5e3c7),
]" derived an Offset (Offset(425.5, 300.0)) that would not hit test on the specified widget.
Maybe the widget is actually off-screen, or another widget is obscuring it, or the widget cannot receive pointer events.
The finder corresponds to this RenderBox: RenderMouseRegion#de15c
The hit test result at that offset is: HitTestResult(RenderMouseRegion#dec27@Offset(425.5, 300.0), RenderSemanticsAnnotations#97f66@Offset(425.5, 300.0), RenderPointerListener#dda27@Offset(425.5, 300.0), RenderSemanticsGestureHandler#bc35d@Offset(425.5, 300.0), RenderExcludeSemantics#8c12b@Offset(425.5, 300.0), RenderBlockSemantics#702f0@Offset(425.5, 300.0), RenderIgnorePointer#04f4c@Offset(425.5, 300.0), RenderSemanticsAnnotations#e5c75@Offset(425.5, 300.0), _RenderTheater#ea447@Offset(425.5, 300.0), RenderAbsorbPointer#aee3c@Offset(425.5, 300.0), RenderPointerListener#3a06d@Offset(425.5, 300.0), RenderSemanticsAnnotations#3bc51@Offset(425.5, 300.0), RenderCustomPaint#52ec8@Offset(425.5, 300.0), RenderSemanticsAnnotations#89fca@Offset(425.5, 300.0), RenderSemanticsAnnotations#b0bbf@Offset(425.5, 300.0), RenderSemanticsAnnotations#8895d@Offset(425.5, 300.0), RenderTapRegionSurface#72cc6@Offset(425.5, 300.0), RenderSemanticsAnnotations#007f1@Offset(425.5, 300.0), RenderSemanticsAnnotations#14f88@Offset(425.5, 300.0), HitTestEntry<HitTestTarget>#35883(_ReusableRenderView#15fff), HitTestEntry<HitTestTarget>#676f1(<AutomatedTestWidgetsFlutterBinding>))
#0      WidgetController._getElementPoint (package:flutter_test/src/controller.dart:2165:25)
#1      WidgetController.getCenter (package:flutter_test/src/controller.dart:1947:12)
#2      WidgetController.tap (package:flutter_test/src/controller.dart:1080:7)
#3      _pumpClipboardSourceEditor (file:///home/albert/busystack/busymark/test/src/source_editor_widget_test.dart:9400:16)
<asynchronous suspension>
#4      main.<anonymous closure> (file:///home/albert/busystack/busymark/test/src/source_editor_widget_test.dart:2633:30)
<asynchronous suspension>
#5      testWidgets.<anonymous closure>.<anonymous closure> (package:flutter_test/src/widget_tester.dart:192:15)
<asynchronous suspension>
#6      TestWidgetsFlutterBinding._runTestBody (package:flutter_test/src/binding.dart:1953:5)
<asynchronous suspension>
#7      StackZoneSpecification._registerCallback.<anonymous closure> (package:stack_trace/src/stack_zone_specification.dart:114:42)
<asynchronous suspension>
To silence this warning, pass "warnIfMissed: false" to "tap()".
To make this warning fatal, set WidgetController.hitTestWarningShouldBeFatal to true.

06:27 +998: /home/albert/busystack/busymark/test/src/source_editor_widget_test.dart: Source complete-block split preserves styles caret and one-step Undo
06:27 +999: /home/albert/busystack/busymark/test/src/source_editor_widget_test.dart: Source boundary-crossing replacements restore text selection and caret
06:27 +1000: /home/albert/busystack/busymark/test/src/source_editor_widget_test.dart: Source rich inline paste composes with enclosing inline syntax

Warning: A call to tap() with finder "Found 1 widget with type "TextField": [
  TextField(controller: BusyMarkSourceController#868fc(TextEditingValue(text: ┤[leftright](https://example.test)├, selection: TextSelection.collapsed(offset: 6, affinity: TextAffinity.downstream, isDirectional: false), composing: TextRange(start: -1, end: -1))), focusNode: FocusNode#080b0, undoController: UndoHistoryController#01f20(UndoHistoryValue(canUndo: false, canRedo: false)), decoration: InputDecoration(contentPadding: EdgeInsets(12.0, 16.0, 16.0, 16.0), isCollapsed: true, fillColor: Color(alpha: 0.0000, red: 0.0000, green: 0.0000, blue: 0.0000, colorSpace: ColorSpace.sRGB), focusColor: Color(alpha: 0.0000, red: 0.0000, green: 0.0000, blue: 0.0000, colorSpace: ColorSpace.sRGB), hoverColor: Color(alpha: 0.0000, red: 0.0000, green: 0.0000, blue: 0.0000, colorSpace: ColorSpace.sRGB), focusedBorder: _NoInputBorder(), enabledBorder: _NoInputBorder(), border: _NoInputBorder()), keyboardType: TextInputType(name: TextInputType.multiline, signed: null, decimal: null), style: TextStyle(inherit: true, family: Ubuntu Mono, familyFallback: [Noto Sans Arabic, Noto Sans Mono, DejaVu Sans Mono, DejaVu Sans], size: 14.0, height: 1.6x, leadingDistribution: even), autocorrect: false, smartDashesType: disabled, smartQuotesType: disabled, enableSuggestions: false, maxLines: null, expands: true, textAlignVertical: TextAlignVertical(y: -1.0), textDirection: ltr, cursorWidth: 1.4, cursorHeight: 18.8, cursorColor: Color(alpha: 0.8200, red: 0.9686, green: 0.9686, blue: 0.9686, colorSpace: ColorSpace.sRGB), scrollController: ScrollController#55c90(one client, offset 0.0), dependencies: [DefaultSelectionStyle, InheritedCupertinoTheme, MediaQuery, UnmanagedRestorationScope, _InheritedTheme, _LocalizationsScope-[GlobalKey#84844]], state: _TextFieldState#ab260),
]" derived an Offset (Offset(425.5, 300.0)) that would not hit test on the specified widget.
Maybe the widget is actually off-screen, or another widget is obscuring it, or the widget cannot receive pointer events.
The finder corresponds to this RenderBox: RenderMouseRegion#fd3b1
The hit test result at that offset is: HitTestResult(RenderMouseRegion#1e2d1@Offset(425.5, 300.0), RenderSemanticsAnnotations#94919@Offset(425.5, 300.0), RenderPointerListener#6fa4a@Offset(425.5, 300.0), RenderSemanticsGestureHandler#b81fa@Offset(425.5, 300.0), RenderExcludeSemantics#5ec9a@Offset(425.5, 300.0), RenderBlockSemantics#bbea2@Offset(425.5, 300.0), RenderIgnorePointer#ebdd5@Offset(425.5, 300.0), RenderSemanticsAnnotations#38339@Offset(425.5, 300.0), _RenderTheater#5f668@Offset(425.5, 300.0), RenderAbsorbPointer#8e8e6@Offset(425.5, 300.0), RenderPointerListener#6de6d@Offset(425.5, 300.0), RenderSemanticsAnnotations#6f1cd@Offset(425.5, 300.0), RenderCustomPaint#74c5a@Offset(425.5, 300.0), RenderSemanticsAnnotations#d6abb@Offset(425.5, 300.0), RenderSemanticsAnnotations#4ca6c@Offset(425.5, 300.0), RenderSemanticsAnnotations#356df@Offset(425.5, 300.0), RenderTapRegionSurface#997ad@Offset(425.5, 300.0), RenderSemanticsAnnotations#f7879@Offset(425.5, 300.0), RenderSemanticsAnnotations#677d0@Offset(425.5, 300.0), HitTestEntry<HitTestTarget>#88eaf(_ReusableRenderView#15fff), HitTestEntry<HitTestTarget>#ab9fc(<AutomatedTestWidgetsFlutterBinding>))
#0      WidgetController._getElementPoint (package:flutter_test/src/controller.dart:2165:25)
#1      WidgetController.getCenter (package:flutter_test/src/controller.dart:1947:12)
#2      WidgetController.tap (package:flutter_test/src/controller.dart:1080:7)
#3      _pumpClipboardSourceEditor (file:///home/albert/busystack/busymark/test/src/source_editor_widget_test.dart:9400:16)
<asynchronous suspension>
#4      main.<anonymous closure>.paste (file:///home/albert/busystack/busymark/test/src/source_editor_widget_test.dart:2945:28)
<asynchronous suspension>
#5      main.<anonymous closure> (file:///home/albert/busystack/busymark/test/src/source_editor_widget_test.dart:2999:22)
<asynchronous suspension>
#6      testWidgets.<anonymous closure>.<anonymous closure> (package:flutter_test/src/widget_tester.dart:192:15)
<asynchronous suspension>
#7      TestWidgetsFlutterBinding._runTestBody (package:flutter_test/src/binding.dart:1953:5)
<asynchronous suspension>
#8      StackZoneSpecification._registerCallback.<anonymous closure> (package:stack_trace/src/stack_zone_specification.dart:114:42)
<asynchronous suspension>
To silence this warning, pass "warnIfMissed: false" to "tap()".
To make this warning fatal, set WidgetController.hitTestWarningShouldBeFatal to true.

06:27 +1001: /home/albert/busystack/busymark/test/src/source_editor_widget_test.dart: Source inline reconciliation ignores separate destination runs
06:27 +1002: /home/albert/busystack/busymark/test/src/source_editor_widget_test.dart: Source adjacent-style reconciliation preserves literal code delimiters
06:27 +1003: /home/albert/busystack/busymark/test/src/source_editor_widget_test.dart: Source table reconciliation preserves a partially consumed delimiter
06:27 +1004: /home/albert/busystack/busymark/test/src/source_editor_widget_test.dart: Source table inline reconciliation is confined to the selected cell
06:27 +1005: /home/albert/busystack/busymark/test/src/source_editor_widget_test.dart: Source table keeps multiple independent incoming style runs
06:27 +1006: /home/albert/busystack/busymark/test/src/source_editor_widget_test.dart: Source does not treat multiple incoming bold runs as one wrapper
06:27 +1007: /home/albert/busystack/busymark/test/src/source_editor_widget_test.dart: Source reconciles arbitrary inline sequences with paragraph context
06:27 +1008: /home/albert/busystack/busymark/test/src/source_editor_widget_test.dart: Source reconciles arbitrary inline sequences inside table cells
06:27 +1009: /home/albert/busystack/busymark/test/src/source_editor_widget_test.dart: Source table sequence reconciliation retains authored delimiters
06:27 +1010: /home/albert/busystack/busymark/test/src/source_editor_widget_test.dart: Source table reconciliation retains mixed nested styles
06:30 +1011: /home/albert/busystack/busymark/test/src/source_editor_widget_test.dart: Source preserves hyperlink semantics in table cells
06:30 +1012: /home/albert/busystack/busymark/test/src/source_editor_widget_test.dart: Source inline mapping handles links multiline styles and literal syntax
06:30 +1013: /home/albert/busystack/busymark/test/src/source_editor_widget_test.dart: Source caret mapping preserves literal bang before a following link
06:30 +1014: /home/albert/busystack/busymark/test/src/source_editor_widget_test.dart: Source splits resolved reference links without changing definitions
06:30 +1015: /home/albert/busystack/busymark/test/src/source_editor_widget_test.dart: Source splits multiline blockquote links without exposing prefixes
06:30 +1016: /home/albert/busystack/busymark/test/src/source_editor_widget_test.dart: Source preserves occurrence-specific hard-break provenance
06:31 +1017: /home/albert/busystack/busymark/test/src/source_editor_widget_test.dart: Source caret remains between pasted and retained hard breaks
06:31 +1018: /home/albert/busystack/busymark/test/src/source_editor_widget_test.dart: Source rich paste after an HTML break does not retain its layout newline
06:31 +1019: /home/albert/busystack/busymark/test/src/source_editor_widget_test.dart: Source rich paste preserves enclosing inline HTML as one run
06:31 +1020: /home/albert/busystack/busymark/test/src/source_editor_widget_test.dart: Source system and history rich paste map normalized HTML whitespace
06:31 +1021: /home/albert/busystack/busymark/test/src/source_editor_widget_test.dart: Source syntax-only availability agrees with textual fallback execution
06:31 +1022: /home/albert/busystack/busymark/test/src/source_editor_widget_test.dart: Source terminal structured failure blocks availability and text fallback
06:31 +1023: /home/albert/busystack/busymark/test/src/source_editor_widget_test.dart: Source rich paste remaps generated grouped hard breaks
06:31 +1024: /home/albert/busystack/busymark/test/src/source_editor_widget_test.dart: Source remaps reopened grouped breaks in a CRLF container
06:31 +1025: /home/albert/busystack/busymark/test/src/source_editor_widget_test.dart: Source maps nested and reference links through container prefixes
06:31 +1026: /home/albert/busystack/busymark/test/src/source_editor_widget_test.dart: Source paste preserves autolink destination semantics
06:31 +1027: /home/albert/busystack/busymark/test/src/source_editor_widget_test.dart: invalid email-like text does not invalidate another link target
06:31 +1028: /home/albert/busystack/busymark/test/src/source_editor_widget_test.dart: Source paste distinguishes authored and generated URL content
06:32 +1029: /home/albert/busystack/busymark/test/src/source_editor_widget_test.dart: Source paste preserves parser-folded reference identity
06:32 +1030: /home/albert/busystack/busymark/test/src/source_editor_widget_test.dart: Source same-destination paste preserves parser-folded reference identity
06:32 +1031: /home/albert/busystack/busymark/test/src/source_editor_widget_test.dart: Source paste retains the provenance of surviving line breaks
06:32 +1032: /home/albert/busystack/busymark/test/src/source_editor_widget_test.dart: Source paste keeps label break provenance independent of link titles
06:32 +1033: /home/albert/busystack/busymark/test/src/source_editor_widget_test.dart: normalized code-span breaks do not shift surviving link provenance
06:32 +1034: /home/albert/busystack/busymark/test/src/source_editor_widget_test.dart: Source paste combines folded references with surviving break provenance
06:32 +1035: /home/albert/busystack/busymark/test/src/source_editor_widget_test.dart: Source paste tracks old and new breaks independently
06:32 +1036: /home/albert/busystack/busymark/test/src/source_editor_widget_test.dart: Source reference-link label replacement retains definitions
06:32 +1037: /home/albert/busystack/busymark/test/src/source_editor_widget_test.dart: Source maps escaped brackets in collapsed and shortcut references
06:33 +1038: /home/albert/busystack/busymark/test/src/source_editor_widget_test.dart: Source maps links around unmatched and code-span backticks
06:33 +1039: /home/albert/busystack/busymark/test/src/source_editor_widget_test.dart: Source maps links with escaped and balanced label brackets
06:33 +1040: /home/albert/busystack/busymark/test/src/source_editor_widget_test.dart: Source inline wrapper mapping stays bounded for paste and availability
06:34 +1041: /home/albert/busystack/busymark/test/src/source_editor_widget_test.dart: Source maps all retained break offsets in one serialization traversal
06:35 +1042: /home/albert/busystack/busymark/test/src/source_editor_widget_test.dart: Source AST boundary mapping stays linear for availability and paste
06:35 +1043: /home/albert/busystack/busymark/test/src/source_editor_widget_test.dart: Source table paste preserves multiline link titles
06:35 +1044: /home/albert/busystack/busymark/test/src/source_editor_widget_test.dart: Source table boundary paste preserves styles caret and one-step history
06:35 +1045: /home/albert/busystack/busymark/test/src/source_editor_widget_test.dart: Source structured inline paste handles every line boundary
06:36 +1046: /home/albert/busystack/busymark/test/src/source_editor_widget_test.dart: Source inline paste preserves unrelated syntax whitespace and caret

Warning: A call to tap() with finder "Found 1 widget with type "TextField": [
  TextField(controller: BusyMarkSourceController#a508d(TextEditingValue(text: ┤__leftright__├, selection: TextSelection.collapsed(offset: 10, affinity: TextAffinity.downstream, isDirectional: false), composing: TextRange(start: -1, end: -1))), focusNode: FocusNode#56299, undoController: UndoHistoryController#968bc(UndoHistoryValue(canUndo: false, canRedo: false)), decoration: InputDecoration(contentPadding: EdgeInsets(12.0, 16.0, 16.0, 16.0), isCollapsed: true, fillColor: Color(alpha: 0.0000, red: 0.0000, green: 0.0000, blue: 0.0000, colorSpace: ColorSpace.sRGB), focusColor: Color(alpha: 0.0000, red: 0.0000, green: 0.0000, blue: 0.0000, colorSpace: ColorSpace.sRGB), hoverColor: Color(alpha: 0.0000, red: 0.0000, green: 0.0000, blue: 0.0000, colorSpace: ColorSpace.sRGB), focusedBorder: _NoInputBorder(), enabledBorder: _NoInputBorder(), border: _NoInputBorder()), keyboardType: TextInputType(name: TextInputType.multiline, signed: null, decimal: null), style: TextStyle(inherit: true, family: Ubuntu Mono, familyFallback: [Noto Sans Arabic, Noto Sans Mono, DejaVu Sans Mono, DejaVu Sans], size: 14.0, height: 1.6x, leadingDistribution: even), autocorrect: false, smartDashesType: disabled, smartQuotesType: disabled, enableSuggestions: false, maxLines: null, expands: true, textAlignVertical: TextAlignVertical(y: -1.0), textDirection: ltr, cursorWidth: 1.4, cursorHeight: 18.8, cursorColor: Color(alpha: 0.8200, red: 0.9686, green: 0.9686, blue: 0.9686, colorSpace: ColorSpace.sRGB), scrollController: ScrollController#f110e(one client, offset 0.0), dependencies: [DefaultSelectionStyle, InheritedCupertinoTheme, MediaQuery, UnmanagedRestorationScope, _InheritedTheme, _LocalizationsScope-[GlobalKey#21684]], state: _TextFieldState#6bc43),
]" derived an Offset (Offset(425.5, 300.0)) that would not hit test on the specified widget.
Maybe the widget is actually off-screen, or another widget is obscuring it, or the widget cannot receive pointer events.
The finder corresponds to this RenderBox: RenderMouseRegion#c3fb5
The hit test result at that offset is: HitTestResult(RenderMouseRegion#5e618@Offset(425.5, 300.0), RenderSemanticsAnnotations#f52e2@Offset(425.5, 300.0), RenderPointerListener#52e46@Offset(425.5, 300.0), RenderSemanticsGestureHandler#74345@Offset(425.5, 300.0), RenderExcludeSemantics#10673@Offset(425.5, 300.0), RenderBlockSemantics#8fe2c@Offset(425.5, 300.0), RenderIgnorePointer#3505e@Offset(425.5, 300.0), RenderSemanticsAnnotations#597d3@Offset(425.5, 300.0), _RenderTheater#79616@Offset(425.5, 300.0), RenderAbsorbPointer#7f477@Offset(425.5, 300.0), RenderPointerListener#b237a@Offset(425.5, 300.0), RenderSemanticsAnnotations#b0575@Offset(425.5, 300.0), RenderCustomPaint#f4c8b@Offset(425.5, 300.0), RenderSemanticsAnnotations#66007@Offset(425.5, 300.0), RenderSemanticsAnnotations#1d4e4@Offset(425.5, 300.0), RenderSemanticsAnnotations#77fa2@Offset(425.5, 300.0), RenderTapRegionSurface#ce20b@Offset(425.5, 300.0), RenderSemanticsAnnotations#6e51f@Offset(425.5, 300.0), RenderSemanticsAnnotations#a50e1@Offset(425.5, 300.0), HitTestEntry<HitTestTarget>#a537a(_ReusableRenderView#15fff), HitTestEntry<HitTestTarget>#c291a(<AutomatedTestWidgetsFlutterBinding>))
#0      WidgetController._getElementPoint (package:flutter_test/src/controller.dart:2165:25)
#1      WidgetController.getCenter (package:flutter_test/src/controller.dart:1947:12)
#2      WidgetController.tap (package:flutter_test/src/controller.dart:1080:7)
#3      _pumpClipboardSourceEditor (file:///home/albert/busystack/busymark/test/src/source_editor_widget_test.dart:9400:16)
<asynchronous suspension>
#4      main.<anonymous closure>.paste (file:///home/albert/busystack/busymark/test/src/source_editor_widget_test.dart:6908:28)
<asynchronous suspension>
#5      main.<anonymous closure> (file:///home/albert/busystack/busymark/test/src/source_editor_widget_test.dart:6936:20)
<asynchronous suspension>
#6      testWidgets.<anonymous closure>.<anonymous closure> (package:flutter_test/src/widget_tester.dart:192:15)
<asynchronous suspension>
#7      TestWidgetsFlutterBinding._runTestBody (package:flutter_test/src/binding.dart:1953:5)
<asynchronous suspension>
#8      StackZoneSpecification._registerCallback.<anonymous closure> (package:stack_trace/src/stack_zone_specification.dart:114:42)
<asynchronous suspension>
To silence this warning, pass "warnIfMissed: false" to "tap()".
To make this warning fatal, set WidgetController.hitTestWarningShouldBeFatal to true.

06:36 +1047: /home/albert/busystack/busymark/test/src/source_editor_widget_test.dart: Source table cells reconcile surrounding inline styles
06:36 +1048: /home/albert/busystack/busymark/test/src/source_editor_widget_test.dart: Source reconciliation reuses table-normalized inline content
06:36 +1049: /home/albert/busystack/busymark/test/src/source_editor_widget_test.dart: Source whole-block replacement differs from surviving table and code contexts

Warning: A call to tap() with finder "Found 1 widget with type "TextField": [
  TextField(controller:
    BusyMarkSourceController#6857a(TextEditingValue(text: ┤```text
    old
    ```
    ├, selection: TextSelection.collapsed(offset: 16, affinity: TextAffinity.downstream, isDirectional: false), composing: TextRange(start: -1, end: -1)))
  , focusNode: FocusNode#34930, undoController: UndoHistoryController#9d0a7(UndoHistoryValue(canUndo: false, canRedo: false)), decoration: InputDecoration(contentPadding: EdgeInsets(12.0, 16.0, 16.0, 16.0), isCollapsed: true, fillColor: Color(alpha: 0.0000, red: 0.0000, green: 0.0000, blue: 0.0000, colorSpace: ColorSpace.sRGB), focusColor: Color(alpha: 0.0000, red: 0.0000, green: 0.0000, blue: 0.0000, colorSpace: ColorSpace.sRGB), hoverColor: Color(alpha: 0.0000, red: 0.0000, green: 0.0000, blue: 0.0000, colorSpace: ColorSpace.sRGB), focusedBorder: _NoInputBorder(), enabledBorder: _NoInputBorder(), border: _NoInputBorder()), keyboardType: TextInputType(name: TextInputType.multiline, signed: null, decimal: null), style: TextStyle(inherit: true, family: Ubuntu Mono, familyFallback: [Noto Sans Arabic, Noto Sans Mono, DejaVu Sans Mono, DejaVu Sans], size: 14.0, height: 1.6x, leadingDistribution: even), autocorrect: false, smartDashesType: disabled, smartQuotesType: disabled, enableSuggestions: false, maxLines: null, expands: true, textAlignVertical: TextAlignVertical(y: -1.0), textDirection: ltr, cursorWidth: 1.4, cursorHeight: 18.8, cursorColor: Color(alpha: 0.8200, red: 0.9686, green: 0.9686, blue: 0.9686, colorSpace: ColorSpace.sRGB), scrollController: ScrollController#5aa88(one client, offset 0.0), dependencies: [DefaultSelectionStyle, InheritedCupertinoTheme, MediaQuery, UnmanagedRestorationScope, _InheritedTheme, _LocalizationsScope-[GlobalKey#033c3]], state: _TextFieldState#f2a36),
]" derived an Offset (Offset(425.5, 300.0)) that would not hit test on the specified widget.
Maybe the widget is actually off-screen, or another widget is obscuring it, or the widget cannot receive pointer events.
The finder corresponds to this RenderBox: RenderMouseRegion#1bd01
The hit test result at that offset is: HitTestResult(RenderMouseRegion#45276@Offset(425.5, 300.0), RenderSemanticsAnnotations#08a56@Offset(425.5, 300.0), RenderPointerListener#8c312@Offset(425.5, 300.0), RenderSemanticsGestureHandler#36656@Offset(425.5, 300.0), RenderExcludeSemantics#fd9c5@Offset(425.5, 300.0), RenderBlockSemantics#54070@Offset(425.5, 300.0), RenderIgnorePointer#325e9@Offset(425.5, 300.0), RenderSemanticsAnnotations#49904@Offset(425.5, 300.0), _RenderTheater#77670@Offset(425.5, 300.0), RenderAbsorbPointer#df8b0@Offset(425.5, 300.0), RenderPointerListener#673dd@Offset(425.5, 300.0), RenderSemanticsAnnotations#9d9ab@Offset(425.5, 300.0), RenderCustomPaint#ec7a8@Offset(425.5, 300.0), RenderSemanticsAnnotations#b1fc1@Offset(425.5, 300.0), RenderSemanticsAnnotations#66230@Offset(425.5, 300.0), RenderSemanticsAnnotations#e26a9@Offset(425.5, 300.0), RenderTapRegionSurface#0accb@Offset(425.5, 300.0), RenderSemanticsAnnotations#c5cf7@Offset(425.5, 300.0), RenderSemanticsAnnotations#77931@Offset(425.5, 300.0), HitTestEntry<HitTestTarget>#08c9d(_ReusableRenderView#15fff), HitTestEntry<HitTestTarget>#51871(<AutomatedTestWidgetsFlutterBinding>))
#0      WidgetController._getElementPoint (package:flutter_test/src/controller.dart:2165:25)
#1      WidgetController.getCenter (package:flutter_test/src/controller.dart:1947:12)
#2      WidgetController.tap (package:flutter_test/src/controller.dart:1080:7)
#3      _pumpClipboardSourceEditor (file:///home/albert/busystack/busymark/test/src/source_editor_widget_test.dart:9400:16)
<asynchronous suspension>
#4      main.<anonymous closure> (file:///home/albert/busystack/busymark/test/src/source_editor_widget_test.dart:7158:25)
<asynchronous suspension>
#5      testWidgets.<anonymous closure>.<anonymous closure> (package:flutter_test/src/widget_tester.dart:192:15)
<asynchronous suspension>
#6      TestWidgetsFlutterBinding._runTestBody (package:flutter_test/src/binding.dart:1953:5)
<asynchronous suspension>
#7      StackZoneSpecification._registerCallback.<anonymous closure> (package:stack_trace/src/stack_zone_specification.dart:114:42)
<asynchronous suspension>
To silence this warning, pass "warnIfMissed: false" to "tap()".
To make this warning fatal, set WidgetController.hitTestWarningShouldBeFatal to true.

06:36 +1050: /home/albert/busystack/busymark/test/src/source_editor_widget_test.dart: Source structured paragraph markers escape only at block starts

Warning: A call to tap() with finder "Found 1 widget with type "TextField": [
  TextField(controller: BusyMarkSourceController#61ccf(TextEditingValue(text: ┤├, selection: TextSelection.collapsed(offset: 0, affinity: TextAffinity.downstream, isDirectional: false), composing: TextRange(start: -1, end: -1))), focusNode: FocusNode#fe050, undoController: UndoHistoryController#8c2c8(UndoHistoryValue(canUndo: false, canRedo: false)), decoration: InputDecoration(contentPadding: EdgeInsets(12.0, 16.0, 16.0, 16.0), isCollapsed: true, fillColor: Color(alpha: 0.0000, red: 0.0000, green: 0.0000, blue: 0.0000, colorSpace: ColorSpace.sRGB), focusColor: Color(alpha: 0.0000, red: 0.0000, green: 0.0000, blue: 0.0000, colorSpace: ColorSpace.sRGB), hoverColor: Color(alpha: 0.0000, red: 0.0000, green: 0.0000, blue: 0.0000, colorSpace: ColorSpace.sRGB), focusedBorder: _NoInputBorder(), enabledBorder: _NoInputBorder(), border: _NoInputBorder()), keyboardType: TextInputType(name: TextInputType.multiline, signed: null, decimal: null), style: TextStyle(inherit: true, family: Ubuntu Mono, familyFallback: [Noto Sans Arabic, Noto Sans Mono, DejaVu Sans Mono, DejaVu Sans], size: 14.0, height: 1.6x, leadingDistribution: even), autocorrect: false, smartDashesType: disabled, smartQuotesType: disabled, enableSuggestions: false, maxLines: null, expands: true, textAlignVertical: TextAlignVertical(y: -1.0), textDirection: ltr, cursorWidth: 1.4, cursorHeight: 18.8, cursorColor: Color(alpha: 0.8200, red: 0.9686, green: 0.9686, blue: 0.9686, colorSpace: ColorSpace.sRGB), scrollController: ScrollController#e2ebd(one client, offset 0.0), dependencies: [DefaultSelectionStyle, InheritedCupertinoTheme, MediaQuery, UnmanagedRestorationScope, _InheritedTheme, _LocalizationsScope-[GlobalKey#a56f3]], state: _TextFieldState#854d3),
]" derived an Offset (Offset(425.5, 300.0)) that would not hit test on the specified widget.
Maybe the widget is actually off-screen, or another widget is obscuring it, or the widget cannot receive pointer events.
The finder corresponds to this RenderBox: RenderMouseRegion#dee79
The hit test result at that offset is: HitTestResult(RenderMouseRegion#cc983@Offset(425.5, 300.0), RenderSemanticsAnnotations#d0eb4@Offset(425.5, 300.0), RenderPointerListener#8f298@Offset(425.5, 300.0), RenderSemanticsGestureHandler#bc3b4@Offset(425.5, 300.0), RenderExcludeSemantics#08e92@Offset(425.5, 300.0), RenderBlockSemantics#f6d4b@Offset(425.5, 300.0), RenderIgnorePointer#15d01@Offset(425.5, 300.0), RenderSemanticsAnnotations#95853@Offset(425.5, 300.0), _RenderTheater#9f47e@Offset(425.5, 300.0), RenderAbsorbPointer#71867@Offset(425.5, 300.0), RenderPointerListener#0c67e@Offset(425.5, 300.0), RenderSemanticsAnnotations#ae011@Offset(425.5, 300.0), RenderCustomPaint#761d6@Offset(425.5, 300.0), RenderSemanticsAnnotations#719f9@Offset(425.5, 300.0), RenderSemanticsAnnotations#2b2be@Offset(425.5, 300.0), RenderSemanticsAnnotations#3edad@Offset(425.5, 300.0), RenderTapRegionSurface#4f7e4@Offset(425.5, 300.0), RenderSemanticsAnnotations#22521@Offset(425.5, 300.0), RenderSemanticsAnnotations#812fd@Offset(425.5, 300.0), HitTestEntry<HitTestTarget>#efbb8(_ReusableRenderView#15fff), HitTestEntry<HitTestTarget>#8484d(<AutomatedTestWidgetsFlutterBinding>))
#0      WidgetController._getElementPoint (package:flutter_test/src/controller.dart:2165:25)
#1      WidgetController.getCenter (package:flutter_test/src/controller.dart:1947:12)
#2      WidgetController.tap (package:flutter_test/src/controller.dart:1080:7)
#3      _pumpClipboardSourceEditor (file:///home/albert/busystack/busymark/test/src/source_editor_widget_test.dart:9400:16)
<asynchronous suspension>
#4      main.<anonymous closure> (file:///home/albert/busystack/busymark/test/src/source_editor_widget_test.dart:7226:23)
<asynchronous suspension>
#5      testWidgets.<anonymous closure>.<anonymous closure> (package:flutter_test/src/widget_tester.dart:192:15)
<asynchronous suspension>
#6      TestWidgetsFlutterBinding._runTestBody (package:flutter_test/src/binding.dart:1953:5)
<asynchronous suspension>
#7      StackZoneSpecification._registerCallback.<anonymous closure> (package:stack_trace/src/stack_zone_specification.dart:114:42)
<asynchronous suspension>
To silence this warning, pass "warnIfMissed: false" to "tap()".
To make this warning fatal, set WidgetController.hitTestWarningShouldBeFatal to true.


Warning: A call to tap() with finder "Found 1 widget with type "TextField": [
  TextField(controller: BusyMarkSourceController#61ccf(TextEditingValue(text: ┤├, selection: TextSelection.collapsed(offset: 0, affinity: TextAffinity.downstream, isDirectional: false), composing: TextRange(start: -1, end: -1))), focusNode: FocusNode#fe050, undoController: UndoHistoryController#8c2c8(UndoHistoryValue(canUndo: false, canRedo: false)), decoration: InputDecoration(contentPadding: EdgeInsets(12.0, 16.0, 16.0, 16.0), isCollapsed: true, fillColor: Color(alpha: 0.0000, red: 0.0000, green: 0.0000, blue: 0.0000, colorSpace: ColorSpace.sRGB), focusColor: Color(alpha: 0.0000, red: 0.0000, green: 0.0000, blue: 0.0000, colorSpace: ColorSpace.sRGB), hoverColor: Color(alpha: 0.0000, red: 0.0000, green: 0.0000, blue: 0.0000, colorSpace: ColorSpace.sRGB), focusedBorder: _NoInputBorder(), enabledBorder: _NoInputBorder(), border: _NoInputBorder()), keyboardType: TextInputType(name: TextInputType.multiline, signed: null, decimal: null), style: TextStyle(inherit: true, family: Ubuntu Mono, familyFallback: [Noto Sans Arabic, Noto Sans Mono, DejaVu Sans Mono, DejaVu Sans], size: 14.0, height: 1.6x, leadingDistribution: even), autocorrect: false, smartDashesType: disabled, smartQuotesType: disabled, enableSuggestions: false, maxLines: null, expands: true, textAlignVertical: TextAlignVertical(y: -1.0), textDirection: ltr, cursorWidth: 1.4, cursorHeight: 18.8, cursorColor: Color(alpha: 0.8200, red: 0.9686, green: 0.9686, blue: 0.9686, colorSpace: ColorSpace.sRGB), scrollController: ScrollController#e2ebd(one client, offset 0.0), dependencies: [DefaultSelectionStyle, InheritedCupertinoTheme, MediaQuery, UnmanagedRestorationScope, _InheritedTheme, _LocalizationsScope-[GlobalKey#a56f3]], state: _TextFieldState#854d3),
]" derived an Offset (Offset(425.5, 300.0)) that would not hit test on the specified widget.
Maybe the widget is actually off-screen, or another widget is obscuring it, or the widget cannot receive pointer events.
The finder corresponds to this RenderBox: RenderMouseRegion#dee79
The hit test result at that offset is: HitTestResult(RenderMouseRegion#061dd@Offset(425.5, 300.0), RenderSemanticsAnnotations#eb24d@Offset(425.5, 300.0), RenderPointerListener#6433e@Offset(425.5, 300.0), RenderSemanticsGestureHandler#a8a2e@Offset(425.5, 300.0), RenderExcludeSemantics#abea6@Offset(425.5, 300.0), RenderBlockSemantics#50791@Offset(425.5, 300.0), RenderIgnorePointer#26af4@Offset(425.5, 300.0), RenderSemanticsAnnotations#ac2c5@Offset(425.5, 300.0), _RenderTheater#9f47e@Offset(425.5, 300.0), RenderAbsorbPointer#71867@Offset(425.5, 300.0), RenderPointerListener#0c67e@Offset(425.5, 300.0), RenderSemanticsAnnotations#ae011@Offset(425.5, 300.0), RenderCustomPaint#761d6@Offset(425.5, 300.0), RenderSemanticsAnnotations#719f9@Offset(425.5, 300.0), RenderSemanticsAnnotations#2b2be@Offset(425.5, 300.0), RenderSemanticsAnnotations#3edad@Offset(425.5, 300.0), RenderTapRegionSurface#4f7e4@Offset(425.5, 300.0), RenderSemanticsAnnotations#22521@Offset(425.5, 300.0), RenderSemanticsAnnotations#812fd@Offset(425.5, 300.0), HitTestEntry<HitTestTarget>#248d1(_ReusableRenderView#15fff), HitTestEntry<HitTestTarget>#1cd8d(<AutomatedTestWidgetsFlutterBinding>))
#0      WidgetController._getElementPoint (package:flutter_test/src/controller.dart:2165:25)
#1      WidgetController.getCenter (package:flutter_test/src/controller.dart:1947:12)
#2      WidgetController.tap (package:flutter_test/src/controller.dart:1080:7)
#3      _pumpClipboardSourceEditor (file:///home/albert/busystack/busymark/test/src/source_editor_widget_test.dart:9400:16)
<asynchronous suspension>
#4      main.<anonymous closure> (file:///home/albert/busystack/busymark/test/src/source_editor_widget_test.dart:7226:23)
<asynchronous suspension>
#5      testWidgets.<anonymous closure>.<anonymous closure> (package:flutter_test/src/widget_tester.dart:192:15)
<asynchronous suspension>
#6      TestWidgetsFlutterBinding._runTestBody (package:flutter_test/src/binding.dart:1953:5)
<asynchronous suspension>
#7      StackZoneSpecification._registerCallback.<anonymous closure> (package:stack_trace/src/stack_zone_specification.dart:114:42)
<asynchronous suspension>
To silence this warning, pass "warnIfMissed: false" to "tap()".
To make this warning fatal, set WidgetController.hitTestWarningShouldBeFatal to true.


Warning: A call to tap() with finder "Found 1 widget with type "TextField": [
  TextField(controller: BusyMarkSourceController#61ccf(TextEditingValue(text: ┤leftright├, selection: TextSelection.collapsed(offset: 8, affinity: TextAffinity.downstream, isDirectional: false), composing: TextRange(start: -1, end: -1))), focusNode: FocusNode#fe050, undoController: UndoHistoryController#8c2c8(UndoHistoryValue(canUndo: false, canRedo: false)), decoration: InputDecoration(contentPadding: EdgeInsets(12.0, 16.0, 16.0, 16.0), isCollapsed: true, fillColor: Color(alpha: 0.0000, red: 0.0000, green: 0.0000, blue: 0.0000, colorSpace: ColorSpace.sRGB), focusColor: Color(alpha: 0.0000, red: 0.0000, green: 0.0000, blue: 0.0000, colorSpace: ColorSpace.sRGB), hoverColor: Color(alpha: 0.0000, red: 0.0000, green: 0.0000, blue: 0.0000, colorSpace: ColorSpace.sRGB), focusedBorder: _NoInputBorder(), enabledBorder: _NoInputBorder(), border: _NoInputBorder()), keyboardType: TextInputType(name: TextInputType.multiline, signed: null, decimal: null), style: TextStyle(inherit: true, family: Ubuntu Mono, familyFallback: [Noto Sans Arabic, Noto Sans Mono, DejaVu Sans Mono, DejaVu Sans], size: 14.0, height: 1.6x, leadingDistribution: even), autocorrect: false, smartDashesType: disabled, smartQuotesType: disabled, enableSuggestions: false, maxLines: null, expands: true, textAlignVertical: TextAlignVertical(y: -1.0), textDirection: ltr, cursorWidth: 1.4, cursorHeight: 18.8, cursorColor: Color(alpha: 0.8200, red: 0.9686, green: 0.9686, blue: 0.9686, colorSpace: ColorSpace.sRGB), scrollController: ScrollController#e2ebd(one client, offset 0.0), dependencies: [DefaultSelectionStyle, InheritedCupertinoTheme, MediaQuery, UnmanagedRestorationScope, _InheritedTheme, _LocalizationsScope-[GlobalKey#a56f3]], state: _TextFieldState#854d3),
]" derived an Offset (Offset(425.5, 300.0)) that would not hit test on the specified widget.
Maybe the widget is actually off-screen, or another widget is obscuring it, or the widget cannot receive pointer events.
The finder corresponds to this RenderBox: RenderMouseRegion#dee79
The hit test result at that offset is: HitTestResult(RenderMouseRegion#86184@Offset(425.5, 300.0), RenderSemanticsAnnotations#e8640@Offset(425.5, 300.0), RenderPointerListener#52805@Offset(425.5, 300.0), RenderSemanticsGestureHandler#b1fa0@Offset(425.5, 300.0), RenderExcludeSemantics#00ee4@Offset(425.5, 300.0), RenderBlockSemantics#b6d96@Offset(425.5, 300.0), RenderIgnorePointer#fd3bc@Offset(425.5, 300.0), RenderSemanticsAnnotations#a1e7d@Offset(425.5, 300.0), _RenderTheater#9f47e@Offset(425.5, 300.0), RenderAbsorbPointer#71867@Offset(425.5, 300.0), RenderPointerListener#0c67e@Offset(425.5, 300.0), RenderSemanticsAnnotations#ae011@Offset(425.5, 300.0), RenderCustomPaint#761d6@Offset(425.5, 300.0), RenderSemanticsAnnotations#719f9@Offset(425.5, 300.0), RenderSemanticsAnnotations#2b2be@Offset(425.5, 300.0), RenderSemanticsAnnotations#3edad@Offset(425.5, 300.0), RenderTapRegionSurface#4f7e4@Offset(425.5, 300.0), RenderSemanticsAnnotations#22521@Offset(425.5, 300.0), RenderSemanticsAnnotations#812fd@Offset(425.5, 300.0), HitTestEntry<HitTestTarget>#3e382(_ReusableRenderView#15fff), HitTestEntry<HitTestTarget>#2ca1f(<AutomatedTestWidgetsFlutterBinding>))
#0      WidgetController._getElementPoint (package:flutter_test/src/controller.dart:2165:25)
#1      WidgetController.getCenter (package:flutter_test/src/controller.dart:1947:12)
#2      WidgetController.tap (package:flutter_test/src/controller.dart:1080:7)
#3      _pumpClipboardSourceEditor (file:///home/albert/busystack/busymark/test/src/source_editor_widget_test.dart:9400:16)
<asynchronous suspension>
#4      main.<anonymous closure> (file:///home/albert/busystack/busymark/test/src/source_editor_widget_test.dart:7247:24)
<asynchronous suspension>
#5      testWidgets.<anonymous closure>.<anonymous closure> (package:flutter_test/src/widget_tester.dart:192:15)
<asynchronous suspension>
#6      TestWidgetsFlutterBinding._runTestBody (package:flutter_test/src/binding.dart:1953:5)
<asynchronous suspension>
#7      StackZoneSpecification._registerCallback.<anonymous closure> (package:stack_trace/src/stack_zone_specification.dart:114:42)
<asynchronous suspension>
To silence this warning, pass "warnIfMissed: false" to "tap()".
To make this warning fatal, set WidgetController.hitTestWarningShouldBeFatal to true.


Warning: A call to tap() with finder "Found 1 widget with type "TextField": [
  TextField(controller: BusyMarkSourceController#61ccf(TextEditingValue(text: ┤- right├, selection: TextSelection.collapsed(offset: 7, affinity: TextAffinity.downstream, isDirectional: false), composing: TextRange(start: -1, end: -1))), focusNode: FocusNode#fe050, undoController: UndoHistoryController#8c2c8(UndoHistoryValue(canUndo: false, canRedo: false)), decoration: InputDecoration(contentPadding: EdgeInsets(12.0, 16.0, 16.0, 16.0), isCollapsed: true, fillColor: Color(alpha: 0.0000, red: 0.0000, green: 0.0000, blue: 0.0000, colorSpace: ColorSpace.sRGB), focusColor: Color(alpha: 0.0000, red: 0.0000, green: 0.0000, blue: 0.0000, colorSpace: ColorSpace.sRGB), hoverColor: Color(alpha: 0.0000, red: 0.0000, green: 0.0000, blue: 0.0000, colorSpace: ColorSpace.sRGB), focusedBorder: _NoInputBorder(), enabledBorder: _NoInputBorder(), border: _NoInputBorder()), keyboardType: TextInputType(name: TextInputType.multiline, signed: null, decimal: null), style: TextStyle(inherit: true, family: Ubuntu Mono, familyFallback: [Noto Sans Arabic, Noto Sans Mono, DejaVu Sans Mono, DejaVu Sans], size: 14.0, height: 1.6x, leadingDistribution: even), autocorrect: false, smartDashesType: disabled, smartQuotesType: disabled, enableSuggestions: false, maxLines: null, expands: true, textAlignVertical: TextAlignVertical(y: -1.0), textDirection: ltr, cursorWidth: 1.4, cursorHeight: 18.8, cursorColor: Color(alpha: 0.8200, red: 0.9686, green: 0.9686, blue: 0.9686, colorSpace: ColorSpace.sRGB), scrollController: ScrollController#e2ebd(one client, offset 0.0), dependencies: [DefaultSelectionStyle, InheritedCupertinoTheme, MediaQuery, UnmanagedRestorationScope, _InheritedTheme, _LocalizationsScope-[GlobalKey#a56f3]], state: _TextFieldState#854d3),
]" derived an Offset (Offset(425.5, 300.0)) that would not hit test on the specified widget.
Maybe the widget is actually off-screen, or another widget is obscuring it, or the widget cannot receive pointer events.
The finder corresponds to this RenderBox: RenderMouseRegion#dee79
The hit test result at that offset is: HitTestResult(RenderMouseRegion#67e24@Offset(425.5, 300.0), RenderSemanticsAnnotations#4f048@Offset(425.5, 300.0), RenderPointerListener#23448@Offset(425.5, 300.0), RenderSemanticsGestureHandler#1f0a5@Offset(425.5, 300.0), RenderExcludeSemantics#e8545@Offset(425.5, 300.0), RenderBlockSemantics#9b886@Offset(425.5, 300.0), RenderIgnorePointer#38fec@Offset(425.5, 300.0), RenderSemanticsAnnotations#d402a@Offset(425.5, 300.0), _RenderTheater#9f47e@Offset(425.5, 300.0), RenderAbsorbPointer#71867@Offset(425.5, 300.0), RenderPointerListener#0c67e@Offset(425.5, 300.0), RenderSemanticsAnnotations#ae011@Offset(425.5, 300.0), RenderCustomPaint#761d6@Offset(425.5, 300.0), RenderSemanticsAnnotations#719f9@Offset(425.5, 300.0), RenderSemanticsAnnotations#2b2be@Offset(425.5, 300.0), RenderSemanticsAnnotations#3edad@Offset(425.5, 300.0), RenderTapRegionSurface#4f7e4@Offset(425.5, 300.0), RenderSemanticsAnnotations#22521@Offset(425.5, 300.0), RenderSemanticsAnnotations#812fd@Offset(425.5, 300.0), HitTestEntry<HitTestTarget>#59182(_ReusableRenderView#15fff), HitTestEntry<HitTestTarget>#40212(<AutomatedTestWidgetsFlutterBinding>))
#0      WidgetController._getElementPoint (package:flutter_test/src/controller.dart:2165:25)
#1      WidgetController.getCenter (package:flutter_test/src/controller.dart:1947:12)
#2      WidgetController.tap (package:flutter_test/src/controller.dart:1080:7)
#3      _pumpClipboardSourceEditor (file:///home/albert/busystack/busymark/test/src/source_editor_widget_test.dart:9400:16)
<asynchronous suspension>
#4      main.<anonymous closure> (file:///home/albert/busystack/busymark/test/src/source_editor_widget_test.dart:7277:26)
<asynchronous suspension>
#5      testWidgets.<anonymous closure>.<anonymous closure> (package:flutter_test/src/widget_tester.dart:192:15)
<asynchronous suspension>
#6      TestWidgetsFlutterBinding._runTestBody (package:flutter_test/src/binding.dart:1953:5)
<asynchronous suspension>
#7      StackZoneSpecification._registerCallback.<anonymous closure> (package:stack_trace/src/stack_zone_specification.dart:114:42)
<asynchronous suspension>
To silence this warning, pass "warnIfMissed: false" to "tap()".
To make this warning fatal, set WidgetController.hitTestWarningShouldBeFatal to true.

06:36 +1051: /home/albert/busystack/busymark/test/src/source_editor_widget_test.dart: Source native inline paste preserves edge and only whitespace

Warning: A call to tap() with finder "Found 1 widget with type "TextField": [
  TextField(controller: BusyMarkSourceController#3d379(TextEditingValue(text: ┤leftDELETEright├, selection: TextSelection.collapsed(offset: 11, affinity: TextAffinity.downstream, isDirectional: false), composing: TextRange(start: -1, end: -1))), focusNode: FocusNode#46e9e, undoController: UndoHistoryController#fd9b8(UndoHistoryValue(canUndo: false, canRedo: false)), decoration: InputDecoration(contentPadding: EdgeInsets(12.0, 16.0, 16.0, 16.0), isCollapsed: true, fillColor: Color(alpha: 0.0000, red: 0.0000, green: 0.0000, blue: 0.0000, colorSpace: ColorSpace.sRGB), focusColor: Color(alpha: 0.0000, red: 0.0000, green: 0.0000, blue: 0.0000, colorSpace: ColorSpace.sRGB), hoverColor: Color(alpha: 0.0000, red: 0.0000, green: 0.0000, blue: 0.0000, colorSpace: ColorSpace.sRGB), focusedBorder: _NoInputBorder(), enabledBorder: _NoInputBorder(), border: _NoInputBorder()), keyboardType: TextInputType(name: TextInputType.multiline, signed: null, decimal: null), style: TextStyle(inherit: true, family: Ubuntu Mono, familyFallback: [Noto Sans Arabic, Noto Sans Mono, DejaVu Sans Mono, DejaVu Sans], size: 14.0, height: 1.6x, leadingDistribution: even), autocorrect: false, smartDashesType: disabled, smartQuotesType: disabled, enableSuggestions: false, maxLines: null, expands: true, textAlignVertical: TextAlignVertical(y: -1.0), textDirection: ltr, cursorWidth: 1.4, cursorHeight: 18.8, cursorColor: Color(alpha: 0.8200, red: 0.9686, green: 0.9686, blue: 0.9686, colorSpace: ColorSpace.sRGB), scrollController: ScrollController#3fb2c(one client, offset 0.0), dependencies: [DefaultSelectionStyle, InheritedCupertinoTheme, MediaQuery, UnmanagedRestorationScope, _InheritedTheme, _LocalizationsScope-[GlobalKey#023e1]], state: _TextFieldState#97004),
]" derived an Offset (Offset(425.5, 300.0)) that would not hit test on the specified widget.
Maybe the widget is actually off-screen, or another widget is obscuring it, or the widget cannot receive pointer events.
The finder corresponds to this RenderBox: RenderMouseRegion#5a5c3
The hit test result at that offset is: HitTestResult(RenderMouseRegion#80979@Offset(425.5, 300.0), RenderSemanticsAnnotations#0defe@Offset(425.5, 300.0), RenderPointerListener#d4d35@Offset(425.5, 300.0), RenderSemanticsGestureHandler#c9b04@Offset(425.5, 300.0), RenderExcludeSemantics#94656@Offset(425.5, 300.0), RenderBlockSemantics#9da12@Offset(425.5, 300.0), RenderIgnorePointer#c6e3f@Offset(425.5, 300.0), RenderSemanticsAnnotations#1793e@Offset(425.5, 300.0), _RenderTheater#b6079@Offset(425.5, 300.0), RenderAbsorbPointer#03434@Offset(425.5, 300.0), RenderPointerListener#1b1e3@Offset(425.5, 300.0), RenderSemanticsAnnotations#61ab0@Offset(425.5, 300.0), RenderCustomPaint#a84c3@Offset(425.5, 300.0), RenderSemanticsAnnotations#cf82c@Offset(425.5, 300.0), RenderSemanticsAnnotations#01ff8@Offset(425.5, 300.0), RenderSemanticsAnnotations#50710@Offset(425.5, 300.0), RenderTapRegionSurface#4ece9@Offset(425.5, 300.0), RenderSemanticsAnnotations#f16a5@Offset(425.5, 300.0), RenderSemanticsAnnotations#763e6@Offset(425.5, 300.0), HitTestEntry<HitTestTarget>#6bac4(_ReusableRenderView#15fff), HitTestEntry<HitTestTarget>#d0f1d(<AutomatedTestWidgetsFlutterBinding>))
#0      WidgetController._getElementPoint (package:flutter_test/src/controller.dart:2165:25)
#1      WidgetController.getCenter (package:flutter_test/src/controller.dart:1947:12)
#2      WidgetController.tap (package:flutter_test/src/controller.dart:1080:7)
#3      _pumpClipboardSourceEditor (file:///home/albert/busystack/busymark/test/src/source_editor_widget_test.dart:9400:16)
<asynchronous suspension>
#4      main.<anonymous closure> (file:///home/albert/busystack/busymark/test/src/source_editor_widget_test.dart:7379:24)
<asynchronous suspension>
#5      testWidgets.<anonymous closure>.<anonymous closure> (package:flutter_test/src/widget_tester.dart:192:15)
<asynchronous suspension>
#6      TestWidgetsFlutterBinding._runTestBody (package:flutter_test/src/binding.dart:1953:5)
<asynchronous suspension>
#7      StackZoneSpecification._registerCallback.<anonymous closure> (package:stack_trace/src/stack_zone_specification.dart:114:42)
<asynchronous suspension>
To silence this warning, pass "warnIfMissed: false" to "tap()".
To make this warning fatal, set WidgetController.hitTestWarningShouldBeFatal to true.

06:36 +1052: /home/albert/busystack/busymark/test/src/source_editor_widget_test.dart: Source native rich edge whitespace repeats and restores real Undo state
06:37 +1053: /home/albert/busystack/busymark/test/src/source_editor_widget_test.dart: Source structured paste respects table-cell semantics
06:37 +1054: /home/albert/busystack/busymark/test/src/source_editor_widget_test.dart: Source maps a final table cell ending in an escaped pipe
06:37 +1055: /home/albert/busystack/busymark/test/src/source_editor_widget_test.dart: Source structured blocks preserve list and quote containers
06:37 +1056: /home/albert/busystack/busymark/test/src/source_editor_widget_test.dart: Source complete blocks remain in containers at every content boundary

Warning: A call to tap() with finder "Found 1 widget with type "TextField": [
  TextField(controller: BusyMarkSourceController#3e8ba(TextEditingValue(text: ┤> item├, selection: TextSelection.collapsed(offset: 6, affinity: TextAffinity.downstream, isDirectional: false), composing: TextRange(start: -1, end: -1))), focusNode: FocusNode#93b27, undoController: UndoHistoryController#63d97(UndoHistoryValue(canUndo: false, canRedo: false)), decoration: InputDecoration(contentPadding: EdgeInsets(12.0, 16.0, 16.0, 16.0), isCollapsed: true, fillColor: Color(alpha: 0.0000, red: 0.0000, green: 0.0000, blue: 0.0000, colorSpace: ColorSpace.sRGB), focusColor: Color(alpha: 0.0000, red: 0.0000, green: 0.0000, blue: 0.0000, colorSpace: ColorSpace.sRGB), hoverColor: Color(alpha: 0.0000, red: 0.0000, green: 0.0000, blue: 0.0000, colorSpace: ColorSpace.sRGB), focusedBorder: _NoInputBorder(), enabledBorder: _NoInputBorder(), border: _NoInputBorder()), keyboardType: TextInputType(name: TextInputType.multiline, signed: null, decimal: null), style: TextStyle(inherit: true, family: Ubuntu Mono, familyFallback: [Noto Sans Arabic, Noto Sans Mono, DejaVu Sans Mono, DejaVu Sans], size: 14.0, height: 1.6x, leadingDistribution: even), autocorrect: false, smartDashesType: disabled, smartQuotesType: disabled, enableSuggestions: false, maxLines: null, expands: true, textAlignVertical: TextAlignVertical(y: -1.0), textDirection: ltr, cursorWidth: 1.4, cursorHeight: 18.8, cursorColor: Color(alpha: 0.8200, red: 0.9686, green: 0.9686, blue: 0.9686, colorSpace: ColorSpace.sRGB), scrollController: ScrollController#cc439(one client, offset 0.0), dependencies: [DefaultSelectionStyle, InheritedCupertinoTheme, MediaQuery, UnmanagedRestorationScope, _InheritedTheme, _LocalizationsScope-[GlobalKey#7b1ef]], state: _TextFieldState#c137b),
]" derived an Offset (Offset(425.5, 300.0)) that would not hit test on the specified widget.
Maybe the widget is actually off-screen, or another widget is obscuring it, or the widget cannot receive pointer events.
The finder corresponds to this RenderBox: RenderMouseRegion#56435
The hit test result at that offset is: HitTestResult(RenderMouseRegion#0126f@Offset(425.5, 300.0), RenderSemanticsAnnotations#217e1@Offset(425.5, 300.0), RenderPointerListener#07bf3@Offset(425.5, 300.0), RenderSemanticsGestureHandler#951b5@Offset(425.5, 300.0), RenderExcludeSemantics#97bd5@Offset(425.5, 300.0), RenderBlockSemantics#31624@Offset(425.5, 300.0), RenderIgnorePointer#79338@Offset(425.5, 300.0), RenderSemanticsAnnotations#ea468@Offset(425.5, 300.0), _RenderTheater#8edaf@Offset(425.5, 300.0), RenderAbsorbPointer#94bda@Offset(425.5, 300.0), RenderPointerListener#cb2ba@Offset(425.5, 300.0), RenderSemanticsAnnotations#db0e9@Offset(425.5, 300.0), RenderCustomPaint#98e0b@Offset(425.5, 300.0), RenderSemanticsAnnotations#936de@Offset(425.5, 300.0), RenderSemanticsAnnotations#d0962@Offset(425.5, 300.0), RenderSemanticsAnnotations#d1dcf@Offset(425.5, 300.0), RenderTapRegionSurface#c45ce@Offset(425.5, 300.0), RenderSemanticsAnnotations#3e43c@Offset(425.5, 300.0), RenderSemanticsAnnotations#5700a@Offset(425.5, 300.0), HitTestEntry<HitTestTarget>#bd646(_ReusableRenderView#15fff), HitTestEntry<HitTestTarget>#9d4f5(<AutomatedTestWidgetsFlutterBinding>))
#0      WidgetController._getElementPoint (package:flutter_test/src/controller.dart:2165:25)
#1      WidgetController.getCenter (package:flutter_test/src/controller.dart:1947:12)
#2      WidgetController.tap (package:flutter_test/src/controller.dart:1080:7)
#3      _pumpClipboardSourceEditor (file:///home/albert/busystack/busymark/test/src/source_editor_widget_test.dart:9400:16)
<asynchronous suspension>
#4      main.<anonymous closure> (file:///home/albert/busystack/busymark/test/src/source_editor_widget_test.dart:7808:28)
<asynchronous suspension>
#5      testWidgets.<anonymous closure>.<anonymous closure> (package:flutter_test/src/widget_tester.dart:192:15)
<asynchronous suspension>
#6      TestWidgetsFlutterBinding._runTestBody (package:flutter_test/src/binding.dart:1953:5)
<asynchronous suspension>
#7      StackZoneSpecification._registerCallback.<anonymous closure> (package:stack_trace/src/stack_zone_specification.dart:114:42)
<asynchronous suspension>
To silence this warning, pass "warnIfMissed: false" to "tap()".
To make this warning fatal, set WidgetController.hitTestWarningShouldBeFatal to true.


Warning: A call to tap() with finder "Found 1 widget with type "TextField": [
  TextField(controller:
    BusyMarkSourceController#3e8ba(TextEditingValue(text: ┤> item
    ├, selection: TextSelection.collapsed(offset: 7, affinity: TextAffinity.downstream, isDirectional: false), composing: TextRange(start: -1, end: -1)))
  , focusNode: FocusNode#93b27, undoController: UndoHistoryController#63d97(UndoHistoryValue(canUndo: false, canRedo: false)), decoration: InputDecoration(contentPadding: EdgeInsets(12.0, 16.0, 16.0, 16.0), isCollapsed: true, fillColor: Color(alpha: 0.0000, red: 0.0000, green: 0.0000, blue: 0.0000, colorSpace: ColorSpace.sRGB), focusColor: Color(alpha: 0.0000, red: 0.0000, green: 0.0000, blue: 0.0000, colorSpace: ColorSpace.sRGB), hoverColor: Color(alpha: 0.0000, red: 0.0000, green: 0.0000, blue: 0.0000, colorSpace: ColorSpace.sRGB), focusedBorder: _NoInputBorder(), enabledBorder: _NoInputBorder(), border: _NoInputBorder()), keyboardType: TextInputType(name: TextInputType.multiline, signed: null, decimal: null), style: TextStyle(inherit: true, family: Ubuntu Mono, familyFallback: [Noto Sans Arabic, Noto Sans Mono, DejaVu Sans Mono, DejaVu Sans], size: 14.0, height: 1.6x, leadingDistribution: even), autocorrect: false, smartDashesType: disabled, smartQuotesType: disabled, enableSuggestions: false, maxLines: null, expands: true, textAlignVertical: TextAlignVertical(y: -1.0), textDirection: ltr, cursorWidth: 1.4, cursorHeight: 18.8, cursorColor: Color(alpha: 0.8200, red: 0.9686, green: 0.9686, blue: 0.9686, colorSpace: ColorSpace.sRGB), scrollController: ScrollController#cc439(one client, offset 0.0), dependencies: [DefaultSelectionStyle, InheritedCupertinoTheme, MediaQuery, UnmanagedRestorationScope, _InheritedTheme, _LocalizationsScope-[GlobalKey#7b1ef]], state: _TextFieldState#c137b),
]" derived an Offset (Offset(425.5, 300.0)) that would not hit test on the specified widget.
Maybe the widget is actually off-screen, or another widget is obscuring it, or the widget cannot receive pointer events.
The finder corresponds to this RenderBox: RenderMouseRegion#56435
The hit test result at that offset is: HitTestResult(RenderMouseRegion#cfe46@Offset(425.5, 300.0), RenderSemanticsAnnotations#514f6@Offset(425.5, 300.0), RenderPointerListener#cb540@Offset(425.5, 300.0), RenderSemanticsGestureHandler#bf03a@Offset(425.5, 300.0), RenderExcludeSemantics#f4cab@Offset(425.5, 300.0), RenderBlockSemantics#15922@Offset(425.5, 300.0), RenderIgnorePointer#7b160@Offset(425.5, 300.0), RenderSemanticsAnnotations#b783d@Offset(425.5, 300.0), _RenderTheater#8edaf@Offset(425.5, 300.0), RenderAbsorbPointer#94bda@Offset(425.5, 300.0), RenderPointerListener#cb2ba@Offset(425.5, 300.0), RenderSemanticsAnnotations#db0e9@Offset(425.5, 300.0), RenderCustomPaint#98e0b@Offset(425.5, 300.0), RenderSemanticsAnnotations#936de@Offset(425.5, 300.0), RenderSemanticsAnnotations#d0962@Offset(425.5, 300.0), RenderSemanticsAnnotations#d1dcf@Offset(425.5, 300.0), RenderTapRegionSurface#c45ce@Offset(425.5, 300.0), RenderSemanticsAnnotations#3e43c@Offset(425.5, 300.0), RenderSemanticsAnnotations#5700a@Offset(425.5, 300.0), HitTestEntry<HitTestTarget>#498f6(_ReusableRenderView#15fff), HitTestEntry<HitTestTarget>#a54f0(<AutomatedTestWidgetsFlutterBinding>))
#0      WidgetController._getElementPoint (package:flutter_test/src/controller.dart:2165:25)
#1      WidgetController.getCenter (package:flutter_test/src/controller.dart:1947:12)
#2      WidgetController.tap (package:flutter_test/src/controller.dart:1080:7)
#3      _pumpClipboardSourceEditor (file:///home/albert/busystack/busymark/test/src/source_editor_widget_test.dart:9400:16)
<asynchronous suspension>
#4      main.<anonymous closure> (file:///home/albert/busystack/busymark/test/src/source_editor_widget_test.dart:7808:28)
<asynchronous suspension>
#5      testWidgets.<anonymous closure>.<anonymous closure> (package:flutter_test/src/widget_tester.dart:192:15)
<asynchronous suspension>
#6      TestWidgetsFlutterBinding._runTestBody (package:flutter_test/src/binding.dart:1953:5)
<asynchronous suspension>
#7      StackZoneSpecification._registerCallback.<anonymous closure> (package:stack_trace/src/stack_zone_specification.dart:114:42)
<asynchronous suspension>
To silence this warning, pass "warnIfMissed: false" to "tap()".
To make this warning fatal, set WidgetController.hitTestWarningShouldBeFatal to true.


Warning: A call to tap() with finder "Found 1 widget with type "TextField": [
  TextField(controller: BusyMarkSourceController#3e8ba(TextEditingValue(text: ┤- item├, selection: TextSelection.collapsed(offset: 6, affinity: TextAffinity.downstream, isDirectional: false), composing: TextRange(start: -1, end: -1))), focusNode: FocusNode#93b27, undoController: UndoHistoryController#63d97(UndoHistoryValue(canUndo: false, canRedo: false)), decoration: InputDecoration(contentPadding: EdgeInsets(12.0, 16.0, 16.0, 16.0), isCollapsed: true, fillColor: Color(alpha: 0.0000, red: 0.0000, green: 0.0000, blue: 0.0000, colorSpace: ColorSpace.sRGB), focusColor: Color(alpha: 0.0000, red: 0.0000, green: 0.0000, blue: 0.0000, colorSpace: ColorSpace.sRGB), hoverColor: Color(alpha: 0.0000, red: 0.0000, green: 0.0000, blue: 0.0000, colorSpace: ColorSpace.sRGB), focusedBorder: _NoInputBorder(), enabledBorder: _NoInputBorder(), border: _NoInputBorder()), keyboardType: TextInputType(name: TextInputType.multiline, signed: null, decimal: null), style: TextStyle(inherit: true, family: Ubuntu Mono, familyFallback: [Noto Sans Arabic, Noto Sans Mono, DejaVu Sans Mono, DejaVu Sans], size: 14.0, height: 1.6x, leadingDistribution: even), autocorrect: false, smartDashesType: disabled, smartQuotesType: disabled, enableSuggestions: false, maxLines: null, expands: true, textAlignVertical: TextAlignVertical(y: -1.0), textDirection: ltr, cursorWidth: 1.4, cursorHeight: 18.8, cursorColor: Color(alpha: 0.8200, red: 0.9686, green: 0.9686, blue: 0.9686, colorSpace: ColorSpace.sRGB), scrollController: ScrollController#cc439(one client, offset 0.0), dependencies: [DefaultSelectionStyle, InheritedCupertinoTheme, MediaQuery, UnmanagedRestorationScope, _InheritedTheme, _LocalizationsScope-[GlobalKey#7b1ef]], state: _TextFieldState#c137b),
]" derived an Offset (Offset(425.5, 300.0)) that would not hit test on the specified widget.
Maybe the widget is actually off-screen, or another widget is obscuring it, or the widget cannot receive pointer events.
The finder corresponds to this RenderBox: RenderMouseRegion#56435
The hit test result at that offset is: HitTestResult(RenderMouseRegion#a55d7@Offset(425.5, 300.0), RenderSemanticsAnnotations#f02b9@Offset(425.5, 300.0), RenderPointerListener#1daf0@Offset(425.5, 300.0), RenderSemanticsGestureHandler#ab9e1@Offset(425.5, 300.0), RenderExcludeSemantics#8e689@Offset(425.5, 300.0), RenderBlockSemantics#3d523@Offset(425.5, 300.0), RenderIgnorePointer#85a92@Offset(425.5, 300.0), RenderSemanticsAnnotations#b3465@Offset(425.5, 300.0), _RenderTheater#8edaf@Offset(425.5, 300.0), RenderAbsorbPointer#94bda@Offset(425.5, 300.0), RenderPointerListener#cb2ba@Offset(425.5, 300.0), RenderSemanticsAnnotations#db0e9@Offset(425.5, 300.0), RenderCustomPaint#98e0b@Offset(425.5, 300.0), RenderSemanticsAnnotations#936de@Offset(425.5, 300.0), RenderSemanticsAnnotations#d0962@Offset(425.5, 300.0), RenderSemanticsAnnotations#d1dcf@Offset(425.5, 300.0), RenderTapRegionSurface#c45ce@Offset(425.5, 300.0), RenderSemanticsAnnotations#3e43c@Offset(425.5, 300.0), RenderSemanticsAnnotations#5700a@Offset(425.5, 300.0), HitTestEntry<HitTestTarget>#e532a(_ReusableRenderView#15fff), HitTestEntry<HitTestTarget>#2c58c(<AutomatedTestWidgetsFlutterBinding>))
#0      WidgetController._getElementPoint (package:flutter_test/src/controller.dart:2165:25)
#1      WidgetController.getCenter (package:flutter_test/src/controller.dart:1947:12)
#2      WidgetController.tap (package:flutter_test/src/controller.dart:1080:7)
#3      _pumpClipboardSourceEditor (file:///home/albert/busystack/busymark/test/src/source_editor_widget_test.dart:9400:16)
<asynchronous suspension>
#4      main.<anonymous closure> (file:///home/albert/busystack/busymark/test/src/source_editor_widget_test.dart:7808:28)
<asynchronous suspension>
#5      testWidgets.<anonymous closure>.<anonymous closure> (package:flutter_test/src/widget_tester.dart:192:15)
<asynchronous suspension>
#6      TestWidgetsFlutterBinding._runTestBody (package:flutter_test/src/binding.dart:1953:5)
<asynchronous suspension>
#7      StackZoneSpecification._registerCallback.<anonymous closure> (package:stack_trace/src/stack_zone_specification.dart:114:42)
<asynchronous suspension>
To silence this warning, pass "warnIfMissed: false" to "tap()".
To make this warning fatal, set WidgetController.hitTestWarningShouldBeFatal to true.


Warning: A call to tap() with finder "Found 1 widget with type "TextField": [
  TextField(controller:
    BusyMarkSourceController#3e8ba(TextEditingValue(text: ┤- item
    ├, selection: TextSelection.collapsed(offset: 7, affinity: TextAffinity.downstream, isDirectional: false), composing: TextRange(start: -1, end: -1)))
  , focusNode: FocusNode#93b27, undoController: UndoHistoryController#63d97(UndoHistoryValue(canUndo: false, canRedo: false)), decoration: InputDecoration(contentPadding: EdgeInsets(12.0, 16.0, 16.0, 16.0), isCollapsed: true, fillColor: Color(alpha: 0.0000, red: 0.0000, green: 0.0000, blue: 0.0000, colorSpace: ColorSpace.sRGB), focusColor: Color(alpha: 0.0000, red: 0.0000, green: 0.0000, blue: 0.0000, colorSpace: ColorSpace.sRGB), hoverColor: Color(alpha: 0.0000, red: 0.0000, green: 0.0000, blue: 0.0000, colorSpace: ColorSpace.sRGB), focusedBorder: _NoInputBorder(), enabledBorder: _NoInputBorder(), border: _NoInputBorder()), keyboardType: TextInputType(name: TextInputType.multiline, signed: null, decimal: null), style: TextStyle(inherit: true, family: Ubuntu Mono, familyFallback: [Noto Sans Arabic, Noto Sans Mono, DejaVu Sans Mono, DejaVu Sans], size: 14.0, height: 1.6x, leadingDistribution: even), autocorrect: false, smartDashesType: disabled, smartQuotesType: disabled, enableSuggestions: false, maxLines: null, expands: true, textAlignVertical: TextAlignVertical(y: -1.0), textDirection: ltr, cursorWidth: 1.4, cursorHeight: 18.8, cursorColor: Color(alpha: 0.8200, red: 0.9686, green: 0.9686, blue: 0.9686, colorSpace: ColorSpace.sRGB), scrollController: ScrollController#cc439(one client, offset 0.0), dependencies: [DefaultSelectionStyle, InheritedCupertinoTheme, MediaQuery, UnmanagedRestorationScope, _InheritedTheme, _LocalizationsScope-[GlobalKey#7b1ef]], state: _TextFieldState#c137b),
]" derived an Offset (Offset(425.5, 300.0)) that would not hit test on the specified widget.
Maybe the widget is actually off-screen, or another widget is obscuring it, or the widget cannot receive pointer events.
The finder corresponds to this RenderBox: RenderMouseRegion#56435
The hit test result at that offset is: HitTestResult(RenderMouseRegion#b35f6@Offset(425.5, 300.0), RenderSemanticsAnnotations#18ae7@Offset(425.5, 300.0), RenderPointerListener#3e2cf@Offset(425.5, 300.0), RenderSemanticsGestureHandler#359df@Offset(425.5, 300.0), RenderExcludeSemantics#5f63b@Offset(425.5, 300.0), RenderBlockSemantics#de4ad@Offset(425.5, 300.0), RenderIgnorePointer#40a69@Offset(425.5, 300.0), RenderSemanticsAnnotations#1a69b@Offset(425.5, 300.0), _RenderTheater#8edaf@Offset(425.5, 300.0), RenderAbsorbPointer#94bda@Offset(425.5, 300.0), RenderPointerListener#cb2ba@Offset(425.5, 300.0), RenderSemanticsAnnotations#db0e9@Offset(425.5, 300.0), RenderCustomPaint#98e0b@Offset(425.5, 300.0), RenderSemanticsAnnotations#936de@Offset(425.5, 300.0), RenderSemanticsAnnotations#d0962@Offset(425.5, 300.0), RenderSemanticsAnnotations#d1dcf@Offset(425.5, 300.0), RenderTapRegionSurface#c45ce@Offset(425.5, 300.0), RenderSemanticsAnnotations#3e43c@Offset(425.5, 300.0), RenderSemanticsAnnotations#5700a@Offset(425.5, 300.0), HitTestEntry<HitTestTarget>#8f461(_ReusableRenderView#15fff), HitTestEntry<HitTestTarget>#2a8f1(<AutomatedTestWidgetsFlutterBinding>))
#0      WidgetController._getElementPoint (package:flutter_test/src/controller.dart:2165:25)
#1      WidgetController.getCenter (package:flutter_test/src/controller.dart:1947:12)
#2      WidgetController.tap (package:flutter_test/src/controller.dart:1080:7)
#3      _pumpClipboardSourceEditor (file:///home/albert/busystack/busymark/test/src/source_editor_widget_test.dart:9400:16)
<asynchronous suspension>
#4      main.<anonymous closure> (file:///home/albert/busystack/busymark/test/src/source_editor_widget_test.dart:7808:28)
<asynchronous suspension>
#5      testWidgets.<anonymous closure>.<anonymous closure> (package:flutter_test/src/widget_tester.dart:192:15)
<asynchronous suspension>
#6      TestWidgetsFlutterBinding._runTestBody (package:flutter_test/src/binding.dart:1953:5)
<asynchronous suspension>
#7      StackZoneSpecification._registerCallback.<anonymous closure> (package:stack_trace/src/stack_zone_specification.dart:114:42)
<asynchronous suspension>
To silence this warning, pass "warnIfMissed: false" to "tap()".
To make this warning fatal, set WidgetController.hitTestWarningShouldBeFatal to true.


Warning: A call to tap() with finder "Found 1 widget with type "TextField": [
  TextField(controller: BusyMarkSourceController#3e8ba(TextEditingValue(text: ┤>   3. item├, selection: TextSelection.collapsed(offset: 11, affinity: TextAffinity.downstream, isDirectional: false), composing: TextRange(start: -1, end: -1))), focusNode: FocusNode#93b27, undoController: UndoHistoryController#63d97(UndoHistoryValue(canUndo: false, canRedo: false)), decoration: InputDecoration(contentPadding: EdgeInsets(12.0, 16.0, 16.0, 16.0), isCollapsed: true, fillColor: Color(alpha: 0.0000, red: 0.0000, green: 0.0000, blue: 0.0000, colorSpace: ColorSpace.sRGB), focusColor: Color(alpha: 0.0000, red: 0.0000, green: 0.0000, blue: 0.0000, colorSpace: ColorSpace.sRGB), hoverColor: Color(alpha: 0.0000, red: 0.0000, green: 0.0000, blue: 0.0000, colorSpace: ColorSpace.sRGB), focusedBorder: _NoInputBorder(), enabledBorder: _NoInputBorder(), border: _NoInputBorder()), keyboardType: TextInputType(name: TextInputType.multiline, signed: null, decimal: null), style: TextStyle(inherit: true, family: Ubuntu Mono, familyFallback: [Noto Sans Arabic, Noto Sans Mono, DejaVu Sans Mono, DejaVu Sans], size: 14.0, height: 1.6x, leadingDistribution: even), autocorrect: false, smartDashesType: disabled, smartQuotesType: disabled, enableSuggestions: false, maxLines: null, expands: true, textAlignVertical: TextAlignVertical(y: -1.0), textDirection: ltr, cursorWidth: 1.4, cursorHeight: 18.8, cursorColor: Color(alpha: 0.8200, red: 0.9686, green: 0.9686, blue: 0.9686, colorSpace: ColorSpace.sRGB), scrollController: ScrollController#cc439(one client, offset 0.0), dependencies: [DefaultSelectionStyle, InheritedCupertinoTheme, MediaQuery, UnmanagedRestorationScope, _InheritedTheme, _LocalizationsScope-[GlobalKey#7b1ef]], state: _TextFieldState#c137b),
]" derived an Offset (Offset(425.5, 300.0)) that would not hit test on the specified widget.
Maybe the widget is actually off-screen, or another widget is obscuring it, or the widget cannot receive pointer events.
The finder corresponds to this RenderBox: RenderMouseRegion#56435
The hit test result at that offset is: HitTestResult(RenderMouseRegion#9b54e@Offset(425.5, 300.0), RenderSemanticsAnnotations#3ed76@Offset(425.5, 300.0), RenderPointerListener#c50aa@Offset(425.5, 300.0), RenderSemanticsGestureHandler#2ae8d@Offset(425.5, 300.0), RenderExcludeSemantics#125ee@Offset(425.5, 300.0), RenderBlockSemantics#4bcc3@Offset(425.5, 300.0), RenderIgnorePointer#a92f6@Offset(425.5, 300.0), RenderSemanticsAnnotations#391e6@Offset(425.5, 300.0), _RenderTheater#8edaf@Offset(425.5, 300.0), RenderAbsorbPointer#94bda@Offset(425.5, 300.0), RenderPointerListener#cb2ba@Offset(425.5, 300.0), RenderSemanticsAnnotations#db0e9@Offset(425.5, 300.0), RenderCustomPaint#98e0b@Offset(425.5, 300.0), RenderSemanticsAnnotations#936de@Offset(425.5, 300.0), RenderSemanticsAnnotations#d0962@Offset(425.5, 300.0), RenderSemanticsAnnotations#d1dcf@Offset(425.5, 300.0), RenderTapRegionSurface#c45ce@Offset(425.5, 300.0), RenderSemanticsAnnotations#3e43c@Offset(425.5, 300.0), RenderSemanticsAnnotations#5700a@Offset(425.5, 300.0), HitTestEntry<HitTestTarget>#93c00(_ReusableRenderView#15fff), HitTestEntry<HitTestTarget>#bc39e(<AutomatedTestWidgetsFlutterBinding>))
#0      WidgetController._getElementPoint (package:flutter_test/src/controller.dart:2165:25)
#1      WidgetController.getCenter (package:flutter_test/src/controller.dart:1947:12)
#2      WidgetController.tap (package:flutter_test/src/controller.dart:1080:7)
#3      _pumpClipboardSourceEditor (file:///home/albert/busystack/busymark/test/src/source_editor_widget_test.dart:9400:16)
<asynchronous suspension>
#4      main.<anonymous closure> (file:///home/albert/busystack/busymark/test/src/source_editor_widget_test.dart:7808:28)
<asynchronous suspension>
#5      testWidgets.<anonymous closure>.<anonymous closure> (package:flutter_test/src/widget_tester.dart:192:15)
<asynchronous suspension>
#6      TestWidgetsFlutterBinding._runTestBody (package:flutter_test/src/binding.dart:1953:5)
<asynchronous suspension>
#7      StackZoneSpecification._registerCallback.<anonymous closure> (package:stack_trace/src/stack_zone_specification.dart:114:42)
<asynchronous suspension>
To silence this warning, pass "warnIfMissed: false" to "tap()".
To make this warning fatal, set WidgetController.hitTestWarningShouldBeFatal to true.

06:37 +1057: /home/albert/busystack/busymark/test/src/source_editor_widget_test.dart: Source complete blocks retain continuation-line ancestors

Warning: A call to tap() with finder "Found 1 widget with type "TextField": [
  TextField(controller:
    BusyMarkSourceController#a2b69(TextEditingValue(text: ┤- first
      leftright
    ├, selection: TextSelection.collapsed(offset: 20, affinity: TextAffinity.downstream, isDirectional: false), composing: TextRange(start: -1, end: -1)))
  , focusNode: FocusNode#f146d, undoController: UndoHistoryController#1d616(UndoHistoryValue(canUndo: false, canRedo: false)), decoration: InputDecoration(contentPadding: EdgeInsets(12.0, 16.0, 16.0, 16.0), isCollapsed: true, fillColor: Color(alpha: 0.0000, red: 0.0000, green: 0.0000, blue: 0.0000, colorSpace: ColorSpace.sRGB), focusColor: Color(alpha: 0.0000, red: 0.0000, green: 0.0000, blue: 0.0000, colorSpace: ColorSpace.sRGB), hoverColor: Color(alpha: 0.0000, red: 0.0000, green: 0.0000, blue: 0.0000, colorSpace: ColorSpace.sRGB), focusedBorder: _NoInputBorder(), enabledBorder: _NoInputBorder(), border: _NoInputBorder()), keyboardType: TextInputType(name: TextInputType.multiline, signed: null, decimal: null), style: TextStyle(inherit: true, family: Ubuntu Mono, familyFallback: [Noto Sans Arabic, Noto Sans Mono, DejaVu Sans Mono, DejaVu Sans], size: 14.0, height: 1.6x, leadingDistribution: even), autocorrect: false, smartDashesType: disabled, smartQuotesType: disabled, enableSuggestions: false, maxLines: null, expands: true, textAlignVertical: TextAlignVertical(y: -1.0), textDirection: ltr, cursorWidth: 1.4, cursorHeight: 18.8, cursorColor: Color(alpha: 0.8200, red: 0.9686, green: 0.9686, blue: 0.9686, colorSpace: ColorSpace.sRGB), scrollController: ScrollController#4f818(one client, offset 0.0), dependencies: [DefaultSelectionStyle, InheritedCupertinoTheme, MediaQuery, UnmanagedRestorationScope, _InheritedTheme, _LocalizationsScope-[GlobalKey#40596]], state: _TextFieldState#03d21),
]" derived an Offset (Offset(425.5, 300.0)) that would not hit test on the specified widget.
Maybe the widget is actually off-screen, or another widget is obscuring it, or the widget cannot receive pointer events.
The finder corresponds to this RenderBox: RenderMouseRegion#827c3
The hit test result at that offset is: HitTestResult(RenderMouseRegion#be33c@Offset(425.5, 300.0), RenderSemanticsAnnotations#7f2bd@Offset(425.5, 300.0), RenderPointerListener#10db6@Offset(425.5, 300.0), RenderSemanticsGestureHandler#ad10c@Offset(425.5, 300.0), RenderExcludeSemantics#fa731@Offset(425.5, 300.0), RenderBlockSemantics#dbebf@Offset(425.5, 300.0), RenderIgnorePointer#ac782@Offset(425.5, 300.0), RenderSemanticsAnnotations#59026@Offset(425.5, 300.0), _RenderTheater#a9403@Offset(425.5, 300.0), RenderAbsorbPointer#fefb6@Offset(425.5, 300.0), RenderPointerListener#8d82b@Offset(425.5, 300.0), RenderSemanticsAnnotations#31e65@Offset(425.5, 300.0), RenderCustomPaint#05b09@Offset(425.5, 300.0), RenderSemanticsAnnotations#8e6ca@Offset(425.5, 300.0), RenderSemanticsAnnotations#6c8ff@Offset(425.5, 300.0), RenderSemanticsAnnotations#9da0b@Offset(425.5, 300.0), RenderTapRegionSurface#61864@Offset(425.5, 300.0), RenderSemanticsAnnotations#4c5df@Offset(425.5, 300.0), RenderSemanticsAnnotations#56379@Offset(425.5, 300.0), HitTestEntry<HitTestTarget>#91f5a(_ReusableRenderView#15fff), HitTestEntry<HitTestTarget>#db978(<AutomatedTestWidgetsFlutterBinding>))
#0      WidgetController._getElementPoint (package:flutter_test/src/controller.dart:2165:25)
#1      WidgetController.getCenter (package:flutter_test/src/controller.dart:1947:12)
#2      WidgetController.tap (package:flutter_test/src/controller.dart:1080:7)
#3      _pumpClipboardSourceEditor (file:///home/albert/busystack/busymark/test/src/source_editor_widget_test.dart:9400:16)
<asynchronous suspension>
#4      main.<anonymous closure> (file:///home/albert/busystack/busymark/test/src/source_editor_widget_test.dart:7849:28)
<asynchronous suspension>
#5      testWidgets.<anonymous closure>.<anonymous closure> (package:flutter_test/src/widget_tester.dart:192:15)
<asynchronous suspension>
#6      TestWidgetsFlutterBinding._runTestBody (package:flutter_test/src/binding.dart:1953:5)
<asynchronous suspension>
#7      StackZoneSpecification._registerCallback.<anonymous closure> (package:stack_trace/src/stack_zone_specification.dart:114:42)
<asynchronous suspension>
To silence this warning, pass "warnIfMissed: false" to "tap()".
To make this warning fatal, set WidgetController.hitTestWarningShouldBeFatal to true.


Warning: A call to tap() with finder "Found 1 widget with type "TextField": [
  TextField(controller:
    BusyMarkSourceController#a2b69(TextEditingValue(text: ┤- first

      leftright
    ├, selection: TextSelection.collapsed(offset: 21, affinity: TextAffinity.downstream, isDirectional: false), composing: TextRange(start: -1, end: -1)))
  , focusNode: FocusNode#f146d, undoController: UndoHistoryController#1d616(UndoHistoryValue(canUndo: false, canRedo: false)), decoration: InputDecoration(contentPadding: EdgeInsets(12.0, 16.0, 16.0, 16.0), isCollapsed: true, fillColor: Color(alpha: 0.0000, red: 0.0000, green: 0.0000, blue: 0.0000, colorSpace: ColorSpace.sRGB), focusColor: Color(alpha: 0.0000, red: 0.0000, green: 0.0000, blue: 0.0000, colorSpace: ColorSpace.sRGB), hoverColor: Color(alpha: 0.0000, red: 0.0000, green: 0.0000, blue: 0.0000, colorSpace: ColorSpace.sRGB), focusedBorder: _NoInputBorder(), enabledBorder: _NoInputBorder(), border: _NoInputBorder()), keyboardType: TextInputType(name: TextInputType.multiline, signed: null, decimal: null), style: TextStyle(inherit: true, family: Ubuntu Mono, familyFallback: [Noto Sans Arabic, Noto Sans Mono, DejaVu Sans Mono, DejaVu Sans], size: 14.0, height: 1.6x, leadingDistribution: even), autocorrect: false, smartDashesType: disabled, smartQuotesType: disabled, enableSuggestions: false, maxLines: null, expands: true, textAlignVertical: TextAlignVertical(y: -1.0), textDirection: ltr, cursorWidth: 1.4, cursorHeight: 18.8, cursorColor: Color(alpha: 0.8200, red: 0.9686, green: 0.9686, blue: 0.9686, colorSpace: ColorSpace.sRGB), scrollController: ScrollController#4f818(one client, offset 0.0), dependencies: [DefaultSelectionStyle, InheritedCupertinoTheme, MediaQuery, UnmanagedRestorationScope, _InheritedTheme, _LocalizationsScope-[GlobalKey#40596]], state: _TextFieldState#03d21),
]" derived an Offset (Offset(425.5, 300.0)) that would not hit test on the specified widget.
Maybe the widget is actually off-screen, or another widget is obscuring it, or the widget cannot receive pointer events.
The finder corresponds to this RenderBox: RenderMouseRegion#827c3
The hit test result at that offset is: HitTestResult(RenderMouseRegion#6bbdf@Offset(425.5, 300.0), RenderSemanticsAnnotations#e1211@Offset(425.5, 300.0), RenderPointerListener#07f2c@Offset(425.5, 300.0), RenderSemanticsGestureHandler#e70bb@Offset(425.5, 300.0), RenderExcludeSemantics#3a6d8@Offset(425.5, 300.0), RenderBlockSemantics#06abe@Offset(425.5, 300.0), RenderIgnorePointer#3862a@Offset(425.5, 300.0), RenderSemanticsAnnotations#4e2b0@Offset(425.5, 300.0), _RenderTheater#a9403@Offset(425.5, 300.0), RenderAbsorbPointer#fefb6@Offset(425.5, 300.0), RenderPointerListener#8d82b@Offset(425.5, 300.0), RenderSemanticsAnnotations#31e65@Offset(425.5, 300.0), RenderCustomPaint#05b09@Offset(425.5, 300.0), RenderSemanticsAnnotations#8e6ca@Offset(425.5, 300.0), RenderSemanticsAnnotations#6c8ff@Offset(425.5, 300.0), RenderSemanticsAnnotations#9da0b@Offset(425.5, 300.0), RenderTapRegionSurface#61864@Offset(425.5, 300.0), RenderSemanticsAnnotations#4c5df@Offset(425.5, 300.0), RenderSemanticsAnnotations#56379@Offset(425.5, 300.0), HitTestEntry<HitTestTarget>#db1dc(_ReusableRenderView#15fff), HitTestEntry<HitTestTarget>#f3a43(<AutomatedTestWidgetsFlutterBinding>))
#0      WidgetController._getElementPoint (package:flutter_test/src/controller.dart:2165:25)
#1      WidgetController.getCenter (package:flutter_test/src/controller.dart:1947:12)
#2      WidgetController.tap (package:flutter_test/src/controller.dart:1080:7)
#3      _pumpClipboardSourceEditor (file:///home/albert/busystack/busymark/test/src/source_editor_widget_test.dart:9400:16)
<asynchronous suspension>
#4      main.<anonymous closure> (file:///home/albert/busystack/busymark/test/src/source_editor_widget_test.dart:7849:28)
<asynchronous suspension>
#5      testWidgets.<anonymous closure>.<anonymous closure> (package:flutter_test/src/widget_tester.dart:192:15)
<asynchronous suspension>
#6      TestWidgetsFlutterBinding._runTestBody (package:flutter_test/src/binding.dart:1953:5)
<asynchronous suspension>
#7      StackZoneSpecification._registerCallback.<anonymous closure> (package:stack_trace/src/stack_zone_specification.dart:114:42)
<asynchronous suspension>
To silence this warning, pass "warnIfMissed: false" to "tap()".
To make this warning fatal, set WidgetController.hitTestWarningShouldBeFatal to true.


Warning: A call to tap() with finder "Found 1 widget with type "TextField": [
  TextField(controller:
    BusyMarkSourceController#a2b69(TextEditingValue(text: ┤> first
    leftright
    ├, selection: TextSelection.collapsed(offset: 18, affinity: TextAffinity.downstream, isDirectional: false), composing: TextRange(start: -1, end: -1)))
  , focusNode: FocusNode#f146d, undoController: UndoHistoryController#1d616(UndoHistoryValue(canUndo: false, canRedo: false)), decoration: InputDecoration(contentPadding: EdgeInsets(12.0, 16.0, 16.0, 16.0), isCollapsed: true, fillColor: Color(alpha: 0.0000, red: 0.0000, green: 0.0000, blue: 0.0000, colorSpace: ColorSpace.sRGB), focusColor: Color(alpha: 0.0000, red: 0.0000, green: 0.0000, blue: 0.0000, colorSpace: ColorSpace.sRGB), hoverColor: Color(alpha: 0.0000, red: 0.0000, green: 0.0000, blue: 0.0000, colorSpace: ColorSpace.sRGB), focusedBorder: _NoInputBorder(), enabledBorder: _NoInputBorder(), border: _NoInputBorder()), keyboardType: TextInputType(name: TextInputType.multiline, signed: null, decimal: null), style: TextStyle(inherit: true, family: Ubuntu Mono, familyFallback: [Noto Sans Arabic, Noto Sans Mono, DejaVu Sans Mono, DejaVu Sans], size: 14.0, height: 1.6x, leadingDistribution: even), autocorrect: false, smartDashesType: disabled, smartQuotesType: disabled, enableSuggestions: false, maxLines: null, expands: true, textAlignVertical: TextAlignVertical(y: -1.0), textDirection: ltr, cursorWidth: 1.4, cursorHeight: 18.8, cursorColor: Color(alpha: 0.8200, red: 0.9686, green: 0.9686, blue: 0.9686, colorSpace: ColorSpace.sRGB), scrollController: ScrollController#4f818(one client, offset 0.0), dependencies: [DefaultSelectionStyle, InheritedCupertinoTheme, MediaQuery, UnmanagedRestorationScope, _InheritedTheme, _LocalizationsScope-[GlobalKey#40596]], state: _TextFieldState#03d21),
]" derived an Offset (Offset(425.5, 300.0)) that would not hit test on the specified widget.
Maybe the widget is actually off-screen, or another widget is obscuring it, or the widget cannot receive pointer events.
The finder corresponds to this RenderBox: RenderMouseRegion#827c3
The hit test result at that offset is: HitTestResult(RenderMouseRegion#48065@Offset(425.5, 300.0), RenderSemanticsAnnotations#0fe42@Offset(425.5, 300.0), RenderPointerListener#209c1@Offset(425.5, 300.0), RenderSemanticsGestureHandler#df265@Offset(425.5, 300.0), RenderExcludeSemantics#43f94@Offset(425.5, 300.0), RenderBlockSemantics#1d8a0@Offset(425.5, 300.0), RenderIgnorePointer#90796@Offset(425.5, 300.0), RenderSemanticsAnnotations#650a2@Offset(425.5, 300.0), _RenderTheater#a9403@Offset(425.5, 300.0), RenderAbsorbPointer#fefb6@Offset(425.5, 300.0), RenderPointerListener#8d82b@Offset(425.5, 300.0), RenderSemanticsAnnotations#31e65@Offset(425.5, 300.0), RenderCustomPaint#05b09@Offset(425.5, 300.0), RenderSemanticsAnnotations#8e6ca@Offset(425.5, 300.0), RenderSemanticsAnnotations#6c8ff@Offset(425.5, 300.0), RenderSemanticsAnnotations#9da0b@Offset(425.5, 300.0), RenderTapRegionSurface#61864@Offset(425.5, 300.0), RenderSemanticsAnnotations#4c5df@Offset(425.5, 300.0), RenderSemanticsAnnotations#56379@Offset(425.5, 300.0), HitTestEntry<HitTestTarget>#82052(_ReusableRenderView#15fff), HitTestEntry<HitTestTarget>#ae6e3(<AutomatedTestWidgetsFlutterBinding>))
#0      WidgetController._getElementPoint (package:flutter_test/src/controller.dart:2165:25)
#1      WidgetController.getCenter (package:flutter_test/src/controller.dart:1947:12)
#2      WidgetController.tap (package:flutter_test/src/controller.dart:1080:7)
#3      _pumpClipboardSourceEditor (file:///home/albert/busystack/busymark/test/src/source_editor_widget_test.dart:9400:16)
<asynchronous suspension>
#4      main.<anonymous closure> (file:///home/albert/busystack/busymark/test/src/source_editor_widget_test.dart:7849:28)
<asynchronous suspension>
#5      testWidgets.<anonymous closure>.<anonymous closure> (package:flutter_test/src/widget_tester.dart:192:15)
<asynchronous suspension>
#6      TestWidgetsFlutterBinding._runTestBody (package:flutter_test/src/binding.dart:1953:5)
<asynchronous suspension>
#7      StackZoneSpecification._registerCallback.<anonymous closure> (package:stack_trace/src/stack_zone_specification.dart:114:42)
<asynchronous suspension>
To silence this warning, pass "warnIfMissed: false" to "tap()".
To make this warning fatal, set WidgetController.hitTestWarningShouldBeFatal to true.

06:38 +1058: /home/albert/busystack/busymark/test/src/source_editor_widget_test.dart: Source container recovery is bound to the actual nested ancestors
06:38 +1059: /home/albert/busystack/busymark/test/src/source_editor_widget_test.dart: Source complete blocks use list markers rather than task prefixes
06:39 +1060: /home/albert/busystack/busymark/test/src/source_editor_widget_test.dart: Source task items keep block kinds at every content position
06:39 +1061: /home/albert/busystack/busymark/test/src/source_editor_widget_test.dart: Source checked ordered nested and zero lists retain inserted block kinds
06:39 +1062: /home/albert/busystack/busymark/test/src/source_editor_widget_test.dart: Source composes mixed and continuation container ancestors
06:39 +1063: /home/albert/busystack/busymark/test/src/source_editor_widget_test.dart: Source protected contexts use the safe source fallback
06:39 +1064: /home/albert/busystack/busymark/test/src/source_editor_widget_test.dart: Writerside Source preserves a structured procedure block
06:39 +1065: /home/albert/busystack/busymark/test/src/source_editor_widget_test.dart: Source delayed paste rejects a changed selection
06:39 +1066: /home/albert/busystack/busymark/test/src/source_editor_widget_test.dart: Source paste preserves composition before and during a read
06:39 +1067: /home/albert/busystack/busymark/test/src/source_editor_widget_test.dart: source failed cut keeps text and does not record history
06:39 +1068: /home/albert/busystack/busymark/test/src/source_editor_widget_test.dart: source delayed cut revalidates selection before deletion
06:39 +1069: /home/albert/busystack/busymark/test/src/source_editor_widget_test.dart: history insertion follows the latest Source selection
06:40 +1070: /home/albert/busystack/busymark/test/src/source_editor_widget_test.dart: structured history rebases retained media into Source
06:41 +1071: /home/albert/busystack/busymark/test/src/source_editor_widget_test.dart: structured history restores a local video into Source
06:41 +1072: /home/albert/busystack/busymark/test/src/source_editor_widget_test.dart: standalone image history ingests and inserts one undoable Source edit
06:41 +1073: /home/albert/busystack/busymark/test/src/source_editor_widget_test.dart: Source local image path retains imported bytes once

Warning: A call to tap() with finder "Found 1 widget with type "TextField": [
  TextField(controller: BusyMarkSourceController#d2cf8(TextEditingValue(text: ┤Target├, selection: TextSelection.collapsed(offset: 6, affinity: TextAffinity.downstream, isDirectional: false), composing: TextRange(start: -1, end: -1))), focusNode: FocusNode#321c7, undoController: UndoHistoryController#e323b(UndoHistoryValue(canUndo: false, canRedo: false)), decoration: InputDecoration(contentPadding: EdgeInsets(12.0, 16.0, 16.0, 16.0), isCollapsed: true, fillColor: Color(alpha: 0.0000, red: 0.0000, green: 0.0000, blue: 0.0000, colorSpace: ColorSpace.sRGB), focusColor: Color(alpha: 0.0000, red: 0.0000, green: 0.0000, blue: 0.0000, colorSpace: ColorSpace.sRGB), hoverColor: Color(alpha: 0.0000, red: 0.0000, green: 0.0000, blue: 0.0000, colorSpace: ColorSpace.sRGB), focusedBorder: _NoInputBorder(), enabledBorder: _NoInputBorder(), border: _NoInputBorder()), keyboardType: TextInputType(name: TextInputType.multiline, signed: null, decimal: null), style: TextStyle(inherit: true, family: Ubuntu Mono, familyFallback: [Noto Sans Arabic, Noto Sans Mono, DejaVu Sans Mono, DejaVu Sans], size: 14.0, height: 1.6x, leadingDistribution: even), autocorrect: false, smartDashesType: disabled, smartQuotesType: disabled, enableSuggestions: false, maxLines: null, expands: true, textAlignVertical: TextAlignVertical(y: -1.0), textDirection: ltr, cursorWidth: 1.4, cursorHeight: 18.8, cursorColor: Color(alpha: 0.8200, red: 0.9686, green: 0.9686, blue: 0.9686, colorSpace: ColorSpace.sRGB), scrollController: ScrollController#972cd(one client, offset 0.0), dirty, dependencies: [DefaultSelectionStyle, InheritedCupertinoTheme, MediaQuery, UnmanagedRestorationScope, _InheritedTheme, _LocalizationsScope-[GlobalKey#807b4]], state: _TextFieldState#83335),
]" derived an Offset (Offset(425.5, 300.0)) that would not hit test on the specified widget.
Maybe the widget is actually off-screen, or another widget is obscuring it, or the widget cannot receive pointer events.
The finder corresponds to this RenderBox: RenderMouseRegion#0a4a2
The hit test result at that offset is: HitTestResult(RenderMouseRegion#959d3@Offset(425.5, 300.0), RenderSemanticsAnnotations#d405c@Offset(425.5, 300.0), RenderPointerListener#1bbf6@Offset(425.5, 300.0), RenderSemanticsGestureHandler#bb131@Offset(425.5, 300.0), RenderExcludeSemantics#0de92@Offset(425.5, 300.0), RenderBlockSemantics#1257e@Offset(425.5, 300.0), RenderIgnorePointer#26468@Offset(425.5, 300.0), RenderSemanticsAnnotations#0a3c6@Offset(425.5, 300.0), _RenderTheater#618e6@Offset(425.5, 300.0), RenderAbsorbPointer#380a9@Offset(425.5, 300.0), RenderPointerListener#bee42@Offset(425.5, 300.0), RenderSemanticsAnnotations#2f809@Offset(425.5, 300.0), RenderCustomPaint#f5590@Offset(425.5, 300.0), RenderSemanticsAnnotations#7023c@Offset(425.5, 300.0), RenderSemanticsAnnotations#ec27f@Offset(425.5, 300.0), RenderSemanticsAnnotations#e2499@Offset(425.5, 300.0), RenderTapRegionSurface#af848@Offset(425.5, 300.0), RenderSemanticsAnnotations#67da2@Offset(425.5, 300.0), RenderSemanticsAnnotations#0d080@Offset(425.5, 300.0), HitTestEntry<HitTestTarget>#ae5fb(_ReusableRenderView#15fff), HitTestEntry<HitTestTarget>#6020a(<AutomatedTestWidgetsFlutterBinding>))
#0      WidgetController._getElementPoint (package:flutter_test/src/controller.dart:2165:25)
#1      WidgetController.getCenter (package:flutter_test/src/controller.dart:1947:12)
#2      WidgetController.tap (package:flutter_test/src/controller.dart:1080:7)
#3      _pumpClipboardSourceEditor (file:///home/albert/busystack/busymark/test/src/source_editor_widget_test.dart:9400:16)
<asynchronous suspension>
#4      main.<anonymous closure>.expectNormalReplay (file:///home/albert/busystack/busymark/test/src/source_editor_widget_test.dart:8934:7)
<asynchronous suspension>
#5      main.<anonymous closure> (file:///home/albert/busystack/busymark/test/src/source_editor_widget_test.dart:8956:5)
<asynchronous suspension>
#6      testWidgets.<anonymous closure>.<anonymous closure> (package:flutter_test/src/widget_tester.dart:192:15)
<asynchronous suspension>
#7      TestWidgetsFlutterBinding._runTestBody (package:flutter_test/src/binding.dart:1953:5)
<asynchronous suspension>
#8      StackZoneSpecification._registerCallback.<anonymous closure> (package:stack_trace/src/stack_zone_specification.dart:114:42)
<asynchronous suspension>
To silence this warning, pass "warnIfMissed: false" to "tap()".
To make this warning fatal, set WidgetController.hitTestWarningShouldBeFatal to true.

06:43 +1074: /home/albert/busystack/busymark/test/src/source_editor_widget_test.dart: unsafe local image candidates paste their original text

Warning: A call to tap() with finder "Found 1 widget with type "TextField": [
  TextField(controller: BusyMarkSourceController#8f3ef(TextEditingValue(text: ┤Target├, selection: TextSelection.collapsed(offset: 6, affinity: TextAffinity.downstream, isDirectional: false), composing: TextRange(start: -1, end: -1))), focusNode: FocusNode#e8f78, undoController: UndoHistoryController#b7b5e(UndoHistoryValue(canUndo: false, canRedo: false)), decoration: InputDecoration(contentPadding: EdgeInsets(12.0, 16.0, 16.0, 16.0), isCollapsed: true, fillColor: Color(alpha: 0.0000, red: 0.0000, green: 0.0000, blue: 0.0000, colorSpace: ColorSpace.sRGB), focusColor: Color(alpha: 0.0000, red: 0.0000, green: 0.0000, blue: 0.0000, colorSpace: ColorSpace.sRGB), hoverColor: Color(alpha: 0.0000, red: 0.0000, green: 0.0000, blue: 0.0000, colorSpace: ColorSpace.sRGB), focusedBorder: _NoInputBorder(), enabledBorder: _NoInputBorder(), border: _NoInputBorder()), keyboardType: TextInputType(name: TextInputType.multiline, signed: null, decimal: null), style: TextStyle(inherit: true, family: Ubuntu Mono, familyFallback: [Noto Sans Arabic, Noto Sans Mono, DejaVu Sans Mono, DejaVu Sans], size: 14.0, height: 1.6x, leadingDistribution: even), autocorrect: false, smartDashesType: disabled, smartQuotesType: disabled, enableSuggestions: false, maxLines: null, expands: true, textAlignVertical: TextAlignVertical(y: -1.0), textDirection: ltr, cursorWidth: 1.4, cursorHeight: 18.8, cursorColor: Color(alpha: 0.8200, red: 0.9686, green: 0.9686, blue: 0.9686, colorSpace: ColorSpace.sRGB), scrollController: ScrollController#2bbca(one client, offset 0.0), dirty, dependencies: [DefaultSelectionStyle, InheritedCupertinoTheme, MediaQuery, UnmanagedRestorationScope, _InheritedTheme, _LocalizationsScope-[GlobalKey#e5dc0]], state: _TextFieldState#49c06),
]" derived an Offset (Offset(425.5, 300.0)) that would not hit test on the specified widget.
Maybe the widget is actually off-screen, or another widget is obscuring it, or the widget cannot receive pointer events.
The finder corresponds to this RenderBox: RenderMouseRegion#9d620
The hit test result at that offset is: HitTestResult(RenderMouseRegion#236c5@Offset(425.5, 300.0), RenderSemanticsAnnotations#bce09@Offset(425.5, 300.0), RenderPointerListener#e97b6@Offset(425.5, 300.0), RenderSemanticsGestureHandler#97713@Offset(425.5, 300.0), RenderExcludeSemantics#54e87@Offset(425.5, 300.0), RenderBlockSemantics#ee161@Offset(425.5, 300.0), RenderIgnorePointer#66baf@Offset(425.5, 300.0), RenderSemanticsAnnotations#c1e51@Offset(425.5, 300.0), _RenderTheater#6d42a@Offset(425.5, 300.0), RenderAbsorbPointer#8f319@Offset(425.5, 300.0), RenderPointerListener#9eee1@Offset(425.5, 300.0), RenderSemanticsAnnotations#b6ccb@Offset(425.5, 300.0), RenderCustomPaint#d0d5c@Offset(425.5, 300.0), RenderSemanticsAnnotations#922f2@Offset(425.5, 300.0), RenderSemanticsAnnotations#4fb3e@Offset(425.5, 300.0), RenderSemanticsAnnotations#9a515@Offset(425.5, 300.0), RenderTapRegionSurface#7f33c@Offset(425.5, 300.0), RenderSemanticsAnnotations#3bef8@Offset(425.5, 300.0), RenderSemanticsAnnotations#c256a@Offset(425.5, 300.0), HitTestEntry<HitTestTarget>#8e612(_ReusableRenderView#15fff), HitTestEntry<HitTestTarget>#d13bb(<AutomatedTestWidgetsFlutterBinding>))
#0      WidgetController._getElementPoint (package:flutter_test/src/controller.dart:2165:25)
#1      WidgetController.getCenter (package:flutter_test/src/controller.dart:1947:12)
#2      WidgetController.tap (package:flutter_test/src/controller.dart:1080:7)
#3      _pumpClipboardSourceEditor (file:///home/albert/busystack/busymark/test/src/source_editor_widget_test.dart:9400:16)
<asynchronous suspension>
#4      main.<anonymous closure> (file:///home/albert/busystack/busymark/test/src/source_editor_widget_test.dart:9010:26)
<asynchronous suspension>
#5      testWidgets.<anonymous closure>.<anonymous closure> (package:flutter_test/src/widget_tester.dart:192:15)
<asynchronous suspension>
#6      TestWidgetsFlutterBinding._runTestBody (package:flutter_test/src/binding.dart:1953:5)
<asynchronous suspension>
#7      StackZoneSpecification._registerCallback.<anonymous closure> (package:stack_trace/src/stack_zone_specification.dart:114:42)
<asynchronous suspension>
To silence this warning, pass "warnIfMissed: false" to "tap()".
To make this warning fatal, set WidgetController.hitTestWarningShouldBeFatal to true.

06:44 +1075: /home/albert/busystack/busymark/test/src/source_editor_widget_test.dart: image history asks to save an untitled Source document
06:44 +1076: /home/albert/busystack/busymark/test/src/source_editor_widget_test.dart: generic XML does not invent Writerside image syntax
06:44 +1077: loading /home/albert/busystack/busymark/test/src/gtk_animation_settings_service_test.dart
06:45 +1077: /home/albert/busystack/busymark/test/src/gtk_animation_settings_service_test.dart: reads the initial GTK animation setting
06:45 +1078: /home/albert/busystack/busymark/test/src/gtk_animation_settings_service_test.dart: animation stream follows GTK setting changes
06:45 +1079: /home/albert/busystack/busymark/test/src/gtk_animation_settings_service_test.dart: provider exposes the preloaded value before native events
06:45 +1080: /home/albert/busystack/busymark/test/src/gtk_animation_settings_service_test.dart: missing GTK integration falls back without disabling motion
06:45 +1081: /home/albert/busystack/busymark/test/src/gtk_animation_settings_service_test.dart: native GTK bridge observes and tears down animation preference state
06:45 +1082: loading /home/albert/busystack/busymark/test/src/nextcloud_notes/notes_creation_policy_test.dart
06:49 +1082: /home/albert/busystack/busymark/test/src/nextcloud_notes/notes_creation_policy_test.dart: exact discovery across refresh reconnect and restart cannot bind or mutate draft
06:53 +1083: /home/albert/busystack/busymark/test/src/nextcloud_notes/notes_creation_policy_test.dart: sanitized discovery across refresh reconnect and restart cannot bind or mutate draft
06:55 +1084: /home/albert/busystack/busymark/test/src/nextcloud_notes/notes_creation_policy_test.dart: multiple discovery across refresh reconnect and restart cannot bind or mutate draft
06:56 +1085: /home/albert/busystack/busymark/test/src/nextcloud_notes/notes_creation_policy_test.dart: none discovery across refresh reconnect and restart cannot bind or mutate draft
07:01 +1086: /home/albert/busystack/busymark/test/src/nextcloud_notes/notes_creation_policy_test.dart: empty discovery across refresh reconnect and restart cannot bind or mutate draft
07:04 +1087: /home/albert/busystack/busymark/test/src/nextcloud_notes/notes_creation_policy_test.dart: other actor discovery across refresh reconnect and restart cannot bind or mutate draft
07:05 +1088: /home/albert/busystack/busymark/test/src/nextcloud_notes/notes_creation_policy_test.dart: confirmation rejects content candidate and retains unresolved work
07:06 +1089: /home/albert/busystack/busymark/test/src/nextcloud_notes/notes_creation_policy_test.dart: confirmation rejects readonly candidate and retains unresolved work
07:06 +1090: /home/albert/busystack/busymark/test/src/nextcloud_notes/notes_creation_policy_test.dart: confirmation rejects error candidate and retains unresolved work
07:09 +1091: /home/albert/busystack/busymark/test/src/nextcloud_notes/notes_creation_policy_test.dart: confirmation rejects deleted candidate and retains unresolved work
07:10 +1092: /home/albert/busystack/busymark/test/src/nextcloud_notes/notes_creation_policy_test.dart: confirmation rejects unavailable candidate and retains unresolved work
07:10 +1093: /home/albert/busystack/busymark/test/src/nextcloud_notes/notes_creation_policy_test.dart: confirmation revalidates local edit during authenticated GET
07:10 +1094: /home/albert/busystack/busymark/test/src/nextcloud_notes/notes_creation_policy_test.dart: confirmation revalidates account removal during authenticated GET
07:10 +1095: /home/albert/busystack/busymark/test/src/nextcloud_notes/notes_creation_policy_test.dart: confirmation revalidates repeat confirmation during authenticated GET
07:11 +1096: /home/albert/busystack/busymark/test/src/nextcloud_notes/notes_creation_policy_test.dart: binding protects downloaded candidate with durable edit
07:11 +1097: /home/albert/busystack/busymark/test/src/nextcloud_notes/notes_creation_policy_test.dart: binding protects downloaded candidate with pending attachment
07:11 +1098: /home/albert/busystack/busymark/test/src/nextcloud_notes/notes_creation_policy_test.dart: binding protects downloaded candidate with open editor
07:12 +1099: /home/albert/busystack/busymark/test/src/nextcloud_notes/notes_creation_policy_test.dart: failed adoption transaction rolls back binding and downloaded identity
07:12 +1100: /home/albert/busystack/busymark/test/src/nextcloud_notes/notes_creation_policy_test.dart: separate-note decision is durable and repeated confirmation makes one replacement
07:12 +1101: loading /home/albert/busystack/busymark/test/src/nextcloud_notes/notes_repository_test.dart
07:13 +1101: /home/albert/busystack/busymark/test/src/nextcloud_notes/notes_repository_test.dart: v1 data migrates without losing pending content or inventing an attempt
07:17 +1102: /home/albert/busystack/busymark/test/src/nextcloud_notes/notes_repository_test.dart: uncertain creation discovery preserves later edits until deliberate adoption
07:18 +1103: /home/albert/busystack/busymark/test/src/nextcloud_notes/notes_repository_test.dart: unsupported attachment cleanup queues nothing and core updates still sync
07:18 +1104: /home/albert/busystack/busymark/test/src/nextcloud_notes/notes_repository_test.dart: lost create response requires deliberate adoption for ordinary
07:18 +1105: /home/albert/busystack/busymark/test/src/nextcloud_notes/notes_repository_test.dart: lost create response requires deliberate adoption for attachment
07:19 +1106: /home/albert/busystack/busymark/test/src/nextcloud_notes/notes_repository_test.dart: lost create response requires deliberate adoption for sanitized title
07:19 +1107: /home/albert/busystack/busymark/test/src/nextcloud_notes/notes_repository_test.dart: lost create response requires deliberate adoption for sanitized category
07:19 +1108: /home/albert/busystack/busymark/test/src/nextcloud_notes/notes_repository_test.dart: lost create response requires deliberate adoption for sanitized attachment
07:19 +1109: /home/albert/busystack/busymark/test/src/nextcloud_notes/notes_repository_test.dart: lost create response requires deliberate adoption for restart
07:20 +1110: /home/albert/busystack/busymark/test/src/nextcloud_notes/notes_repository_test.dart: lost create response requires deliberate adoption for restart attachment
07:20 +1111: /home/albert/busystack/busymark/test/src/nextcloud_notes/notes_repository_test.dart: lost create response requires deliberate adoption for restart sanitized attachment
07:21 +1112: /home/albert/busystack/busymark/test/src/nextcloud_notes/notes_repository_test.dart: lost create response requires deliberate adoption for ambiguous
07:21 +1113: /home/albert/busystack/busymark/test/src/nextcloud_notes/notes_repository_test.dart: uncertain creation excludes preexisting IDs and empty weak matches
07:21 +1114: /home/albert/busystack/busymark/test/src/nextcloud_notes/notes_repository_test.dart: an exact candidate is not auto-adopted by one of two plausible attempts
07:21 +1115: /home/albert/busystack/busymark/test/src/nextcloud_notes/notes_repository_test.dart: three-way merge preserves remote favorite and independent local edit
07:22 +1116: /home/albert/busystack/busymark/test/src/nextcloud_notes/notes_repository_test.dart: three-way merge preserves remote title and independent local edit
07:22 +1117: /home/albert/busystack/busymark/test/src/nextcloud_notes/notes_repository_test.dart: three-way merge preserves remote content and independent local edit
07:22 +1118: /home/albert/busystack/busymark/test/src/nextcloud_notes/notes_repository_test.dart: divergent NotesMergeAttribute.title requires explicit choice
07:22 +1119: /home/albert/busystack/busymark/test/src/nextcloud_notes/notes_repository_test.dart: divergent NotesMergeAttribute.category requires explicit choice
07:22 +1120: /home/albert/busystack/busymark/test/src/nextcloud_notes/notes_repository_test.dart: 412 merge keeps remote protected fields and local favorite on readonly note
07:22 +1121: /home/albert/busystack/busymark/test/src/nextcloud_notes/notes_repository_test.dart: readonly conflict accepts an explicit favorite choice when base is absent
07:23 +1122: /home/albert/busystack/busymark/test/src/nextcloud_notes/notes_repository_test.dart: schema migration, foreign-key transaction rollback and Linux permissions
07:23 +1123: /home/albert/busystack/busymark/test/src/nextcloud_notes/notes_repository_test.dart: durable new note survives restart before any HTTP request
07:23 +1124: /home/albert/busystack/busymark/test/src/nextcloud_notes/notes_repository_test.dart: older capture cannot overwrite a newer durable editor revision
07:23 +1125: /home/albert/busystack/busymark/test/src/nextcloud_notes/notes_repository_test.dart: metadata revision does not invalidate a new editor capture
07:23 +1126: /home/albert/busystack/busymark/test/src/nextcloud_notes/notes_repository_test.dart: account failure is visible even with only synchronized cached notes
07:23 +1127: /home/albert/busystack/busymark/test/src/nextcloud_notes/notes_repository_test.dart: attachment delete operation survives offline restart and retains history bytes
07:24 +1128: /home/albert/busystack/busymark/test/src/nextcloud_notes/notes_repository_test.dart: taking remote cannot discard a local edit made while fresh GET is pending
07:24 +1129: /home/albert/busystack/busymark/test/src/nextcloud_notes/notes_repository_test.dart: revision 10 acknowledgment leaves edit 11 pending during flight
07:24 +1130: /home/albert/busystack/busymark/test/src/nextcloud_notes/notes_repository_test.dart: 412 preserves base/local/current remote without overwrite
07:24 +1131: /home/albert/busystack/busymark/test/src/nextcloud_notes/notes_repository_test.dart: locked note does not block unrelated synchronization
07:25 +1132: /home/albert/busystack/busymark/test/src/nextcloud_notes/notes_repository_test.dart: interrupted chunks preserve notes and previous checkpoint atomically
07:25 +1133: /home/albert/busystack/busymark/test/src/nextcloud_notes/notes_repository_test.dart: complete remote disappearance retains dirty content for recovery
07:25 +1134: /home/albert/busystack/busymark/test/src/nextcloud_notes/notes_repository_test.dart: server error-state content never replaces known good cached content
07:25 +1135: /home/albert/busystack/busymark/test/src/nextcloud_notes/notes_repository_test.dart: pretransition editor capture remains durable when server becomes readonly
07:25 +1136: /home/albert/busystack/busymark/test/src/nextcloud_notes/notes_repository_test.dart: uncertain creation never blindly repeats POST after restart
07:25 +1137: /home/albert/busystack/busymark/test/src/nextcloud_notes/notes_repository_test.dart: crash-marked create is recovered as uncertain without POST
07:26 +1138: /home/albert/busystack/busymark/test/src/nextcloud_notes/notes_repository_test.dart: delete checks fresh state; failed DELETE retains durable content
07:26 +1139: /home/albert/busystack/busymark/test/src/nextcloud_notes/notes_repository_test.dart: new offline attachment restart creates/uploads/publishes authoritative path
07:27 +1140: /home/albert/busystack/busymark/test/src/nextcloud_notes/notes_repository_test.dart: uploaded attachment stage survives restart and is not uploaded twice
07:27 +1141: /home/albert/busystack/busymark/test/src/nextcloud_notes/notes_repository_test.dart: concurrent contexts share one cache owner and deletion invalidates all media
07:28 +1142: /home/albert/busystack/busymark/test/src/nextcloud_notes/notes_repository_test.dart: a deliberate re-upload can reuse a deleted attachment filename
07:28 +1143: /home/albert/busystack/busymark/test/src/nextcloud_notes/notes_repository_test.dart: own upload acknowledgment does not stale a newer editor capture
07:28 +1144: /home/albert/busystack/busymark/test/src/nextcloud_notes/notes_repository_test.dart: media rejects invalid logical IDs and symbolic-link parent
07:28 +1145: /home/albert/busystack/busymark/test/src/nextcloud_notes/notes_repository_test.dart: recovery clones durable pending attachments without rewriting prose or code
07:29 +1146: /home/albert/busystack/busymark/test/src/nextcloud_notes/notes_repository_test.dart: recovery rewrites shared attachment definitions and refuses unavailable bytes atomically
07:29 +1147: /home/albert/busystack/busymark/test/src/nextcloud_notes/notes_repository_test.dart: discard after confirmed remote deletion retains tombstone content and cached bytes
07:29 +1148: /home/albert/busystack/busymark/test/src/nextcloud_notes/notes_repository_test.dart: history restoration restages deleted bytes before editing and survives restart
07:29 +1149: /home/albert/busystack/busymark/test/src/nextcloud_notes/notes_repository_test.dart: readonly attachment deletion preserves content and attachment bytes
07:29 +1150: /home/albert/busystack/busymark/test/src/nextcloud_notes/notes_repository_test.dart: ordinary Save atomically restages a deleted attachment restored by undo
07:29 +1151: /home/albert/busystack/busymark/test/src/nextcloud_notes/notes_repository_test.dart: unrelated edits preserve explicit attachment deletion; newly restored links restage
07:30 +1152: /home/albert/busystack/busymark/test/src/nextcloud_notes/notes_repository_test.dart: explicit unpublished deletion can retain recovery bytes without uploading
07:30 +1153: /home/albert/busystack/busymark/test/src/nextcloud_notes/notes_repository_test.dart: literal private namespace in a new note does not create pending publication
07:30 +1154: /home/albert/busystack/busymark/test/src/nextcloud_notes/notes_repository_test.dart: merge and keep-local reject a local edit made during fresh GET
07:30 +1155: /home/albert/busystack/busymark/test/src/nextcloud_notes/notes_repository_test.dart: conflict overwrite requires review again when remote changes after comparison
07:31 +1156: /home/albert/busystack/busymark/test/src/nextcloud_notes/notes_repository_test.dart: uncertain creation adoption preserves a durably edited downloaded twin
07:31 +1157: /home/albert/busystack/busymark/test/src/nextcloud_notes/notes_repository_test.dart: list checkpoint preserves account capabilities refreshed during HTTP
07:31 +1158: /home/albert/busystack/busymark/test/src/nextcloud_notes/notes_repository_test.dart: readonly acknowledgment exposes recovery for a newer in-flight local edit
07:31 +1159: /home/albert/busystack/busymark/test/src/nextcloud_notes/notes_repository_test.dart: same-ETag readonly transition preserves base/local and exposes recovery
07:31 +1160: /home/albert/busystack/busymark/test/src/nextcloud_notes/notes_repository_test.dart: readonly transition still synchronizes a favorite-only pending change
07:31 +1161: loading /home/albert/busystack/busymark/test/src/nextcloud_notes/notes_conflict_test.dart
07:32 +1161: /home/albert/busystack/busymark/test/src/nextcloud_notes/notes_conflict_test.dart: identical changes do not need a choice
07:32 +1162: /home/albert/busystack/busymark/test/src/nextcloud_notes/notes_conflict_test.dart: boolean three-way truth table preserves all independent changes
07:32 +1163: /home/albert/busystack/busymark/test/src/nextcloud_notes/notes_conflict_test.dart: favorite without a known base requires an explicit choice
07:32 +1164: loading /home/albert/busystack/busymark/test/src/nextcloud_notes/notes_attachment_stream_test.dart
07:35 +1164: /home/albert/busystack/busymark/test/src/nextcloud_notes/notes_attachment_stream_test.dart: streams attachment with content length null including empty
07:37 +1165: /home/albert/busystack/busymark/test/src/nextcloud_notes/notes_attachment_stream_test.dart: streams attachment with content length 3 including empty
07:38 +1166: /home/albert/busystack/busymark/test/src/nextcloud_notes/notes_attachment_stream_test.dart: streams attachment with content length 0 including empty
07:38 +1167: /home/albert/busystack/busymark/test/src/nextcloud_notes/notes_attachment_stream_test.dart: rejects oversized advertised length before consuming body
07:38 +1168: /home/albert/busystack/busymark/test/src/nextcloud_notes/notes_attachment_stream_test.dart: counts bytes beyond limit with absent/dishonest length null
07:38 +1169: /home/albert/busystack/busymark/test/src/nextcloud_notes/notes_attachment_stream_test.dart: counts bytes beyond limit with absent/dishonest length 1
07:38 +1170: /home/albert/busystack/busymark/test/src/nextcloud_notes/notes_attachment_stream_test.dart: network leaves neither valid attachment nor partial file
07:38 +1171: /home/albert/busystack/busymark/test/src/nextcloud_notes/notes_attachment_stream_test.dart: truncated leaves neither valid attachment nor partial file
07:38 +1172: /home/albert/busystack/busymark/test/src/nextcloud_notes/notes_attachment_stream_test.dart: dishonest leaves neither valid attachment nor partial file
07:38 +1173: /home/albert/busystack/busymark/test/src/nextcloud_notes/notes_attachment_stream_test.dart: cancel leaves neither valid attachment nor partial file
07:38 +1174: /home/albert/busystack/busymark/test/src/nextcloud_notes/notes_attachment_stream_test.dart: cancellation before request makes no HTTP call
07:38 +1175: /home/albert/busystack/busymark/test/src/nextcloud_notes/notes_attachment_stream_test.dart: authenticated attachment redirect never follows another origin
07:38 +1176: /home/albert/busystack/busymark/test/src/nextcloud_notes/notes_attachment_stream_test.dart: symlink destination remains untouched
07:38 +1177: loading /home/albert/busystack/busymark/test/src/nextcloud_notes/notes_attachment_references_test.dart
07:39 +1177: /home/albert/busystack/busymark/test/src/nextcloud_notes/notes_attachment_references_test.dart: attachment recovery finds positioned inline and reference destinations
07:39 +1178: /home/albert/busystack/busymark/test/src/nextcloud_notes/notes_attachment_references_test.dart: authored HTML attachments retain exact attribute positions
07:39 +1179: /home/albert/busystack/busymark/test/src/nextcloud_notes/notes_attachment_references_test.dart: literal code, comments and prose do not become attachment operations
07:39 +1180: loading /home/albert/busystack/busymark/test/src/nextcloud_notes/notes_api_test.dart
07:42 +1180: /home/albert/busystack/busymark/test/src/nextcloud_notes/notes_api_test.dart: API 1.4 uploads/downloads on 6.0.0; DELETE independently gated
07:43 +1181: /home/albert/busystack/busymark/test/src/nextcloud_notes/notes_api_test.dart: API 1.4 uploads/downloads on 6.0.1; DELETE independently gated
07:43 +1182: /home/albert/busystack/busymark/test/src/nextcloud_notes/notes_api_test.dart: API 1.4 uploads/downloads on 6.1.0; DELETE independently gated
07:43 +1183: /home/albert/busystack/busymark/test/src/nextcloud_notes/notes_api_test.dart: API 1.4 uploads/downloads on 6.1.4; DELETE independently gated
07:43 +1184: /home/albert/busystack/busymark/test/src/nextcloud_notes/notes_api_test.dart: API 1.4 uploads/downloads on ; DELETE independently gated
07:43 +1185: /home/albert/busystack/busymark/test/src/nextcloud_notes/notes_api_test.dart: API 1.4 uploads/downloads on unknown; DELETE independently gated
07:43 +1186: /home/albert/busystack/busymark/test/src/nextcloud_notes/notes_api_test.dart: API 1.4 uploads/downloads on 6.1.0-rc1; DELETE independently gated
07:43 +1187: /home/albert/busystack/busymark/test/src/nextcloud_notes/notes_api_test.dart: API 1.4 uploads/downloads on 999999999999999999999.0.0; DELETE independently gated
07:43 +1188: /home/albert/busystack/busymark/test/src/nextcloud_notes/notes_api_test.dart: persisted HTTP account cannot issue an authenticated request
07:43 +1189: /home/albert/busystack/busymark/test/src/nextcloud_notes/notes_api_test.dart: pruned IDs tolerate future fields and filename URI escaping is reversible
07:43 +1190: /home/albert/busystack/busymark/test/src/nextcloud_notes/notes_api_test.dart: decodes future fields/read-only/error without exception text as content
07:43 +1191: /home/albert/busystack/busymark/test/src/nextcloud_notes/notes_api_test.dart: CRUD preserves installation prefix and sends exactly quoted If-Match
07:43 +1192: /home/albert/busystack/busymark/test/src/nextcloud_notes/notes_api_test.dart: canonical title/category write response is adopted
07:43 +1193: /home/albert/busystack/busymark/test/src/nextcloud_notes/notes_api_test.dart: 412 carries complete fresh remote conflict state
07:43 +1194: /home/albert/busystack/busymark/test/src/nextcloud_notes/notes_api_test.dart: classifies HTTP 401 preserving future-code compatibility
07:43 +1195: /home/albert/busystack/busymark/test/src/nextcloud_notes/notes_api_test.dart: classifies HTTP 403 preserving future-code compatibility
07:43 +1196: /home/albert/busystack/busymark/test/src/nextcloud_notes/notes_api_test.dart: classifies HTTP 404 preserving future-code compatibility
07:43 +1197: /home/albert/busystack/busymark/test/src/nextcloud_notes/notes_api_test.dart: classifies HTTP 423 preserving future-code compatibility
07:43 +1198: /home/albert/busystack/busymark/test/src/nextcloud_notes/notes_api_test.dart: classifies HTTP 507 preserving future-code compatibility
07:43 +1199: /home/albert/busystack/busymark/test/src/nextcloud_notes/notes_api_test.dart: classifies HTTP 500 preserving future-code compatibility
07:43 +1200: /home/albert/busystack/busymark/test/src/nextcloud_notes/notes_api_test.dart: classifies HTTP 429 preserving future-code compatibility
07:43 +1201: /home/albert/busystack/busymark/test/src/nextcloud_notes/notes_api_test.dart: classifies HTTP 599 preserving future-code compatibility
07:43 +1202: /home/albert/busystack/busymark/test/src/nextcloud_notes/notes_api_test.dart: never follows cross-origin authenticated redirects
07:43 +1203: /home/albert/busystack/busymark/test/src/nextcloud_notes/notes_api_test.dart: incremental chunk list uses server Last-Modified and final complete ids
07:43 +1204: /home/albert/busystack/busymark/test/src/nextcloud_notes/notes_api_test.dart: 304 returns unchanged checkpoint outcome without parsing a body
07:43 +1205: /home/albert/busystack/busymark/test/src/nextcloud_notes/notes_api_test.dart: interrupted chunks do not return partial deletion evidence
07:43 +1206: /home/albert/busystack/busymark/test/src/nextcloud_notes/notes_api_test.dart: attachment upload uses authoritative renamed relative path
07:43 +1207: /home/albert/busystack/busymark/test/src/nextcloud_notes/notes_api_test.dart: attachment upload rejects a filename outside the current note
07:43 +1208: /home/albert/busystack/busymark/test/src/nextcloud_notes/notes_api_test.dart: attachment fetch rejects URLs and traversal without sending credentials
07:43 +1209: /home/albert/busystack/busymark/test/src/nextcloud_notes/notes_api_test.dart: attachment delete gates app version independently of API 1.4
07:43 +1210: /home/albert/busystack/busymark/test/src/nextcloud_notes/notes_api_test.dart: create does not publish private staging references
07:43 +1211: /home/albert/busystack/busymark/test/src/nextcloud_notes/notes_api_test.dart: update never publishes an unresolved private attachment reference
07:43 +1212: /home/albert/busystack/busymark/test/src/nextcloud_notes/notes_api_test.dart: private namespace text in prose and code is preserved by create and update
07:43 +1213: loading /home/albert/busystack/busymark/test/src/pdf_export_options_render_test.dart
07:46 +1213: /home/albert/busystack/busymark/test/src/pdf_export_options_render_test.dart: bundled Typst compiles default-a4 and preserves document data
07:47 +1214: /home/albert/busystack/busymark/test/src/pdf_export_options_render_test.dart: bundled Typst compiles letter-landscape and preserves document data
07:48 +1215: /home/albert/busystack/busymark/test/src/pdf_export_options_render_test.dart: bundled Typst compiles legal-serif and preserves document data
07:48 +1216: /home/albert/busystack/busymark/test/src/pdf_export_options_render_test.dart: bundled Typst compiles custom-sans and preserves document data
07:48 +1217: /home/albert/busystack/busymark/test/src/pdf_export_options_render_test.dart: bundled Typst compiles no-numbers and preserves document data
07:48 +1218: /home/albert/busystack/busymark/test/src/pdf_export_options_render_test.dart: bundled Typst compiles numbered-no-outline and preserves document data
07:49 +1219: /home/albert/busystack/busymark/test/src/pdf_export_options_render_test.dart: bundled Typst compiles narrow-title-bottomLeft and preserves document data
07:49 +1220: /home/albert/busystack/busymark/test/src/pdf_export_options_render_test.dart: bundled Typst compiles narrow-title-bottomCenter and preserves document data
07:49 +1221: /home/albert/busystack/busymark/test/src/pdf_export_options_render_test.dart: bundled Typst compiles narrow-title-bottomRight and preserves document data
07:50 +1222: loading /home/albert/busystack/busymark/test/src/app_smoke_test.dart
07:54 +1222: /home/albert/busystack/busymark/test/src/app_smoke_test.dart: editor shortcuts use documented cross-editor defaults
07:56 +1223: /home/albert/busystack/busymark/test/src/app_smoke_test.dart: workspace resize retains the sidebar and leaves room for header controls
07:58 +1224: /home/albert/busystack/busymark/test/src/app_smoke_test.dart: document view shortcuts are distinct from existing commands
07:58 +1225: /home/albert/busystack/busymark/test/src/app_smoke_test.dart: workspace routes paste shortcuts only to editable document views
08:02 +1226: /home/albert/busystack/busymark/test/src/app_smoke_test.dart: workspace source history restores a pasted URL suffix through undo and redo
08:03 +1227: /home/albert/busystack/busymark/test/src/app_smoke_test.dart: app wires generated localization delegates and locales
08:03 +1228: /home/albert/busystack/busymark/test/src/app_smoke_test.dart: app boots to BusyMark welcome screen without login UI
08:03 +1229: /home/albert/busystack/busymark/test/src/app_smoke_test.dart: recovery shows one actionable notice and preserves damage warnings (0)
08:03 +1230: /home/albert/busystack/busymark/test/src/app_smoke_test.dart: recovery shows one actionable notice and preserves damage warnings (1)
08:04 +1231: /home/albert/busystack/busymark/test/src/app_smoke_test.dart: Welcome creates a fresh Markdown workspace after leaving basic.md (close tab: false)
08:05 +1232: /home/albert/busystack/busymark/test/src/app_smoke_test.dart: Welcome creates a fresh Markdown workspace after leaving basic.md (close tab: true)
08:05 +1233: /home/albert/busystack/busymark/test/src/app_smoke_test.dart: main menu and F11 toggle full-screen mode
08:06 +1234: /home/albert/busystack/busymark/test/src/app_smoke_test.dart: Alt+Left activates the header Back command
08:06 +1235: /home/albert/busystack/busymark/test/src/app_smoke_test.dart: restored capture failure stays owned across Back create discard create
08:07 +1236: /home/albert/busystack/busymark/test/src/app_smoke_test.dart: Escape closes header popup menus
08:07 +1237: /home/albert/busystack/busymark/test/src/app_smoke_test.dart: report issue is in the shared main menu, not Settings content
08:07 +1238: /home/albert/busystack/busymark/test/src/app_smoke_test.dart: global reference and settings shortcuts open targets
08:08 +1239: /home/albert/busystack/busymark/test/src/app_smoke_test.dart: settings screen opens
08:10 +1240: /home/albert/busystack/busymark/test/src/app_smoke_test.dart: settings uses the regular split sidebar at desktop width
08:10 +1241: /home/albert/busystack/busymark/test/src/app_smoke_test.dart: Spelling Dictionaries page groups downloadable and custom data
08:11 +1242: /home/albert/busystack/busymark/test/src/app_smoke_test.dart: import dictionary prompt uses native controls and submits a trimmed ID
08:17 +1243: /home/albert/busystack/busymark/test/src/app_smoke_test.dart: import dictionary prompt cancels and saves without redesign
08:22 +1244: /home/albert/busystack/busymark/test/src/app_smoke_test.dart: cancelling a default-language install keeps the previous selection
08:23 +1245: /home/albert/busystack/busymark/test/src/app_smoke_test.dart: default language persists only after dictionary installation succeeds
08:32 +1246: /home/albert/busystack/busymark/test/src/app_smoke_test.dart: failed dictionary install keeps the default language
08:35 +1247: /home/albert/busystack/busymark/test/src/app_smoke_test.dart: cancelling a project-language install keeps the previous selection
08:35 +1248: /home/albert/busystack/busymark/test/src/app_smoke_test.dart: settings main surface matches the headerbar in light and dark
08:36 +1249: /home/albert/busystack/busymark/test/src/app_smoke_test.dart: stored language override localizes app text
08:36 +1250: /home/albert/busystack/busymark/test/src/app_smoke_test.dart: European Portuguese system locale renders the completed base catalog
08:36 +1251: /home/albert/busystack/busymark/test/src/app_smoke_test.dart: language-only Chinese system locale renders the completed base catalog
08:37 +1252: /home/albert/busystack/busymark/test/src/app_smoke_test.dart: Writerside project dialog syncs generated fields until edited
08:38 +1253: /home/albert/busystack/busymark/test/src/app_smoke_test.dart: keyboard shortcuts dialog opens from the header
08:39 +1254: /home/albert/busystack/busymark/test/src/app_smoke_test.dart: syntax reference categories expose supported authoring forms
08:41 +1255: /home/albert/busystack/busymark/test/src/app_smoke_test.dart: Ctrl+Alt+M opens and Escape closes the syntax reference
08:42 +1256: /home/albert/busystack/busymark/test/src/app_smoke_test.dart: syntax reference remains usable in constrained RTL layout
08:43 +1257: /home/albert/busystack/busymark/test/src/app_smoke_test.dart: keyboard shortcuts tabs section title is localized
08:43 +1258: /home/albert/busystack/busymark/test/src/app_smoke_test.dart: about dialog shows the BusyMark logo
unhandled element <filter/>; Picture key: Svg loader
08:44 +1259: /home/albert/busystack/busymark/test/src/app_smoke_test.dart: Ctrl+N chooses between Markdown and Writerside creation
08:44 +1260: /home/albert/busystack/busymark/test/src/app_smoke_test.dart: Ctrl+N keeps unsaved documents in independent tabs
08:45 +1261: /home/albert/busystack/busymark/test/src/app_smoke_test.dart: Ctrl+N creates real CommonMark inside a Writerside workspace
08:49 +1262: /home/albert/busystack/busymark/test/src/app_smoke_test.dart: Table of Contents creates from selection and exposes nested Writerside actions
09:07 +1263: /home/albert/busystack/busymark/test/src/app_smoke_test.dart: Table of Contents creates from selection and exposes nested Writerside actions with an available native host
09:12 +1264: /home/albert/busystack/busymark/test/src/app_smoke_test.dart: Writerside topic rename uses Preview, Do Refactor, and shared entry points
09:13 +1265: /home/albert/busystack/busymark/test/src/app_smoke_test.dart: topic rename saves every dirty Writerside project source before planning
09:14 +1266: /home/albert/busystack/busymark/test/src/app_smoke_test.dart: tab keyboard shortcuts move and close editor tabs
09:14 +1267: /home/albert/busystack/busymark/test/src/app_smoke_test.dart: Git diff files are shown as separate editor tabs
09:16 +1268: /home/albert/busystack/busymark/test/src/app_smoke_test.dart: File History comparison selector shares its row with match navigation
09:16 +1269: /home/albert/busystack/busymark/test/src/app_smoke_test.dart: file tree disables Git file actions without a repository
09:16 +1270: /home/albert/busystack/busymark/test/src/app_smoke_test.dart: sidebar view shortcuts select workspace sidebar tabs
09:18 +1271: /home/albert/busystack/busymark/test/src/app_smoke_test.dart: real Source edits reach the visible Local History list on the fixed deadline
09:19 +1272: /home/albert/busystack/busymark/test/src/app_smoke_test.dart: selected WYSIWYG formatting reaches Local History through workspace callbacks
09:19 +1273: /home/albert/busystack/busymark/test/src/app_smoke_test.dart: Writerside sidebar shortcuts survive document view changes
09:22 +1274: /home/albert/busystack/busymark/test/src/app_smoke_test.dart: Files view colors entries by Git status
09:22 +1275: /home/albert/busystack/busymark/test/src/app_smoke_test.dart: Files view shows hidden, empty, and unsupported entries
09:22 +1276: /home/albert/busystack/busymark/test/src/app_smoke_test.dart: workspace sidebar is on the right in Arabic
09:22 +1277: /home/albert/busystack/busymark/test/src/app_smoke_test.dart: workspace sidebar is on the right in Persian
09:22 +1278: /home/albert/busystack/busymark/test/src/app_smoke_test.dart: Arabic untitled workspace stays RTL and diagnostic metadata stays LTR
09:22 +1279: /home/albert/busystack/busymark/test/src/app_smoke_test.dart: RTL topic copy keeps bidi controls out of clipboard data
09:23 +1280: /home/albert/busystack/busymark/test/src/app_smoke_test.dart: TOC Copy uses an inactive origin topic open buffer
09:24 +1281: /home/albert/busystack/busymark/test/src/app_smoke_test.dart: TOC Paste reviews an inactive dirty tree before moving
09:24 +1282: /home/albert/busystack/busymark/test/src/app_smoke_test.dart: source undo cannot restore saved text from previous tab
09:24 +1283: /home/albert/busystack/busymark/test/src/app_smoke_test.dart: Source groups typing and deletion undo with historical carets
09:25 +1284: /home/albert/busystack/busymark/test/src/app_smoke_test.dart: Source remount starts a distinct undo group
09:25 +1285: /home/albert/busystack/busymark/test/src/app_smoke_test.dart: source view supports editor formatting shortcuts
09:25 +1286: /home/albert/busystack/busymark/test/src/app_smoke_test.dart: Tab and Shift+Tab update indentation in source view
09:25 +1287: /home/albert/busystack/busymark/test/src/app_smoke_test.dart: editing toolbar context menu changes persisted layout without toggling
09:26 +1288: /home/albert/busystack/busymark/test/src/app_smoke_test.dart: Editor and Preview share a frame while Split stays fluid
09:26 +1289: /home/albert/busystack/busymark/test/src/app_smoke_test.dart: rendered views ignore redundant blanks while Source preserves them
09:26 +1290: /home/albert/busystack/busymark/test/src/app_smoke_test.dart: standalone HTML breaks preserve one blank line in every document view
09:26 +1291: /home/albert/busystack/busymark/test/src/app_smoke_test.dart: Editor and Preview share task-list presentation and wrapping
09:26 +1292: /home/albert/busystack/busymark/test/src/app_smoke_test.dart: Editor and Preview reuse the same quote shell geometry
09:27 +1293: /home/albert/busystack/busymark/test/src/app_smoke_test.dart: Editor and Preview reuse the same code block presentation
09:27 +1294: /home/albert/busystack/busymark/test/src/app_smoke_test.dart: Editor and Preview share professional heading hierarchy
09:27 +1295: /home/albert/busystack/busymark/test/src/app_smoke_test.dart: Editor and Preview share admonition and image presentation
09:27 +1296: /home/albert/busystack/busymark/test/src/app_smoke_test.dart: Preview renders structured formatted and nested quotes
09:27 +1297: /home/albert/busystack/busymark/test/src/app_smoke_test.dart: editor undo cannot restore saved text from previous tab
09:28 +1298: /home/albert/busystack/busymark/test/src/app_smoke_test.dart: Tab inserts a tab character in editor view paragraphs
09:28 +1299: /home/albert/busystack/busymark/test/src/app_smoke_test.dart: window close still warns when active changes are unsaved
09:28 +1300: /home/albert/busystack/busymark/test/src/app_smoke_test.dart: window close flushes autosave for saved files
09:28 +1301: /home/albert/busystack/busymark/test/src/app_smoke_test.dart: startup path opens a Markdown file workspace
09:28 +1302: /home/albert/busystack/busymark/test/src/app_smoke_test.dart: outline follows unsaved source headings without live validation
09:28 +1303: /home/albert/busystack/busymark/test/src/app_smoke_test.dart: outline context menu edits complete heading sections
09:29 +1304: /home/albert/busystack/busymark/test/src/app_smoke_test.dart: outline highlights the heading at the document viewport
09:31 +1305: /home/albert/busystack/busymark/test/src/app_smoke_test.dart: outline navigates to a renamed unsaved editor heading
09:33 +1306: /home/albert/busystack/busymark/test/src/app_smoke_test.dart: untitled outline navigates before the first save
09:33 +1307: /home/albert/busystack/busymark/test/src/app_smoke_test.dart: preview tolerates duplicate heading anchors
09:33 +1308: /home/albert/busystack/busymark/test/src/app_smoke_test.dart: Reading opens an unindexed sibling document link
09:33 +1309: /home/albert/busystack/busymark/test/src/app_smoke_test.dart: Reading linked block and inline images open their targets
09:34 +1310: /home/albert/busystack/busymark/test/src/app_smoke_test.dart: new empty document leaves remembered preview mode for editor
09:34 +1311: /home/albert/busystack/busymark/test/src/app_smoke_test.dart: blocked remote image prompt allows the current workspace
09:34 +1312: /home/albert/busystack/busymark/test/src/app_smoke_test.dart: Ctrl+O open chooser lists recent workspaces
09:34 +1313: /home/albert/busystack/busymark/test/src/app_smoke_test.dart: recent workspace menus support pointer and keyboard actions
09:35 +1314: /home/albert/busystack/busymark/test/src/app_smoke_test.dart: shared Markdown image renderer resolves local images
09:35 +1315: /home/albert/busystack/busymark/test/src/app_smoke_test.dart: shared Markdown image renderer blocks remote images by default
09:35 +1316: /home/albert/busystack/busymark/test/src/app_smoke_test.dart: shared Markdown image renderer resolves absolute paths with spaces
09:35 +1317: /home/albert/busystack/busymark/test/src/app_smoke_test.dart: shared Markdown image renderer resolves absolute paths outside workspace
09:35 +1318: /home/albert/busystack/busymark/test/src/app_smoke_test.dart: shared Markdown image renderer resolves Snap real-home paths
09:35 +1319: /home/albert/busystack/busymark/test/src/app_smoke_test.dart: shared Markdown image renderer resolves local SVG images
09:35 +1320: /home/albert/busystack/busymark/test/src/app_smoke_test.dart: shared Markdown image renderer rejects oversized local SVGs
09:35 +1321: /home/albert/busystack/busymark/test/src/app_smoke_test.dart: shared Markdown image renderer sanitizes embedded SVG image data
09:35 +1322: /home/albert/busystack/busymark/test/src/app_smoke_test.dart: shared Markdown image renderer renders generated SVG badges
09:36 +1323: /home/albert/busystack/busymark/test/src/app_smoke_test.dart: header Search button toggles the expanded search field
09:36 +1324: /home/albert/busystack/busymark/test/src/app_smoke_test.dart: native header Search action toggles search and Back visibility
09:36 +1325: /home/albert/busystack/busymark/test/src/app_smoke_test.dart: workspace search awaits non-active file reads without blocking builds
09:37 +1326: /home/albert/busystack/busymark/test/src/app_smoke_test.dart: workspace search native submit uses exact payload and selected sidebar occurrence
09:38 +1327: /home/albert/busystack/busymark/test/src/app_smoke_test.dart: workspace search preserves query and lands on unopened destination
09:38 +1328: /home/albert/busystack/busymark/test/src/app_smoke_test.dart: workspace search observes edits to inactive buffers
09:40 +1329: /home/albert/busystack/busymark/test/src/app_smoke_test.dart: workspace search reports limits and continues into later files
09:41 +1330: /home/albert/busystack/busymark/test/src/app_smoke_test.dart: workspace search exposes skipped files and regex diagnostics
09:42 +1331: /home/albert/busystack/busymark/test/src/app_smoke_test.dart: workspace search cancels expensive regex while UI keeps building
09:43 +1332: /home/albert/busystack/busymark/test/src/app_smoke_test.dart: workspace search replacement review loads an asynchronous plan
09:44 +1333: /home/albert/busystack/busymark/test/src/app_smoke_test.dart: preview search highlights preserve Unicode offsets
09:44 +1334: /home/albert/busystack/busymark/test/src/app_smoke_test.dart: literal workspace search bounds malformed Markdown snippets around the match
09:45 +1335: /home/albert/busystack/busymark/test/src/app_smoke_test.dart: preview search result clicks move preview scroll repeatedly
09:45 +1336: /home/albert/busystack/busymark/test/src/app_smoke_test.dart: preview lazily builds large documents
09:46 +1337: /home/albert/busystack/busymark/test/src/app_smoke_test.dart: preview search result clicks scroll to code block matches
09:46 +1338: /home/albert/busystack/busymark/test/src/app_smoke_test.dart: preview search result click lands on paragraph after lists
09:46 +1339: /home/albert/busystack/busymark/test/src/app_smoke_test.dart: Editor and Preview share ordered list styling and geometry
09:46 +1340: /home/albert/busystack/busymark/test/src/app_smoke_test.dart: preview renders nested list children
09:46 +1341: /home/albert/busystack/busymark/test/src/app_smoke_test.dart: preview renders raw HTML table as table cells
09:46 +1342: /home/albert/busystack/busymark/test/src/app_smoke_test.dart: Reading applies Markdown table column alignment
09:47 +1343: /home/albert/busystack/busymark/test/src/app_smoke_test.dart: preview search result click lands on code block line
09:47 +1344: /home/albert/busystack/busymark/test/src/app_smoke_test.dart: Ctrl+S runs Save for the active workspace
09:47 +1345: /home/albert/busystack/busymark/test/src/app_smoke_test.dart: Ctrl+S saves source edits from an untitled Markdown document
09:47 +1346: loading /home/albert/busystack/busymark/test/src/validation_problems_ui_test.dart
09:48 +1346: /home/albert/busystack/busymark/test/src/validation_problems_ui_test.dart: Problems reveals the source and dismisses from preview
09:52 +1347: /home/albert/busystack/busymark/test/src/validation_problems_ui_test.dart: Problems reveals the source and dismisses from editor
09:53 +1348: /home/albert/busystack/busymark/test/src/validation_problems_ui_test.dart: an open Problems dialog updates its count and math rows
09:54 +1349: /home/albert/busystack/busymark/test/src/validation_problems_ui_test.dart: manual Validate supersedes queued automatic validation and presents once
09:56 +1350: /home/albert/busystack/busymark/test/src/validation_problems_ui_test.dart: failed and stale validation do not show Problems; concurrent clicks publish once
09:58 +1351: loading /home/albert/busystack/busymark/test/src/writerside_math_diagram_test.dart
09:58 +1351: /home/albert/busystack/busymark/test/src/writerside_math_diagram_test.dart: Writerside math forms use semantic math nodes and round-trip
09:58 +1352: /home/albert/busystack/busymark/test/src/writerside_math_diagram_test.dart: ordinary Markdown does not reinterpret Writerside TeX forms
09:58 +1353: /home/albert/busystack/busymark/test/src/writerside_math_diagram_test.dart: Writerside semantic and fenced diagrams share visualizers
09:58 +1354: /home/albert/busystack/busymark/test/src/writerside_math_diagram_test.dart: referenced diagram source is constrained to the Writerside root
09:58 +1355: /home/albert/busystack/busymark/test/src/writerside_math_diagram_test.dart: Writerside topic XML exposes TeX and diagrams to shared preview
09:59 +1356: loading /home/albert/busystack/busymark/test/src/busymark_motion_widgets_test.dart
10:01 +1356: /home/albert/busystack/busymark/test/src/busymark_motion_widgets_test.dart: view changes fade one live editor while ordinary data changes do not
10:02 +1357: /home/albert/busystack/busymark/test/src/busymark_motion_widgets_test.dart: retained destinations settle immediately under reduced motion
10:02 +1358: /home/albert/busystack/busymark/test/src/busymark_motion_widgets_test.dart: retained crossfade keeps two live pages and hides outgoing UI
10:02 +1359: /home/albert/busystack/busymark/test/src/busymark_motion_widgets_test.dart: keyed crossfade retains three semantic destinations
10:02 +1360: loading /home/albert/busystack/busymark/test/src/preview_builder_test.dart
10:06 +1360: /home/albert/busystack/busymark/test/src/preview_builder_test.dart: preview uses one generic label and no compatibility banner
10:06 +1361: /home/albert/busystack/busymark/test/src/preview_builder_test.dart: preview ignores redundant blank lines between blocks
10:06 +1362: /home/albert/busystack/busymark/test/src/preview_builder_test.dart: preview preserves an explicit blank line encoded with HTML breaks
10:06 +1363: /home/albert/busystack/busymark/test/src/preview_builder_test.dart: preview headings carry parser anchors for outline navigation
10:06 +1364: /home/albert/busystack/busymark/test/src/preview_builder_test.dart: preview blocks carry source locations for search navigation
10:06 +1365: /home/albert/busystack/busymark/test/src/preview_builder_test.dart: preview source locations survive adjacent list items and code fences
10:06 +1366: /home/albert/busystack/busymark/test/src/preview_builder_test.dart: preview list text removes Markdown markers
10:06 +1367: /home/albert/busystack/busymark/test/src/preview_builder_test.dart: preview preserves links inside list items
10:06 +1368: /home/albert/busystack/busymark/test/src/preview_builder_test.dart: preview preserves nested list children
10:06 +1369: /home/albert/busystack/busymark/test/src/preview_builder_test.dart: preview keeps ordered list numbering independent at each depth
10:06 +1370: /home/albert/busystack/busymark/test/src/preview_builder_test.dart: preview preserves inline Markdown semantics
10:06 +1371: /home/albert/busystack/busymark/test/src/preview_builder_test.dart: inline autolinks only support launchable URI schemes
10:06 +1372: /home/albert/busystack/busymark/test/src/preview_builder_test.dart: preview renders quote characters as text instead of HTML entities
10:06 +1373: /home/albert/busystack/busymark/test/src/preview_builder_test.dart: preview preserves pasted local image destinations with spaces
10:06 +1374: /home/albert/busystack/busymark/test/src/preview_builder_test.dart: preview renders quote characters as text instead of HTML entities
10:06 +1375: /home/albert/busystack/busymark/test/src/preview_builder_test.dart: preview preserves pasted local image destinations with spaces
10:06 +1376: /home/albert/busystack/busymark/test/src/preview_builder_test.dart: preview treats single newlines inside paragraphs as soft breaks
10:06 +1377: /home/albert/busystack/busymark/test/src/preview_builder_test.dart: preview supports common Markdown block variants
10:06 +1378: /home/albert/busystack/busymark/test/src/preview_builder_test.dart: preview preserves structured and formatted quote children
10:06 +1379: /home/albert/busystack/busymark/test/src/preview_builder_test.dart: preview preserves source order for code and images
10:06 +1380: /home/albert/busystack/busymark/test/src/preview_builder_test.dart: preview parses Writerside image attributes
10:06 +1381: /home/albert/busystack/busymark/test/src/preview_builder_test.dart: front matter is skipped only at the top of the document
10:06 +1382: /home/albert/busystack/busymark/test/src/preview_builder_test.dart: preview renders raw HTML paragraph without literal tags
10:06 +1383: /home/albert/busystack/busymark/test/src/preview_builder_test.dart: preview renders raw HTML table sections and inline cell formatting
10:06 +1384: /home/albert/busystack/busymark/test/src/preview_builder_test.dart: preview renders direct rows under raw HTML table
10:06 +1385: /home/albert/busystack/busymark/test/src/preview_builder_test.dart: preview renders raw HTML table captions before the table
10:06 +1386: /home/albert/busystack/busymark/test/src/preview_builder_test.dart: preview renders inline raw HTML safely
10:06 +1387: /home/albert/busystack/busymark/test/src/preview_builder_test.dart: preview does not make raw HTML links active without href
10:06 +1388: /home/albert/busystack/busymark/test/src/preview_builder_test.dart: preview rejects absolute local image paths in raw HTML
10:06 +1389: /home/albert/busystack/busymark/test/src/preview_builder_test.dart: preview rejects deeply nested raw HTML before conversion
10:06 +1390: /home/albert/busystack/busymark/test/src/preview_builder_test.dart: preview renders safe raw HTML containers as child content
10:06 +1391: /home/albert/busystack/busymark/test/src/preview_builder_test.dart: preview renders top-level raw HTML image as image block
10:06 +1392: /home/albert/busystack/busymark/test/src/preview_builder_test.dart: preview preserves raw HTML figure caption relationship
10:06 +1393: /home/albert/busystack/busymark/test/src/preview_builder_test.dart: preview allows safe remote raw HTML links images and citations
10:06 +1394: /home/albert/busystack/busymark/test/src/preview_builder_test.dart: preview keeps unsafe raw HTML literal
10:06 +1395: /home/albert/busystack/busymark/test/src/preview_builder_test.dart: preview does not parse Markdown inside raw HTML blocks
10:06 +1396: /home/albert/busystack/busymark/test/src/preview_builder_test.dart: preview keeps paired raw HTML blocks together across blank lines
10:06 +1397: loading /home/albert/busystack/busymark/test/src/nextcloud_capabilities_test.dart
10:07 +1397: /home/albert/busystack/busymark/test/src/nextcloud_capabilities_test.dart: accepts stable baseline and ignores future capability fields
10:07 +1398: /home/albert/busystack/busymark/test/src/nextcloud_capabilities_test.dart: API 1.4 accepted independently of app version 6.0.0
10:07 +1399: /home/albert/busystack/busymark/test/src/nextcloud_capabilities_test.dart: API 1.4 accepted independently of app version 6.0.1
10:07 +1400: /home/albert/busystack/busymark/test/src/nextcloud_capabilities_test.dart: API 1.4 accepted independently of app version 6.1.0
10:07 +1401: /home/albert/busystack/busymark/test/src/nextcloud_capabilities_test.dart: API 1.4 accepted independently of app version 6.1.2
10:07 +1402: /home/albert/busystack/busymark/test/src/nextcloud_capabilities_test.dart: API 1.4 accepted independently of app version null
10:07 +1403: /home/albert/busystack/busymark/test/src/nextcloud_capabilities_test.dart: API 1.4 accepted independently of app version 
10:07 +1404: /home/albert/busystack/busymark/test/src/nextcloud_capabilities_test.dart: API 1.4 accepted independently of app version malformed
10:07 +1405: /home/albert/busystack/busymark/test/src/nextcloud_capabilities_test.dart: API 1.4 accepted independently of app version 42
10:07 +1406: /home/albert/busystack/busymark/test/src/nextcloud_capabilities_test.dart: rejects missing Notes and unavailable/old API accurately
10:07 +1407: /home/albert/busystack/busymark/test/src/nextcloud_capabilities_test.dart: requests OCS capabilities under prefix with proper Basic and headers
10:07 +1408: /home/albert/busystack/busymark/test/src/nextcloud_capabilities_test.dart: authenticated redirects are rejected without following another origin
10:07 +1409: /home/albert/busystack/busymark/test/src/nextcloud_capabilities_test.dart: revocation uses documented DELETE and is best effort on non-200
10:07 +1410: loading /home/albert/busystack/busymark/test/src/writerside_topic_file_editor_test.dart
10:10 +1410: /home/albert/busystack/busymark/test/src/writerside_topic_file_editor_test.dart: rename planning rejects a topic skipped by file-size limits
10:10 +1411: /home/albert/busystack/busymark/test/src/writerside_topic_file_editor_test.dart: rename planning rejects a topic skipped by document limits
10:10 +1412: /home/albert/busystack/busymark/test/src/writerside_topic_file_editor_test.dart: rename planning rejects topic discovery truncated by tree limits
10:11 +1413: /home/albert/busystack/busymark/test/src/writerside_topic_file_editor_test.dart: rename planning rejects a topic-root directory listing failure
10:11 +1414: /home/albert/busystack/busymark/test/src/writerside_topic_file_editor_test.dart: topic discovery traverses excluded and hidden directories but not VCS metadata
10:11 +1415: /home/albert/busystack/busymark/test/src/writerside_topic_file_editor_test.dart: rename updates and resolves a Markdown reference under build
10:11 +1416: /home/albert/busystack/busymark/test/src/writerside_topic_file_editor_test.dart: rename updates and resolves an XML reference under a hidden directory
10:11 +1417: /home/albert/busystack/busymark/test/src/writerside_topic_file_editor_test.dart: rename planning rejects a discovered unreadable topic source
10:11 +1418: /home/albert/busystack/busymark/test/src/writerside_topic_file_editor_test.dart: rename updates topic and start-page references in every tree
10:11 +1419: /home/albert/busystack/busymark/test/src/writerside_topic_file_editor_test.dart: rename refactors links, includes, ref entries, and leaves unrelated text
10:11 +1420: /home/albert/busystack/busymark/test/src/writerside_topic_file_editor_test.dart: rename ignores link-shaped text in image titles and HTML attributes
10:12 +1421: /home/albert/busystack/busymark/test/src/writerside_topic_file_editor_test.dart: rename binds reference links outside image titles and HTML attributes
10:12 +1422: /home/albert/busystack/busymark/test/src/writerside_topic_file_editor_test.dart: rename binds exact HTML hrefs outside Markdown link and image titles
10:12 +1423: /home/albert/busystack/busymark/test/src/writerside_topic_file_editor_test.dart: rename follows origin across modules without touching a local namesake
10:12 +1424: /home/albert/busystack/busymark/test/src/writerside_topic_file_editor_test.dart: project-wide rename includes an origin reference in a build module
10:12 +1425: /home/albert/busystack/busymark/test/src/writerside_topic_file_editor_test.dart: renaming a local namesake preserves origin-qualified Markdown XML links
10:13 +1426: /home/albert/busystack/busymark/test/src/writerside_topic_file_editor_test.dart: rename supports unquoted origin-qualified raw HTML links
10:13 +1427: /home/albert/busystack/busymark/test/src/writerside_topic_file_editor_test.dart: rename keeps decoded whitespace safe in unquoted HTML hrefs
10:13 +1428: /home/albert/busystack/busymark/test/src/writerside_topic_file_editor_test.dart: rename updates shared Markdown reference definitions once
10:13 +1429: /home/albert/busystack/busymark/test/src/writerside_topic_file_editor_test.dart: rename preserves escapes required by a Markdown destination
10:13 +1430: /home/albert/busystack/busymark/test/src/writerside_topic_file_editor_test.dart: rename rewrites an XML-encoded topic destination
10:14 +1431: /home/albert/busystack/busymark/test/src/writerside_topic_file_editor_test.dart: rename escapes decoded XML attribute replacements
10:14 +1432: /home/albert/busystack/busymark/test/src/writerside_topic_file_editor_test.dart: rename updates a matching XML topic root id
10:14 +1433: /home/albert/busystack/busymark/test/src/writerside_topic_file_editor_test.dart: missing or mismatched XML root IDs block rename atomically
10:14 +1434: /home/albert/busystack/busymark/test/src/writerside_topic_file_editor_test.dart: prepared rename is read-only and applies its exact captured changes
10:14 +1435: /home/albert/busystack/busymark/test/src/writerside_topic_file_editor_test.dart: stale prepared rename fails before any partial write
10:14 +1436: /home/albert/busystack/busymark/test/src/writerside_topic_file_editor_test.dart: rename preflights collisions only in publishing instances
10:14 +1437: /home/albert/busystack/busymark/test/src/writerside_topic_file_editor_test.dart: origin topic collisions block a project-wide prepared rename
10:14 +1438: /home/albert/busystack/busymark/test/src/writerside_topic_file_editor_test.dart: Unicode Markdown and XML topic filenames rename safely
10:14 +1439: /home/albert/busystack/busymark/test/src/writerside_topic_file_editor_test.dart: rename supports Writerside .markdown topics
10:15 +1440: /home/albert/busystack/busymark/test/src/writerside_topic_file_editor_test.dart: rename rejects duplicate targets and extension changes
10:15 +1441: /home/albert/busystack/busymark/test/src/writerside_topic_file_editor_test.dart: rename preserves a target created concurrently before exclusive create
10:15 +1442: /home/albert/busystack/busymark/test/src/writerside_topic_file_editor_test.dart: delete reloads newly configured instances before start-page checks
10:15 +1443: /home/albert/busystack/busymark/test/src/writerside_topic_file_editor_test.dart: rename does not claim a new same-basename nested reference
10:15 +1444: /home/albert/busystack/busymark/test/src/writerside_topic_file_editor_test.dart: rename aborts when a concurrent topic changes basename resolution
10:15 +1445: /home/albert/busystack/busymark/test/src/writerside_topic_file_editor_test.dart: delete aborts when a concurrent topic changes basename resolution
10:15 +1446: /home/albert/busystack/busymark/test/src/writerside_topic_file_editor_test.dart: rename retains target when an applied tree cannot be rolled back
10:15 +1447: /home/albert/busystack/busymark/test/src/writerside_topic_file_editor_test.dart: cross-module rollback retains a target after another module changes
10:15 +1448: /home/albert/busystack/busymark/test/src/writerside_topic_file_editor_test.dart: clean rollback removes the harmless newly created target
10:15 +1449: /home/albert/busystack/busymark/test/src/writerside_topic_file_editor_test.dart: rename preserves topic and instance tree file modes
10:15 +1450: /home/albert/busystack/busymark/test/src/writerside_topic_file_editor_test.dart: delete removes every TOC entry and promotes children in place
10:16 +1451: /home/albert/busystack/busymark/test/src/writerside_topic_file_editor_test.dart: delete rejects a topic used as any instance start page
10:16 +1452: /home/albert/busystack/busymark/test/src/writerside_topic_file_editor_test.dart: rename rejects unsafe path components before writing
10:16 +1453: /home/albert/busystack/busymark/test/src/writerside_topic_file_editor_test.dart: delete rejects a topic replaced by a symlink without touching its target
10:16 +1454: loading /home/albert/busystack/busymark/test/src/source_gutter_diagnostics_test.dart
10:17 +1454: /home/albert/busystack/busymark/test/src/source_gutter_diagnostics_test.dart: diagnostic maps to full and visible line without folds
10:17 +1455: /home/albert/busystack/busymark/test/src/source_gutter_diagnostics_test.dart: diagnostic inside folded region is aggregated onto its fold header
10:17 +1456: /home/albert/busystack/busymark/test/src/source_gutter_diagnostics_test.dart: folded layout geometry is reused for equal collapsed sets
10:17 +1457: /home/albert/busystack/busymark/test/src/source_gutter_diagnostics_test.dart: incremental gutter layout matches a full measured layout
10:17 +1458: loading /home/albert/busystack/busymark/test/src/native_writerside_dialog_service_test.dart
10:20 +1458: /home/albert/busystack/busymark/test/src/native_writerside_dialog_service_test.dart: Duplicate Topic is serialized to the native dialog host
10:21 +1459: /home/albert/busystack/busymark/test/src/native_writerside_dialog_service_test.dart: Edit Title returns all native field values
10:21 +1460: /home/albert/busystack/busymark/test/src/native_writerside_dialog_service_test.dart: native cancellation remains distinct from an unavailable host
10:21 +1461: loading /home/albert/busystack/busymark/test/src/wysiwyg_ai_test.dart
10:23 +1461: /home/albert/busystack/busymark/test/src/wysiwyg_ai_test.dart: WYSIWYG AI maps a nested Writerside block to its source block
10:25 +1462: /home/albert/busystack/busymark/test/src/wysiwyg_ai_test.dart: WYSIWYG AI maps selected text when unsourced editor blocks exist
10:25 +1463: /home/albert/busystack/busymark/test/src/wysiwyg_ai_test.dart: WYSIWYG AI applies through canonical Markdown source
10:26 +1464: loading /home/albert/busystack/busymark/test/src/document_status_bar_test.dart
10:27 +1464: /home/albert/busystack/busymark/test/src/document_status_bar_test.dart: places interactive spelling at start and format at end
10:29 +1465: /home/albert/busystack/busymark/test/src/document_status_bar_test.dart: keeps passive format when spelling is unsupported
10:30 +1466: /home/albert/busystack/busymark/test/src/document_status_bar_test.dart: truncates a long one-line language without displacing format
10:30 +1467: /home/albert/busystack/busymark/test/src/document_status_bar_test.dart: uses directional start and end placement in RTL
10:30 +1468: loading /home/albert/busystack/busymark/test/src/text_format_metadata_test.dart
10:30 +1468: /home/albert/busystack/busymark/test/src/text_format_metadata_test.dart: detects and preserves UTF-8 BOM, CRLF, and final newline
10:30 +1469: /home/albert/busystack/busymark/test/src/text_format_metadata_test.dart: preserves a missing final newline when saving edited text
10:30 +1470: /home/albert/busystack/busymark/test/src/text_format_metadata_test.dart: requires an explicit normalization for mixed line endings
10:30 +1471: /home/albert/busystack/busymark/test/src/text_format_metadata_test.dart: rejects invalid UTF-8 instead of replacing bytes
10:30 +1472: loading /home/albert/busystack/busymark/test/src/source_autocomplete_test.dart
10:34 +1472: /home/albert/busystack/busymark/test/src/source_autocomplete_test.dart: autocomplete prioritizes Writerside Markdown authoring suggestions
10:34 +1473: /home/albert/busystack/busymark/test/src/source_autocomplete_test.dart: completion derives XML caret context and consumes the project index
10:34 +1474: /home/albert/busystack/busymark/test/src/source_autocomplete_test.dart: completion suggests attributes legal for the element at the caret
10:34 +1475: loading /home/albert/busystack/busymark/test/src/ai_secret_store_test.dart
10:35 +1475: /home/albert/busystack/busymark/test/src/ai_secret_store_test.dart: reads the provider key through the native credential channel
10:35 +1476: /home/albert/busystack/busymark/test/src/ai_secret_store_test.dart: trims a key before securely storing it
10:35 +1477: /home/albert/busystack/busymark/test/src/ai_secret_store_test.dart: deletes only the selected provider key
10:35 +1478: /home/albert/busystack/busymark/test/src/ai_secret_store_test.dart: surfaces the native credential-service failure
10:35 +1479: loading /home/albert/busystack/busymark/test/src/local_history_workspace_test.dart
10:38 +1479: /home/albert/busystack/busymark/test/src/local_history_workspace_test.dart: pristine empty draft discards without protective storage
10:38 +1480: /home/albert/busystack/busymark/test/src/local_history_workspace_test.dart: workspace replacement retires settled bindings and retains failed baselines
10:38 +1481: /home/albert/busystack/busymark/test/src/local_history_workspace_test.dart: discard still protects nonempty content when history is unavailable
10:38 +1482: /home/albert/busystack/busymark/test/src/local_history_workspace_test.dart: discard still protects whitespace content when history is unavailable
10:38 +1483: /home/albert/busystack/busymark/test/src/local_history_workspace_test.dart: discard still protects edited-empty content when history is unavailable
10:38 +1484: /home/albert/busystack/busymark/test/src/local_history_workspace_test.dart: discard still protects recovered content when history is unavailable
10:38 +1485: /home/albert/busystack/busymark/test/src/local_history_workspace_test.dart: discard still protects file content when history is unavailable
10:39 +1486: /home/albert/busystack/busymark/test/src/local_history_workspace_test.dart: background protective retry cannot execute a previously rejected discard
10:39 +1487: /home/albert/busystack/busymark/test/src/local_history_workspace_test.dart: restored promotion reconciles only the saved lineage (file=false external=false)
10:39 +1488: /home/albert/busystack/busymark/test/src/local_history_workspace_test.dart: restored promotion reconciles only the saved lineage (file=false external=true)
10:39 +1489: /home/albert/busystack/busymark/test/src/local_history_workspace_test.dart: restored promotion reconciles only the saved lineage (file=true external=false)
10:41 +1490: /home/albert/busystack/busymark/test/src/local_history_workspace_test.dart: restored promotion reconciles only the saved lineage (file=true external=true)
10:41 +1491: /home/albert/busystack/busymark/test/src/local_history_workspace_test.dart: first save cannot adopt a deleted path lineage
10:41 +1492: /home/albert/busystack/busymark/test/src/local_history_workspace_test.dart: vacant first save retires a stale active history owner
10:41 +1493: /home/albert/busystack/busymark/test/src/local_history_workspace_test.dart: first save promotes an established untitled lineage over deleted history
10:41 +1494: /home/albert/busystack/busymark/test/src/local_history_workspace_test.dart: comparison uses unsaved editor source and whole restore is one undo step
10:41 +1495: /home/albert/busystack/busymark/test/src/local_history_workspace_test.dart: Clear Document cancels queued restore protection
10:41 +1496: /home/albert/busystack/busymark/test/src/local_history_workspace_test.dart: Clear All cancels queued restore protection
10:41 +1497: /home/albert/busystack/busymark/test/src/local_history_workspace_test.dart: region restore is exact, undoable, and rejects stale ranges
10:41 +1498: /home/albert/busystack/busymark/test/src/local_history_workspace_test.dart: failed protective capture leaves current document unchanged
10:41 +1499: /home/albert/busystack/busymark/test/src/local_history_workspace_test.dart: restoration rejects a revision from another history document
10:41 +1500: /home/albert/busystack/busymark/test/src/local_history_workspace_test.dart: untitled history compares and restores through stable identity
10:41 +1501: /home/albert/busystack/busymark/test/src/local_history_workspace_test.dart: editing during a delayed reload cancels the stale replacement
10:41 +1502: /home/albert/busystack/busymark/test/src/local_history_workspace_test.dart: reload reparse cannot publish after another buffer becomes active
10:41 +1503: /home/albert/busystack/busymark/test/src/local_history_workspace_test.dart: delete skips binary and excluded history descendants
10:41 +1504: /home/albert/busystack/busymark/test/src/local_history_workspace_test.dart: deleted document restores through normal create flow without overwriting
10:41 +1505: /home/albert/busystack/busymark/test/src/local_history_workspace_test.dart: missing history restores over an existing file without touching disk and undoes to its real source
10:42 +1506: /home/albert/busystack/busymark/test/src/local_history_workspace_test.dart: existing open destination protects unsaved source as the restore undo baseline
10:42 +1507: /home/albert/busystack/busymark/test/src/local_history_workspace_test.dart: existing destination restore stops when protection fails or the target changes
10:42 +1508: /home/albert/busystack/busymark/test/src/local_history_workspace_test.dart: autosaved existing-destination recovery never publishes an empty file
10:42 +1509: /home/albert/busystack/busymark/test/src/local_history_workspace_test.dart: delayed explicit save records exactly the source that was written
10:42 +1510: /home/albert/busystack/busymark/test/src/local_history_workspace_test.dart: history failure cannot turn a successful save into a failure
10:42 +1511: /home/albert/busystack/busymark/test/src/local_history_workspace_test.dart: external move keeps edits made during history remap on the destination
10:42 +1512: /home/albert/busystack/busymark/test/src/local_history_workspace_test.dart: external move reparse cannot publish after a newer edit
10:42 +1513: /home/albert/busystack/busymark/test/src/local_history_workspace_test.dart: external move cannot remap a replacement created while loading target
10:42 +1514: /home/albert/busystack/busymark/test/src/local_history_workspace_test.dart: external move completion cannot publish into a replacement workspace
10:42 +1515: /home/albert/busystack/busymark/test/src/local_history_workspace_test.dart: monitor event emitted after invalidation cannot enter reopened workspace
10:42 +1516: /home/albert/busystack/busymark/test/src/local_history_workspace_test.dart: file monitor lifecycle recovers after a failed stop
10:42 +1517: /home/albert/busystack/busymark/test/src/local_history_workspace_test.dart: editing while monitor start is pending still enables workspace events
10:42 +1518: /home/albert/busystack/busymark/test/src/local_history_workspace_test.dart: folder refresh while monitor start is pending still enables events
10:42 +1519: /home/albert/busystack/busymark/test/src/local_history_workspace_test.dart: disposed workspace ignores a delayed monitor start completion
10:42 +1520: /home/albert/busystack/busymark/test/src/local_history_workspace_test.dart: disposed file monitor cannot resume an overtaken start
10:42 +1521: /home/albert/busystack/busymark/test/src/local_history_workspace_test.dart: deferred monitor move cannot enter a replacement workspace
10:42 +1522: /home/albert/busystack/busymark/test/src/local_history_workspace_test.dart: external move retains reconciliation when another process checkpoints the old identity
10:42 +1523: /home/albert/busystack/busymark/test/src/local_history_workspace_test.dart: external move with no bound identity cannot remap replacement history
10:42 +1524: /home/albert/busystack/busymark/test/src/local_history_workspace_test.dart: external deletion with no bound identity cannot delete replacement history
10:42 +1525: /home/albert/busystack/busymark/test/src/local_history_workspace_test.dart: failed external-delete protection retries into the deleted lineage
10:42 +1526: /home/albert/busystack/busymark/test/src/local_history_workspace_test.dart: failed external-delete protection survives restart as detached work
10:42 +1527: /home/albert/busystack/busymark/test/src/local_history_workspace_test.dart: external directory move remaps nested open history
10:42 +1528: /home/albert/busystack/busymark/test/src/local_history_workspace_test.dart: external directory move publishes every buffer after one decode failure
10:42 +1529: /home/albert/busystack/busymark/test/src/local_history_workspace_test.dart: closing a tab during an external directory move settles its journal
10:42 +1530: /home/albert/busystack/busymark/test/src/local_history_workspace_test.dart: external directory deletion marks nested open history deleted
10:42 +1531: /home/albert/busystack/busymark/test/src/local_history_workspace_test.dart: failed recursive-delete protection survives restart on its lineage
10:42 +1532: /home/albert/busystack/busymark/test/src/local_history_workspace_test.dart: external move reconciles closed file history
10:42 +1533: /home/albert/busystack/busymark/test/src/local_history_workspace_test.dart: external deletion reconciles closed file history
10:42 +1534: /home/albert/busystack/busymark/test/src/local_history_workspace_test.dart: external chained moves coalesce before history reconciliation
10:42 +1535: /home/albert/busystack/busymark/test/src/local_history_workspace_test.dart: external chained moves coalesce across an unrelated queued event
10:42 +1536: /home/albert/busystack/busymark/test/src/local_history_workspace_test.dart: closed source move cannot steal an open destination lineage
10:42 +1537: /home/albert/busystack/busymark/test/src/local_history_workspace_test.dart: external file move includes identity established by source settlement
10:42 +1538: /home/albert/busystack/busymark/test/src/local_history_workspace_test.dart: external directory move includes identity established by source settlement
10:42 +1539: /home/albert/busystack/busymark/test/src/local_history_workspace_test.dart: cancelled named Save As detaches source history and reopens separately
10:43 +1540: /home/albert/busystack/busymark/test/src/local_history_workspace_test.dart: recording disabled after first-save publication preserves untitled lineage
10:43 +1541: /home/albert/busystack/busymark/test/src/local_history_workspace_test.dart: first-save pre-promotion cancellation: disable, completed pending capture
10:43 +1542: /home/albert/busystack/busymark/test/src/local_history_workspace_test.dart: first-save pre-promotion cancellation: disable, failed pending capture
10:43 +1543: /home/albert/busystack/busymark/test/src/local_history_workspace_test.dart: first-save pre-promotion cancellation: clear document, completed pending capture
10:43 +1544: /home/albert/busystack/busymark/test/src/local_history_workspace_test.dart: first-save pre-promotion cancellation: clear document, failed pending capture
10:43 +1545: /home/albert/busystack/busymark/test/src/local_history_workspace_test.dart: first-save pre-promotion cancellation: clear all, completed pending capture
10:44 +1546: /home/albert/busystack/busymark/test/src/local_history_workspace_test.dart: first-save pre-promotion cancellation: clear all, failed pending capture
10:44 +1547: /home/albert/busystack/busymark/test/src/local_history_workspace_test.dart: Save As keeps edits made during destination capture out of source history
10:44 +1548: /home/albert/busystack/busymark/test/src/local_history_workspace_test.dart: Save As cannot claim a dirty open buffer at a missing destination
10:44 +1549: /home/albert/busystack/busymark/test/src/local_history_workspace_test.dart: rejected Discard protection remains with the Save As source (existing=false)
10:44 +1550: /home/albert/busystack/busymark/test/src/local_history_workspace_test.dart: rejected Discard protection remains with the Save As source (existing=true)
10:44 +1551: /home/albert/busystack/busymark/test/src/local_history_workspace_test.dart: rename remaps a failed unbound baseline to the committed destination
10:45 +1552: /home/albert/busystack/busymark/test/src/local_history_workspace_test.dart: disposed prepared rename never reaches the filesystem without an execution journal
10:45 +1553: /home/albert/busystack/busymark/test/src/local_history_workspace_test.dart: Clear Document cancels a prepared rename before filesystem publication
10:45 +1554: /home/albert/busystack/busymark/test/src/local_history_workspace_test.dart: Clear Document retains an executing rename journal across a crash
10:45 +1555: /home/albert/busystack/busymark/test/src/local_history_workspace_test.dart: Clear All retains an executing rename journal across a crash
10:45 +1556: /home/albert/busystack/busymark/test/src/local_history_workspace_test.dart: targetless executing rename owner survives an ambiguous restart
10:45 +1557: /home/albert/busystack/busymark/test/src/local_history_workspace_test.dart: move remaps a deferred first-save destination before baseline recovery
10:45 +1558: /home/albert/busystack/busymark/test/src/local_history_workspace_test.dart: recursive folder move remaps retained baselines for every open descendant
10:45 +1559: /home/albert/busystack/busymark/test/src/local_history_workspace_test.dart: pending unrelated remap permits workspace Save As (existing=false)
10:45 +1560: /home/albert/busystack/busymark/test/src/local_history_workspace_test.dart: pending unrelated remap permits workspace Save As (existing=true)
10:45 +1561: /home/albert/busystack/busymark/test/src/local_history_workspace_test.dart: committed move retries a failed history path reconciliation
10:45 +1562: /home/albert/busystack/busymark/test/src/local_history_workspace_test.dart: shutdown retries first-save promotion without requiring another edit
10:45 +1563: /home/albert/busystack/busymark/test/src/local_history_workspace_test.dart: second Save As preserves a failed first-save association as the source
10:46 +1564: /home/albert/busystack/busymark/test/src/local_history_workspace_test.dart: untitled overwrite Save As partitions a failed source checkpoint
10:46 +1565: /home/albert/busystack/busymark/test/src/local_history_workspace_test.dart: untitled overwrite Save As source checkpoint survives process restart
10:46 +1566: /home/albert/busystack/busymark/test/src/local_history_workspace_test.dart: Save As journals its source before the filesystem commit returns
10:46 +1567: /home/albert/busystack/busymark/test/src/local_history_workspace_test.dart: Save As cannot publish a second owner when its destination opens in flight
10:46 +1568: /home/albert/busystack/busymark/test/src/local_history_workspace_test.dart: first Save As rechecks destination ownership after opening its workspace
10:46 +1569: /home/albert/busystack/busymark/test/src/local_history_workspace_test.dart: first Save As waits for an unbound live destination history owner
10:46 +1570: /home/albert/busystack/busymark/test/src/local_history_workspace_test.dart: disposed Save As cannot publish after losing its prepared journal owner
10:46 +1571: /home/albert/busystack/busymark/test/src/local_history_workspace_test.dart: Save As published after disposal leaves a committed recoverable journal
10:46 +1572: /home/albert/busystack/busymark/test/src/local_history_workspace_test.dart: Save As commit write failure after disposal uses the session fallback
10:46 +1573: /home/albert/busystack/busymark/test/src/local_history_workspace_test.dart: Save As publishes destination after a post-publish callback failure
10:46 +1574: /home/albert/busystack/busymark/test/src/local_history_workspace_test.dart: failed rename reconciliation survives shutdown and restart
10:46 +1575: /home/albert/busystack/busymark/test/src/local_history_workspace_test.dart: live owner keeps committed remap journal until its recovery can follow
10:47 +1576: /home/albert/busystack/busymark/test/src/local_history_workspace_test.dart: prepared rename journal repairs a crash after filesystem commit
10:47 +1577: /home/albert/busystack/busymark/test/src/local_history_workspace_test.dart: committed deletion detaches recovery newer than stored history
10:47 +1578: /home/albert/busystack/busymark/test/src/local_history_workspace_test.dart: recursive deletion evidence cannot consume a sibling recovery
10:47 +1579: /home/albert/busystack/busymark/test/src/local_history_workspace_test.dart: Clear All durably removes a previously persisted path journal
10:47 +1580: /home/albert/busystack/busymark/test/src/local_history_workspace_test.dart: startup applies committed destination cleanup before Save As recovery
10:47 +1581: /home/albert/busystack/busymark/test/src/local_history_workspace_test.dart: startup keeps untitled first-save source when another tab owns destination
10:47 +1582: /home/albert/busystack/busymark/test/src/local_history_workspace_test.dart: committed Save As recovery cannot claim another process tab with the same buffer id
10:47 +1583: /home/albert/busystack/busymark/test/src/local_history_workspace_test.dart: session restore selects recovery by process owner before shared buffer id
10:47 +1584: /home/albert/busystack/busymark/test/src/local_history_workspace_test.dart: failed startup reconstruction releases adopted recovery ownership
10:48 +1585: /home/albert/busystack/busymark/test/src/local_history_workspace_test.dart: history retry during slow failed startup cannot erase adopted recovery
10:48 +1586: /home/albert/busystack/busymark/test/src/local_history_workspace_test.dart: session identity restore waits for the authoritative history snapshot
10:48 +1587: /home/albert/busystack/busymark/test/src/local_history_workspace_test.dart: renamed adopted recovery still honors its original path-operation owner
10:48 +1588: /home/albert/busystack/busymark/test/src/local_history_workspace_test.dart: replayed durable Clear All preserves newer history
10:48 +1589: /home/albert/busystack/busymark/test/src/local_history_workspace_test.dart: startup aborts until replayed clear refresh is authoritative
10:48 +1590: /home/albert/busystack/busymark/test/src/local_history_workspace_test.dart: prepared deletion journal repairs a crash after filesystem commit
10:49 +1591: /home/albert/busystack/busymark/test/src/local_history_workspace_test.dart: failed deletion reconciliation survives shutdown and restart
10:49 +1592: /home/albert/busystack/busymark/test/src/local_history_workspace_test.dart: reopened tab adopts its unresolved first-save history association
10:49 +1593: /home/albert/busystack/busymark/test/src/local_history_workspace_test.dart: unresolved shutdown promotion survives in session and retries on startup
10:49 +1594: /home/albert/busystack/busymark/test/src/local_history_workspace_test.dart: workspace rename settles a failed first-save promotion
10:49 +1595: /home/albert/busystack/busymark/test/src/local_history_workspace_test.dart: workspace directory move settles a nested failed first-save promotion
10:49 +1596: /home/albert/busystack/busymark/test/src/local_history_workspace_test.dart: comparison renders styled intraline spans without framework errors
10:50 +1597: /home/albert/busystack/busymark/test/src/local_history_workspace_test.dart: comparison restore actions wait for the current replacement result
10:50 +1598: /home/albert/busystack/busymark/test/src/local_history_workspace_test.dart: workspace refresh invalidates a completed comparison by source content
10:50 +1599: loading /home/albert/busystack/busymark/test/src/visualization_card_test.dart
10:51 +1599: /home/albert/busystack/busymark/test/src/visualization_card_test.dart: full-screen diagram coordinates its modal and preserves pan/zoom
10:52 +1600: /home/albert/busystack/busymark/test/src/visualization_card_test.dart: retains the last valid diagram and navigates new diagnostics
10:52 +1601: /home/albert/busystack/busymark/test/src/visualization_card_test.dart: fits a small Mermaid diagram to the preview width
10:53 +1602: /home/albert/busystack/busymark/test/src/visualization_card_test.dart: keeps a wide Mermaid diagram readable until fit is requested
10:53 +1603: /home/albert/busystack/busymark/test/src/visualization_card_test.dart: shows searchable OpenAPI operations and opens the native reference
10:53 +1604: loading /home/albert/busystack/busymark/test/src/wysiwyg_visualization_diagnostic_test.dart
10:54 +1604: /home/albert/busystack/busymark/test/src/wysiwyg_visualization_diagnostic_test.dart: computes the diagnostic offset within fenced source
10:58 +1605: /home/albert/busystack/busymark/test/src/wysiwyg_visualization_diagnostic_test.dart: WYSIWYG diagnostic selects its actual source line
11:01 +1606: loading /home/albert/busystack/busymark/test/src/nextcloud_notes_ui_test.dart
11:03 +1606: /home/albert/busystack/busymark/test/src/nextcloud_notes_ui_test.dart: Nextcloud settings route selects its dedicated page
11:04 +1607: /home/albert/busystack/busymark/test/src/nextcloud_notes_ui_test.dart: remote editor tabs retain note titles through metadata rename
11:07 +1608: /home/albert/busystack/busymark/test/src/nextcloud_notes_ui_test.dart: cached note list searches content and excludes clean deletion tombstones
11:07 +1609: /home/albert/busystack/busymark/test/src/nextcloud_notes_ui_test.dart: favorites and ancestor category filtering operate on cached notes
11:08 +1610: /home/albert/busystack/busymark/test/src/nextcloud_notes_ui_test.dart: moving the last selected category note clears its filter
11:09 +1611: /home/albert/busystack/busymark/test/src/nextcloud_notes_ui_test.dart: the final category can disappear without hiding uncategorized notes
11:10 +1612: /home/albert/busystack/busymark/test/src/nextcloud_notes_ui_test.dart: uncertain attachment controls remain available with fetched remote state
11:10 +1613: /home/albert/busystack/busymark/test/src/nextcloud_notes_ui_test.dart: read-only metadata stays read-only while favorite is writable and export is explicit
11:11 +1614: /home/albert/busystack/busymark/test/src/nextcloud_notes_ui_test.dart: attachment deletion warns about links and cancellation retains the file
11:12 +1615: /home/albert/busystack/busymark/test/src/nextcloud_notes_ui_test.dart: remote deletion offers explicit discard with a second confirmation
11:12 +1616: /home/albert/busystack/busymark/test/src/nextcloud_notes_ui_test.dart: merge requires explicit choices for divergent scalar metadata
11:13 +1617: /home/albert/busystack/busymark/test/src/nextcloud_notes_ui_test.dart: read-only favorite conflict offers a safe merge
11:13 +1618: /home/albert/busystack/busymark/test/src/nextcloud_notes_ui_test.dart: uncertain creation lets the user select a candidate
11:13 +1619: /home/albert/busystack/busymark/test/src/nextcloud_notes_ui_test.dart: selecting and confirming candidate binds draft and retains newer edits
══╡ EXCEPTION CAUGHT BY FLUTTER TEST FRAMEWORK ╞════════════════════════════════════════════════════
The following TestFailure was thrown running a test:
Expected: <10>
  Actual: <null>
null

When the exception was thrown, this was the stack:
#4      main.<anonymous closure> (file:///home/albert/busystack/busymark/test/src/nextcloud_notes_ui_test.dart:836:7)
<asynchronous suspension>
#5      testWidgets.<anonymous closure>.<anonymous closure> (package:flutter_test/src/widget_tester.dart:192:15)
<asynchronous suspension>
#6      TestWidgetsFlutterBinding._runTestBody (package:flutter_test/src/binding.dart:1953:5)
<asynchronous suspension>
<asynchronous suspension>
(elided one frame from package:stack_trace)

This was caught by the test expectation on the following line:
  file:///home/albert/busystack/busymark/test/src/nextcloud_notes_ui_test.dart line 836
The test description was:
  selecting and confirming candidate binds draft and retains newer edits
════════════════════════════════════════════════════════════════════════════════════════════════════
11:15 +1619 -1: /home/albert/busystack/busymark/test/src/nextcloud_notes_ui_test.dart: selecting and confirming candidate binds draft and retains newer edits [E]
  Test failed. See exception logs above.
  The test description was: selecting and confirming candidate binds draft and retains newer edits
  
11:16 +1619 -1: /home/albert/busystack/busymark/test/src/nextcloud_notes_ui_test.dart: forbidden pending changes offer recovery without overwrite
11:16 +1620 -1: /home/albert/busystack/busymark/test/src/nextcloud_notes_ui_test.dart: unavailable pending changes offer recovery without overwrite
11:16 +1621 -1: loading /home/albert/busystack/busymark/test/src/authored_html_diagnostics_test.dart
11:18 +1621 -1: /home/albert/busystack/busymark/test/src/authored_html_diagnostics_test.dart: escaped table pipes cannot bind across subsequent cells
11:18 +1622 -1: /home/albert/busystack/busymark/test/src/authored_html_diagnostics_test.dart: escaped table normalization preserves a later HTML cell: a\|b | a|b
11:18 +1623 -1: /home/albert/busystack/busymark/test/src/authored_html_diagnostics_test.dart: escaped table normalization preserves a later HTML cell: | a\|b\|c | a|b|c |
11:18 +1624 -1: /home/albert/busystack/busymark/test/src/authored_html_diagnostics_test.dart: escaped table normalization preserves a later HTML cell: | a\\\|b | a\\|b |
11:18 +1625 -1: /home/albert/busystack/busymark/test/src/authored_html_diagnostics_test.dart: escaped table normalization preserves a later HTML cell: | a\|b | a|b\
11:18 +1626 -1: /home/albert/busystack/busymark/test/src/authored_html_diagnostics_test.dart: escaped table normalization preserves a later HTML cell: | a\|b |
11:18 +1627 -1: /home/albert/busystack/busymark/test/src/authored_html_diagnostics_test.dart: escaped table normalization preserves a later HTML cell: | `a\|b` | a|b |
11:18 +1628 -1: /home/albert/busystack/busymark/test/src/authored_html_diagnostics_test.dart: escaped pipes in the table header retain diagnostic positions
11:18 +1629 -1: /home/albert/busystack/busymark/test/src/authored_html_diagnostics_test.dart: escaped table cells retain HTML positions: | a\|<script>alert(1)</script>b | a|<script>alert(1)</script>b |
11:18 +1630 -1: /home/albert/busystack/busymark/test/src/authored_html_diagnostics_test.dart: escaped table cells retain HTML positions: | `<script>alert(1)</script>` a\|b | a|<script>alert(1)</script> |
11:18 +1631 -1: /home/albert/busystack/busymark/test/src/authored_html_diagnostics_test.dart: table HTML attributes are checked in block context
11:18 +1632 -1: /home/albert/busystack/busymark/test/src/authored_html_diagnostics_test.dart: table HTML attributes are checked in inline context
11:18 +1633 -1: /home/albert/busystack/busymark/test/src/authored_html_diagnostics_test.dart: inline caption attributes are checked before tree construction
11:18 +1634 -1: /home/albert/busystack/busymark/test/src/authored_html_diagnostics_test.dart: inline colgroup attributes are checked before tree construction
11:18 +1635 -1: /home/albert/busystack/busymark/test/src/authored_html_diagnostics_test.dart: inline col attributes are checked before tree construction
11:18 +1636 -1: /home/albert/busystack/busymark/test/src/authored_html_diagnostics_test.dart: inline thead attributes are checked before tree construction
11:18 +1637 -1: /home/albert/busystack/busymark/test/src/authored_html_diagnostics_test.dart: inline tbody attributes are checked before tree construction
11:18 +1638 -1: /home/albert/busystack/busymark/test/src/authored_html_diagnostics_test.dart: inline tfoot attributes are checked before tree construction
11:18 +1639 -1: /home/albert/busystack/busymark/test/src/authored_html_diagnostics_test.dart: inline th attributes are checked before tree construction
11:18 +1640 -1: /home/albert/busystack/busymark/test/src/authored_html_diagnostics_test.dart: inline td attributes are checked before tree construction
11:18 +1641 -1: /home/albert/busystack/busymark/test/src/authored_html_diagnostics_test.dart: inline URL attributes use HTML entity decoding
11:18 +1642 -1: /home/albert/busystack/busymark/test/src/authored_html_diagnostics_test.dart: table HTML remains literal or safe: Text `<table><tr onclick="example()"><td>Cell</td></tr></table>`
11:18 +1643 -1: /home/albert/busystack/busymark/test/src/authored_html_diagnostics_test.dart: table HTML remains literal or safe: Text \<table>\<tr onclick="example()">\<td>Cell\</td>\</tr>\</table>
11:18 +1644 -1: /home/albert/busystack/busymark/test/src/authored_html_diagnostics_test.dart: table HTML remains literal or safe: ```html
11:18 +1645 -1: /home/albert/busystack/busymark/test/src/authored_html_diagnostics_test.dart: table HTML remains literal or safe:     <table><tr onclick="example()"><td>Cell</td></tr></table>
11:18 +1646 -1: /home/albert/busystack/busymark/test/src/authored_html_diagnostics_test.dart: table HTML remains literal or safe: Text <table><tr title="onclick=example()"><td>Cell</td></tr></table>
11:18 +1647 -1: /home/albert/busystack/busymark/test/src/authored_html_diagnostics_test.dart: HTML location follows parsed source: ```html
11:18 +1648 -1: /home/albert/busystack/busymark/test/src/authored_html_diagnostics_test.dart: HTML location follows parsed source:     <script>alert(1)</script>
11:18 +1649 -1: /home/albert/busystack/busymark/test/src/authored_html_diagnostics_test.dart: HTML location follows parsed source: <div>
11:18 +1650 -1: /home/albert/busystack/busymark/test/src/authored_html_diagnostics_test.dart: HTML location follows parsed source: <div>
11:18 +1651 -1: /home/albert/busystack/busymark/test/src/authored_html_diagnostics_test.dart: HTML location follows parsed source: [^unused]: <script>alert(1)</script>
11:18 +1652 -1: /home/albert/busystack/busymark/test/src/authored_html_diagnostics_test.dart: HTML location follows parsed source: [^used]: <script>alert(1)</script>
11:18 +1653 -1: /home/albert/busystack/busymark/test/src/authored_html_diagnostics_test.dart: HTML location follows parsed source: - ```html
11:18 +1654 -1: /home/albert/busystack/busymark/test/src/authored_html_diagnostics_test.dart: HTML location follows parsed source: `<script>alert(1)</script>` then <script>alert(1)</script>
11:18 +1655 -1: /home/albert/busystack/busymark/test/src/authored_html_diagnostics_test.dart: HTML location follows parsed source: `` <script>alert(1)</script> ``
11:18 +1656 -1: /home/albert/busystack/busymark/test/src/authored_html_diagnostics_test.dart: HTML location follows parsed source: > ```html
11:18 +1657 -1: /home/albert/busystack/busymark/test/src/authored_html_diagnostics_test.dart: HTML location follows parsed source: - Example
11:18 +1658 -1: /home/albert/busystack/busymark/test/src/authored_html_diagnostics_test.dart: HTML location follows parsed source: > - `<script>alert(1)</script>` then <script>alert(1)</script>
11:18 +1659 -1: /home/albert/busystack/busymark/test/src/authored_html_diagnostics_test.dart: HTML location follows parsed source: ---
11:18 +1660 -1: /home/albert/busystack/busymark/test/src/authored_html_diagnostics_test.dart: HTML location follows parsed source: ```html
11:18 +1661 -1: /home/albert/busystack/busymark/test/src/authored_html_diagnostics_test.dart: HTML location follows parsed source: | Code | HTML |
11:18 +1662 -1: /home/albert/busystack/busymark/test/src/authored_html_diagnostics_test.dart: HTML location follows parsed source: | One |
11:18 +1663 -1: /home/albert/busystack/busymark/test/src/authored_html_diagnostics_test.dart: HTML location follows parsed source: `a  <script>alert(1)</script>`
11:18 +1664 -1: /home/albert/busystack/busymark/test/src/authored_html_diagnostics_test.dart: unsafe Markdown URLs are located at the link, after literal examples
11:18 +1665 -1: loading /home/albert/busystack/busymark/test/src/window_control_service_test.dart
11:19 +1665 -1: /home/albert/busystack/busymark/test/src/window_control_service_test.dart: button and native close requests share one pending confirmation
11:19 +1666 -1: /home/albert/busystack/busymark/test/src/window_control_service_test.dart: initializes prevent-close interception
11:19 +1667 -1: /home/albert/busystack/busymark/test/src/window_control_service_test.dart: toggles full screen and tracks native window-state changes
11:19 +1668 -1: /home/albert/busystack/busymark/test/src/window_control_service_test.dart: no dirty documents closes without dialog
11:19 +1669 -1: /home/albert/busystack/busymark/test/src/window_control_service_test.dart: dirty documents with confirmation enabled show dialog
11:19 +1670 -1: /home/albert/busystack/busymark/test/src/window_control_service_test.dart: dirty documents with confirmation disabled close directly
11:19 +1671 -1: /home/albert/busystack/busymark/test/src/window_control_service_test.dart: discard closes after disabling prevent-close
11:19 +1672 -1: /home/albert/busystack/busymark/test/src/window_control_service_test.dart: save closes only when saving succeeds
11:19 +1673 -1: /home/albert/busystack/busymark/test/src/window_control_service_test.dart: save failure keeps the app open
11:19 +1674 -1: loading /home/albert/busystack/busymark/test/src/wysiwyg_code_block_editing_test.dart
11:21 +1674 -1: /home/albert/busystack/busymark/test/src/wysiwyg_code_block_editing_test.dart: terminal code block gets a non-serializing trailing paragraph
11:21 +1675 -1: /home/albert/busystack/busymark/test/src/wysiwyg_code_block_editing_test.dart: Enter inserts a newline within one code block
11:23 +1676 -1: /home/albert/busystack/busymark/test/src/wysiwyg_code_block_editing_test.dart: a code block created by editing also retains a trailing paragraph
11:23 +1677 -1: /home/albert/busystack/busymark/test/src/wysiwyg_code_block_editing_test.dart: third terminal Enter exits code and removes the two empty lines
11:23 +1678 -1: /home/albert/busystack/busymark/test/src/wysiwyg_code_block_editing_test.dart: exiting before existing content inserts a transient paragraph
11:23 +1679 -1: /home/albert/busystack/busymark/test/src/wysiwyg_code_block_editing_test.dart: Enter in the trailing paragraph records an intentional blank
11:23 +1680 -1: /home/albert/busystack/busymark/test/src/wysiwyg_code_block_editing_test.dart: code Enter stays in the multiline code field
11:25 +1681 -1: /home/albert/busystack/busymark/test/src/wysiwyg_code_block_editing_test.dart: Ctrl+Enter exits into the trailing paragraph
11:25 +1682 -1: /home/albert/busystack/busymark/test/src/wysiwyg_code_block_editing_test.dart: Arrow Down exits a terminal code block
11:25 +1683 -1: loading /home/albert/busystack/busymark/test/src/document_format_indicator_test.dart
11:27 +1683 -1: /home/albert/busystack/busymark/test/src/document_format_indicator_test.dart: shows only a compact line-ending label
11:28 +1684 -1: /home/albert/busystack/busymark/test/src/document_format_indicator_test.dart: makes BOM visible and keeps final-newline detail compact
11:28 +1685 -1: /home/albert/busystack/busymark/test/src/document_format_indicator_test.dart: uses a compact technical label for mixed line endings
11:28 +1686 -1: loading /home/albert/busystack/busymark/test/src/spelling_editor_integration_test.dart
11:36 +1686 -1: /home/albert/busystack/busymark/test/src/spelling_editor_integration_test.dart: ordinary WYSIWYG selection never suppresses spelling underlines
11:36 +1687 -1: /home/albert/busystack/busymark/test/src/spelling_editor_integration_test.dart: source spelling correction is one exact transaction
11:37 +1688 -1: /home/albert/busystack/busymark/test/src/spelling_editor_integration_test.dart: formatted rich correction preserves structure and publishes once
11:37 +1689 -1: /home/albert/busystack/busymark/test/src/spelling_editor_integration_test.dart: rich image spelling preserves source and one undo step
11:37 +1690 -1: /home/albert/busystack/busymark/test/src/spelling_editor_integration_test.dart: rich nested code and math spelling preserves source and undo
11:38 +1691 -1: /home/albert/busystack/busymark/test/src/spelling_editor_integration_test.dart: rich nested address and math spelling preserves source and undo
11:38 +1692 -1: /home/albert/busystack/busymark/test/src/spelling_editor_integration_test.dart: rich table image spelling preserves authored cell syntax
11:38 +1693 -1: /home/albert/busystack/busymark/test/src/spelling_editor_integration_test.dart: delayed rich image preparation refuses a newer revision
11:38 +1694 -1: /home/albert/busystack/busymark/test/src/spelling_editor_integration_test.dart: delayed math image preparation refuses a newer revision
11:39 +1695 -1: /home/albert/busystack/busymark/test/src/spelling_editor_integration_test.dart: rich correction preserves entities and translates later anchors
11:39 +1696 -1: /home/albert/busystack/busymark/test/src/spelling_editor_integration_test.dart: rich hard-break correction keeps later source anchor
11:39 +1697 -1: /home/albert/busystack/busymark/test/src/spelling_editor_integration_test.dart: rich table correction preserves encoded cell source
11:39 +1698 -1: /home/albert/busystack/busymark/test/src/spelling_editor_integration_test.dart: rich table-cell correction preserves link and publishes sessions once
11:39 +1699 -1: /home/albert/busystack/busymark/test/src/spelling_editor_integration_test.dart: rich underline painter keeps confirmed helo visible at caret
11:39 +1700 -1: /home/albert/busystack/busymark/test/src/spelling_editor_integration_test.dart: table cell underline uses the live cell composing range
11:39 +1701 -1: loading /home/albert/busystack/busymark/test/src/generated_svg_normalizer_test.dart
11:40 +1701 -1: /home/albert/busystack/busymark/test/src/generated_svg_normalizer_test.dart: inlines safe generated CSS into a vector-only SVG
11:40 +1702 -1: /home/albert/busystack/busymark/test/src/generated_svg_normalizer_test.dart: keeps sanitized foreignObject only in the browser raster input
11:40 +1703 -1: /home/albert/busystack/busymark/test/src/generated_svg_normalizer_test.dart: removes SVG and CSS animations
11:40 +1704 -1: /home/albert/busystack/busymark/test/src/generated_svg_normalizer_test.dart: rejects remote, executable, and escaped CSS URLs
11:40 +1705 -1: /home/albert/busystack/busymark/test/src/generated_svg_normalizer_test.dart: allows embedded D2-style fonts but rejects remote image attributes
11:41 +1706 -1: /home/albert/busystack/busymark/test/src/generated_svg_normalizer_test.dart: requires rasterization for CSS the vector inliner cannot preserve
11:41 +1707 -1: /home/albert/busystack/busymark/test/src/generated_svg_normalizer_test.dart: preserves safe browser-only inline CSS and rasterizes it
11:41 +1708 -1: /home/albert/busystack/busymark/test/src/generated_svg_normalizer_test.dart: removes unsafe URLs from inline CSS
11:41 +1709 -1: /home/albert/busystack/busymark/test/src/generated_svg_normalizer_test.dart: does not claim a vector result when CSS cascade resolution is needed
11:41 +1710 -1: /home/albert/busystack/busymark/test/src/generated_svg_normalizer_test.dart: rejects declarations, excessive complexity, and invalid dimensions
11:41 +1711 -1: /home/albert/busystack/busymark/test/src/generated_svg_normalizer_test.dart: applies the size limit to UTF-8 bytes
11:41 +1712 -1: loading /home/albert/busystack/busymark/test/src/openapi_dependency_resolver_test.dart
11:41 +1712 -1: /home/albert/busystack/busymark/test/src/openapi_dependency_resolver_test.dart: remote requests reject existing local references before reading dependencies
11:41 +1713 -1: /home/albert/busystack/busymark/test/src/openapi_dependency_resolver_test.dart: resolves local files, hashes them, and terminates circular schemas
11:41 +1714 -1: /home/albert/busystack/busymark/test/src/openapi_dependency_resolver_test.dart: keeps internal-only references independent of a saved path
11:41 +1715 -1: /home/albert/busystack/busymark/test/src/openapi_dependency_resolver_test.dart: rejects remote, absolute, malformed, and unsupported references
11:41 +1716 -1: /home/albert/busystack/busymark/test/src/openapi_dependency_resolver_test.dart: reports an unsaved document that contains a local reference
11:42 +1717 -1: /home/albert/busystack/busymark/test/src/openapi_dependency_resolver_test.dart: converts traversal and symlink escapes into typed diagnostics
11:42 +1718 -1: /home/albert/busystack/busymark/test/src/openapi_dependency_resolver_test.dart: enforces dependency count and byte limits
11:42 +1719 -1: loading /home/albert/busystack/busymark/test/src/writerside_video_player_host_test.dart
11:44 +1719 -1: /home/albert/busystack/busymark/test/src/writerside_video_player_host_test.dart: platform host sends reduced source and geometry over one channel
11:44 +1720 -1: /home/albert/busystack/busymark/test/src/writerside_video_player_host_test.dart: Linux player keeps interactive media in a restricted WebKit host
11:44 +1721 -1: loading /home/albert/busystack/busymark/test/src/export_options_test.dart
11:45 +1721 -1: /home/albert/busystack/busymark/test/src/export_options_test.dart: defaults retain PDF geometry and independent HTML reading appearance
11:45 +1722 -1: /home/albert/busystack/busymark/test/src/export_options_test.dart: every option persists and copies without losing unrelated fields
11:45 +1723 -1: /home/albert/busystack/busymark/test/src/export_options_test.dart: absent and malformed persisted values fall back per field
11:45 +1724 -1: /home/albert/busystack/busymark/test/src/export_options_test.dart: geometry resolves dimensions, orientation and four independent margins
11:45 +1725 -1: /home/albert/busystack/busymark/test/src/export_options_test.dart: payload contains resolved geometry and every renderer option as data
11:45 +1726 -1: loading /home/albert/busystack/busymark/test/src/nextcloud_workspace_test.dart
11:47 +1726 -1: /home/albert/busystack/busymark/test/src/nextcloud_workspace_test.dart: unsaved draft edits during confirmation require another review
11:48 +1727 -1: /home/albert/busystack/busymark/test/src/nextcloud_workspace_test.dart: an unsaved independently opened candidate blocks consolidation without orphaning its tab
11:49 +1728 -1: /home/albert/busystack/busymark/test/src/nextcloud_workspace_test.dart: Save, Save All, autosave and shutdown durably retain offline notes
11:49 +1729 -1: /home/albert/busystack/busymark/test/src/nextcloud_workspace_test.dart: immediate persistence cannot deadlock a remote save
11:49 +1730 -1: /home/albert/busystack/busymark/test/src/nextcloud_workspace_test.dart: unsaved editor base survives refresh (in flight: false)
11:49 +1731 -1: /home/albert/busystack/busymark/test/src/nextcloud_workspace_test.dart: unsaved editor base survives refresh (in flight: true)
11:49 +1732 -1: /home/albert/busystack/busymark/test/src/nextcloud_workspace_test.dart: removed active note activates remaining tab (explicit: false)
11:49 +1733 -1: /home/albert/busystack/busymark/test/src/nextcloud_workspace_test.dart: removed active note activates remaining tab (explicit: true)
11:50 +1734 -1: /home/albert/busystack/busymark/test/src/nextcloud_workspace_test.dart: remote session restores content and pending sync from SQLite after restart
11:50 +1735 -1: /home/albert/busystack/busymark/test/src/nextcloud_workspace_test.dart: remote Save As keeps account, buffer identity and pending operation
11:50 +1736 -1: /home/albert/busystack/busymark/test/src/nextcloud_workspace_test.dart: closing the final remote tab leaves its Notes workspace and outbox
11:50 +1737 -1: /home/albert/busystack/busymark/test/src/nextcloud_workspace_test.dart: remote history restore is a durable new local edit
11:50 +1738 -1: /home/albert/busystack/busymark/test/src/nextcloud_workspace_test.dart: removing an open remote account clears its session
11:50 +1739 -1: loading /home/albert/busystack/busymark/test/src/source_folding_test.dart
11:51 +1739 -1: /home/albert/busystack/busymark/test/src/source_folding_test.dart: line starts map to the following source line
11:51 +1740 -1: /home/albert/busystack/busymark/test/src/source_folding_test.dart: markdown folding detects sections lists quotes and code blocks
11:51 +1741 -1: /home/albert/busystack/busymark/test/src/source_folding_test.dart: markdown folding keeps shorter fence runs inside dynamic fences
11:51 +1742 -1: /home/albert/busystack/busymark/test/src/source_folding_test.dart: markdown structures inside fences do not create fold regions
11:51 +1743 -1: /home/albert/busystack/busymark/test/src/source_folding_test.dart: xml folding ignores tags inside multiline comments and CDATA
11:51 +1744 -1: /home/albert/busystack/busymark/test/src/source_folding_test.dart: xml folding ignores greater-than signs inside quoted attributes
11:51 +1745 -1: /home/albert/busystack/busymark/test/src/source_folding_test.dart: xml folding scans opening tags across source lines
11:51 +1746 -1: /home/albert/busystack/busymark/test/src/source_folding_test.dart: xml folding skips processing instructions and declarations
11:51 +1747 -1: /home/albert/busystack/busymark/test/src/source_folding_test.dart: markdown folding does not join separate indented code blocks
11:51 +1748 -1: /home/albert/busystack/busymark/test/src/source_folding_test.dart: collapsed gutter entries preserve source line numbers
11:51 +1749 -1: /home/albert/busystack/busymark/test/src/source_folding_test.dart: collapsing one repeated markdown subsection keeps peer sections visible
11:51 +1750 -1: /home/albert/busystack/busymark/test/src/source_folding_test.dart: xml folding detects simple multiline tag blocks
11:51 +1751 -1: /home/albert/busystack/busymark/test/src/source_folding_test.dart: markdown folding detects nested headings task lists and blockquotes
11:51 +1752 -1: /home/albert/busystack/busymark/test/src/source_folding_test.dart: xml folding handles nested same-name tags with a stack
11:51 +1753 -1: /home/albert/busystack/busymark/test/src/source_folding_test.dart: malformed xml does not create unsafe fold ranges
11:51 +1754 -1: /home/albert/busystack/busymark/test/src/source_folding_test.dart: line info supports CRLF endings
11:51 +1755 -1: loading /home/albert/busystack/busymark/test/src/spelling_packaging_audit_test.dart
11:52 +1755 -1: /home/albert/busystack/busymark/test/src/spelling_packaging_audit_test.dart: shipped spelling catalog is metadata-only and revision pinned
11:52 +1756 -1: /home/albert/busystack/busymark/test/src/spelling_packaging_audit_test.dart: ordinary Linux release does not prepare all-language pairs
11:52 +1757 -1: /home/albert/busystack/busymark/test/src/spelling_packaging_audit_test.dart: committed spelling checksum inventory matches exact shipped bytes
11:52 +1758 -1: /home/albert/busystack/busymark/test/src/spelling_packaging_audit_test.dart: native spelling notices are explicit installed artifacts
11:52 +1759 -1: /home/albert/busystack/busymark/test/src/spelling_packaging_audit_test.dart: strict Snap smoke performs and verifies a local revision transition
11:52 +1760 -1: loading /home/albert/busystack/busymark/test/src/writerside_instance_service_test.dart
11:53 +1760 -1: /home/albert/busystack/busymark/test/src/writerside_instance_service_test.dart: creates and registers an empty instance with build settings
11:54 +1761 -1: /home/albert/busystack/busymark/test/src/writerside_instance_service_test.dart: creates a non-publishing TOC library instance
11:54 +1762 -1: /home/albert/busystack/busymark/test/src/writerside_instance_service_test.dart: imports selected Markdown and its referenced local media
11:54 +1763 -1: /home/albert/busystack/busymark/test/src/writerside_instance_service_test.dart: renames an instance and refactors documented project references
11:54 +1764 -1: /home/albert/busystack/busymark/test/src/writerside_instance_service_test.dart: first topic added to an empty instance becomes its home page
11:54 +1765 -1: /home/albert/busystack/busymark/test/src/writerside_instance_service_test.dart: invalid project XML blocks an instance ID refactor without changing files
11:54 +1766 -1: /home/albert/busystack/busymark/test/src/writerside_instance_service_test.dart: concurrent config change prevents every instance publication
11:54 +1767 -1: /home/albert/busystack/busymark/test/src/writerside_instance_service_test.dart: existing-instance Markdown topic import copies selected topics, media, and inserts root entries in order
11:55 +1768 -1: /home/albert/busystack/busymark/test/src/writerside_instance_service_test.dart: existing-instance Markdown topic import inserts several siblings after the exact reference in list order
11:55 +1769 -1: /home/albert/busystack/busymark/test/src/writerside_instance_service_test.dart: existing-instance Markdown topic import initializes only the first imported topic as the start page
11:55 +1770 -1: /home/albert/busystack/busymark/test/src/writerside_instance_service_test.dart: existing-instance Markdown topic import rejects batch, existing-ID, target, and invalid-name conflicts
11:55 +1771 -1: /home/albert/busystack/busymark/test/src/writerside_instance_service_test.dart: existing-instance Markdown topic import accepts a Unicode topic filename
11:55 +1772 -1: /home/albert/busystack/busymark/test/src/writerside_instance_service_test.dart: existing-instance Markdown topic import rejects a stale reference identity without publishing files
11:55 +1773 -1: /home/albert/busystack/busymark/test/src/writerside_instance_service_test.dart: existing-instance Markdown topic import discovered-but-unparsed topic basename blocks import
11:55 +1774 -1: /home/albert/busystack/busymark/test/src/writerside_instance_service_test.dart: existing-instance Markdown topic import fails closed when semantic topic discovery is incomplete
11:55 +1775 -1: /home/albert/busystack/busymark/test/src/writerside_instance_service_test.dart: existing-instance Markdown topic import revalidates IDs before publishing and leaves no partial import
11:56 +1776 -1: /home/albert/busystack/busymark/test/src/writerside_instance_service_test.dart: existing-instance Markdown topic import allows an unrelated topic created before publication
11:56 +1777 -1: /home/albert/busystack/busymark/test/src/writerside_instance_service_test.dart: new-instance import rejects existing and selected-batch topic IDs
11:56 +1778 -1: /home/albert/busystack/busymark/test/src/writerside_instance_service_test.dart: new-instance import rejects an invalid topic filename
11:56 +1779 -1: /home/albert/busystack/busymark/test/src/writerside_instance_service_test.dart: new-instance import fails closed on incomplete discovery
11:56 +1780 -1: loading /home/albert/busystack/busymark/test/src/validation_consistency_test.dart
11:57 +1780 -1: /home/albert/busystack/busymark/test/src/validation_consistency_test.dart: module load, topic validation, and config validation agree and clear fixes
11:57 +1781 -1: /home/albert/busystack/busymark/test/src/validation_consistency_test.dart: editing a target refreshes diagnostics in the referencing topic
11:57 +1782 -1: /home/albert/busystack/busymark/test/src/validation_consistency_test.dart: local variables, comments, interpolation controls and optional includes agree
11:57 +1783 -1: /home/albert/busystack/busymark/test/src/validation_consistency_test.dart: interpolated includes agree across load, topic and config validation
11:58 +1784 -1: /home/albert/busystack/busymark/test/src/validation_consistency_test.dart: local variable scope identity includes its declaring topic
11:58 +1785 -1: /home/albert/busystack/busymark/test/src/validation_consistency_test.dart: cross-module includes refresh when their target changes
11:58 +1786 -1: /home/albert/busystack/busymark/test/src/validation_consistency_test.dart: malformed glossary and keymap XML report the supporting file and clear after repair
11:58 +1787 -1: /home/albert/busystack/busymark/test/src/validation_consistency_test.dart: Markdown validation preserves other files and scan warnings while clearing active errors
11:58 +1788 -1: /home/albert/busystack/busymark/test/src/validation_consistency_test.dart: linked anchors use dirty buffers and canonical self-links, caching targets
11:58 +1789 -1: /home/albert/busystack/busymark/test/src/validation_consistency_test.dart: large buffered targets parse asynchronously and missing saved targets use their buffers
11:59 +1790 -1: /home/albert/busystack/busymark/test/src/validation_consistency_test.dart: front matter requires complete delimiter lines with LF and CRLF
11:59 +1791 -1: /home/albert/busystack/busymark/test/src/validation_consistency_test.dart: HTML diagnostics exclude prose and literal code without relaxing rendering policy
11:59 +1792 -1: /home/albert/busystack/busymark/test/src/validation_consistency_test.dart: location maps are reused within a parse and released between parses
11:59 +1793 -1: loading /home/albert/busystack/busymark/test/src/nextcloud_login_flow_test.dart
12:00 +1793 -1: /home/albert/busystack/busymark/test/src/nextcloud_login_flow_test.dart: Nextcloud installation URLs normalizes the root URL and preserves installation prefixes
12:00 +1794 -1: /home/albert/busystack/busymark/test/src/nextcloud_login_flow_test.dart: Nextcloud installation URLs rejects malformed and unsafe installation URLs
12:00 +1795 -1: /home/albert/busystack/busymark/test/src/nextcloud_login_flow_test.dart: Nextcloud installation URLs routes cannot reset a prefix or change origin
12:00 +1796 -1: /home/albert/busystack/busymark/test/src/nextcloud_login_flow_test.dart: Login Flow v2 anonymous start, browser, pending poll and canonical exact success
12:00 +1797 -1: /home/albert/busystack/busymark/test/src/nextcloud_login_flow_test.dart: Login Flow v2 production login rejects HTTP before network or browser
12:00 +1798 -1: /home/albert/busystack/busymark/test/src/nextcloud_login_flow_test.dart: Login Flow v2 token expires at twenty minutes without extra poll
12:00 +1799 -1: /home/albert/busystack/busymark/test/src/nextcloud_login_flow_test.dart: Login Flow v2 user can cancel while waiting without another poll
12:00 +1800 -1: /home/albert/busystack/busymark/test/src/nextcloud_login_flow_test.dart: Login Flow v2 cancel racing a success revokes the returned app password
12:00 +1801 -1: /home/albert/busystack/busymark/test/src/nextcloud_login_flow_test.dart: Login Flow v2 failed external browser launch does not begin polling
12:00 +1802 -1: /home/albert/busystack/busymark/test/src/nextcloud_login_flow_test.dart: Login Flow v2 rejects malformed responses and unsafe returned flow endpoints
12:00 +1803 -1: /home/albert/busystack/busymark/test/src/nextcloud_login_flow_test.dart: Login Flow v2 pending status is only 404; other status and redirects are errors
12:00 +1804 -1: /home/albert/busystack/busymark/test/src/nextcloud_login_flow_test.dart: Login Flow v2 malformed credentials never become an account
12:00 +1805 -1: /home/albert/busystack/busymark/test/src/nextcloud_login_flow_test.dart: Login Flow v2 network failures have sanitized diagnostics
12:00 +1806 -1: loading /home/albert/busystack/busymark/test/src/writerside_collapsible_test.dart
12:01 +1806 -1: /home/albert/busystack/busymark/test/src/writerside_collapsible_test.dart: Writerside Markdown collapsible chapter owns its section
12:01 +1807 -1: /home/albert/busystack/busymark/test/src/writerside_collapsible_test.dart: ordinary Markdown keeps Writerside collapse syntax literal
12:01 +1808 -1: /home/albert/busystack/busymark/test/src/writerside_collapsible_test.dart: ordinary Markdown does not assign semantic Writerside collapse
12:01 +1809 -1: /home/albert/busystack/busymark/test/src/writerside_collapsible_test.dart: Writerside fenced code consumes its collapsible attribute line
12:01 +1810 -1: /home/albert/busystack/busymark/test/src/writerside_collapsible_test.dart: edited collapsible blocks serialize valid Writerside attributes
12:01 +1811 -1: /home/albert/busystack/busymark/test/src/writerside_collapsible_test.dart: ordinary fenced code does not consume a collapse attribute line
12:01 +1812 -1: /home/albert/busystack/busymark/test/src/writerside_collapsible_test.dart: semantic collapsible elements become structured preview content
12:01 +1813 -1: /home/albert/busystack/busymark/test/src/writerside_collapsible_test.dart: Writerside XML topic preview keeps collapsible content nested
12:03 +1814 -1: /home/albert/busystack/busymark/test/src/writerside_collapsible_test.dart: shared collapse control honors default state and toggles
12:03 +1815 -1: /home/albert/busystack/busymark/test/src/writerside_collapsible_test.dart: WYSIWYG collapses only Writerside chapter content
12:04 +1816 -1: loading /home/albert/busystack/busymark/test/src/export_review_regression_test.dart
12:05 +1816 -1: /home/albert/busystack/busymark/test/src/export_review_regression_test.dart: Writerside PDF retains percent-encoded non-ASCII footnote labels
12:07 +1817 -1: /home/albert/busystack/busymark/test/src/export_review_regression_test.dart: included footnotes use separate document-occurrence namespaces
12:07 +1818 -1: /home/albert/busystack/busymark/test/src/export_review_regression_test.dart: Writerside diagram and paragraph collisions retain each occurrence (XML=false)
12:07 +1819 -1: /home/albert/busystack/busymark/test/src/export_review_regression_test.dart: Writerside diagram and paragraph collisions retain each occurrence (XML=true)
12:07 +1820 -1: /home/albert/busystack/busymark/test/src/export_review_regression_test.dart: repeated includes receive distinct nested occurrence IDs
12:08 +1821 -1: /home/albert/busystack/busymark/test/src/export_review_regression_test.dart: mapper cannot substitute a diagram for a colliding paragraph
12:08 +1822 -1: /home/albert/busystack/busymark/test/src/export_review_regression_test.dart: Writerside rejects outside file URIs and symlinks while staging shared-module images
12:08 +1823 -1: /home/albert/busystack/busymark/test/src/export_review_regression_test.dart: cross-instance navigation is not published (reference only=false)
12:08 +1824 -1: /home/albert/busystack/busymark/test/src/export_review_regression_test.dart: cross-instance navigation is not published (reference only=true)
12:08 +1825 -1: /home/albert/busystack/busymark/test/src/export_review_regression_test.dart: explicit raw anchor is reserved (first=true)
12:08 +1826 -1: /home/albert/busystack/busymark/test/src/export_review_regression_test.dart: explicit inline anchor is reserved (first=true)
12:08 +1827 -1: /home/albert/busystack/busymark/test/src/export_review_regression_test.dart: explicit raw anchor is reserved (first=false)
12:08 +1828 -1: /home/albert/busystack/busymark/test/src/export_review_regression_test.dart: explicit inline anchor is reserved (first=false)
12:08 +1829 -1: /home/albert/busystack/busymark/test/src/export_review_regression_test.dart: collapsible headings keep numbering and actual outline order
12:08 +1830 -1: /home/albert/busystack/busymark/test/src/export_review_regression_test.dart: malformed encoded link becomes a source warning (false #%FF)
12:08 +1831 -1: /home/albert/busystack/busymark/test/src/export_review_regression_test.dart: malformed encoded link becomes a source warning (false %FF.md)
12:08 +1832 -1: /home/albert/busystack/busymark/test/src/export_review_regression_test.dart: malformed encoded link becomes a source warning (false file%FF.txt)
12:08 +1833 -1: /home/albert/busystack/busymark/test/src/export_review_regression_test.dart: malformed encoded link becomes a source warning (true #%FF)
12:08 +1834 -1: /home/albert/busystack/busymark/test/src/export_review_regression_test.dart: malformed encoded link becomes a source warning (true %FF.md)
12:08 +1835 -1: /home/albert/busystack/busymark/test/src/export_review_regression_test.dart: malformed encoded link becomes a source warning (true file%FF.txt)
12:08 +1836 -1: /home/albert/busystack/busymark/test/src/export_review_regression_test.dart: combined Writerside PDF keeps diagrams and scoped notes without reading an outside image
12:08 +1837 -1: /home/albert/busystack/busymark/test/src/export_review_regression_test.dart: ordinary Markdown footnotes compile with retained definitions and repeated references
12:08 +1838 -1: loading /home/albert/busystack/busymark/test/src/wysiwyg_selection_lifecycle_test.dart
12:09 +1838 -1: /home/albert/busystack/busymark/test/src/wysiwyg_selection_lifecycle_test.dart: table-only committed newline and continued typing replace a table-ended selection
12:11 +1839 -1: /home/albert/busystack/busymark/test/src/wysiwyg_selection_lifecycle_test.dart: leading table committed newline and continued typing replace a table-ended selection
12:12 +1840 -1: /home/albert/busystack/busymark/test/src/wysiwyg_selection_lifecycle_test.dart: trailing table committed newline and continued typing replace a table-ended selection
12:13 +1841 -1: /home/albert/busystack/busymark/test/src/wysiwyg_selection_lifecycle_test.dart: consecutive tables committed newline and continued typing replace a table-ended selection
12:13 +1842 -1: /home/albert/busystack/busymark/test/src/wysiwyg_selection_lifecycle_test.dart: table-only reverse=false collapse Arrow Left control=false
12:13 +1843 -1: /home/albert/busystack/busymark/test/src/wysiwyg_selection_lifecycle_test.dart: table-only reverse=false collapse Arrow Up control=false
12:14 +1844 -1: /home/albert/busystack/busymark/test/src/wysiwyg_selection_lifecycle_test.dart: table-only reverse=false collapse Arrow Right control=false
12:14 +1845 -1: /home/albert/busystack/busymark/test/src/wysiwyg_selection_lifecycle_test.dart: table-only reverse=false collapse Arrow Down control=false
12:14 +1846 -1: /home/albert/busystack/busymark/test/src/wysiwyg_selection_lifecycle_test.dart: table-only reverse=false collapse Arrow Left control=true
12:15 +1847 -1: /home/albert/busystack/busymark/test/src/wysiwyg_selection_lifecycle_test.dart: table-only reverse=false collapse Arrow Right control=true
12:15 +1848 -1: /home/albert/busystack/busymark/test/src/wysiwyg_selection_lifecycle_test.dart: table-only reverse=false composing commit uses real input
12:15 +1849 -1: /home/albert/busystack/busymark/test/src/wysiwyg_selection_lifecycle_test.dart: table-only reverse=false composing cancel uses real input
12:16 +1850 -1: /home/albert/busystack/busymark/test/src/wysiwyg_selection_lifecycle_test.dart: table-only reverse=true collapse Arrow Left control=false
12:16 +1851 -1: /home/albert/busystack/busymark/test/src/wysiwyg_selection_lifecycle_test.dart: table-only reverse=true collapse Arrow Up control=false
12:16 +1852 -1: /home/albert/busystack/busymark/test/src/wysiwyg_selection_lifecycle_test.dart: table-only reverse=true collapse Arrow Right control=false
12:16 +1853 -1: /home/albert/busystack/busymark/test/src/wysiwyg_selection_lifecycle_test.dart: table-only reverse=true collapse Arrow Down control=false
12:16 +1854 -1: /home/albert/busystack/busymark/test/src/wysiwyg_selection_lifecycle_test.dart: table-only reverse=true collapse Arrow Left control=true
12:17 +1855 -1: /home/albert/busystack/busymark/test/src/wysiwyg_selection_lifecycle_test.dart: table-only reverse=true collapse Arrow Right control=true
12:17 +1856 -1: /home/albert/busystack/busymark/test/src/wysiwyg_selection_lifecycle_test.dart: table-only reverse=true composing commit uses real input
12:17 +1857 -1: /home/albert/busystack/busymark/test/src/wysiwyg_selection_lifecycle_test.dart: table-only reverse=true composing cancel uses real input
12:18 +1858 -1: /home/albert/busystack/busymark/test/src/wysiwyg_selection_lifecycle_test.dart: leading table reverse=false collapse Arrow Left control=false
12:18 +1859 -1: /home/albert/busystack/busymark/test/src/wysiwyg_selection_lifecycle_test.dart: leading table reverse=false collapse Arrow Up control=false
12:18 +1860 -1: /home/albert/busystack/busymark/test/src/wysiwyg_selection_lifecycle_test.dart: leading table reverse=false collapse Arrow Right control=false
12:18 +1861 -1: /home/albert/busystack/busymark/test/src/wysiwyg_selection_lifecycle_test.dart: leading table reverse=false collapse Arrow Down control=false
12:19 +1862 -1: /home/albert/busystack/busymark/test/src/wysiwyg_selection_lifecycle_test.dart: leading table reverse=false collapse Arrow Left control=true
12:19 +1863 -1: /home/albert/busystack/busymark/test/src/wysiwyg_selection_lifecycle_test.dart: leading table reverse=false collapse Arrow Right control=true
12:19 +1864 -1: /home/albert/busystack/busymark/test/src/wysiwyg_selection_lifecycle_test.dart: leading table reverse=true collapse Arrow Left control=false
12:19 +1865 -1: /home/albert/busystack/busymark/test/src/wysiwyg_selection_lifecycle_test.dart: leading table reverse=true collapse Arrow Up control=false
12:19 +1866 -1: /home/albert/busystack/busymark/test/src/wysiwyg_selection_lifecycle_test.dart: leading table reverse=true collapse Arrow Right control=false
12:20 +1867 -1: /home/albert/busystack/busymark/test/src/wysiwyg_selection_lifecycle_test.dart: leading table reverse=true collapse Arrow Down control=false
12:20 +1868 -1: /home/albert/busystack/busymark/test/src/wysiwyg_selection_lifecycle_test.dart: leading table reverse=true collapse Arrow Left control=true
12:20 +1869 -1: /home/albert/busystack/busymark/test/src/wysiwyg_selection_lifecycle_test.dart: leading table reverse=true collapse Arrow Right control=true
12:20 +1870 -1: /home/albert/busystack/busymark/test/src/wysiwyg_selection_lifecycle_test.dart: leading table reverse=true composing commit uses real input
12:21 +1871 -1: /home/albert/busystack/busymark/test/src/wysiwyg_selection_lifecycle_test.dart: leading table reverse=true composing cancel uses real input
12:21 +1872 -1: /home/albert/busystack/busymark/test/src/wysiwyg_selection_lifecycle_test.dart: trailing table reverse=false collapse Arrow Left control=false
12:21 +1873 -1: /home/albert/busystack/busymark/test/src/wysiwyg_selection_lifecycle_test.dart: trailing table reverse=false collapse Arrow Up control=false
12:21 +1874 -1: /home/albert/busystack/busymark/test/src/wysiwyg_selection_lifecycle_test.dart: trailing table reverse=false collapse Arrow Right control=false
12:22 +1875 -1: /home/albert/busystack/busymark/test/src/wysiwyg_selection_lifecycle_test.dart: trailing table reverse=false collapse Arrow Down control=false
12:22 +1876 -1: /home/albert/busystack/busymark/test/src/wysiwyg_selection_lifecycle_test.dart: trailing table reverse=false collapse Arrow Left control=true
12:22 +1877 -1: /home/albert/busystack/busymark/test/src/wysiwyg_selection_lifecycle_test.dart: trailing table reverse=false collapse Arrow Right control=true
12:22 +1878 -1: /home/albert/busystack/busymark/test/src/wysiwyg_selection_lifecycle_test.dart: trailing table reverse=false composing commit uses real input
12:23 +1879 -1: /home/albert/busystack/busymark/test/src/wysiwyg_selection_lifecycle_test.dart: trailing table reverse=false composing cancel uses real input
12:23 +1880 -1: /home/albert/busystack/busymark/test/src/wysiwyg_selection_lifecycle_test.dart: trailing table reverse=true collapse Arrow Left control=false
12:23 +1881 -1: /home/albert/busystack/busymark/test/src/wysiwyg_selection_lifecycle_test.dart: trailing table reverse=true collapse Arrow Up control=false
12:23 +1882 -1: /home/albert/busystack/busymark/test/src/wysiwyg_selection_lifecycle_test.dart: trailing table reverse=true collapse Arrow Right control=false
12:23 +1883 -1: /home/albert/busystack/busymark/test/src/wysiwyg_selection_lifecycle_test.dart: trailing table reverse=true collapse Arrow Down control=false
12:24 +1884 -1: /home/albert/busystack/busymark/test/src/wysiwyg_selection_lifecycle_test.dart: trailing table reverse=true collapse Arrow Left control=true
12:24 +1885 -1: /home/albert/busystack/busymark/test/src/wysiwyg_selection_lifecycle_test.dart: trailing table reverse=true collapse Arrow Right control=true
12:24 +1886 -1: /home/albert/busystack/busymark/test/src/wysiwyg_selection_lifecycle_test.dart: consecutive tables reverse=false collapse Arrow Left control=false
12:24 +1887 -1: /home/albert/busystack/busymark/test/src/wysiwyg_selection_lifecycle_test.dart: consecutive tables reverse=false collapse Arrow Up control=false
12:25 +1888 -1: /home/albert/busystack/busymark/test/src/wysiwyg_selection_lifecycle_test.dart: consecutive tables reverse=false collapse Arrow Right control=false
12:25 +1889 -1: /home/albert/busystack/busymark/test/src/wysiwyg_selection_lifecycle_test.dart: consecutive tables reverse=false collapse Arrow Down control=false
12:25 +1890 -1: /home/albert/busystack/busymark/test/src/wysiwyg_selection_lifecycle_test.dart: consecutive tables reverse=false collapse Arrow Left control=true
12:25 +1891 -1: /home/albert/busystack/busymark/test/src/wysiwyg_selection_lifecycle_test.dart: consecutive tables reverse=false collapse Arrow Right control=true
12:25 +1892 -1: /home/albert/busystack/busymark/test/src/wysiwyg_selection_lifecycle_test.dart: consecutive tables reverse=false composing commit uses real input
12:26 +1893 -1: /home/albert/busystack/busymark/test/src/wysiwyg_selection_lifecycle_test.dart: consecutive tables reverse=false composing cancel uses real input
12:26 +1894 -1: /home/albert/busystack/busymark/test/src/wysiwyg_selection_lifecycle_test.dart: consecutive tables reverse=true collapse Arrow Left control=false
12:26 +1895 -1: /home/albert/busystack/busymark/test/src/wysiwyg_selection_lifecycle_test.dart: consecutive tables reverse=true collapse Arrow Up control=false
12:27 +1896 -1: /home/albert/busystack/busymark/test/src/wysiwyg_selection_lifecycle_test.dart: consecutive tables reverse=true collapse Arrow Right control=false
12:27 +1897 -1: /home/albert/busystack/busymark/test/src/wysiwyg_selection_lifecycle_test.dart: consecutive tables reverse=true collapse Arrow Down control=false
12:27 +1898 -1: /home/albert/busystack/busymark/test/src/wysiwyg_selection_lifecycle_test.dart: consecutive tables reverse=true collapse Arrow Left control=true
12:27 +1899 -1: /home/albert/busystack/busymark/test/src/wysiwyg_selection_lifecycle_test.dart: consecutive tables reverse=true collapse Arrow Right control=true
12:28 +1900 -1: /home/albert/busystack/busymark/test/src/wysiwyg_selection_lifecycle_test.dart: consecutive tables reverse=true composing commit uses real input
12:28 +1901 -1: /home/albert/busystack/busymark/test/src/wysiwyg_selection_lifecycle_test.dart: consecutive tables reverse=true composing cancel uses real input
12:29 +1902 -1: /home/albert/busystack/busymark/test/src/wysiwyg_selection_lifecycle_test.dart: text control reverse=false collapse Arrow Left control=false
12:29 +1903 -1: /home/albert/busystack/busymark/test/src/wysiwyg_selection_lifecycle_test.dart: text control reverse=false collapse Arrow Up control=false
12:29 +1904 -1: /home/albert/busystack/busymark/test/src/wysiwyg_selection_lifecycle_test.dart: text control reverse=false collapse Arrow Right control=false
12:29 +1905 -1: /home/albert/busystack/busymark/test/src/wysiwyg_selection_lifecycle_test.dart: text control reverse=false collapse Arrow Down control=false
12:29 +1906 -1: /home/albert/busystack/busymark/test/src/wysiwyg_selection_lifecycle_test.dart: text control reverse=false collapse Arrow Left control=true
12:29 +1907 -1: /home/albert/busystack/busymark/test/src/wysiwyg_selection_lifecycle_test.dart: text control reverse=false collapse Arrow Right control=true
12:29 +1908 -1: /home/albert/busystack/busymark/test/src/wysiwyg_selection_lifecycle_test.dart: text control reverse=true collapse Arrow Left control=false
12:29 +1909 -1: /home/albert/busystack/busymark/test/src/wysiwyg_selection_lifecycle_test.dart: text control reverse=true collapse Arrow Up control=false
12:30 +1910 -1: /home/albert/busystack/busymark/test/src/wysiwyg_selection_lifecycle_test.dart: text control reverse=true collapse Arrow Right control=false
12:30 +1911 -1: /home/albert/busystack/busymark/test/src/wysiwyg_selection_lifecycle_test.dart: text control reverse=true collapse Arrow Down control=false
12:30 +1912 -1: /home/albert/busystack/busymark/test/src/wysiwyg_selection_lifecycle_test.dart: text control reverse=true collapse Arrow Left control=true
12:30 +1913 -1: /home/albert/busystack/busymark/test/src/wysiwyg_selection_lifecycle_test.dart: text control reverse=true collapse Arrow Right control=true
12:30 +1914 -1: /home/albert/busystack/busymark/test/src/wysiwyg_selection_lifecycle_test.dart: keyboard extension includes consecutive tables and returns to a selected table: (next: LogicalKeyboardKey#857a2(keyId: "0x100000303", keyLabel: "Arrow Right", debugName: "Arrow Right"), previous: LogicalKeyboardKey#860f3(keyId: "0x100000302", keyLabel: "Arrow Left", debugName: "Arrow Left"), word: false)
12:31 +1915 -1: /home/albert/busystack/busymark/test/src/wysiwyg_selection_lifecycle_test.dart: keyboard extension includes consecutive tables and returns to a selected table: (next: LogicalKeyboardKey#857a2(keyId: "0x100000303", keyLabel: "Arrow Right", debugName: "Arrow Right"), previous: LogicalKeyboardKey#860f3(keyId: "0x100000302", keyLabel: "Arrow Left", debugName: "Arrow Left"), word: true)
12:31 +1916 -1: /home/albert/busystack/busymark/test/src/wysiwyg_selection_lifecycle_test.dart: keyboard extension includes consecutive tables and returns to a selected table: (next: LogicalKeyboardKey#80d00(keyId: "0x100000301", keyLabel: "Arrow Down", debugName: "Arrow Down"), previous: LogicalKeyboardKey#88515(keyId: "0x100000304", keyLabel: "Arrow Up", debugName: "Arrow Up"), word: false)
12:32 +1917 -1: /home/albert/busystack/busymark/test/src/wysiwyg_selection_lifecycle_test.dart: old table input client is rejected after selection
12:32 +1918 -1: /home/albert/busystack/busymark/test/src/wysiwyg_selection_lifecycle_test.dart: old table input client is rejected after document
12:32 +1919 -1: /home/albert/busystack/busymark/test/src/wysiwyg_selection_lifecycle_test.dart: old table input client is rejected after same document source
12:32 +1920 -1: /home/albert/busystack/busymark/test/src/wysiwyg_selection_lifecycle_test.dart: old table input client is rejected after disposal
12:33 +1921 -1: /home/albert/busystack/busymark/test/src/wysiwyg_selection_lifecycle_test.dart: empty table copy deletion undo externalHistory=false
12:33 +1922 -1: /home/albert/busystack/busymark/test/src/wysiwyg_selection_lifecycle_test.dart: empty table copy deletion undo externalHistory=true
12:33 +1923 -1: /home/albert/busystack/busymark/test/src/wysiwyg_selection_lifecycle_test.dart: clipboard history replaces selected table through document range
12:34 +1924 -1: /home/albert/busystack/busymark/test/src/wysiwyg_selection_lifecycle_test.dart: partial paragraph to table to paragraph replacement preserves outside text and undo
12:34 +1925 -1: /home/albert/busystack/busymark/test/src/wysiwyg_selection_lifecycle_test.dart: cell-local input cut paste and Tab remain local
12:34 +1926 -1: /home/albert/busystack/busymark/test/src/wysiwyg_selection_lifecycle_test.dart: scrolling owned drag terminates safely by up (variant: TargetPlatform.linux)
12:35 +1927 -1: /home/albert/busystack/busymark/test/src/wysiwyg_selection_lifecycle_test.dart: scrolling owned drag terminates safely by cancel (variant: TargetPlatform.linux)
12:36 +1928 -1: /home/albert/busystack/busymark/test/src/wysiwyg_selection_lifecycle_test.dart: scrolling owned drag terminates safely by document (variant: TargetPlatform.linux)
12:37 +1929 -1: /home/albert/busystack/busymark/test/src/wysiwyg_selection_lifecycle_test.dart: scrolling owned drag terminates safely by disposal (variant: TargetPlatform.linux)
12:37 +1930 -1: /home/albert/busystack/busymark/test/src/wysiwyg_selection_lifecycle_test.dart: restored direct input paragraphs reverse=false lifecycle=recreate external=false
12:38 +1931 -1: /home/albert/busystack/busymark/test/src/wysiwyg_selection_lifecycle_test.dart: restored direct input paragraphs reverse=false lifecycle=recreate external=true
12:38 +1932 -1: /home/albert/busystack/busymark/test/src/wysiwyg_selection_lifecycle_test.dart: restored direct input paragraphs reverse=false lifecycle=reuse external=false
12:38 +1933 -1: /home/albert/busystack/busymark/test/src/wysiwyg_selection_lifecycle_test.dart: restored direct input paragraphs reverse=false lifecycle=reuse external=true
12:39 +1934 -1: /home/albert/busystack/busymark/test/src/wysiwyg_selection_lifecycle_test.dart: restored direct input paragraphs reverse=true lifecycle=recreate external=false
12:39 +1935 -1: /home/albert/busystack/busymark/test/src/wysiwyg_selection_lifecycle_test.dart: restored direct input paragraphs reverse=true lifecycle=recreate external=true
12:39 +1936 -1: /home/albert/busystack/busymark/test/src/wysiwyg_selection_lifecycle_test.dart: restored direct input paragraphs reverse=true lifecycle=reuse external=false
12:40 +1937 -1: /home/albert/busystack/busymark/test/src/wysiwyg_selection_lifecycle_test.dart: restored direct input paragraphs reverse=true lifecycle=reuse external=true
12:40 +1938 -1: /home/albert/busystack/busymark/test/src/wysiwyg_selection_lifecycle_test.dart: restored direct input mixed paragraph reverse=false lifecycle=recreate external=false
12:40 +1939 -1: /home/albert/busystack/busymark/test/src/wysiwyg_selection_lifecycle_test.dart: restored direct input mixed paragraph reverse=false lifecycle=recreate external=true
12:41 +1940 -1: /home/albert/busystack/busymark/test/src/wysiwyg_selection_lifecycle_test.dart: restored direct input mixed paragraph reverse=false lifecycle=reuse external=false
12:41 +1941 -1: /home/albert/busystack/busymark/test/src/wysiwyg_selection_lifecycle_test.dart: restored direct input mixed paragraph reverse=false lifecycle=reuse external=true
12:42 +1942 -1: /home/albert/busystack/busymark/test/src/wysiwyg_selection_lifecycle_test.dart: restored direct input mixed paragraph reverse=true lifecycle=recreate external=false
12:42 +1943 -1: /home/albert/busystack/busymark/test/src/wysiwyg_selection_lifecycle_test.dart: restored direct input mixed paragraph reverse=true lifecycle=recreate external=true
12:42 +1944 -1: /home/albert/busystack/busymark/test/src/wysiwyg_selection_lifecycle_test.dart: restored direct input mixed paragraph reverse=true lifecycle=reuse external=false
12:43 +1945 -1: /home/albert/busystack/busymark/test/src/wysiwyg_selection_lifecycle_test.dart: restored direct input mixed paragraph reverse=true lifecycle=reuse external=true
12:44 +1946 -1: /home/albert/busystack/busymark/test/src/wysiwyg_selection_lifecycle_test.dart: restored direct input list extent reverse=false lifecycle=recreate external=false
12:44 +1947 -1: /home/albert/busystack/busymark/test/src/wysiwyg_selection_lifecycle_test.dart: restored direct input list extent reverse=false lifecycle=recreate external=true
12:45 +1948 -1: /home/albert/busystack/busymark/test/src/wysiwyg_selection_lifecycle_test.dart: restored direct input list extent reverse=false lifecycle=reuse external=false
12:45 +1949 -1: /home/albert/busystack/busymark/test/src/wysiwyg_selection_lifecycle_test.dart: restored direct input list extent reverse=false lifecycle=reuse external=true
12:46 +1950 -1: /home/albert/busystack/busymark/test/src/wysiwyg_selection_lifecycle_test.dart: restored direct input list extent reverse=true lifecycle=recreate external=false
12:46 +1951 -1: /home/albert/busystack/busymark/test/src/wysiwyg_selection_lifecycle_test.dart: restored direct input list extent reverse=true lifecycle=recreate external=true
12:46 +1952 -1: /home/albert/busystack/busymark/test/src/wysiwyg_selection_lifecycle_test.dart: restored direct input list extent reverse=true lifecycle=reuse external=false
12:46 +1953 -1: /home/albert/busystack/busymark/test/src/wysiwyg_selection_lifecycle_test.dart: restored direct input list extent reverse=true lifecycle=reuse external=true
12:47 +1954 -1: /home/albert/busystack/busymark/test/src/wysiwyg_selection_lifecycle_test.dart: restored direct input table extent control reverse=false lifecycle=recreate external=false
12:47 +1955 -1: /home/albert/busystack/busymark/test/src/wysiwyg_selection_lifecycle_test.dart: restored direct input table extent control reverse=false lifecycle=recreate external=true
12:47 +1956 -1: /home/albert/busystack/busymark/test/src/wysiwyg_selection_lifecycle_test.dart: restored direct input table extent control reverse=false lifecycle=reuse external=false
12:48 +1957 -1: /home/albert/busystack/busymark/test/src/wysiwyg_selection_lifecycle_test.dart: restored direct input table extent control reverse=false lifecycle=reuse external=true
12:48 +1958 -1: /home/albert/busystack/busymark/test/src/wysiwyg_selection_lifecycle_test.dart: restored direct input table extent control reverse=true lifecycle=recreate external=false
12:49 +1959 -1: /home/albert/busystack/busymark/test/src/wysiwyg_selection_lifecycle_test.dart: restored direct input table extent control reverse=true lifecycle=recreate external=true
12:49 +1960 -1: /home/albert/busystack/busymark/test/src/wysiwyg_selection_lifecycle_test.dart: restored direct input table extent control reverse=true lifecycle=reuse external=false
12:49 +1961 -1: /home/albert/busystack/busymark/test/src/wysiwyg_selection_lifecycle_test.dart: restored direct input table extent control reverse=true lifecycle=reuse external=true
12:50 +1962 -1: /home/albert/busystack/busymark/test/src/wysiwyg_selection_lifecycle_test.dart: restored ordinary composition matches fresh mixed=false reverse=false cancel=false
12:50 +1963 -1: /home/albert/busystack/busymark/test/src/wysiwyg_selection_lifecycle_test.dart: restored ordinary composition matches fresh mixed=false reverse=false cancel=true
12:50 +1964 -1: /home/albert/busystack/busymark/test/src/wysiwyg_selection_lifecycle_test.dart: restored ordinary composition matches fresh mixed=false reverse=true cancel=false
12:51 +1965 -1: /home/albert/busystack/busymark/test/src/wysiwyg_selection_lifecycle_test.dart: restored ordinary composition matches fresh mixed=false reverse=true cancel=true
12:51 +1966 -1: /home/albert/busystack/busymark/test/src/wysiwyg_selection_lifecycle_test.dart: restored ordinary composition matches fresh mixed=true reverse=false cancel=false
12:52 +1967 -1: /home/albert/busystack/busymark/test/src/wysiwyg_selection_lifecycle_test.dart: restored ordinary composition matches fresh mixed=true reverse=false cancel=true
12:52 +1968 -1: /home/albert/busystack/busymark/test/src/wysiwyg_selection_lifecycle_test.dart: restored ordinary composition matches fresh mixed=true reverse=true cancel=false
12:53 +1969 -1: /home/albert/busystack/busymark/test/src/wysiwyg_selection_lifecycle_test.dart: restored ordinary composition matches fresh mixed=true reverse=true cancel=true
12:53 +1970 -1: /home/albert/busystack/busymark/test/src/wysiwyg_selection_lifecycle_test.dart: restored local paragraph accepts immediate Unicode input
12:54 +1971 -1: /home/albert/busystack/busymark/test/src/wysiwyg_selection_lifecycle_test.dart: restored local cell accepts immediate Unicode input
12:54 +1972 -1: /home/albert/busystack/busymark/test/src/wysiwyg_selection_lifecycle_test.dart: restored input focus is superseded by caret before handoff
12:54 +1973 -1: /home/albert/busystack/busymark/test/src/wysiwyg_selection_lifecycle_test.dart: restored input focus is superseded by range before handoff
12:54 +1974 -1: /home/albert/busystack/busymark/test/src/wysiwyg_selection_lifecycle_test.dart: restored input focus is superseded by document before handoff
12:55 +1975 -1: /home/albert/busystack/busymark/test/src/wysiwyg_selection_lifecycle_test.dart: restored input focus is superseded by tab replacement before handoff
12:55 +1976 -1: /home/albert/busystack/busymark/test/src/wysiwyg_selection_lifecycle_test.dart: restored input focus is superseded by disposal before handoff
12:55 +1977 -1: /home/albert/busystack/busymark/test/src/wysiwyg_selection_lifecycle_test.dart: restored ordinary input retains a scrolled viewport
12:56 +1978 -1: /home/albert/busystack/busymark/test/src/wysiwyg_selection_lifecycle_test.dart: restored ordinary input uses clamped session offsets
12:56 +1979 -1: /home/albert/busystack/busymark/test/src/wysiwyg_selection_lifecycle_test.dart: table preedit owns Backspace until committed input
12:56 +1980 -1: /home/albert/busystack/busymark/test/src/wysiwyg_selection_lifecycle_test.dart: table preedit owns Delete until committed input
12:56 +1981 -1: /home/albert/busystack/busymark/test/src/wysiwyg_selection_lifecycle_test.dart: table preedit owns Enter until committed input
12:57 +1982 -1: /home/albert/busystack/busymark/test/src/wysiwyg_selection_lifecycle_test.dart: table preedit owns Arrow Left until committed input
12:57 +1983 -1: /home/albert/busystack/busymark/test/src/wysiwyg_selection_lifecycle_test.dart: table preedit owns Arrow Right until committed input
12:57 +1984 -1: /home/albert/busystack/busymark/test/src/wysiwyg_selection_lifecycle_test.dart: table preedit owns Arrow Up until committed input
12:57 +1985 -1: /home/albert/busystack/busymark/test/src/wysiwyg_selection_lifecycle_test.dart: table preedit owns Arrow Down until committed input
12:58 +1986 -1: /home/albert/busystack/busymark/test/src/wysiwyg_selection_lifecycle_test.dart: table preedit owns Home until committed input
12:58 +1987 -1: /home/albert/busystack/busymark/test/src/wysiwyg_selection_lifecycle_test.dart: table preedit owns End until committed input
12:58 +1988 -1: /home/albert/busystack/busymark/test/src/wysiwyg_selection_lifecycle_test.dart: a new pointer gesture supersedes deferred table caret start=false
12:58 +1989 -1: /home/albert/busystack/busymark/test/src/wysiwyg_selection_lifecycle_test.dart: a new pointer gesture supersedes deferred table caret start=true
12:58 +1990 -1: /home/albert/busystack/busymark/test/src/wysiwyg_selection_lifecycle_test.dart: paragraph-ended drag up retains committed text input
12:59 +1991 -1: /home/albert/busystack/busymark/test/src/wysiwyg_selection_lifecycle_test.dart: paragraph-ended drag cancel retains committed text input
12:59 +1992 -1: /home/albert/busystack/busymark/test/src/wysiwyg_selection_lifecycle_test.dart: a table context menu cannot follow a changed document during clipboard preparation
12:59 +1993 -1: /home/albert/busystack/busymark/test/src/wysiwyg_selection_lifecycle_test.dart: a table context menu cannot follow a changed document during open menu
13:00 +1994 -1: /home/albert/busystack/busymark/test/src/wysiwyg_selection_lifecycle_test.dart: structured table fragment replaces selected table surrounded=false
13:01 +1995 -1: /home/albert/busystack/busymark/test/src/wysiwyg_selection_lifecycle_test.dart: structured table fragment replaces selected table surrounded=true
13:01 +1996 -1: /home/albert/busystack/busymark/test/src/wysiwyg_selection_lifecycle_test.dart: table-only reverse=false switching a reused editor captures outgoing document selection
13:02 +1997 -1: /home/albert/busystack/busymark/test/src/wysiwyg_selection_lifecycle_test.dart: table-only reverse=true switching a reused editor captures outgoing document selection
13:02 +1998 -1: /home/albert/busystack/busymark/test/src/wysiwyg_selection_lifecycle_test.dart: leading table reverse=false switching a reused editor captures outgoing document selection
13:02 +1999 -1: /home/albert/busystack/busymark/test/src/wysiwyg_selection_lifecycle_test.dart: leading table reverse=true switching a reused editor captures outgoing document selection
13:02 +2000 -1: /home/albert/busystack/busymark/test/src/wysiwyg_selection_lifecycle_test.dart: trailing table reverse=false switching a reused editor captures outgoing document selection
13:03 +2001 -1: /home/albert/busystack/busymark/test/src/wysiwyg_selection_lifecycle_test.dart: trailing table reverse=true switching a reused editor captures outgoing document selection
13:03 +2002 -1: /home/albert/busystack/busymark/test/src/wysiwyg_selection_lifecycle_test.dart: consecutive tables reverse=false switching a reused editor captures outgoing document selection
13:03 +2003 -1: /home/albert/busystack/busymark/test/src/wysiwyg_selection_lifecycle_test.dart: consecutive tables reverse=true switching a reused editor captures outgoing document selection
13:04 +2004 -1: /home/albert/busystack/busymark/test/src/wysiwyg_selection_lifecycle_test.dart: surrounded reverse=false switching a reused editor captures outgoing document selection
13:04 +2005 -1: /home/albert/busystack/busymark/test/src/wysiwyg_selection_lifecycle_test.dart: surrounded reverse=true switching a reused editor captures outgoing document selection
13:05 +2006 -1: /home/albert/busystack/busymark/test/src/wysiwyg_selection_lifecycle_test.dart: document context menu Cut edits only the selected table
13:05 +2007 -1: /home/albert/busystack/busymark/test/src/wysiwyg_selection_lifecycle_test.dart: document context menu Paste edits only the selected table
13:05 +2008 -1: /home/albert/busystack/busymark/test/src/wysiwyg_selection_lifecycle_test.dart: document context menu Paste as Plain Text edits only the selected table
13:06 +2009 -1: /home/albert/busystack/busymark/test/src/wysiwyg_selection_lifecycle_test.dart: undo table deletion restores a real cell caret surrounded=false
13:06 +2010 -1: /home/albert/busystack/busymark/test/src/wysiwyg_selection_lifecycle_test.dart: undo table deletion restores a real cell caret surrounded=true
13:06 +2011 -1: /home/albert/busystack/busymark/test/src/wysiwyg_selection_lifecycle_test.dart: returning to an ordinary collapsed endpoint up restores real typing
13:07 +2012 -1: /home/albert/busystack/busymark/test/src/wysiwyg_selection_lifecycle_test.dart: returning to an ordinary collapsed endpoint cancel restores real typing
13:07 +2013 -1: /home/albert/busystack/busymark/test/src/wysiwyg_selection_lifecycle_test.dart: table-only real Select All survives workspace session JSON and editor recreation
13:07 +2014 -1: /home/albert/busystack/busymark/test/src/wysiwyg_selection_lifecycle_test.dart: table-only real reverse drag survives workspace session JSON and editor recreation
13:07 +2015 -1: /home/albert/busystack/busymark/test/src/wysiwyg_selection_lifecycle_test.dart: leading table real Select All survives workspace session JSON and editor recreation
13:08 +2016 -1: /home/albert/busystack/busymark/test/src/wysiwyg_selection_lifecycle_test.dart: leading table real reverse drag survives workspace session JSON and editor recreation
13:08 +2017 -1: /home/albert/busystack/busymark/test/src/wysiwyg_selection_lifecycle_test.dart: trailing table real Select All survives workspace session JSON and editor recreation
13:08 +2018 -1: /home/albert/busystack/busymark/test/src/wysiwyg_selection_lifecycle_test.dart: trailing table real reverse drag survives workspace session JSON and editor recreation
13:09 +2019 -1: /home/albert/busystack/busymark/test/src/wysiwyg_selection_lifecycle_test.dart: consecutive tables real Select All survives workspace session JSON and editor recreation
13:09 +2020 -1: /home/albert/busystack/busymark/test/src/wysiwyg_selection_lifecycle_test.dart: consecutive tables real reverse drag survives workspace session JSON and editor recreation
13:10 +2021 -1: /home/albert/busystack/busymark/test/src/wysiwyg_selection_lifecycle_test.dart: paragraph local reverse selection restores locally
13:10 +2022 -1: /home/albert/busystack/busymark/test/src/wysiwyg_selection_lifecycle_test.dart: cell local reverse selection restores locally
13:10 +2023 -1: /home/albert/busystack/busymark/test/src/wysiwyg_selection_lifecycle_test.dart: saved table target removed uses current-document fallback
13:10 +2024 -1: /home/albert/busystack/busymark/test/src/wysiwyg_selection_lifecycle_test.dart: saved table target changed kind uses current-document fallback
13:11 +2025 -1: /home/albert/busystack/busymark/test/src/wysiwyg_selection_lifecycle_test.dart: saved table target changed text uses current-document fallback
13:11 +2026 -1: /home/albert/busystack/busymark/test/src/wysiwyg_selection_lifecycle_test.dart: unrelated move and cancel preserve owned block drag
13:11 +2027 -1: /home/albert/busystack/busymark/test/src/wysiwyg_selection_lifecycle_test.dart: unrelated move and cancel preserve owned cell drag
13:11 +2028 -1: /home/albert/busystack/busymark/test/src/wysiwyg_selection_lifecycle_test.dart: ordinary caret navigation preserves table traversal forward=false control=false
13:11 +2029 -1: /home/albert/busystack/busymark/test/src/wysiwyg_selection_lifecycle_test.dart: ordinary caret navigation preserves table traversal forward=false control=true
13:12 +2030 -1: /home/albert/busystack/busymark/test/src/wysiwyg_selection_lifecycle_test.dart: ordinary caret navigation preserves table traversal forward=true control=false
13:12 +2031 -1: /home/albert/busystack/busymark/test/src/wysiwyg_selection_lifecycle_test.dart: ordinary caret navigation preserves table traversal forward=true control=true
13:12 +2032 -1: /home/albert/busystack/busymark/test/src/wysiwyg_selection_lifecycle_test.dart: table drag: Delete replaces the selected structured block and undoes
13:13 +2033 -1: /home/albert/busystack/busymark/test/src/wysiwyg_selection_lifecycle_test.dart: table drag: Backspace replaces the selected structured block and undoes
13:13 +2034 -1: /home/albert/busystack/busymark/test/src/wysiwyg_selection_lifecycle_test.dart: table drag: Cut replaces the selected structured block and undoes
13:13 +2035 -1: /home/albert/busystack/busymark/test/src/wysiwyg_selection_lifecycle_test.dart: table drag: Enter replaces the selected structured block and undoes
13:13 +2036 -1: /home/albert/busystack/busymark/test/src/wysiwyg_selection_lifecycle_test.dart: table drag: plain paste replaces the selected structured block and undoes
13:14 +2037 -1: /home/albert/busystack/busymark/test/src/wysiwyg_selection_lifecycle_test.dart: table drag: structured paste replaces the selected structured block and undoes
13:14 +2038 -1: /home/albert/busystack/busymark/test/src/wysiwyg_selection_lifecycle_test.dart: table Select All: Delete replaces the selected structured block and undoes
13:14 +2039 -1: /home/albert/busystack/busymark/test/src/wysiwyg_selection_lifecycle_test.dart: table Select All: Backspace replaces the selected structured block and undoes
13:15 +2040 -1: /home/albert/busystack/busymark/test/src/wysiwyg_selection_lifecycle_test.dart: table Select All: Cut replaces the selected structured block and undoes
13:15 +2041 -1: /home/albert/busystack/busymark/test/src/wysiwyg_selection_lifecycle_test.dart: table Select All: Enter replaces the selected structured block and undoes
13:15 +2042 -1: /home/albert/busystack/busymark/test/src/wysiwyg_selection_lifecycle_test.dart: table Select All: plain paste replaces the selected structured block and undoes
13:15 +2043 -1: /home/albert/busystack/busymark/test/src/wysiwyg_selection_lifecycle_test.dart: table Select All: structured paste replaces the selected structured block and undoes
13:16 +2044 -1: /home/albert/busystack/busymark/test/src/wysiwyg_selection_lifecycle_test.dart: surrounded drag: Delete replaces the selected structured block and undoes
13:16 +2045 -1: /home/albert/busystack/busymark/test/src/wysiwyg_selection_lifecycle_test.dart: surrounded drag: Backspace replaces the selected structured block and undoes
13:16 +2046 -1: /home/albert/busystack/busymark/test/src/wysiwyg_selection_lifecycle_test.dart: surrounded drag: Cut replaces the selected structured block and undoes
13:17 +2047 -1: /home/albert/busystack/busymark/test/src/wysiwyg_selection_lifecycle_test.dart: surrounded drag: Enter replaces the selected structured block and undoes
13:17 +2048 -1: /home/albert/busystack/busymark/test/src/wysiwyg_selection_lifecycle_test.dart: surrounded drag: plain paste replaces the selected structured block and undoes
13:17 +2049 -1: /home/albert/busystack/busymark/test/src/wysiwyg_selection_lifecycle_test.dart: surrounded drag: structured paste replaces the selected structured block and undoes
13:18 +2050 -1: /home/albert/busystack/busymark/test/src/wysiwyg_selection_lifecycle_test.dart: table endpoint arrow collapse: true false LogicalKeyboardKey#860f3(keyId: "0x100000302", keyLabel: "Arrow Left", debugName: "Arrow Left")
13:18 +2051 -1: /home/albert/busystack/busymark/test/src/wysiwyg_selection_lifecycle_test.dart: table endpoint arrow collapse: true false LogicalKeyboardKey#857a2(keyId: "0x100000303", keyLabel: "Arrow Right", debugName: "Arrow Right")
13:18 +2052 -1: /home/albert/busystack/busymark/test/src/wysiwyg_selection_lifecycle_test.dart: table endpoint arrow collapse: true true LogicalKeyboardKey#860f3(keyId: "0x100000302", keyLabel: "Arrow Left", debugName: "Arrow Left")
13:18 +2053 -1: /home/albert/busystack/busymark/test/src/wysiwyg_selection_lifecycle_test.dart: table endpoint arrow collapse: true true LogicalKeyboardKey#857a2(keyId: "0x100000303", keyLabel: "Arrow Right", debugName: "Arrow Right")
13:18 +2054 -1: /home/albert/busystack/busymark/test/src/wysiwyg_selection_lifecycle_test.dart: table endpoint arrow collapse: false false LogicalKeyboardKey#860f3(keyId: "0x100000302", keyLabel: "Arrow Left", debugName: "Arrow Left")
13:18 +2055 -1: /home/albert/busystack/busymark/test/src/wysiwyg_selection_lifecycle_test.dart: table endpoint arrow collapse: false false LogicalKeyboardKey#857a2(keyId: "0x100000303", keyLabel: "Arrow Right", debugName: "Arrow Right")
13:19 +2056 -1: /home/albert/busystack/busymark/test/src/wysiwyg_selection_lifecycle_test.dart: table-ended selection accepts actual committed Unicode input once
13:19 +2057 -1: /home/albert/busystack/busymark/test/src/wysiwyg_selection_lifecycle_test.dart: captured table selection restores highlighting copy and mutation
13:19 +2058 -1: /home/albert/busystack/busymark/test/src/wysiwyg_selection_lifecycle_test.dart: cancel releases cross-block drag without changing its endpoint
13:19 +2059 -1: /home/albert/busystack/busymark/test/src/wysiwyg_selection_lifecycle_test.dart: cancel releases cross-cell drag without changing its endpoint
13:19 +2060 -1: /home/albert/busystack/busymark/test/src/wysiwyg_selection_lifecycle_test.dart: unrelated pointer cannot complete an owned document drag
13:20 +2061 -1: /home/albert/busystack/busymark/test/src/wysiwyg_selection_lifecycle_test.dart: rejected protected document Delete cannot edit a local fallback
13:20 +2062 -1: /home/albert/busystack/busymark/test/src/wysiwyg_selection_lifecycle_test.dart: rejected protected document Enter cannot edit a local fallback
13:20 +2063 -1: /home/albert/busystack/busymark/test/src/wysiwyg_selection_lifecycle_test.dart: rejected protected document plain paste cannot edit a local fallback
13:20 +2064 -1: /home/albert/busystack/busymark/test/src/wysiwyg_selection_lifecycle_test.dart: rejected protected document structured paste cannot edit a local fallback
13:20 +2065 -1: /home/albert/busystack/busymark/test/src/wysiwyg_selection_lifecycle_test.dart: rejected protected document typing cannot edit a local fallback
13:20 +2066 -1: /home/albert/busystack/busymark/test/src/wysiwyg_selection_lifecycle_test.dart: failed document deletion preserves redo history
13:20 +2067 -1: /home/albert/busystack/busymark/test/src/wysiwyg_selection_lifecycle_test.dart: delayed table paste is safe after failure
13:20 +2068 -1: /home/albert/busystack/busymark/test/src/wysiwyg_selection_lifecycle_test.dart: delayed table paste is safe after selection
13:21 +2069 -1: /home/albert/busystack/busymark/test/src/wysiwyg_selection_lifecycle_test.dart: delayed table paste is safe after document
13:21 +2070 -1: /home/albert/busystack/busymark/test/src/wysiwyg_selection_lifecycle_test.dart: delayed table paste is safe after disposal
13:22 +2071 -1: /home/albert/busystack/busymark/test/src/wysiwyg_selection_lifecycle_test.dart: delayed table cut is safe after failure
13:22 +2072 -1: /home/albert/busystack/busymark/test/src/wysiwyg_selection_lifecycle_test.dart: delayed table cut is safe after selection
13:22 +2073 -1: /home/albert/busystack/busymark/test/src/wysiwyg_selection_lifecycle_test.dart: delayed table cut is safe after document
13:22 +2074 -1: /home/albert/busystack/busymark/test/src/wysiwyg_selection_lifecycle_test.dart: delayed table cut is safe after disposal
13:23 +2075 -1: loading /home/albert/busystack/busymark/test/src/busymark_toast_test.dart
13:23 +2075 -1: /home/albert/busystack/busymark/test/src/busymark_toast_test.dart: toast works when hosted above the Navigator
13:24 +2076 -1: /home/albert/busystack/busymark/test/src/busymark_toast_test.dart: toast appears at the bottom center and dismisses itself
13:24 +2077 -1: /home/albert/busystack/busymark/test/src/busymark_toast_test.dart: toast action runs and dismisses the toast
13:24 +2078 -1: /home/albert/busystack/busymark/test/src/busymark_toast_test.dart: toasts queue instead of covering each other
13:24 +2079 -1: loading /home/albert/busystack/busymark/test/src/writerside_web_file_name_test.dart
13:25 +2079 -1: /home/albert/busystack/busymark/test/src/writerside_web_file_name_test.dart: canonical Writerside web filenames normalizes runs, edges, case, and Unicode once
13:25 +2080 -1: /home/albert/busystack/busymark/test/src/writerside_web_file_name_test.dart: canonical Writerside web filenames disabled preprocessing preserves established safe characters
13:25 +2081 -1: /home/albert/busystack/busymark/test/src/writerside_web_file_name_test.dart: canonical Writerside web filenames resolves exact custom values per instance for Markdown and XML
13:25 +2082 -1: /home/albert/busystack/busymark/test/src/writerside_web_file_name_test.dart: project instance URL diagnostics diagnoses default/default collision
13:25 +2083 -1: /home/albert/busystack/busymark/test/src/writerside_web_file_name_test.dart: project instance URL diagnostics diagnoses default/custom collision
13:25 +2084 -1: /home/albert/busystack/busymark/test/src/writerside_web_file_name_test.dart: project instance URL diagnostics diagnoses custom/custom collision
13:25 +2085 -1: /home/albert/busystack/busymark/test/src/writerside_web_file_name_test.dart: project instance URL diagnostics allows the same output name in disjoint instances
13:25 +2086 -1: /home/albert/busystack/busymark/test/src/writerside_web_file_name_test.dart: project instance URL diagnostics deduplicates repeated publication of one physical topic
13:25 +2087 -1: /home/albert/busystack/busymark/test/src/writerside_web_file_name_test.dart: project instance URL diagnostics diagnoses a collision with an origin module topic
13:25 +2088 -1: /home/albert/busystack/busymark/test/src/writerside_web_file_name_test.dart: project instance URL diagnostics resolves conditioned names independently in each instance
13:25 +2089 -1: /home/albert/busystack/busymark/test/src/writerside_web_file_name_test.dart: project instance URL diagnostics diagnoses invalid custom filenames before export
13:25 +2090 -1: loading /home/albert/busystack/busymark/test/src/pdf_title_page_test.dart
13:26 +2090 -1: /home/albert/busystack/busymark/test/src/pdf_title_page_test.dart: cover preference defaults off, serializes and copies independently
13:26 +2091 -1: /home/albert/busystack/busymark/test/src/pdf_title_page_test.dart: cover title and authors use the established metadata precedence
13:26 +2092 -1: /home/albert/busystack/busymark/test/src/pdf_title_page_test.dart: snapshot metadata, display text, explicit clears and plain JSON remain independent
13:26 +2093 -1: /home/albert/busystack/busymark/test/src/pdf_title_page_test.dart: instance title uses its display name and only known project metadata
13:26 +2094 -1: loading /home/albert/busystack/busymark/test/src/path_utils_test.dart
13:27 +2094 -1: /home/albert/busystack/busymark/test/src/path_utils_test.dart: maxTreeEntries cancels a wide directory listing at the limit
13:27 +2095 -1: /home/albert/busystack/busymark/test/src/path_utils_test.dart: maxTreeEntries counts directories against the scan budget
13:27 +2096 -1: /home/albert/busystack/busymark/test/src/path_utils_test.dart: directory listing failure marks traversal incomplete
13:27 +2097 -1: /home/albert/busystack/busymark/test/src/path_utils_test.dart: display scan includes hidden and unsupported entries but not VCS data
13:27 +2098 -1: loading /home/albert/busystack/busymark/test/src/git/git_log_parser_test.dart
13:29 +2098 -1: /home/albert/busystack/busymark/test/src/git/git_log_parser_test.dart: parses multiple commits
13:31 +2099 -1: /home/albert/busystack/busymark/test/src/git/git_log_parser_test.dart: parses merge commit with multiple parents
13:31 +2100 -1: /home/albert/busystack/busymark/test/src/git/git_log_parser_test.dart: preserves author punctuation and separator-like subject text
13:31 +2101 -1: /home/albert/busystack/busymark/test/src/git/git_log_parser_test.dart: parses empty history
13:31 +2102 -1: loading /home/albert/busystack/busymark/test/src/git/git_status_parser_test.dart
13:31 +2102 -1: /home/albert/busystack/busymark/test/src/git/git_status_parser_test.dart: parses clean repository status
13:31 +2103 -1: /home/albert/busystack/busymark/test/src/git/git_status_parser_test.dart: parses modified tracked file
13:31 +2104 -1: /home/albert/busystack/busymark/test/src/git/git_status_parser_test.dart: parses staged modification
13:31 +2105 -1: /home/albert/busystack/busymark/test/src/git/git_status_parser_test.dart: parses unstaged modification
13:31 +2106 -1: /home/albert/busystack/busymark/test/src/git/git_status_parser_test.dart: parses staged and unstaged same file
13:31 +2107 -1: /home/albert/busystack/busymark/test/src/git/git_status_parser_test.dart: keeps staged addition and working-tree deletion separate
13:31 +2108 -1: /home/albert/busystack/busymark/test/src/git/git_status_parser_test.dart: tracks rename state independently in each status column
13:31 +2109 -1: /home/albert/busystack/busymark/test/src/git/git_status_parser_test.dart: parses untracked file
13:31 +2110 -1: /home/albert/busystack/busymark/test/src/git/git_status_parser_test.dart: parses deleted file
13:31 +2111 -1: /home/albert/busystack/busymark/test/src/git/git_status_parser_test.dart: parses renamed file
13:31 +2112 -1: /home/albert/busystack/busymark/test/src/git/git_status_parser_test.dart: parses copied file
13:31 +2113 -1: /home/albert/busystack/busymark/test/src/git/git_status_parser_test.dart: parses conflicted files
13:31 +2114 -1: /home/albert/busystack/busymark/test/src/git/git_status_parser_test.dart: parses branch header and ahead behind counts
13:31 +2115 -1: /home/albert/busystack/busymark/test/src/git/git_status_parser_test.dart: parses detached head header
13:31 +2116 -1: /home/albert/busystack/busymark/test/src/git/git_status_parser_test.dart: preserves spaces, unicode, quotes, and newlines in filenames
13:31 +2117 -1: loading /home/albert/busystack/busymark/test/src/git/git_cli_gateway_integration_test.dart
13:35 +2117 -1: /home/albert/busystack/busymark/test/src/git/git_cli_gateway_integration_test.dart: process-backed Git gateway requires workspace trust
13:35 +2118 -1: /home/albert/busystack/busymark/test/src/git/git_cli_gateway_integration_test.dart: configures a repository author identity without terminal setup
13:37 +2119 -1: /home/albert/busystack/busymark/test/src/git/git_cli_gateway_integration_test.dart: runs core workflow in a temporary Git repository
13:38 +2120 -1: /home/albert/busystack/busymark/test/src/git/git_cli_gateway_integration_test.dart: status lists every non-ignored hidden untracked file
13:38 +2121 -1: /home/albert/busystack/busymark/test/src/git/git_cli_gateway_integration_test.dart: resets the current branch with each explicit Git reset mode
13:39 +2122 -1: /home/albert/busystack/busymark/test/src/git/git_cli_gateway_integration_test.dart: refuses to reset while HEAD is detached
13:40 +2123 -1: /home/albert/busystack/busymark/test/src/git/git_cli_gateway_integration_test.dart: keeps staged and unstaged comparisons separate
13:40 +2124 -1: /home/albert/busystack/busymark/test/src/git/git_cli_gateway_integration_test.dart: staged rename diff and unstage preserve both paths
13:40 +2125 -1: /home/albert/busystack/busymark/test/src/git/git_cli_gateway_integration_test.dart: rollback restores both sides of a staged rename to HEAD
13:41 +2126 -1: /home/albert/busystack/busymark/test/src/git/git_cli_gateway_integration_test.dart: staged addition deleted from the working tree keeps separate diffs
13:41 +2127 -1: /home/albert/busystack/busymark/test/src/git/git_cli_gateway_integration_test.dart: preserves complete deleted content and restores a deleted version
13:42 +2128 -1: /home/albert/busystack/busymark/test/src/git/git_cli_gateway_integration_test.dart: failed historical blob read cannot delete the working file
13:42 +2129 -1: /home/albert/busystack/busymark/test/src/git/git_cli_gateway_integration_test.dart: constructs complete text and binary comparisons for untracked files
13:42 +2130 -1: /home/albert/busystack/busymark/test/src/git/git_cli_gateway_integration_test.dart: direct working-tree operations reject intermediate symlink escapes
13:42 +2131 -1: /home/albert/busystack/busymark/test/src/git/git_cli_gateway_integration_test.dart: fetch updates remote-tracking status without changing files
13:43 +2132 -1: /home/albert/busystack/busymark/test/src/git/git_cli_gateway_integration_test.dart: follows renames, compares complete versions, and restores one file
13:43 +2133 -1: /home/albert/busystack/busymark/test/src/git/git_cli_gateway_integration_test.dart: compares a merge commit with its first parent
13:44 +2134 -1: /home/albert/busystack/busymark/test/src/git/git_cli_gateway_integration_test.dart: switch treats an option-like branch name as an operand
13:44 +2135 -1: /home/albert/busystack/busymark/test/src/git/git_cli_gateway_integration_test.dart: diff and commit details preserve C-quoted UTF-8 paths
13:45 +2136 -1: /home/albert/busystack/busymark/test/src/git/git_cli_gateway_integration_test.dart: pushSetUpstream does not broaden an option-like branch to --all
13:45 +2137 -1: /home/albert/busystack/busymark/test/src/git/git_cli_gateway_integration_test.dart: detects conflicted files in a temporary Git repository
13:45 +2138 -1: /home/albert/busystack/busymark/test/src/git/git_cli_gateway_integration_test.dart: status does not run a repository-configured filesystem monitor
13:46 +2139 -1: /home/albert/busystack/busymark/test/src/git/git_cli_gateway_integration_test.dart: diff APIs do not run a repository-configured textconv
13:46 +2140 -1: /home/albert/busystack/busymark/test/src/git/git_cli_gateway_integration_test.dart: commit details do not run a repository-configured textconv
13:46 +2141 -1: loading /home/albert/busystack/busymark/test/src/git/git_process_runner_test.dart
13:47 +2141 -1: /home/albert/busystack/busymark/test/src/git/git_process_runner_test.dart: runner closes child stdin so commands waiting for EOF can finish
13:47 +2142 -1: /home/albert/busystack/busymark/test/src/git/git_process_runner_test.dart: runner terminates commands that exceed the combined output limit
13:47 +2143 -1: /home/albert/busystack/busymark/test/src/git/git_process_runner_test.dart: normal gateway commands always receive a finite timeout
13:47 +2144 -1: /home/albert/busystack/busymark/test/src/git/git_process_runner_test.dart: gateway classifies a missing commit author identity
13:47 +2145 -1: /home/albert/busystack/busymark/test/src/git/git_process_runner_test.dart: snap packages the Linux process-group launcher
13:47 +2146 -1: /home/albert/busystack/busymark/test/src/git/git_process_runner_test.dart: snap Git uses bundled helpers, templates, and SSH
13:47 +2147 -1: /home/albert/busystack/busymark/test/src/git/git_process_runner_test.dart: snap launcher never falls back to the confined host setsid
13:47 +2148 -1: /home/albert/busystack/busymark/test/src/git/git_process_runner_test.dart: Git locator preserves process launcher failures
13:47 +2149 -1: /home/albert/busystack/busymark/test/src/git/git_process_runner_test.dart: Git locator preserves a failed version probe result
13:47 +2150 -1: /home/albert/busystack/busymark/test/src/git/git_process_runner_test.dart: Git locator reports not found for a genuinely missing command
13:47 +2151 -1: /home/albert/busystack/busymark/test/src/git/git_process_runner_test.dart: runner terminates descendant processes when a command times out
13:49 +2152 -1: /home/albert/busystack/busymark/test/src/git/git_process_runner_test.dart: timeout covers descendants that outlive the direct child and hold stdio
13:50 +2153 -1: loading /home/albert/busystack/busymark/test/src/git/git_widget_test.dart
13:52 +2153 -1: /home/albert/busystack/busymark/test/src/git/git_widget_test.dart: hunk range text hides raw unified diff markers
13:52 +2154 -1: /home/albert/busystack/busymark/test/src/git/git_widget_test.dart: changes are grouped correctly
13:52 +2155 -1: /home/albert/busystack/busymark/test/src/git/git_widget_test.dart: file checkboxes select files for commit
13:53 +2156 -1: /home/albert/busystack/busymark/test/src/git/git_widget_test.dart: a path with staged and unstaged changes appears in both groups
13:53 +2157 -1: /home/albert/busystack/busymark/test/src/git/git_widget_test.dart: AD path shows staged addition and unstaged deletion without open action
13:53 +2158 -1: /home/albert/busystack/busymark/test/src/git/git_widget_test.dart: staged rename preserves both paths and workspace scope
13:53 +2159 -1: /home/albert/busystack/busymark/test/src/git/git_widget_test.dart: rename paths follow the selected Git status column
13:53 +2160 -1: /home/albert/busystack/busymark/test/src/git/git_widget_test.dart: commit panel reports staged count and unsaved editor state
13:53 +2161 -1: /home/albert/busystack/busymark/test/src/git/git_widget_test.dart: commit message uses the grouped multiline form surface
13:53 +2162 -1: /home/albert/busystack/busymark/test/src/git/git_widget_test.dart: AI commit draft is a secondary button immediately before Commit
13:53 +2163 -1: /home/albert/busystack/busymark/test/src/git/git_widget_test.dart: AI commit draft replaces text, trims it, and moves the cursor
13:53 +2164 -1: /home/albert/busystack/busymark/test/src/git/git_widget_test.dart: file history requires an active Markdown file
13:53 +2165 -1: /home/albert/busystack/busymark/test/src/git/git_widget_test.dart: file action menu does not contain commit selection actions
13:53 +2166 -1: /home/albert/busystack/busymark/test/src/git/git_widget_test.dart: untracked file menu uses an explicit delete action
13:54 +2167 -1: /home/albert/busystack/busymark/test/src/git/git_widget_test.dart: unsupported untracked files remain stageable but cannot open
13:54 +2168 -1: /home/albert/busystack/busymark/test/src/git/git_widget_test.dart: commit section colors files by Git status
13:54 +2169 -1: /home/albert/busystack/busymark/test/src/git/git_widget_test.dart: changes view commit panel commits staged files with message
13:54 +2170 -1: /home/albert/busystack/busymark/test/src/git/git_widget_test.dart: commit remains disabled without staged files
13:54 +2171 -1: /home/albert/busystack/busymark/test/src/git/git_widget_test.dart: multiline commit message is retained and committed verbatim
13:54 +2172 -1: /home/albert/busystack/busymark/test/src/git/git_widget_test.dart: failed commit preserves the commit message
13:54 +2173 -1: /home/albert/busystack/busymark/test/src/git/git_widget_test.dart: committing disables actions and retains text until success
13:54 +2174 -1: /home/albert/busystack/busymark/test/src/git/git_widget_test.dart: commit message clears when repository or workspace changes
13:54 +2175 -1: /home/albert/busystack/busymark/test/src/git/git_widget_test.dart: conflict group is visible
13:54 +2176 -1: /home/albert/busystack/busymark/test/src/git/git_widget_test.dart: Git unavailable empty state is shown
13:54 +2177 -1: /home/albert/busystack/busymark/test/src/git/git_widget_test.dart: untrusted workspace shows repository trust prompt
13:54 +2178 -1: /home/albert/busystack/busymark/test/src/git/git_widget_test.dart: commit view shows no repository sync strip when clean
13:54 +2179 -1: /home/albert/busystack/busymark/test/src/git/git_widget_test.dart: commit view does not show branch dropdown
13:54 +2180 -1: /home/albert/busystack/busymark/test/src/git/git_widget_test.dart: commit view does not describe branch sync state
13:54 +2181 -1: /home/albert/busystack/busymark/test/src/git/git_widget_test.dart: file history keeps comparison controls out of the sidebar
13:54 +2182 -1: /home/albert/busystack/busymark/test/src/git/git_widget_test.dart: project history file rows show selected file diff
13:55 +2183 -1: /home/albert/busystack/busymark/test/src/git/git_widget_test.dart: project history reset requires an explicit reset mode
13:55 +2184 -1: /home/albert/busystack/busymark/test/src/git/git_widget_test.dart: dirty editor banner appears in diff viewer
13:55 +2185 -1: /home/albert/busystack/busymark/test/src/git/git_widget_test.dart: embedded diff hides duplicate file header but keeps open action
13:55 +2186 -1: /home/albert/busystack/busymark/test/src/git/git_widget_test.dart: diff open action requires an explicit working-tree target
13:55 +2187 -1: /home/albert/busystack/busymark/test/src/git/git_widget_test.dart: diff open action uses the explicit current path
13:55 +2188 -1: /home/albert/busystack/busymark/test/src/git/git_widget_test.dart: embedded diff keeps rename paths visible
13:55 +2189 -1: /home/albert/busystack/busymark/test/src/git/git_widget_test.dart: diff viewer renders patch rows with shared source view
13:55 +2190 -1: /home/albert/busystack/busymark/test/src/git/git_widget_test.dart: embedded diff can hide hunk headers and file action
13:55 +2191 -1: /home/albert/busystack/busymark/test/src/git/git_widget_test.dart: diff viewer source uses full file snapshot when available
13:55 +2192 -1: /home/albert/busystack/busymark/test/src/git/git_widget_test.dart: deleted diff shows the complete removed file snapshot
13:55 +2193 -1: /home/albert/busystack/busymark/test/src/git/git_widget_test.dart: diff viewer scrolls to the first source change on open
13:55 +2194 -1: /home/albert/busystack/busymark/test/src/git/git_widget_test.dart: diff viewer source rows use configured editor font size
13:55 +2195 -1: /home/albert/busystack/busymark/test/src/git/git_widget_test.dart: diff context lines show old and new number columns
13:56 +2196 -1: /home/albert/busystack/busymark/test/src/git/git_widget_test.dart: diff line numbers use source gutter geometry
13:56 +2197 -1: loading /home/albert/busystack/busymark/test/src/git/git_controller_test.dart
13:57 +2197 -1: /home/albert/busystack/busymark/test/src/git/git_controller_test.dart: diff open target follows the current working-tree context
13:57 +2198 -1: /home/albert/busystack/busymark/test/src/git/git_controller_test.dart: refreshes after workspace attach
13:57 +2199 -1: /home/albert/busystack/busymark/test/src/git/git_controller_test.dart: does not expose repository Git for a single Markdown file
13:57 +2200 -1: /home/albert/busystack/busymark/test/src/git/git_controller_test.dart: trust-required gateway does not inspect workspace before trust
13:57 +2201 -1: /home/albert/busystack/busymark/test/src/git/git_controller_test.dart: clearing trust immediately revokes repository access
13:57 +2202 -1: /home/albert/busystack/busymark/test/src/git/git_controller_test.dart: status failure after trust retains the detected repository
13:57 +2203 -1: /home/albert/busystack/busymark/test/src/git/git_controller_test.dart: trust is scoped to the attached workspace
13:57 +2204 -1: /home/albert/busystack/busymark/test/src/git/git_controller_test.dart: Git executes with the canonical path that was trusted
13:57 +2205 -1: /home/albert/busystack/busymark/test/src/git/git_controller_test.dart: stage and unstage update state
13:57 +2206 -1: /home/albert/busystack/busymark/test/src/git/git_controller_test.dart: loads only the selected change comparison and reconciles after stage
13:57 +2207 -1: /home/albert/busystack/busymark/test/src/git/git_controller_test.dart: routes untracked selections to the untracked comparison
13:57 +2208 -1: /home/albert/busystack/busymark/test/src/git/git_controller_test.dart: staged rename comparison preserves the original path
13:57 +2209 -1: /home/albert/busystack/busymark/test/src/git/git_controller_test.dart: rollback forwards every validated rename path
13:57 +2210 -1: /home/albert/busystack/busymark/test/src/git/git_controller_test.dart: reactivates an open change comparison tab
13:57 +2211 -1: /home/albert/busystack/busymark/test/src/git/git_controller_test.dart: commit blocks empty message
13:57 +2212 -1: /home/albert/busystack/busymark/test/src/git/git_controller_test.dart: commit blocks when no files are staged
13:57 +2213 -1: /home/albert/busystack/busymark/test/src/git/git_controller_test.dart: configures author identity through the active repository
13:57 +2214 -1: /home/albert/busystack/busymark/test/src/git/git_controller_test.dart: AI staged-diff fingerprint rejects obsolete commit context
13:57 +2215 -1: /home/albert/busystack/busymark/test/src/git/git_controller_test.dart: branch switch requires clean BusyMark editor state
13:57 +2216 -1: /home/albert/busystack/busymark/test/src/git/git_controller_test.dart: restore is blocked while the active editor has unsaved content
13:57 +2217 -1: /home/albert/busystack/busymark/test/src/git/git_controller_test.dart: restore is blocked while the current file is staged
13:57 +2218 -1: /home/albert/busystack/busymark/test/src/git/git_controller_test.dart: restore protects a repository-relative file against the repository root
13:57 +2219 -1: /home/albert/busystack/busymark/test/src/git/git_controller_test.dart: project history reset uses the selected commit and mode
13:57 +2220 -1: /home/albert/busystack/busymark/test/src/git/git_controller_test.dart: project history reset is blocked by unsaved editor content
13:57 +2221 -1: /home/albert/busystack/busymark/test/src/git/git_controller_test.dart: fetch refreshes repository status
13:57 +2222 -1: /home/albert/busystack/busymark/test/src/git/git_controller_test.dart: reports Git unavailable state
13:57 +2223 -1: /home/albert/busystack/busymark/test/src/git/git_controller_test.dart: stores operation failure state
13:57 +2224 -1: /home/albert/busystack/busymark/test/src/git/git_controller_test.dart: exposes conflict state
13:57 +2225 -1: /home/albert/busystack/busymark/test/src/git/git_controller_test.dart: clears previous workspace Git state immediately on attach
13:57 +2226 -1: /home/albert/busystack/busymark/test/src/git/git_controller_test.dart: ignores stale refresh results after workspace switch
13:57 +2227 -1: /home/albert/busystack/busymark/test/src/git/git_controller_test.dart: cancels set-upstream push when the workspace changes during remote lookup
13:57 +2228 -1: /home/albert/busystack/busymark/test/src/git/git_controller_test.dart: ignores stale history after a workspace switch
13:57 +2229 -1: /home/albert/busystack/busymark/test/src/git/git_controller_test.dart: history tab reloads project history after workspace switch
13:57 +2230 -1: /home/albert/busystack/busymark/test/src/git/git_controller_test.dart: current file history scopes selected commit details to the file
13:57 +2231 -1: /home/albert/busystack/busymark/test/src/git/git_controller_test.dart: file history switches between commit and working-tree comparisons
13:57 +2232 -1: /home/albert/busystack/busymark/test/src/git/git_controller_test.dart: project history loads selected commit details without a file scope
13:57 +2233 -1: /home/albert/busystack/busymark/test/src/git/git_controller_test.dart: project commit details display the first changed file by default
13:57 +2234 -1: /home/albert/busystack/busymark/test/src/git/git_controller_test.dart: selected commit file opens a project commit diff tab
13:57 +2235 -1: /home/albert/busystack/busymark/test/src/git/git_controller_test.dart: closing a commit diff file tab activates the neighboring tab
13:57 +2236 -1: /home/albert/busystack/busymark/test/src/git/git_controller_test.dart: deactivating a diff file keeps open diff tabs
13:57 +2237 -1: /home/albert/busystack/busymark/test/src/git/git_controller_test.dart: file and project history paginate and retain separate selections
13:57 +2238 -1: loading /home/albert/busystack/busymark/test/src/git/git_author_identity_dialog_test.dart
14:01 +2238 -1: /home/albert/busystack/busymark/test/src/git/git_author_identity_dialog_test.dart: Enter submits Git identity and preserves global scope
14:02 +2239 -1: /home/albert/busystack/busymark/test/src/git/git_author_identity_dialog_test.dart: failed commit saves identity and retries the same commit
14:02 +2240 -1: loading /home/albert/busystack/busymark/test/src/git/git_diff_parser_test.dart
14:03 +2240 -1: /home/albert/busystack/busymark/test/src/git/git_diff_parser_test.dart: parses added file
14:03 +2241 -1: /home/albert/busystack/busymark/test/src/git/git_diff_parser_test.dart: parses deleted file
14:03 +2242 -1: /home/albert/busystack/busymark/test/src/git/git_diff_parser_test.dart: parses modified file with line numbers
14:03 +2243 -1: /home/albert/busystack/busymark/test/src/git/git_diff_parser_test.dart: parses renamed file
14:03 +2244 -1: /home/albert/busystack/busymark/test/src/git/git_diff_parser_test.dart: decodes C-quoted UTF-8 paths emitted by Git
14:03 +2245 -1: /home/albert/busystack/busymark/test/src/git/git_diff_parser_test.dart: decodes C-quoted rename metadata emitted by Git
14:03 +2246 -1: /home/albert/busystack/busymark/test/src/git/git_diff_parser_test.dart: parses binary file marker
14:03 +2247 -1: /home/albert/busystack/busymark/test/src/git/git_diff_parser_test.dart: parses multiple hunks
14:03 +2248 -1: /home/albert/busystack/busymark/test/src/git/git_diff_parser_test.dart: keeps no newline marker as header line
14:03 +2249 -1: /home/albert/busystack/busymark/test/src/git/git_diff_parser_test.dart: tolerates unknown diff header lines
14:03 +2250 -1: loading /home/albert/busystack/busymark/test/src/markdown_pdf_export_test.dart
14:06 +2250 -1: /home/albert/busystack/busymark/test/src/markdown_pdf_export_test.dart: PDF export failure dialog exposes actionable detail
14:07 +2251 -1: /home/albert/busystack/busymark/test/src/markdown_pdf_export_test.dart: PDF export eligibility is limited to active regular Markdown
14:07 +2252 -1: /home/albert/busystack/busymark/test/src/markdown_pdf_export_test.dart: workspace PDF export accepts a Writerside module instance
14:07 +2253 -1: /home/albert/busystack/busymark/test/src/markdown_pdf_export_test.dart: atomic PDF publication never replaces without confirmation
14:08 +2254 -1: /home/albert/busystack/busymark/test/src/markdown_pdf_export_test.dart: service rejects compiler output that is not a PDF
14:08 +2255 -1: /home/albert/busystack/busymark/test/src/markdown_pdf_export_test.dart: compiler locator prefers the explicit development override
14:08 +2256 -1: /home/albert/busystack/busymark/test/src/markdown_pdf_export_test.dart: compiler cancellation force-stops an unresponsive process
14:08 +2257 -1: /home/albert/busystack/busymark/test/src/markdown_pdf_export_test.dart: asset staging accepts passive SVG and rejects external content
14:08 +2258 -1: /home/albert/busystack/busymark/test/src/markdown_pdf_export_test.dart: Linux packaging pins and installs the bundled Typst compiler
14:08 +2259 -1: loading /home/albert/busystack/busymark/test/src/source_search_test.dart
14:09 +2259 -1: /home/albert/busystack/busymark/test/src/source_search_test.dart: regex uses Unicode code points and diagnoses zero-length matches
14:09 +2260 -1: /home/albert/busystack/busymark/test/src/source_search_test.dart: workspace-style bounded matching stops after the sentinel match
14:09 +2261 -1: /home/albert/busystack/busymark/test/src/source_search_test.dart: search worker terminates a running backtracking expression
14:09 +2262 -1: /home/albert/busystack/busymark/test/src/source_search_test.dart: plain search finds case-insensitive matches by default
14:09 +2263 -1: /home/albert/busystack/busymark/test/src/source_search_test.dart: case-sensitive and whole-word options constrain matches
14:09 +2264 -1: /home/albert/busystack/busymark/test/src/source_search_test.dart: whole-word boundaries recognize Unicode letters and marks
14:09 +2265 -1: /home/albert/busystack/busymark/test/src/source_search_test.dart: regex search and invalid regex are safe
14:09 +2266 -1: /home/albert/busystack/busymark/test/src/source_search_test.dart: navigation tracks current index and wraps
14:09 +2267 -1: /home/albert/busystack/busymark/test/src/source_search_test.dart: matches inside folded content are marked hidden and revealable
14:09 +2268 -1: /home/albert/busystack/busymark/test/src/source_search_test.dart: workspace search groups authoring content by file
14:09 +2269 -1: /home/albert/busystack/busymark/test/src/source_search_test.dart: source search worker cancels stale requests
14:09 +2270 -1: /home/albert/busystack/busymark/test/src/source_search_test.dart: source search worker bounds transferred high-match results
14:09 +2271 -1: loading /home/albert/busystack/busymark/test/src/source_commands_test.dart
14:11 +2271 -1: /home/albert/busystack/busymark/test/src/source_commands_test.dart: tab inserts spaces
14:11 +2272 -1: /home/albert/busystack/busymark/test/src/source_commands_test.dart: tab indents selected lines without replacing their text
14:11 +2273 -1: /home/albert/busystack/busymark/test/src/source_commands_test.dart: indent and outdent selected lines
14:11 +2274 -1: /home/albert/busystack/busymark/test/src/source_commands_test.dart: smart Enter continues unordered ordered task and blockquote lines
14:11 +2275 -1: /home/albert/busystack/busymark/test/src/source_commands_test.dart: smart Enter exits empty list item
14:11 +2276 -1: /home/albert/busystack/busymark/test/src/source_commands_test.dart: ordered list numbering restarts for nested source lines
14:11 +2277 -1: /home/albert/busystack/busymark/test/src/source_commands_test.dart: ordered list numbering restarts beneath each source parent
14:11 +2278 -1: /home/albert/busystack/busymark/test/src/source_commands_test.dart: inline commands toggle bold italic code and links
14:11 +2279 -1: /home/albert/busystack/busymark/test/src/source_commands_test.dart: code fence and image insertion keep source-specific placeholders
14:11 +2280 -1: /home/albert/busystack/busymark/test/src/source_commands_test.dart: block insertion accepts localized default content
14:11 +2281 -1: loading /home/albert/busystack/busymark/test/src/source_highlighter_test.dart
14:13 +2281 -1: /home/albert/busystack/busymark/test/src/source_highlighter_test.dart: source highlighting bounds high-match span composition
14:14 +2282 -1: /home/albert/busystack/busymark/test/src/source_highlighter_test.dart: markdown source highlighter colors editor syntax
14:15 +2283 -1: /home/albert/busystack/busymark/test/src/source_highlighter_test.dart: markdown source highlighter formats fenced code
14:15 +2284 -1: /home/albert/busystack/busymark/test/src/source_highlighter_test.dart: markdown highlighter tracks dynamic fence delimiters
14:15 +2285 -1: /home/albert/busystack/busymark/test/src/source_highlighter_test.dart: markdown highlighter does not open on indented code
14:15 +2286 -1: /home/albert/busystack/busymark/test/src/source_highlighter_test.dart: xml source highlighter colors tags attributes and strings
14:15 +2287 -1: /home/albert/busystack/busymark/test/src/source_highlighter_test.dart: plain source highlighter keeps normal editor text color
14:15 +2288 -1: /home/albert/busystack/busymark/test/src/source_highlighter_test.dart: controller can keep editable text transparent for custom render
14:15 +2289 -1: /home/albert/busystack/busymark/test/src/source_highlighter_test.dart: transparent editing layout matches rendered Markdown layout
14:15 +2290 -1: /home/albert/busystack/busymark/test/src/source_highlighter_test.dart: folded regions project body lines out of editable text
14:15 +2291 -1: /home/albert/busystack/busymark/test/src/source_highlighter_test.dart: rendered folded regions hide collapsed header text
14:15 +2292 -1: /home/albert/busystack/busymark/test/src/source_highlighter_test.dart: folded regions collapse measured editor height
14:15 +2293 -1: /home/albert/busystack/busymark/test/src/source_highlighter_test.dart: visual markdown editor keeps syntax markers visible while styling content
14:15 +2294 -1: /home/albert/busystack/busymark/test/src/source_highlighter_test.dart: visual markdown tracks dynamic fence delimiters
14:15 +2295 -1: /home/albert/busystack/busymark/test/src/source_highlighter_test.dart: markdown highlighter merges nested emphasis inside links
14:15 +2296 -1: /home/albert/busystack/busymark/test/src/source_highlighter_test.dart: markdown highlighter keeps inline code inside list items
14:15 +2297 -1: /home/albert/busystack/busymark/test/src/source_highlighter_test.dart: markdown highlighter merges bold and italic nesting
14:15 +2298 -1: /home/albert/busystack/busymark/test/src/source_highlighter_test.dart: markdown highlighter merges links inside blockquotes
14:15 +2299 -1: /home/albert/busystack/busymark/test/src/source_highlighter_test.dart: markdown highlighter keeps emphasis inside table cells
14:15 +2300 -1: /home/albert/busystack/busymark/test/src/source_highlighter_test.dart: markdown highlighter recognizes math without damaging code
14:16 +2301 -1: loading /home/albert/busystack/busymark/test/src/html_export_options_test.dart
14:17 +2301 -1: /home/albert/busystack/busymark/test/src/html_export_options_test.dart: TOC and numbering use the semantic hierarchy and preserve anchor IDs
14:18 +2302 -1: /home/albert/busystack/busymark/test/src/html_export_options_test.dart: HtmlExportTheme.light emits complete color variables, responsive width and metadata
14:18 +2303 -1: /home/albert/busystack/busymark/test/src/html_export_options_test.dart: HtmlExportTheme.dark emits complete color variables, responsive width and metadata
14:18 +2304 -1: /home/albert/busystack/busymark/test/src/html_export_options_test.dart: HtmlExportTheme.automatic emits complete color variables, responsive width and metadata
14:18 +2305 -1: /home/albert/busystack/busymark/test/src/html_export_options_test.dart: custom CSS follows generated rules and is captured before processing
14:18 +2306 -1: /home/albert/busystack/busymark/test/src/html_export_options_test.dart: LF CSS hashes the text seen by the HTML parser
14:18 +2307 -1: /home/albert/busystack/busymark/test/src/html_export_options_test.dart: LF custom and built-in CSS apply in Chromium
14:25 +2308 -1: /home/albert/busystack/busymark/test/src/html_export_options_test.dart: CRLF CSS hashes the text seen by the HTML parser
14:25 +2309 -1: /home/albert/busystack/busymark/test/src/html_export_options_test.dart: CRLF custom and built-in CSS apply in Chromium
14:28 +2310 -1: /home/albert/busystack/busymark/test/src/html_export_options_test.dart: CR CSS hashes the text seen by the HTML parser
14:28 +2311 -1: /home/albert/busystack/busymark/test/src/html_export_options_test.dart: CR custom and built-in CSS apply in Chromium
14:29 +2312 -1: /home/albert/busystack/busymark/test/src/html_export_options_test.dart: single-file attachments retain download names and reject source data URLs
14:29 +2313 -1: /home/albert/busystack/busymark/test/src/html_export_options_test.dart: CSS rejects unsafe URLs, imports, HTML, unreadable and oversized files
14:30 +2314 -1: /home/albert/busystack/busymark/test/src/html_export_options_test.dart: repeated embedded assets are bounded before publication and keep old output
14:30 +2315 -1: /home/albert/busystack/busymark/test/src/html_export_options_test.dart: HtmlPackaging.singleFile packages validated assets without source paths or fetching
14:30 +2316 -1: /home/albert/busystack/busymark/test/src/html_export_options_test.dart: HtmlPackaging.assetsDirectory packages validated assets without source paths or fetching
14:30 +2317 -1: loading /home/albert/busystack/busymark/test/src/rtl_glyphs_test.dart
14:36 +2317 -1: /home/albert/busystack/busymark/test/src/rtl_glyphs_test.dart: navigation glyphs resolve for both reading directions
14:36 +2318 -1: /home/albert/busystack/busymark/test/src/rtl_glyphs_test.dart: editing glyphs resolve for both reading directions
14:36 +2319 -1: /home/albert/busystack/busymark/test/src/rtl_glyphs_test.dart: Git branch glyph does not mirror with reading direction
14:36 +2320 -1: /home/albert/busystack/busymark/test/src/rtl_glyphs_test.dart: Git action glyphs have native menu equivalents
14:36 +2321 -1: /home/albert/busystack/busymark/test/src/rtl_glyphs_test.dart: Arabic and Persian font fallbacks are available in the snap
14:36 +2322 -1: loading /home/albert/busystack/busymark/test/src/source_comparison_test.dart
14:38 +2322 -1: /home/albert/busystack/busymark/test/src/source_comparison_test.dart: keeps separated edits as exact separate changes
14:38 +2323 -1: /home/albert/busystack/busymark/test/src/source_comparison_test.dart: handles repeated lines without losing exact offsets
14:38 +2324 -1: /home/albert/busystack/busymark/test/src/source_comparison_test.dart: refines Unicode intraline ranges on UTF-16 boundaries
14:38 +2325 -1: /home/albert/busystack/busymark/test/src/source_comparison_test.dart: distinguishes whitespace, final newline, empty, and XML changes
14:38 +2326 -1: /home/albert/busystack/busymark/test/src/source_comparison_test.dart: labels an unanchored expensive comparison as simplified
14:38 +2327 -1: /home/albert/busystack/busymark/test/src/source_comparison_test.dart: version identity detects stale comparison inputs
14:38 +2328 -1: loading /home/albert/busystack/busymark/test/src/writerside_project_test.dart
14:42 +2328 -1: /home/albert/busystack/busymark/test/src/writerside_project_test.dart: discovers modules, indexes symbols, and resolves origin references
14:42 +2329 -1: /home/albert/busystack/busymark/test/src/writerside_project_test.dart: discovers and loads a module under build
14:42 +2330 -1: /home/albert/busystack/busymark/test/src/writerside_project_test.dart: discovers and loads a module under a hidden directory
14:42 +2331 -1: /home/albert/busystack/busymark/test/src/writerside_project_test.dart: module discovery hard-excludes VCS metadata directories
14:42 +2332 -1: /home/albert/busystack/busymark/test/src/writerside_project_test.dart: topic ownership is project-wide and prefers the nested module
14:42 +2333 -1: /home/albert/busystack/busymark/test/src/writerside_project_test.dart: workspace promotes a parent directory to a multi-module project
14:42 +2334 -1: /home/albert/busystack/busymark/test/src/writerside_project_test.dart: topic symbols cannot be renamed independently of their files
14:42 +2335 -1: /home/albert/busystack/busymark/test/src/writerside_project_test.dart: workspace module and instance selection changes active context
14:42 +2336 -1: /home/albert/busystack/busymark/test/src/writerside_project_test.dart: reparse overlays indexed symbols and preserves unrelated diagnostics
14:42 +2337 -1: /home/albert/busystack/busymark/test/src/writerside_project_test.dart: reparse of variables updates completion and resolution without reopening
14:42 +2338 -1: /home/albert/busystack/busymark/test/src/writerside_project_test.dart: reparse of an instance tree updates active project context
14:42 +2339 -1: /home/albert/busystack/busymark/test/src/writerside_project_test.dart: BusyMark matches the official builder semantic snapshot for the fixture
14:43 +2340 -1: /home/albert/busystack/busymark/test/src/writerside_project_test.dart: conformance fixture preserves source and resolves semantic content
14:43 +2341 -1: loading /home/albert/busystack/busymark/test/src/math_renderer_test.dart
14:46 +2341 -1: /home/albert/busystack/busymark/test/src/math_renderer_test.dart: renders multiple expressions in one batch and isolates failure
14:46 +2342 -1: /home/albert/busystack/busymark/test/src/math_renderer_test.dart: coalesces a large page, caches successes, and rebases local IDs
14:46 +2343 -1: /home/albert/busystack/busymark/test/src/math_renderer_test.dart: deduplicates identical formulas pending in the same batch
14:46 +2344 -1: /home/albert/busystack/busymark/test/src/math_renderer_test.dart: discards an obsolete block revision
14:46 +2345 -1: /home/albert/busystack/busymark/test/src/math_renderer_test.dart: cancels WebKit work after a sole request is superseded
14:46 +2346 -1: /home/albert/busystack/busymark/test/src/math_renderer_test.dart: maps timeout and unavailable hosts to local math failures
14:46 +2347 -1: /home/albert/busystack/busymark/test/src/math_renderer_test.dart: rejects oversized input before invoking WebKit
14:46 +2348 -1: /home/albert/busystack/busymark/test/src/math_renderer_test.dart: extracts baseline style and preserves vector-safe MathJax SVG
14:46 +2349 -1: /home/albert/busystack/busymark/test/src/math_renderer_test.dart: resolves currentColor without flattening explicit SVG colors
14:46 +2350 -1: /home/albert/busystack/busymark/test/src/math_renderer_test.dart: rebases wide MathJax coordinates before secure normalization
14:46 +2351 -1: loading /home/albert/busystack/busymark/test/src/markdown_visualization_export_test.dart
14:49 +2351 -1: /home/albert/busystack/busymark/test/src/markdown_visualization_export_test.dart: stages vector/raster assets, maps OpenAPI, and preserves failed source
14:50 +2352 -1: /home/albert/busystack/busymark/test/src/markdown_visualization_export_test.dart: enforces the export block count without failing the document
14:50 +2353 -1: /home/albert/busystack/busymark/test/src/markdown_visualization_export_test.dart: loads a Writerside referenced diagram before PDF rendering
14:50 +2354 -1: /home/albert/busystack/busymark/test/src/markdown_visualization_export_test.dart: static OpenAPI export contains selectable reference sections
14:50 +2355 -1: /home/albert/busystack/busymark/test/src/markdown_visualization_export_test.dart: Typst exports generated vector/raster assets and falls back on failure
14:50 +2356 -1: loading /home/albert/busystack/busymark/test/src/gtk_window_preferences_service_test.dart
14:53 +2356 -1: /home/albert/busystack/busymark/test/src/gtk_window_preferences_service_test.dart: parses every GTK 3 decoration token in physical order
14:53 +2357 -1: /home/albert/busystack/busymark/test/src/gtk_window_preferences_service_test.dart: ignores unknown controls and actions safely
14:53 +2358 -1: /home/albert/busystack/busymark/test/src/gtk_window_preferences_service_test.dart: loads preferences and delegates the narrowly scoped lower action
14:53 +2359 -1: /home/albert/busystack/busymark/test/src/gtk_window_preferences_service_test.dart: window preference values have stable equality
14:53 +2360 -1: /home/albert/busystack/busymark/test/src/gtk_window_preferences_service_test.dart: null decoration layout uses the documented GTK 3 default
14:53 +2361 -1: loading /home/albert/busystack/busymark/test/src/visualization_release_smoke_test.dart
14:55 +2361 -1: /home/albert/busystack/busymark/test/src/visualization_release_smoke_test.dart: release smoke report path requires an explicit nonempty argument
14:55 +2362 -1: loading /home/albert/busystack/busymark/test/src/spelling_release_smoke_test.dart
14:59 +2362 -1: /home/albert/busystack/busymark/test/src/spelling_release_smoke_test.dart: spelling release smoke requires an explicit guarded report path
14:59 +2363 -1: loading /home/albert/busystack/busymark/test/src/system_accent_test.dart
15:03 +2363 -1: /home/albert/busystack/busymark/test/src/system_accent_test.dart: uses the native Yaru orange accent as the offline fallback
15:03 +2364 -1: /home/albert/busystack/busymark/test/src/system_accent_test.dart: keeps exact RGB portal accent color values authoritative
15:03 +2365 -1: /home/albert/busystack/busymark/test/src/system_accent_test.dart: maps Ubuntu accent names when RGB portal value is unavailable
15:03 +2366 -1: /home/albert/busystack/busymark/test/src/system_accent_test.dart: falls back to RGB when the Ubuntu accent is unavailable
15:03 +2367 -1: /home/albert/busystack/busymark/test/src/system_accent_test.dart: Yaru accent wins over a different generic portal RGB
15:03 +2368 -1: /home/albert/busystack/busymark/test/src/system_accent_test.dart: a Yaru accent signal remains authoritative over generic RGB
15:03 +2369 -1: /home/albert/busystack/busymark/test/src/system_accent_test.dart: an unavailable named accent releases the current generic RGB
15:03 +2370 -1: /home/albert/busystack/busymark/test/src/system_accent_test.dart: portal subscribes before both reads and retains changes during reads
15:03 +2371 -1: /home/albert/busystack/busymark/test/src/system_accent_test.dart: missing portal keys, malformed signals, cancellation and resubscription
15:03 +2372 -1: /home/albert/busystack/busymark/test/src/system_accent_test.dart: generic portal initialization cannot overwrite a newer generic change
15:03 +2373 -1: /home/albert/busystack/busymark/test/src/system_accent_test.dart: GTK wins with gtkFirst=true; unavailability selects current portal
15:03 +2374 -1: /home/albert/busystack/busymark/test/src/system_accent_test.dart: GTK wins with gtkFirst=false; unavailability selects current portal
15:03 +2375 -1: /home/albert/busystack/busymark/test/src/system_accent_test.dart: source errors remain independent and healthy native updates continue
15:03 +2376 -1: /home/albert/busystack/busymark/test/src/system_accent_test.dart: startup changes supersede native snapshots, including unavailable changes
15:03 +2377 -1: /home/albert/busystack/busymark/test/src/system_accent_test.dart: disposal completes pending startup and cancels each owned source once
15:03 +2378 -1: /home/albert/busystack/busymark/test/src/system_accent_test.dart: valid GTK releases startup while portal reads stay pending
15:03 +2379 -1: /home/albert/busystack/busymark/test/src/system_accent_test.dart: generic signal cannot resolve startup before pending named read
15:03 +2380 -1: /home/albert/busystack/busymark/test/src/system_accent_test.dart: valid named portal releases startup without pending RGB
15:03 +2381 -1: /home/albert/busystack/busymark/test/src/system_accent_test.dart: pending GTK blocks ready portal until GTK arrives before deadline
15:03 +2382 -1: /home/albert/busystack/busymark/test/src/system_accent_test.dart: pending named releases retained RGB on unavailable
15:03 +2383 -1: /home/albert/busystack/busymark/test/src/system_accent_test.dart: pending named releases retained RGB on failure
15:03 +2384 -1: /home/albert/busystack/busymark/test/src/system_accent_test.dart: pending named releases retained RGB on deadline
15:03 +2385 -1: /home/albert/busystack/busymark/test/src/system_accent_test.dart: all silent sources time out to orange and late sources recover
15:03 +2386 -1: /home/albert/busystack/busymark/test/src/system_accent_test.dart: pending initialization disposal cancels timers and portal session once
15:03 +2387 -1: loading /home/albert/busystack/busymark/test/src/pdf_front_matter_render_test.dart
15:12 +2387 -1: /home/albert/busystack/busymark/test/src/pdf_front_matter_render_test.dart: Markdown: cover=false toc=false section order and native links
15:13 +2388 -1: /home/albert/busystack/busymark/test/src/pdf_front_matter_render_test.dart: Markdown: cover=false toc=true section order and native links
15:13 +2389 -1: /home/albert/busystack/busymark/test/src/pdf_front_matter_render_test.dart: Markdown: cover=true toc=false section order and native links
15:13 +2390 -1: /home/albert/busystack/busymark/test/src/pdf_front_matter_render_test.dart: Markdown: cover=true toc=true section order and native links
15:13 +2391 -1: /home/albert/busystack/busymark/test/src/pdf_front_matter_render_test.dart: Writerside: cover=false toc=false section order and native links
15:13 +2392 -1: /home/albert/busystack/busymark/test/src/pdf_front_matter_render_test.dart: Writerside: cover=false toc=true section order and native links
15:14 +2393 -1: /home/albert/busystack/busymark/test/src/pdf_front_matter_render_test.dart: Writerside: cover=true toc=false section order and native links
15:14 +2394 -1: /home/albert/busystack/busymark/test/src/pdf_front_matter_render_test.dart: Writerside: cover=true toc=true section order and native links
15:14 +2395 -1: /home/albert/busystack/busymark/test/src/pdf_front_matter_render_test.dart: multipage native outline ends before any body paragraphs; links and page references stay correct
15:14 +2396 -1: /home/albert/busystack/busymark/test/src/pdf_front_matter_render_test.dart: cover suppresses running text, physical first=false numbers=bottomCenter
15:14 +2397 -1: /home/albert/busystack/busymark/test/src/pdf_front_matter_render_test.dart: cover suppresses running text, physical first=false numbers=off
15:15 +2398 -1: /home/albert/busystack/busymark/test/src/pdf_front_matter_render_test.dart: cover suppresses running text, physical first=true numbers=bottomCenter
15:15 +2399 -1: /home/albert/busystack/busymark/test/src/pdf_front_matter_render_test.dart: cover suppresses running text, physical first=true numbers=off
15:15 +2400 -1: /home/albert/busystack/busymark/test/src/pdf_front_matter_render_test.dart: cover wraps Unicode and multiline metadata within sansSerif portrait margins
15:15 +2401 -1: /home/albert/busystack/busymark/test/src/pdf_front_matter_render_test.dart: cover wraps Unicode and multiline metadata within sansSerif landscape margins
15:15 +2402 -1: /home/albert/busystack/busymark/test/src/pdf_front_matter_render_test.dart: cover wraps Unicode and multiline metadata within serif portrait margins
15:16 +2403 -1: /home/albert/busystack/busymark/test/src/pdf_front_matter_render_test.dart: cover wraps Unicode and multiline metadata within serif landscape margins
15:16 +2404 -1: /home/albert/busystack/busymark/test/src/pdf_front_matter_render_test.dart: request defaults come from source metadata and native outline title stays localized
15:16 +2405 -1: /home/albert/busystack/busymark/test/src/pdf_front_matter_render_test.dart: an oversized cover fails clearly and leaves the existing PDF untouched
15:16 +2406 -1: /home/albert/busystack/busymark/test/src/pdf_front_matter_render_test.dart: Chinese cover without spaces wraps onto two lines in sansSerif
15:16 +2407 -1: /home/albert/busystack/busymark/test/src/pdf_front_matter_render_test.dart: Chinese cover without spaces wraps onto two lines in serif
15:16 +2408 -1: /home/albert/busystack/busymark/test/src/pdf_front_matter_render_test.dart: CJK non-breaking sequence U+a0 fails without replacing the PDF
15:17 +2409 -1: /home/albert/busystack/busymark/test/src/pdf_front_matter_render_test.dart: CJK non-breaking sequence U+2060 fails without replacing the PDF
15:17 +2410 -1: /home/albert/busystack/busymark/test/src/pdf_front_matter_render_test.dart: unbroken title stays within A4 cover bounds or fails without replacing the PDF
15:17 +2411 -1: /home/albert/busystack/busymark/test/src/pdf_front_matter_render_test.dart: unbroken subtitle stays within A4 cover bounds or fails without replacing the PDF
15:17 +2412 -1: /home/albert/busystack/busymark/test/src/pdf_front_matter_render_test.dart: unbroken author stays within A4 cover bounds or fails without replacing the PDF
15:18 +2413 -1: /home/albert/busystack/busymark/test/src/pdf_front_matter_render_test.dart: unbroken organization stays within A4 cover bounds or fails without replacing the PDF
15:18 +2414 -1: /home/albert/busystack/busymark/test/src/pdf_front_matter_render_test.dart: unbroken version stays within A4 cover bounds or fails without replacing the PDF
15:18 +2415 -1: /home/albert/busystack/busymark/test/src/pdf_front_matter_render_test.dart: unbroken date stays within A4 cover bounds or fails without replacing the PDF
15:18 +2416 -1: /home/albert/busystack/busymark/test/src/pdf_front_matter_render_test.dart: unbroken title stays within narrow custom cover bounds or fails without replacing the PDF
15:18 +2417 -1: /home/albert/busystack/busymark/test/src/pdf_front_matter_render_test.dart: unbroken subtitle stays within narrow custom cover bounds or fails without replacing the PDF
15:19 +2418 -1: /home/albert/busystack/busymark/test/src/pdf_front_matter_render_test.dart: unbroken author stays within narrow custom cover bounds or fails without replacing the PDF
15:19 +2419 -1: /home/albert/busystack/busymark/test/src/pdf_front_matter_render_test.dart: unbroken organization stays within narrow custom cover bounds or fails without replacing the PDF
15:19 +2420 -1: /home/albert/busystack/busymark/test/src/pdf_front_matter_render_test.dart: unbroken version stays within narrow custom cover bounds or fails without replacing the PDF
15:19 +2421 -1: /home/albert/busystack/busymark/test/src/pdf_front_matter_render_test.dart: unbroken date stays within narrow custom cover bounds or fails without replacing the PDF
15:19 +2422 -1: loading /home/albert/busystack/busymark/test/src/spelling_workspace_test.dart
15:23 +2422 -1: /home/albert/busystack/busymark/test/src/spelling_workspace_test.dart: workspace spelling UI has no obsolete floating or Material chooser
15:23 +2423 -1: /home/albert/busystack/busymark/test/src/spelling_workspace_test.dart: Writerside nested TOC and comment retain rich spelling through correction
15:28 +2424 -1: /home/albert/busystack/busymark/test/src/spelling_workspace_test.dart: rich image review preserves authored source through undo and redo
15:31 +2425 -1: /home/albert/busystack/busymark/test/src/spelling_workspace_test.dart: rich review preserves nested code image beside math through undo and redo
15:33 +2426 -1: /home/albert/busystack/busymark/test/src/spelling_workspace_test.dart: rich review preserves nested address image beside math through undo and redo
15:35 +2427 -1: /home/albert/busystack/busymark/test/src/spelling_workspace_test.dart: Ctrl+N typing paints live spelling targets and corrects with undo
15:37 +2428 -1: /home/albert/busystack/busymark/test/src/spelling_workspace_test.dart: confirmed spelling underline survives continued typing
15:38 +2429 -1: /home/albert/busystack/busymark/test/src/spelling_workspace_test.dart: real rich review retains later visits after serialization: helo caf&#233;

wrld

15:41 +2430 -1: /home/albert/busystack/busymark/test/src/spelling_workspace_test.dart: real rich review retains later visits after serialization: helo  
world

wrld

15:43 +2431 -1: /home/albert/busystack/busymark/test/src/spelling_workspace_test.dart: real rich review retains later visits after serialization: | helo caf&#233; |
| --- |
| hello |

wrld

15:46 +2432 -1: /home/albert/busystack/busymark/test/src/spelling_workspace_test.dart: missing dictionary uses one integrated banner in editor
15:47 +2433 -1: /home/albert/busystack/busymark/test/src/spelling_workspace_test.dart: missing dictionary uses one integrated banner in split
15:48 +2434 -1: /home/albert/busystack/busymark/test/src/spelling_workspace_test.dart: language-required state uses compact document status instead of a banner
15:49 +2435 -1: /home/albert/busystack/busymark/test/src/spelling_workspace_test.dart: general Markdown fixture finishes automatic rich spelling
15:55 +2436 -1: /home/albert/busystack/busymark/test/src/spelling_workspace_test.dart: pasted formatted job finishes automatic spelling in editor
15:57 +2437 -1: /home/albert/busystack/busymark/test/src/spelling_workspace_test.dart: pasted formatted job finishes automatic spelling in source
15:57 +2438 -1: /home/albert/busystack/busymark/test/src/spelling_workspace_test.dart: new rich document checks spelling after choosing its language
15:59 +2439 -1: /home/albert/busystack/busymark/test/src/spelling_workspace_test.dart: new source document checks spelling after choosing its language
16:00 +2440 -1: /home/albert/busystack/busymark/test/src/spelling_workspace_test.dart: uses one document status strip in editor mode
16:01 +2441 -1: /home/albert/busystack/busymark/test/src/spelling_workspace_test.dart: uses one document status strip in source mode
16:01 +2442 -1: /home/albert/busystack/busymark/test/src/spelling_workspace_test.dart: uses one document status strip in preview mode
16:02 +2443 -1: /home/albert/busystack/busymark/test/src/spelling_workspace_test.dart: uses one document status strip in split mode
16:03 +2444 -1: /home/albert/busystack/busymark/test/src/spelling_workspace_test.dart: spelling-off status remains an actionable language control
16:04 +2445 -1: /home/albert/busystack/busymark/test/src/spelling_workspace_test.dart: status initializes the chooser when automatic spelling is off
16:05 +2446 -1: /home/albert/busystack/busymark/test/src/spelling_workspace_test.dart: banner installs the required dictionary and then conceals
16:07 +2447 -1: /home/albert/busystack/busymark/test/src/spelling_workspace_test.dart: failed banner installation keeps the unresolved state
16:08 +2448 -1: /home/albert/busystack/busymark/test/src/spelling_workspace_test.dart: routine checking does not create persistent editor chrome
16:08 +2449 -1: /home/albert/busystack/busymark/test/src/spelling_workspace_test.dart: automatic spelling failure is visible in the compact banner
16:09 +2450 -1: /home/albert/busystack/busymark/test/src/spelling_workspace_test.dart: automatic incomplete projection is visible in the compact banner
16:10 +2451 -1: /home/albert/busystack/busymark/test/src/spelling_workspace_test.dart: native spelling submenu applies immediate language choices
16:11 +2452 -1: /home/albert/busystack/busymark/test/src/spelling_workspace_test.dart: cancelling document dictionary install preserves override
16:11 +2453 -1: /home/albert/busystack/busymark/test/src/spelling_workspace_test.dart: document language changes only after dictionary installation
16:14 +2454 -1: /home/albert/busystack/busymark/test/src/spelling_workspace_test.dart: failed document dictionary install preserves override
16:15 +2455 -1: loading /home/albert/busystack/busymark/test/src/wysiwyg_clipboard_test.dart
16:21 +2455 -1: /home/albert/busystack/busymark/test/src/wysiwyg_clipboard_test.dart: native fragment preserves formatting and structured blocks through JSON
16:21 +2456 -1: /home/albert/busystack/busymark/test/src/wysiwyg_clipboard_test.dart: single rich paragraphs preserve list descendants through source
16:21 +2457 -1: /home/albert/busystack/busymark/test/src/wysiwyg_clipboard_test.dart: fragment rejects invalid versions, ranges, kinds, and excessive nesting
16:21 +2458 -1: /home/albert/busystack/busymark/test/src/wysiwyg_clipboard_test.dart: relative links are rebased for another document
16:21 +2459 -1: /home/albert/busystack/busymark/test/src/wysiwyg_clipboard_test.dart: inline images retain their source media path between projects
16:21 +2460 -1: /home/albert/busystack/busymark/test/src/wysiwyg_clipboard_test.dart: Writerside structure survives the fragment and insertion
16:21 +2461 -1: /home/albert/busystack/busymark/test/src/wysiwyg_clipboard_test.dart: styled table-cell insertion preserves emphasis and table structure
16:21 +2462 -1: /home/albert/busystack/busymark/test/src/wysiwyg_clipboard_test.dart: clipboard service serializes writes and reads the latest result
16:21 +2463 -1: /home/albert/busystack/busymark/test/src/wysiwyg_clipboard_test.dart: clipboard HTML carries headings, emphasis, tasks, tables, and code
16:21 +2464 -1: /home/albert/busystack/busymark/test/src/wysiwyg_clipboard_test.dart: external HTML blockquotes survive Editor serialization
16:21 +2465 -1: /home/albert/busystack/busymark/test/src/wysiwyg_clipboard_test.dart: clipboard fragment serializes its selected structure as Markdown
16:21 +2466 -1: /home/albert/busystack/busymark/test/src/wysiwyg_clipboard_test.dart: HTML normalization preserves supported CSS and checkbox state safely
16:21 +2467 -1: /home/albert/busystack/busymark/test/src/wysiwyg_clipboard_test.dart: Editor clipboard text-only URL paste then ordinary Enter recognizes a live link (plainText=false)
16:23 +2468 -1: /home/albert/busystack/busymark/test/src/wysiwyg_clipboard_test.dart: Editor clipboard text-only URL paste then ordinary Enter recognizes a live link (plainText=true)
16:23 +2469 -1: /home/albert/busystack/busymark/test/src/wysiwyg_clipboard_test.dart: Editor clipboard text-only URL suffix < survives Enter, source reload and label edit
16:23 +2470 -1: /home/albert/busystack/busymark/test/src/wysiwyg_clipboard_test.dart: Editor clipboard text-only URL suffix *< survives Enter, source reload and label edit
16:24 +2471 -1: /home/albert/busystack/busymark/test/src/wysiwyg_clipboard_test.dart: Editor clipboard text-only URL suffix * survives Enter, source reload and label edit
16:24 +2472 -1: /home/albert/busystack/busymark/test/src/wysiwyg_clipboard_test.dart: Editor clipboard text-only URL character-reference suffix survives Enter and reopening: &copy;
16:24 +2473 -1: /home/albert/busystack/busymark/test/src/wysiwyg_clipboard_test.dart: Editor clipboard text-only URL character-reference suffix survives Enter and reopening: &amp;
16:24 +2474 -1: /home/albert/busystack/busymark/test/src/wysiwyg_clipboard_test.dart: Editor clipboard text-only URL character-reference suffix survives Enter and reopening: &amp;*<tag>
16:25 +2475 -1: /home/albert/busystack/busymark/test/src/wysiwyg_clipboard_test.dart: Editor clipboard formatting only a pasted URL suffix preserves the boundary (nested=false)
16:25 +2476 -1: /home/albert/busystack/busymark/test/src/wysiwyg_clipboard_test.dart: Editor clipboard formatting only a pasted URL suffix preserves the boundary (nested=true)
16:25 +2477 -1: /home/albert/busystack/busymark/test/src/wysiwyg_clipboard_test.dart: Editor clipboard pasted URL retains live link coverage through split, Backspace and suffix formatting
16:25 +2478 -1: /home/albert/busystack/busymark/test/src/wysiwyg_clipboard_test.dart: Editor clipboard fresh Editor restores system clipboard formatting and undo
16:26 +2479 -1: /home/albert/busystack/busymark/test/src/wysiwyg_clipboard_test.dart: Editor clipboard Editor pastes a web layout table as a complete document
16:26 +2480 -1: /home/albert/busystack/busymark/test/src/wysiwyg_clipboard_test.dart: Editor clipboard complete heading list and code blocks retain structure at every paragraph position
16:27 +2481 -1: /home/albert/busystack/busymark/test/src/wysiwyg_clipboard_test.dart: Editor clipboard complete blocks in list items preserve descendants and undo tree
16:28 +2482 -1: /home/albert/busystack/busymark/test/src/wysiwyg_clipboard_test.dart: Editor clipboard single rich paragraph field replacement preserves every list subtree
16:28 +2483 -1: /home/albert/busystack/busymark/test/src/wysiwyg_clipboard_test.dart: Editor clipboard history rich paste keeps the committed caret and typing position
16:29 +2484 -1: /home/albert/busystack/busymark/test/src/wysiwyg_clipboard_test.dart: Editor clipboard rich paste in math fields uses source coordinates
16:29 +2485 -1: /home/albert/busystack/busymark/test/src/wysiwyg_clipboard_test.dart: Editor clipboard math structural paste returns the committed block caret
16:29 +2486 -1: /home/albert/busystack/busymark/test/src/wysiwyg_clipboard_test.dart: Editor clipboard math structural paste preserves list descendants through Undo and Redo
16:30 +2487 -1: /home/albert/busystack/busymark/test/src/wysiwyg_clipboard_test.dart: Editor clipboard plain paste persists intentional whitespace through history
16:30 +2488 -1: /home/albert/busystack/busymark/test/src/wysiwyg_clipboard_test.dart: Editor clipboard whole-document paste preserves whitespace and heading replacement scope
16:30 +2489 -1: /home/albert/busystack/busymark/test/src/wysiwyg_clipboard_test.dart: Editor clipboard history rich paste restores table-cell focus and committed caret
16:31 +2490 -1: /home/albert/busystack/busymark/test/src/wysiwyg_clipboard_test.dart: Editor clipboard history multi-paragraph paste focuses the committed last paragraph
16:31 +2491 -1: /home/albert/busystack/busymark/test/src/wysiwyg_clipboard_test.dart: Editor clipboard copy all does not duplicate nested list children
16:31 +2492 -1: /home/albert/busystack/busymark/test/src/wysiwyg_clipboard_test.dart: Editor clipboard whole-document copy preserves a structured blockquote
16:31 +2493 -1: /home/albert/busystack/busymark/test/src/wysiwyg_clipboard_test.dart: Editor clipboard right-click opens the menu for a whole-document selection
16:31 +2494 -1: /home/albert/busystack/busymark/test/src/wysiwyg_clipboard_test.dart: Editor clipboard image-only clipboard context menu offers only normal Paste
16:32 +2495 -1: /home/albert/busystack/busymark/test/src/wysiwyg_clipboard_test.dart: Editor clipboard Copy Plain Text strips formatting in another Editor
16:32 +2496 -1: /home/albert/busystack/busymark/test/src/wysiwyg_clipboard_test.dart: Editor clipboard document selection menu can copy plain text
16:32 +2497 -1: /home/albert/busystack/busymark/test/src/wysiwyg_clipboard_test.dart: Editor clipboard partial inline copy keeps formatting inside another paragraph
16:32 +2498 -1: /home/albert/busystack/busymark/test/src/wysiwyg_clipboard_test.dart: Editor clipboard cut transfers formatting before deleting the selection
16:32 +2499 -1: /home/albert/busystack/busymark/test/src/wysiwyg_clipboard_test.dart: Editor clipboard malformed native fragment falls back to HTML
16:33 +2500 -1: /home/albert/busystack/busymark/test/src/wysiwyg_clipboard_test.dart: Editor clipboard HTML-only clipboard imports into a fresh Editor
16:33 +2501 -1: /home/albert/busystack/busymark/test/src/wysiwyg_clipboard_test.dart: Editor clipboard HTML clipboard plain paste inserts only its text
16:33 +2502 -1: /home/albert/busystack/busymark/test/src/wysiwyg_clipboard_test.dart: Editor clipboard retained external HTML preserves structure on history paste
16:33 +2503 -1: /home/albert/busystack/busymark/test/src/wysiwyg_clipboard_test.dart: Editor clipboard current HTML-only and malformed HTML use ordinary importer fallbacks
16:33 +2504 -1: /home/albert/busystack/busymark/test/src/wysiwyg_clipboard_test.dart: Editor clipboard external image history retains the bytes ingested before its dialog
16:37 +2505 -1: /home/albert/busystack/busymark/test/src/wysiwyg_clipboard_test.dart: Editor clipboard history panel path paste has one editor-owned retention write
16:40 +2506 -1: /home/albert/busystack/busymark/test/src/wysiwyg_clipboard_test.dart: Editor clipboard copied local video can be pasted from history in Editor
16:41 +2507 -1: /home/albert/busystack/busymark/test/src/wysiwyg_clipboard_test.dart: Editor clipboard image paste cancellation is terminal and cleans new assets
16:46 +2508 -1: /home/albert/busystack/busymark/test/src/wysiwyg_clipboard_test.dart: Editor clipboard image picker alternatives stay provisional until acceptance
16:57 +2509 -1: /home/albert/busystack/busymark/test/src/wysiwyg_clipboard_test.dart: Editor clipboard image finalization failure preserves the inserted reference and file
16:58 +2510 -1: /home/albert/busystack/busymark/test/src/wysiwyg_clipboard_test.dart: Editor clipboard native and history image filesystem failures are handled outcomes
16:58 +2511 -1: /home/albert/busystack/busymark/test/src/wysiwyg_clipboard_test.dart: Editor clipboard plain history paste replaces a document selection ending at a non-field block
16:58 +2512 -1: /home/albert/busystack/busymark/test/src/wysiwyg_clipboard_test.dart: Editor clipboard image history follows table and multi-block destinations
17:01 +2513 -1: /home/albert/busystack/busymark/test/src/wysiwyg_clipboard_test.dart: Editor clipboard Ctrl+Shift+V pastes only interoperable plain text
17:01 +2514 -1: /home/albert/busystack/busymark/test/src/wysiwyg_clipboard_test.dart: Editor clipboard plain paste never probes or ingests an existing image path
17:02 +2515 -1: /home/albert/busystack/busymark/test/src/wysiwyg_clipboard_test.dart: Editor clipboard failed clipboard write leaves cut selection intact
17:02 +2516 -1: /home/albert/busystack/busymark/test/src/wysiwyg_clipboard_test.dart: Editor clipboard paste does not edit a destination changed during the read
17:02 +2517 -1: /home/albert/busystack/busymark/test/src/wysiwyg_clipboard_test.dart: Editor clipboard Editor paste preserves composition before and during reads
17:02 +2518 -1: /home/albert/busystack/busymark/test/src/wysiwyg_clipboard_test.dart: Editor clipboard table-cell paste shortcut is consumed during composition
17:02 +2519 -1: /home/albert/busystack/busymark/test/src/wysiwyg_clipboard_test.dart: Editor clipboard composition starting during image ingestion invalidates and cleans paste
17:03 +2520 -1: /home/albert/busystack/busymark/test/src/wysiwyg_clipboard_test.dart: Editor clipboard cut does not delete a selection changed during the write
17:03 +2521 -1: /home/albert/busystack/busymark/test/src/wysiwyg_clipboard_test.dart: Editor clipboard paste is cancelled when the destination Editor is replaced
17:03 +2522 -1: loading /home/albert/busystack/busymark/test/src/surface_palette_render_test.dart
17:05 +2522 -1: /home/albert/busystack/busymark/test/src/surface_palette_render_test.dart: renders the reviewed light surface palette
17:06 +2523 -1: /home/albert/busystack/busymark/test/src/surface_palette_render_test.dart: renders the reviewed dark surface palette
17:06 +2524 -1: loading /home/albert/busystack/busymark/test/src/writerside_title_regressions_test.dart
17:09 +2524 -1: /home/albert/busystack/busymark/test/src/writerside_title_regressions_test.dart: title edit preserves the resolved topic owner across modules
17:09 +2525 -1: /home/albert/busystack/busymark/test/src/writerside_title_regressions_test.dart: multiline quoted titles change and clear safely (1, ")
17:10 +2526 -1: /home/albert/busystack/busymark/test/src/writerside_title_regressions_test.dart: clearing a multiline TOC override removes the existing attribute (1, ")
17:10 +2527 -1: /home/albert/busystack/busymark/test/src/writerside_title_regressions_test.dart: multiline quoted titles change and clear safely (1, ')
17:10 +2528 -1: /home/albert/busystack/busymark/test/src/writerside_title_regressions_test.dart: clearing a multiline TOC override removes the existing attribute (1, ')
17:10 +2529 -1: /home/albert/busystack/busymark/test/src/writerside_title_regressions_test.dart: multiline quoted titles change and clear safely (2, ")
17:10 +2530 -1: /home/albert/busystack/busymark/test/src/writerside_title_regressions_test.dart: clearing a multiline TOC override removes the existing attribute (2, ")
17:10 +2531 -1: /home/albert/busystack/busymark/test/src/writerside_title_regressions_test.dart: multiline quoted titles change and clear safely (2, ')
17:11 +2532 -1: /home/albert/busystack/busymark/test/src/writerside_title_regressions_test.dart: clearing a multiline TOC override removes the existing attribute (2, ')
17:11 +2533 -1: /home/albert/busystack/busymark/test/src/writerside_title_regressions_test.dart: normalized title identity still rejects changed content and raw matching stays exact
17:11 +2534 -1: /home/albert/busystack/busymark/test/src/writerside_title_regressions_test.dart: title transaction rejects missing attribute ranges before publication
17:11 +2535 -1: /home/albert/busystack/busymark/test/src/writerside_title_regressions_test.dart: title transaction rejects corrupt attribute ranges before publication
17:11 +2536 -1: /home/albert/busystack/busymark/test/src/writerside_title_regressions_test.dart: title publication rejects duplicate attributes in resulting XML
17:11 +2537 -1: /home/albert/busystack/busymark/test/src/writerside_title_regressions_test.dart: semantic Markdown instance titles ignore fenced examples and decode once (")
17:11 +2538 -1: /home/albert/busystack/busymark/test/src/writerside_title_regressions_test.dart: semantic Markdown instance titles ignore fenced examples and decode once (')
17:11 +2539 -1: /home/albert/busystack/busymark/test/src/writerside_title_regressions_test.dart: instance title save, reopen, unchanged OK, and edit keep one escaping layer
17:13 +2540 -1: /home/albert/busystack/busymark/test/src/writerside_title_regressions_test.dart: single-quoted Markdown override reopens decoded and edits without touching example
17:13 +2541 -1: loading /home/albert/busystack/busymark/test/src/linux_accent_provider_test.dart
17:15 +2541 -1: /home/albert/busystack/busymark/test/src/linux_accent_provider_test.dart: production provider consumes an older GTK accent without portals
17:15 +2542 -1: /home/albert/busystack/busymark/test/src/linux_accent_provider_test.dart: non-Linux never creates platform listeners
17:15 +2543 -1: /home/albert/busystack/busymark/test/src/linux_accent_provider_test.dart: missing native snapshot uses portal, then native events regain priority
17:15 +2544 -1: /home/albert/busystack/busymark/test/src/linux_accent_provider_test.dart: first application frame and live light/dark themes: GTK with silent portals
17:16 +2545 -1: /home/albert/busystack/busymark/test/src/linux_accent_provider_test.dart: first application frame and live light/dark themes: named with silent RGB
17:16 +2546 -1: /home/albert/busystack/busymark/test/src/linux_accent_provider_test.dart: first application frame and live light/dark themes: pending GTK before deadline
17:16 +2547 -1: /home/albert/busystack/busymark/test/src/linux_accent_provider_test.dart: first application frame and live light/dark themes: pending GTK at deadline
17:16 +2548 -1: /home/albert/busystack/busymark/test/src/linux_accent_provider_test.dart: first application frame and live light/dark themes: pending named becomes valid
17:16 +2549 -1: /home/albert/busystack/busymark/test/src/linux_accent_provider_test.dart: first application frame and live light/dark themes: pending named becomes unavailable
17:16 +2550 -1: /home/albert/busystack/busymark/test/src/linux_accent_provider_test.dart: first application frame and live light/dark themes: pending named at deadline
17:16 +2551 -1: /home/albert/busystack/busymark/test/src/linux_accent_provider_test.dart: first application frame and live light/dark themes: all silent at deadline
17:16 +2552 -1: /home/albert/busystack/busymark/test/src/linux_accent_provider_test.dart: application scope teardown cancels unresolved startup deadlines
17:16 +2553 -1: loading /home/albert/busystack/busymark/test/src/markdown_parser_test.dart
17:17 +2553 -1: /home/albert/busystack/busymark/test/src/markdown_parser_test.dart: inline source mapping uses parsed formatting boundaries
17:17 +2554 -1: /home/albert/busystack/busymark/test/src/markdown_parser_test.dart: inline source mapping locates partially consumed delimiter runs
17:17 +2555 -1: /home/albert/busystack/busymark/test/src/markdown_parser_test.dart: inline source mapping retains escaped collapsed references
17:17 +2556 -1: /home/albert/busystack/busymark/test/src/markdown_parser_test.dart: inline source mapping keeps original autolink semantics
17:17 +2557 -1: /home/albert/busystack/busymark/test/src/markdown_parser_test.dart: inline source mapping preserves supported autolink variants
17:17 +2558 -1: /home/albert/busystack/busymark/test/src/markdown_parser_test.dart: inline source mapping uses parser case folding for references
17:17 +2559 -1: /home/albert/busystack/busymark/test/src/markdown_parser_test.dart: ordinary reference parsing retains pinned sharp-S folding behavior
17:17 +2560 -1: /home/albert/busystack/busymark/test/src/markdown_parser_test.dart: invalid email-like text cannot orphan a later mapped link
17:17 +2561 -1: /home/albert/busystack/busymark/test/src/markdown_parser_test.dart: block inline mapping projects logical content to container source
17:17 +2562 -1: /home/albert/busystack/busymark/test/src/markdown_parser_test.dart: positioned block mapping accepts a trailing empty logical line
17:17 +2563 -1: /home/albert/busystack/busymark/test/src/markdown_parser_test.dart: block inline mapping ignores title and code-span source breaks
17:17 +2564 -1: /home/albert/busystack/busymark/test/src/markdown_parser_test.dart: block inline mapping keeps each hard-break occurrence range
17:17 +2565 -1: /home/albert/busystack/busymark/test/src/markdown_parser_test.dart: block inline mapping matches standalone HTML break layout
17:17 +2566 -1: /home/albert/busystack/busymark/test/src/markdown_parser_test.dart: block inline mapping projects HTML break layout through containers
17:17 +2567 -1: /home/albert/busystack/busymark/test/src/markdown_parser_test.dart: HTML break layout mapping preserves soft breaks and literal code
17:17 +2568 -1: /home/albert/busystack/busymark/test/src/markdown_parser_test.dart: extracts title, outline, links, images, and code fences
17:17 +2569 -1: /home/albert/busystack/busymark/test/src/markdown_parser_test.dart: extracts front matter title
17:17 +2570 -1: /home/albert/busystack/busymark/test/src/markdown_parser_test.dart: Writerside Markdown title comes from H1, not front matter
17:17 +2571 -1: /home/albert/busystack/busymark/test/src/markdown_parser_test.dart: Writerside front matter title does not satisfy missing H1
17:17 +2572 -1: /home/albert/busystack/busymark/test/src/markdown_parser_test.dart: parseAsync handles documents above the background threshold
17:18 +2573 -1: /home/albert/busystack/busymark/test/src/markdown_parser_test.dart: generates Unicode heading anchors for supported languages
17:18 +2574 -1: /home/albert/busystack/busymark/test/src/markdown_parser_test.dart: deduplicates generated heading IDs in source order
17:18 +2575 -1: /home/albert/busystack/busymark/test/src/markdown_parser_test.dart: generates heading IDs from semantic inline text
17:18 +2576 -1: /home/albert/busystack/busymark/test/src/markdown_parser_test.dart: canonicalizes valid ATX and setext heading variants
17:18 +2577 -1: /home/albert/busystack/busymark/test/src/markdown_parser_test.dart: retains Writerside title when complex list source needs fallback
17:18 +2578 -1: /home/albert/busystack/busymark/test/src/markdown_parser_test.dart: detects unresolved links, missing images, and missing alt text
17:18 +2579 -1: /home/albert/busystack/busymark/test/src/markdown_parser_test.dart: does not validate schemed URIs as local references
17:18 +2580 -1: /home/albert/busystack/busymark/test/src/markdown_parser_test.dart: resolves home-relative local image references
17:18 +2581 -1: /home/albert/busystack/busymark/test/src/markdown_parser_test.dart: derives diagnostic links and images from Markdown AST semantics
17:18 +2582 -1: /home/albert/busystack/busymark/test/src/markdown_parser_test.dart: normal Markdown image diagnostics stay within the workspace root
17:18 +2583 -1: /home/albert/busystack/busymark/test/src/markdown_parser_test.dart: local reference diagnostics allow absolute images but reject other escapes
17:18 +2584 -1: /home/albert/busystack/busymark/test/src/markdown_parser_test.dart: cross-linked Markdown anchor validation does not recurse forever
17:18 +2585 -1: /home/albert/busystack/busymark/test/src/markdown_parser_test.dart: local link validation stays inside the workspace root
17:18 +2586 -1: /home/albert/busystack/busymark/test/src/markdown_parser_test.dart: local link validation does not read unsupported anchor targets
17:18 +2587 -1: /home/albert/busystack/busymark/test/src/markdown_parser_test.dart: local link validation does not read oversized Markdown targets
17:19 +2588 -1: /home/albert/busystack/busymark/test/src/markdown_parser_test.dart: detects unsafe raw HTML
17:19 +2589 -1: /home/albert/busystack/busymark/test/src/markdown_parser_test.dart: safe raw HTML does not produce unsafe diagnostics
17:19 +2590 -1: /home/albert/busystack/busymark/test/src/markdown_parser_test.dart: Markdown headings inside paired raw HTML are not outline headings
17:19 +2591 -1: /home/albert/busystack/busymark/test/src/markdown_parser_test.dart: unsafe raw HTML tags produce unsafe diagnostics
17:19 +2592 -1: /home/albert/busystack/busymark/test/src/markdown_parser_test.dart: unsafe raw HTML attributes produce unsafe diagnostics
17:19 +2593 -1: /home/albert/busystack/busymark/test/src/markdown_parser_test.dart: unsafe raw HTML URLs produce unsafe diagnostics
17:19 +2594 -1: /home/albert/busystack/busymark/test/src/markdown_parser_test.dart: deeply nested raw HTML produces unsafe diagnostic
17:19 +2595 -1: /home/albert/busystack/busymark/test/src/markdown_parser_test.dart: safe HTML tags do not become Writerside XML blocks
17:19 +2596 -1: /home/albert/busystack/busymark/test/src/markdown_parser_test.dart: extracts Writerside Markdown XML blocks and variables
17:19 +2597 -1: /home/albert/busystack/busymark/test/src/markdown_parser_test.dart: emits deterministic Markdown accessibility diagnostics
17:19 +2598 -1: /home/albert/busystack/busymark/test/src/markdown_parser_test.dart: does not report populated table headers as empty
17:19 +2599 -1: loading /home/albert/busystack/busymark/test/src/feedback_submission_test.dart
17:20 +2599 -1: /home/albert/busystack/busymark/test/src/feedback_submission_test.dart: FeedbackValidator requires category and enforces subject and message bounds
17:20 +2600 -1: /home/albert/busystack/busymark/test/src/feedback_submission_test.dart: FeedbackValidator accepts inclusive subject and message boundaries
17:21 +2601 -1: /home/albert/busystack/busymark/test/src/feedback_submission_test.dart: FeedbackValidator rejects oversized fields and invalid optional email
17:21 +2602 -1: /home/albert/busystack/busymark/test/src/feedback_submission_test.dart: FeedbackValidator counts Unicode code points at subject and message boundaries
17:21 +2603 -1: /home/albert/busystack/busymark/test/src/feedback_submission_test.dart: FeedbackValidator accepts practical valid email syntax
17:21 +2604 -1: /home/albert/busystack/busymark/test/src/feedback_submission_test.dart: FeedbackValidator rejects malformed email syntax and length boundaries
17:21 +2605 -1: /home/albert/busystack/busymark/test/src/feedback_submission_test.dart: FeedbackSubmission serializes required metadata and omits unapproved details
17:21 +2606 -1: /home/albert/busystack/busymark/test/src/feedback_submission_test.dart: FeedbackSubmission serializes only explicitly approved technical details
17:21 +2607 -1: /home/albert/busystack/busymark/test/src/feedback_submission_test.dart: FeedbackSubmission uses every declared category wire value
17:21 +2608 -1: loading /home/albert/busystack/busymark/test/src/native_headerbar_audit_test.dart
17:22 +2608 -1: /home/albert/busystack/busymark/test/src/native_headerbar_audit_test.dart: Flutter owns application chrome; native bridge carries no split geometry
17:23 +2609 -1: /home/albert/busystack/busymark/test/src/native_headerbar_audit_test.dart: Workspace, Welcome and Settings use the shared full-height frame
17:23 +2610 -1: /home/albert/busystack/busymark/test/src/native_headerbar_audit_test.dart: native clipboard, menus, Writerside media and rendering hosts remain registered
17:23 +2611 -1: /home/albert/busystack/busymark/test/src/native_headerbar_audit_test.dart: Linux desktop identity uses the standard Snap launcher mapping
17:23 +2612 -1: /home/albert/busystack/busymark/test/src/native_headerbar_audit_test.dart: strict Snap keeps the GTK SVG loader ABI-aligned with GNOME
17:23 +2613 -1: /home/albert/busystack/busymark/test/src/native_headerbar_audit_test.dart: local snap builder stages bundled Git tools
17:23 +2614 -1: /home/albert/busystack/busymark/test/src/native_headerbar_audit_test.dart: local repack replaces clean-snap font links with new bundle fonts
17:23 +2615 -1: /home/albert/busystack/busymark/test/src/native_headerbar_audit_test.dart: confined dependency checks reject missing and wrong resolutions
17:24 +2616 -1: /home/albert/busystack/busymark/test/src/native_headerbar_audit_test.dart: Snap reuses verified platform libraries and retains private tools
17:24 +2617 -1: /home/albert/busystack/busymark/test/src/native_headerbar_audit_test.dart: local snap builder uses the project Flutter toolchain
17:24 +2618 -1: /home/albert/busystack/busymark/test/src/native_headerbar_audit_test.dart: Snapcraft pins the same Flutter release as the project
17:24 +2619 -1: /home/albert/busystack/busymark/test/src/native_headerbar_audit_test.dart: local snap builder keeps compiler output off the system tmpfs
17:24 +2620 -1: /home/albert/busystack/busymark/test/src/native_headerbar_audit_test.dart: Flutter content menus use native GTK popup menu semantics
17:24 +2621 -1: /home/albert/busystack/busymark/test/src/native_headerbar_audit_test.dart: native content menus clean up direct GTK popup sessions
17:24 +2622 -1: /home/albert/busystack/busymark/test/src/native_headerbar_audit_test.dart: Snap packaging hooks consolidate resources and keep required fixes
17:24 +2623 -1: /home/albert/busystack/busymark/test/src/native_headerbar_audit_test.dart: native GTK theme follows brightness without replacing a valid user theme
17:24 +2624 -1: loading /home/albert/busystack/busymark/test/src/clipboard_paste_resolver_test.dart
17:25 +2624 -1: /home/albert/busystack/busymark/test/src/clipboard_paste_resolver_test.dart: valid native fragment wins over HTML and text
17:25 +2625 -1: /home/albert/busystack/busymark/test/src/clipboard_paste_resolver_test.dart: malformed native fragment falls through to valid HTML
17:25 +2626 -1: /home/albert/busystack/busymark/test/src/clipboard_paste_resolver_test.dart: unusable HTML falls through to source and plain text
17:25 +2627 -1: /home/albert/busystack/busymark/test/src/clipboard_paste_resolver_test.dart: HTML-only blockquotes are usable through descendant content
17:25 +2628 -1: /home/albert/busystack/busymark/test/src/clipboard_paste_resolver_test.dart: mixed external HTML preserves every block for Editor and Markdown Source
17:25 +2629 -1: /home/albert/busystack/busymark/test/src/clipboard_paste_resolver_test.dart: plain mode uses only interoperable text
17:25 +2630 -1: /home/albert/busystack/busymark/test/src/clipboard_paste_resolver_test.dart: plain mode rejects source-only and image-only payloads
17:25 +2631 -1: /home/albert/busystack/busymark/test/src/clipboard_paste_resolver_test.dart: whitespace text is valid and empty text is unavailable
17:25 +2632 -1: /home/albert/busystack/busymark/test/src/clipboard_paste_resolver_test.dart: explicit image is first in normal mode
17:25 +2633 -1: /home/albert/busystack/busymark/test/src/clipboard_paste_resolver_test.dart: Editor and Source use their required textual fallback order
17:25 +2634 -1: /home/albert/busystack/busymark/test/src/clipboard_paste_resolver_test.dart: structured source serialization accepts the destination mode
17:25 +2635 -1: /home/albert/busystack/busymark/test/src/clipboard_paste_resolver_test.dart: native inline serialization preserves whitespace without a newline
17:25 +2636 -1: /home/albert/busystack/busymark/test/src/clipboard_paste_resolver_test.dart: table-cell fragment serialization escapes pipes and flattens lines
17:25 +2637 -1: /home/albert/busystack/busymark/test/src/clipboard_paste_resolver_test.dart: local image path detection is safe and rejects altered URI meaning
17:25 +2638 -1: loading /home/albert/busystack/busymark/test/src/uri_utils_test.dart
17:27 +2638 -1: /home/albert/busystack/busymark/test/src/uri_utils_test.dart: external launch policy is an explicit safe-list
17:27 +2639 -1: /home/albert/busystack/busymark/test/src/uri_utils_test.dart: scheme detection remains broader than launch policy
17:27 +2640 -1: /home/albert/busystack/busymark/test/src/uri_utils_test.dart: remote resources only allow http and https
17:27 +2641 -1: loading /home/albert/busystack/busymark/test/src/ai_usage_store_test.dart
17:31 +2641 -1: /home/albert/busystack/busymark/test/src/ai_usage_store_test.dart: usage ledger aggregates locally by month and provider
17:34 +2642 -1: /home/albert/busystack/busymark/test/src/ai_usage_store_test.dart: usage ledger starts a clean aggregate in a new month
17:34 +2643 -1: /home/albert/busystack/busymark/test/src/ai_usage_store_test.dart: malformed ledger data is treated as empty, not surfaced
17:34 +2644 -1: loading /home/albert/busystack/busymark/test/src/busymark_design_test.dart
17:37 +2644 -1: /home/albert/busystack/busymark/test/src/busymark_design_test.dart: switch suppresses state halos and preserves focus borders
17:38 +2645 -1: /home/albert/busystack/busymark/test/src/busymark_design_test.dart: checked switch follows blue track states in dark
17:38 +2646 -1: /home/albert/busystack/busymark/test/src/busymark_design_test.dart: checked switch follows purple track states in dark
17:38 +2647 -1: /home/albert/busystack/busymark/test/src/busymark_design_test.dart: checked switch follows blue track states in light
17:38 +2648 -1: /home/albert/busystack/busymark/test/src/busymark_design_test.dart: checked switch follows purple track states in light
17:38 +2649 -1: /home/albert/busystack/busymark/test/src/busymark_design_test.dart: disabled switch preserves inherited disabled styling
17:38 +2650 -1: /home/albert/busystack/busymark/test/src/busymark_design_test.dart: switch row owns its control and activates exactly once
17:38 +2651 -1: /home/albert/busystack/busymark/test/src/busymark_design_test.dart: switch preserves Yaru drag activation
17:38 +2652 -1: /home/albert/busystack/busymark/test/src/busymark_design_test.dart: radio suppresses state halos and preserves focus borders
17:38 +2653 -1: /home/albert/busystack/busymark/test/src/busymark_design_test.dart: selected radio follows blue accent states in dark
17:38 +2654 -1: /home/albert/busystack/busymark/test/src/busymark_design_test.dart: selected radio follows purple accent states in dark
17:38 +2655 -1: /home/albert/busystack/busymark/test/src/busymark_design_test.dart: selected radio follows blue accent states in light
17:38 +2656 -1: /home/albert/busystack/busymark/test/src/busymark_design_test.dart: selected radio follows purple accent states in light
17:38 +2657 -1: /home/albert/busystack/busymark/test/src/busymark_design_test.dart: informational dialog keeps the close control at the right edge
17:38 +2658 -1: /home/albert/busystack/busymark/test/src/busymark_design_test.dart: Split Preview stays fluid without copying Source-only chrome
17:38 +2659 -1: /home/albert/busystack/busymark/test/src/busymark_design_test.dart: document frame centers wide content and honors physical safe edges
17:38 +2660 -1: /home/albert/busystack/busymark/test/src/busymark_design_test.dart: toolbar clearance is applied only to the toolbar edge
17:38 +2661 -1: /home/albert/busystack/busymark/test/src/busymark_design_test.dart: sidebar header and list compose the shared vertical gap
17:38 +2662 -1: /home/albert/busystack/busymark/test/src/busymark_design_test.dart: header controls delegate geometry and elevation to Yaru
17:38 +2663 -1: /home/albert/busystack/busymark/test/src/busymark_design_test.dart: dark header menu delegates its tooltip to IconButton
17:38 +2664 -1: /home/albert/busystack/busymark/test/src/busymark_design_test.dart: settings dropdowns use the framework tooltip
17:38 +2665 -1: /home/albert/busystack/busymark/test/src/busymark_design_test.dart: desktop tooltips use one explicit natural-width geometry
17:39 +2666 -1: /home/albert/busystack/busymark/test/src/busymark_design_test.dart: popup menu rows show shortcuts without redundant hover tooltips
17:39 +2667 -1: /home/albert/busystack/busymark/test/src/busymark_design_test.dart: header popup sends shortcuts and separators to GTK and maps selection
17:39 +2668 -1: /home/albert/busystack/busymark/test/src/busymark_design_test.dart: colored popup icons stay on the native menu path
17:39 +2669 -1: /home/albert/busystack/busymark/test/src/busymark_design_test.dart: header popup preserves asynchronous menu loading
17:39 +2670 -1: /home/albert/busystack/busymark/test/src/busymark_design_test.dart: semantic theme retains Yaru geometry, typography, and interaction
17:39 +2671 -1: /home/albert/busystack/busymark/test/src/busymark_design_test.dart: accent controls use the native Yaru foreground and fill roles
17:39 +2672 -1: /home/albert/busystack/busymark/test/src/busymark_design_test.dart: semantic surfaces use one modern neutral Linux role ladder
17:39 +2673 -1: /home/albert/busystack/busymark/test/src/busymark_design_test.dart: equal-choice segmented selection stays neutral
17:39 +2674 -1: /home/albert/busystack/busymark/test/src/busymark_design_test.dart: grouped cards use native boxed-list depth and roles
17:39 +2675 -1: /home/albert/busystack/busymark/test/src/busymark_design_test.dart: grouped list headings use the native semantic heading style
17:39 +2676 -1: /home/albert/busystack/busymark/test/src/busymark_design_test.dart: contextual banner uses semantic surfaces in light and dark
17:39 +2677 -1: /home/albert/busystack/busymark/test/src/busymark_design_test.dart: contextual banner animates its mounted layout height
17:39 +2678 -1: /home/albert/busystack/busymark/test/src/busymark_design_test.dart: contextual banner reveal honors reduced motion
17:39 +2679 -1: /home/albert/busystack/busymark/test/src/busymark_design_test.dart: dialog grouped cards resolve the contextual native layer
17:39 +2680 -1: /home/albert/busystack/busymark/test/src/busymark_design_test.dart: grouped rows use the native dark hover role
17:39 +2681 -1: /home/albert/busystack/busymark/test/src/busymark_design_test.dart: grouped rows use the native light hover role
17:39 +2682 -1: /home/albert/busystack/busymark/test/src/busymark_design_test.dart: grouped row subtitles use semantic native text roles
17:39 +2683 -1: /home/albert/busystack/busymark/test/src/busymark_design_test.dart: dialog roles and popup selectors use real themed buttons
17:39 +2684 -1: /home/albert/busystack/busymark/test/src/busymark_design_test.dart: WYSIWYG toolbar uses accent controls in dark
17:40 +2685 -1: /home/albert/busystack/busymark/test/src/busymark_design_test.dart: WYSIWYG toolbar uses accent controls in light
17:40 +2686 -1: /home/albert/busystack/busymark/test/src/busymark_design_test.dart: dialog actions wrap at narrow localized text widths
17:40 +2687 -1: /home/albert/busystack/busymark/test/src/busymark_design_test.dart: action rows use semantic destructive foreground in light and dark themes
17:40 +2688 -1: /home/albert/busystack/busymark/test/src/busymark_design_test.dart: shared text-entry group delegates fields to the framework
17:40 +2689 -1: /home/albert/busystack/busymark/test/src/busymark_design_test.dart: grouped text entry uses the native row-owned form surface
17:40 +2690 -1: /home/albert/busystack/busymark/test/src/busymark_design_test.dart: grouped text entry forwards readOnly without disabling input
17:40 +2691 -1: /home/albert/busystack/busymark/test/src/busymark_design_test.dart: semantic standard icon button delegates to FilledButton.icon
17:40 +2692 -1: /home/albert/busystack/busymark/test/src/busymark_design_test.dart: sidebar surface owns one directional semantic boundary
17:41 +2693 -1: loading /home/albert/busystack/busymark/test/src/source_document_test.dart
17:41 +2693 -1: /home/albert/busystack/busymark/test/src/source_document_test.dart: empty document mapping is stable
17:42 +2694 -1: /home/albert/busystack/busymark/test/src/source_document_test.dart: no-fold mapping preserves offsets and ranges
17:42 +2695 -1: /home/albert/busystack/busymark/test/src/source_document_test.dart: single fold projects visible text and maps offsets
17:42 +2696 -1: /home/albert/busystack/busymark/test/src/source_document_test.dart: fold-boundary selection mapping preserves direction, not coverage
17:42 +2697 -1: /home/albert/busystack/busymark/test/src/source_document_test.dart: multiple adjacent and overlapping ranges normalize safely
17:42 +2698 -1: /home/albert/busystack/busymark/test/src/source_document_test.dart: full and visible ranges report hidden clipping
17:42 +2699 -1: /home/albert/busystack/busymark/test/src/source_document_test.dart: CRLF line endings keep line starts and projection correct
17:42 +2700 -1: /home/albert/busystack/busymark/test/src/source_document_test.dart: visible edits before and after folds preserve unrelated folds
17:42 +2701 -1: /home/albert/busystack/busymark/test/src/source_document_test.dart: full editing values preserve composing through folded projection
17:42 +2702 -1: /home/albert/busystack/busymark/test/src/source_document_test.dart: visible edits incrementally retain unaffected line entries
17:42 +2703 -1: /home/albert/busystack/busymark/test/src/source_document_test.dart: incremental line indexes match full indexes across line-break edits
17:42 +2704 -1: /home/albert/busystack/busymark/test/src/source_document_test.dart: visible edit intersecting a fold unfolds only affected region
17:42 +2705 -1: /home/albert/busystack/busymark/test/src/source_document_test.dart: collapsed-boundary insertion preserves hidden folded content
17:42 +2706 -1: /home/albert/busystack/busymark/test/src/source_document_test.dart: visible insertions before and after a fold keep hidden text
17:42 +2707 -1: /home/albert/busystack/busymark/test/src/source_document_test.dart: visible deletions near a fold keep hidden text
17:42 +2708 -1: /home/albert/busystack/busymark/test/src/source_document_test.dart: visible replacement spanning a fold replaces the hidden range
17:42 +2709 -1: loading /home/albert/busystack/busymark/test/src/markdown_math_export_test.dart
17:43 +2709 -1: /home/albert/busystack/busymark/test/src/markdown_math_export_test.dart: uses each heading level effective text size for inline math
17:44 +2710 -1: /home/albert/busystack/busymark/test/src/markdown_math_export_test.dart: custom typography and four margins control actual math jobs
17:44 +2711 -1: /home/albert/busystack/busymark/test/src/markdown_math_export_test.dart: prepares inline and display math as deterministic vector assets
17:44 +2712 -1: /home/albert/busystack/busymark/test/src/markdown_math_export_test.dart: footnote inline and display math retain surrounding semantics
17:44 +2713 -1: /home/albert/busystack/busymark/test/src/markdown_math_export_test.dart: Typst compiles footnote math through the math renderer
17:44 +2714 -1: /home/albert/busystack/busymark/test/src/markdown_math_export_test.dart: Typst keeps MathJax SVG inline and exports failed math visibly
17:44 +2715 -1: loading /home/albert/busystack/busymark/test/src/writerside_semantic_widgets_test.dart
17:46 +2715 -1: /home/albert/busystack/busymark/test/src/writerside_semantic_widgets_test.dart: tabs synchronize and support arrow, Home and End keys
17:48 +2716 -1: /home/albert/busystack/busymark/test/src/writerside_semantic_widgets_test.dart: table sorting is numeric and excludes disabled columns
17:48 +2717 -1: /home/albert/busystack/busymark/test/src/writerside_semantic_widgets_test.dart: Markdown table keeps empty columns equal width
17:48 +2718 -1: /home/albert/busystack/busymark/test/src/writerside_semantic_widgets_test.dart: Writerside table preserves declared column width
17:48 +2719 -1: /home/albert/busystack/busymark/test/src/writerside_semantic_widgets_test.dart: table spans preserve geometry and sticky header position
17:49 +2720 -1: loading /home/albert/busystack/busymark/test/src/clipboard_history_panel_test.dart
17:50 +2720 -1: /home/albert/busystack/busymark/test/src/clipboard_history_panel_test.dart: records balance a two-line source preview with visible metadata
17:51 +2721 -1: /home/albert/busystack/busymark/test/src/clipboard_history_panel_test.dart: large records use a short preview and do not create a tooltip
17:51 +2722 -1: /home/albert/busystack/busymark/test/src/clipboard_history_panel_test.dart: actions menu is right of search and owns refresh and clear
17:52 +2723 -1: /home/albert/busystack/busymark/test/src/clipboard_history_panel_test.dart: keyboard navigation keeps the selected history entry visible
17:53 +2724 -1: /home/albert/busystack/busymark/test/src/clipboard_history_panel_test.dart: Delete edits the focused search without removing history
17:53 +2725 -1: /home/albert/busystack/busymark/test/src/clipboard_history_panel_test.dart: unsupported payload disables paste for the destination
17:53 +2726 -1: /home/albert/busystack/busymark/test/src/clipboard_history_panel_test.dart: double-clicking a shared history row pastes the item
17:53 +2727 -1: /home/albert/busystack/busymark/test/src/clipboard_history_panel_test.dart: plain-text paste remains enabled when rich paste is unavailable
17:53 +2728 -1: /home/albert/busystack/busymark/test/src/clipboard_history_panel_test.dart: source-only payload has no plain-text action
17:53 +2729 -1: /home/albert/busystack/busymark/test/src/clipboard_history_panel_test.dart: image exposes plain paste only with real text
17:53 +2730 -1: /home/albert/busystack/busymark/test/src/clipboard_history_panel_test.dart: failed insertion reports visible feedback
17:54 +2731 -1: /home/albert/busystack/busymark/test/src/clipboard_history_panel_test.dart: cancelled insertion is terminal without an error toast
17:54 +2732 -1: /home/albert/busystack/busymark/test/src/clipboard_history_panel_test.dart: current external HTML is transient until panel insertion and remains reusable
17:54 +2733 -1: /home/albert/busystack/busymark/test/src/clipboard_history_panel_test.dart: failed current-item paste is not retained and plain paste stays explicit
17:54 +2734 -1: /home/albert/busystack/busymark/test/src/clipboard_history_panel_test.dart: successful external paste retains after the panel is disposed
17:54 +2735 -1: /home/albert/busystack/busymark/test/src/clipboard_history_panel_test.dart: plain source and Editor copies stay text and de-duplicate
17:54 +2736 -1: loading /home/albert/busystack/busymark/test/src/feedback_metadata_test.dart
17:56 +2736 -1: /home/albert/busystack/busymark/test/src/feedback_metadata_test.dart: loads version and build number from package metadata
17:56 +2737 -1: /home/albert/busystack/busymark/test/src/feedback_metadata_test.dart: uses zero when package build metadata is absent
17:56 +2738 -1: /home/albert/busystack/busymark/test/src/feedback_metadata_test.dart: rejects missing package version metadata
17:56 +2739 -1: loading /home/albert/busystack/busymark/test/src/writerside_topic_creator_test.dart
17:58 +2739 -1: /home/albert/busystack/busymark/test/src/writerside_topic_creator_test.dart: creates XML child topic and registers it under parent TOC node
17:59 +2740 -1: /home/albert/busystack/busymark/test/src/writerside_topic_creator_test.dart: creates Unicode Markdown and XML topic filenames
17:59 +2741 -1: /home/albert/busystack/busymark/test/src/writerside_topic_creator_test.dart: rejects custom XML source without a root ID before publication
17:59 +2742 -1: /home/albert/busystack/busymark/test/src/writerside_topic_creator_test.dart: rejects custom XML source whose root ID differs from filename
17:59 +2743 -1: /home/albert/busystack/busymark/test/src/writerside_topic_creator_test.dart: accepts custom XML source whose root ID matches filename
17:59 +2744 -1: /home/albert/busystack/busymark/test/src/writerside_topic_creator_test.dart: requires a reference for every non-root placement
17:59 +2745 -1: /home/albert/busystack/busymark/test/src/writerside_topic_creator_test.dart: creates a child under an exact topic-less TOC node path
17:59 +2746 -1: /home/albert/busystack/busymark/test/src/writerside_topic_creator_test.dart: first real topic under an empty group becomes the home page
17:59 +2747 -1: /home/albert/busystack/busymark/test/src/writerside_topic_creator_test.dart: exact TOC path disambiguates sibling insertion
17:59 +2748 -1: /home/albert/busystack/busymark/test/src/writerside_topic_creator_test.dart: rejects an exact TOC path whose expected node has moved
17:59 +2749 -1: /home/albert/busystack/busymark/test/src/writerside_topic_creator_test.dart: invalid exact TOC path does not fall back to topic reference
17:59 +2750 -1: /home/albert/busystack/busymark/test/src/writerside_topic_creator_test.dart: rejects duplicate topic IDs before writing
17:59 +2751 -1: /home/albert/busystack/busymark/test/src/writerside_topic_creator_test.dart: creates a missing nested topics directory
18:00 +2752 -1: /home/albert/busystack/busymark/test/src/writerside_topic_creator_test.dart: rejects a symlinked topics directory without writing outside
18:00 +2753 -1: /home/albert/busystack/busymark/test/src/writerside_topic_creator_test.dart: does not overwrite a concurrently changed tree or leave an orphan topic
18:00 +2754 -1: /home/albert/busystack/busymark/test/src/writerside_topic_creator_test.dart: rollback preserves a created topic changed by another writer
18:00 +2755 -1: /home/albert/busystack/busymark/test/src/writerside_topic_creator_test.dart: atomic tree publication preserves its POSIX mode
18:00 +2756 -1: /home/albert/busystack/busymark/test/src/writerside_topic_creator_test.dart: final module-wide topic ID validation blocks a concurrent same ID with a different extension
18:00 +2757 -1: /home/albert/busystack/busymark/test/src/writerside_topic_creator_test.dart: final module-wide topic ID validation blocks a concurrent same ID in a different directory
18:00 +2758 -1: /home/albert/busystack/busymark/test/src/writerside_topic_creator_test.dart: final module-wide topic ID validation blocks a concurrent same ID in another configured root
18:00 +2759 -1: /home/albert/busystack/busymark/test/src/writerside_topic_creator_test.dart: final module-wide topic ID validation allows an unrelated concurrent topic ID
18:00 +2760 -1: loading /home/albert/busystack/busymark/test/src/writerside_template_dialogs_test.dart
18:02 +2760 -1: /home/albert/busystack/busymark/test/src/writerside_template_dialogs_test.dart: creation selects real variants, validates and submits in TextDirection.rtl
18:06 +2761 -1: /home/albert/busystack/busymark/test/src/writerside_template_dialogs_test.dart: creation selects real variants, validates and submits in TextDirection.ltr
18:08 +2762 -1: /home/albert/busystack/busymark/test/src/writerside_template_dialogs_test.dart: creation uses native master-detail controls and filters
18:10 +2763 -1: /home/albert/busystack/busymark/test/src/writerside_template_dialogs_test.dart: creation opens both template editor entry points
18:14 +2764 -1: /home/albert/busystack/busymark/test/src/writerside_template_dialogs_test.dart: catalog failure keeps BusyMark status and retry controls
18:15 +2765 -1: /home/albert/busystack/busymark/test/src/writerside_template_dialogs_test.dart: Files editor stages new content, cancels and persists on OK
18:18 +2766 -1: /home/albert/busystack/busymark/test/src/writerside_template_dialogs_test.dart: source surface exposes its label and focus boundary
18:19 +2767 -1: /home/albert/busystack/busymark/test/src/writerside_template_dialogs_test.dart: New toolbar command stages an editable draft and Cancel drops it
18:21 +2768 -1: /home/albert/busystack/busymark/test/src/writerside_template_dialogs_test.dart: custom XML template cannot publish a mismatching root ID
18:23 +2769 -1: /home/albert/busystack/busymark/test/src/writerside_template_dialogs_test.dart: save-as-template appears under Custom; edit, duplicate and delete preserve cancel
18:25 +2770 -1: /home/albert/busystack/busymark/test/src/writerside_template_dialogs_test.dart: stale settings reject OK and retain draft for recovery
18:27 +2771 -1: /home/albert/busystack/busymark/test/src/writerside_template_dialogs_test.dart: Internal reset is staged, cancellable, and publishable
18:29 +2772 -1: /home/albert/busystack/busymark/test/src/writerside_template_dialogs_test.dart: Files and Internal Starter.md both save (custom first: true)
18:31 +2773 -1: /home/albert/busystack/busymark/test/src/writerside_template_dialogs_test.dart: Files and Internal Starter.md both save (custom first: false)
18:32 +2774 -1: loading /home/albert/busystack/busymark/test/src/writerside_toc_source_widget_test.dart
18:33 +2774 -1: /home/albert/busystack/busymark/test/src/writerside_toc_source_widget_test.dart: tree exact reveal unfolds and line movement is one undoable full-source edit
18:34 +2775 -1: loading /home/albert/busystack/busymark/test/src/math_parser_test.dart
18:35 +2775 -1: /home/albert/busystack/busymark/test/src/math_parser_test.dart: parses several dollar formulas as semantic inline math
18:35 +2776 -1: /home/albert/busystack/busymark/test/src/math_parser_test.dart: parses the GitHub dollar-backtick form without delimiters
18:35 +2777 -1: /home/albert/busystack/busymark/test/src/math_parser_test.dart: parses single-line and multiline display math as blocks
18:35 +2778 -1: /home/albert/busystack/busymark/test/src/math_parser_test.dart: math scanner stays aligned around every neighboring block kind
18:35 +2779 -1: /home/albert/busystack/busymark/test/src/math_parser_test.dart: math and Writerside tex fences follow document compatibility
18:35 +2780 -1: /home/albert/busystack/busymark/test/src/math_parser_test.dart: Writerside semantic math is inline and remains source-preserving
18:35 +2781 -1: /home/albert/busystack/busymark/test/src/math_parser_test.dart: Writerside semantic math decodes XML entities but preserves source
18:35 +2782 -1: /home/albert/busystack/busymark/test/src/math_parser_test.dart: escaped dollars, code, currency, empty and malformed forms stay text
18:35 +2783 -1: /home/albert/busystack/busymark/test/src/math_parser_test.dart: inline math survives list, blockquote, and table structure
18:35 +2784 -1: /home/albert/busystack/busymark/test/src/math_parser_test.dart: CRLF math input and every original form round-trip untouched
18:35 +2785 -1: /home/albert/busystack/busymark/test/src/math_parser_test.dart: preview builder creates first-class inline and display math nodes
18:35 +2786 -1: loading /home/albert/busystack/busymark/test/src/busymark_document_test.dart
18:40 +2786 -1: /home/albert/busystack/busymark/test/src/busymark_document_test.dart: WYSIWYG hit testing includes shared document surface borders
18:40 +2787 -1: /home/albert/busystack/busymark/test/src/busymark_document_test.dart: document image width resolution is bounded consistently
18:40 +2788 -1: /home/albert/busystack/busymark/test/src/busymark_document_test.dart: package markdown AST imports into BusyDocument core blocks
18:40 +2789 -1: /home/albert/busystack/busymark/test/src/busymark_document_test.dart: linked remote image paragraphs import as editable image blocks
18:40 +2790 -1: /home/albert/busystack/busymark/test/src/busymark_document_test.dart: serializer emits Markdown source for edited semantic blocks
18:40 +2791 -1: /home/albert/busystack/busymark/test/src/busymark_document_test.dart: serializer preserves unchanged raw blocks
18:40 +2792 -1: /home/albert/busystack/busymark/test/src/busymark_document_test.dart: serializer preserves safe raw HTML source byte for byte
18:40 +2793 -1: /home/albert/busystack/busymark/test/src/busymark_document_test.dart: serializer preserves unsafe raw HTML source while preview remains raw
18:40 +2794 -1: /home/albert/busystack/busymark/test/src/busymark_document_test.dart: serializer patches dirty blocks without canonicalizing unchanged source
18:40 +2795 -1: /home/albert/busystack/busymark/test/src/busymark_document_test.dart: WYSIWYG text edits preserve unrelated block instances
18:40 +2796 -1: /home/albert/busystack/busymark/test/src/busymark_document_test.dart: unrelated edits preserve source-only reference definitions
18:40 +2797 -1: /home/albert/busystack/busymark/test/src/busymark_document_test.dart: source-only definitions survive scanner and AST count mismatches
18:40 +2798 -1: /home/albert/busystack/busymark/test/src/busymark_document_test.dart: preserved reference definitions still resolve after an edit
18:40 +2799 -1: /home/albert/busystack/busymark/test/src/busymark_document_test.dart: unrelated edits preserve GFM footnote definitions
18:40 +2800 -1: /home/albert/busystack/busymark/test/src/busymark_document_test.dart: containers with nested definitions are source-protected
18:40 +2801 -1: /home/albert/busystack/busymark/test/src/busymark_document_test.dart: scanner mismatches conservatively protect nested definitions
18:40 +2802 -1: /home/albert/busystack/busymark/test/src/busymark_document_test.dart: opaque source IDs cannot collide with semantic heading IDs
18:40 +2803 -1: /home/albert/busystack/busymark/test/src/busymark_document_test.dart: full list serialization preserves reference definitions
18:40 +2804 -1: /home/albert/busystack/busymark/test/src/busymark_document_test.dart: full serialization omits generated footnote output
18:40 +2805 -1: /home/albert/busystack/busymark/test/src/busymark_document_test.dart: invalid reference-like prose remains a modeled block
18:40 +2806 -1: /home/albert/busystack/busymark/test/src/busymark_document_test.dart: large inline-link documents do not create source-only blocks
18:40 +2807 -1: /home/albert/busystack/busymark/test/src/busymark_document_test.dart: large adjacent definition sets stay distinct and preserved
18:41 +2808 -1: /home/albert/busystack/busymark/test/src/busymark_document_test.dart: destructive selections reject read-only source endpoints
18:41 +2809 -1: /home/albert/busystack/busymark/test/src/busymark_document_test.dart: list indentation cannot attach content to a protected item
18:41 +2810 -1: /home/albert/busystack/busymark/test/src/busymark_document_test.dart: WYSIWYG nested list text edit updates Markdown source
18:41 +2811 -1: /home/albert/busystack/busymark/test/src/busymark_document_test.dart: WYSIWYG ordered list edits preserve nested children
18:41 +2812 -1: /home/albert/busystack/busymark/test/src/busymark_document_test.dart: WYSIWYG ordered task edits preserve marker and nested children
18:41 +2813 -1: /home/albert/busystack/busymark/test/src/busymark_document_test.dart: WYSIWYG nested blockquote edit preserves surrounding source
18:41 +2814 -1: /home/albert/busystack/busymark/test/src/busymark_document_test.dart: WYSIWYG cross-block deletion prunes an emptied blockquote
18:41 +2815 -1: /home/albert/busystack/busymark/test/src/busymark_document_test.dart: WYSIWYG nested inline edit updates Markdown source
18:41 +2816 -1: /home/albert/busystack/busymark/test/src/busymark_document_test.dart: WYSIWYG nested block removal updates Markdown source
18:41 +2817 -1: /home/albert/busystack/busymark/test/src/busymark_document_test.dart: parser includes setext headings in heading metadata
18:41 +2818 -1: /home/albert/busystack/busymark/test/src/busymark_document_test.dart: live document outline follows top-level generated heading order
18:41 +2819 -1: /home/albert/busystack/busymark/test/src/busymark_document_test.dart: duplicate anchors retain distinct editor block identities
18:41 +2820 -1: /home/albert/busystack/busymark/test/src/busymark_document_test.dart: preview and WYSIWYG use the same semantic document
18:41 +2821 -1: /home/albert/busystack/busymark/test/src/busymark_document_test.dart: WYSIWYG text edit updates Markdown source
18:41 +2822 -1: /home/albert/busystack/busymark/test/src/busymark_document_test.dart: WYSIWYG empty documents have one editable paragraph
18:41 +2823 -1: /home/albert/busystack/busymark/test/src/busymark_document_test.dart: WYSIWYG editor accepts typing in an empty document
18:42 +2824 -1: /home/albert/busystack/busymark/test/src/busymark_document_test.dart: WYSIWYG heading navigation skips across large documents
18:46 +2825 -1: /home/albert/busystack/busymark/test/src/busymark_document_test.dart: WYSIWYG renders a blockquote around its editable text
18:46 +2826 -1: /home/albert/busystack/busymark/test/src/busymark_document_test.dart: WYSIWYG uses one quote frame for multiple quote paragraphs
18:46 +2827 -1: /home/albert/busystack/busymark/test/src/busymark_document_test.dart: WYSIWYG quote frame focuses its first editable child
18:46 +2828 -1: /home/albert/busystack/busymark/test/src/busymark_document_test.dart: WYSIWYG inherits RTL indentation inside a blockquote
18:46 +2829 -1: /home/albert/busystack/busymark/test/src/busymark_document_test.dart: WYSIWYG keeps a generated leaf blockquote editable
18:46 +2830 -1: /home/albert/busystack/busymark/test/src/busymark_document_test.dart: WYSIWYG hides a definition-only source and preserves it
18:46 +2831 -1: /home/albert/busystack/busymark/test/src/busymark_document_test.dart: WYSIWYG editor undo and redo restore document edits
18:47 +2832 -1: /home/albert/busystack/busymark/test/src/busymark_document_test.dart: WYSIWYG editor replaces document when active file changes
18:47 +2833 -1: /home/albert/busystack/busymark/test/src/busymark_document_test.dart: WYSIWYG editor applies heading keyboard shortcuts
18:47 +2834 -1: /home/albert/busystack/busymark/test/src/busymark_document_test.dart: Ctrl+Shift+- inserts a thematic break
18:47 +2835 -1: /home/albert/busystack/busymark/test/src/busymark_document_test.dart: WYSIWYG Tab nests eligible list items and Shift+Tab lifts them
18:47 +2836 -1: /home/albert/busystack/busymark/test/src/busymark_document_test.dart: WYSIWYG arrow keys move focus between paragraphs
18:47 +2837 -1: /home/albert/busystack/busymark/test/src/busymark_document_test.dart: WYSIWYG Ctrl+Arrow crosses paragraph boundaries
18:47 +2838 -1: /home/albert/busystack/busymark/test/src/busymark_document_test.dart: WYSIWYG Ctrl+Shift+Arrow extends into the next paragraph
18:47 +2839 -1: /home/albert/busystack/busymark/test/src/busymark_document_test.dart: WYSIWYG repeated arrow keys keep moving between paragraphs
18:48 +2840 -1: /home/albert/busystack/busymark/test/src/busymark_document_test.dart: WYSIWYG Shift+Down selection continues character by character in the next paragraph
18:48 +2841 -1: /home/albert/busystack/busymark/test/src/busymark_document_test.dart: WYSIWYG repeated Shift+Arrow extends one selection
18:48 +2842 -1: /home/albert/busystack/busymark/test/src/busymark_document_test.dart: WYSIWYG horizontal selection continues vertically into the next paragraph
18:48 +2843 -1: /home/albert/busystack/busymark/test/src/busymark_document_test.dart: WYSIWYG reverse Shift+Up selection continues left in the previous paragraph
18:48 +2844 -1: /home/albert/busystack/busymark/test/src/busymark_document_test.dart: WYSIWYG ignores redundant source blank lines
18:48 +2845 -1: /home/albert/busystack/busymark/test/src/busymark_document_test.dart: typing replaces a WYSIWYG selection across paragraphs
18:48 +2846 -1: /home/albert/busystack/busymark/test/src/busymark_document_test.dart: deleting a selected paragraph boundary merges paragraphs
18:48 +2847 -1: /home/albert/busystack/busymark/test/src/busymark_document_test.dart: WYSIWYG Shift+Down follows visual lines before paragraphs
18:48 +2848 -1: /home/albert/busystack/busymark/test/src/busymark_document_test.dart: WYSIWYG Shift+Arrow selects whole grapheme clusters
18:49 +2849 -1: /home/albert/busystack/busymark/test/src/busymark_document_test.dart: WYSIWYG drag selection can copy multiple paragraphs
18:49 +2850 -1: /home/albert/busystack/busymark/test/src/busymark_document_test.dart: WYSIWYG click elsewhere clears previous block selection
18:49 +2851 -1: /home/albert/busystack/busymark/test/src/busymark_document_test.dart: WYSIWYG Shift click selects text across paragraphs
18:49 +2852 -1: /home/albert/busystack/busymark/test/src/busymark_document_test.dart: WYSIWYG Shift drag extends selection across paragraphs
18:49 +2853 -1: /home/albert/busystack/busymark/test/src/busymark_document_test.dart: WYSIWYG Shift drag from heading end hides native selection
18:49 +2854 -1: /home/albert/busystack/busymark/test/src/busymark_document_test.dart: WYSIWYG reverse drag updates selection on pointer up
18:49 +2855 -1: /home/albert/busystack/busymark/test/src/busymark_document_test.dart: WYSIWYG reverse drag aligns wrapped trailing word highlight
18:49 +2856 -1: /home/albert/busystack/busymark/test/src/busymark_document_test.dart: WYSIWYG Ctrl+X cuts block selection
18:49 +2857 -1: /home/albert/busystack/busymark/test/src/busymark_document_test.dart: WYSIWYG cut paste preserves inline formatting
18:50 +2858 -1: /home/albert/busystack/busymark/test/src/busymark_document_test.dart: WYSIWYG cut paste preserves whole block formatting
18:50 +2859 -1: /home/albert/busystack/busymark/test/src/busymark_document_test.dart: WYSIWYG drag selection preserves partial paragraph boundaries
18:50 +2860 -1: /home/albert/busystack/busymark/test/src/busymark_document_test.dart: WYSIWYG toolbar bold applies to selected paragraphs
18:50 +2861 -1: /home/albert/busystack/busymark/test/src/busymark_document_test.dart: WYSIWYG toolbar toggle stays vertically aligned when collapsed
18:50 +2862 -1: /home/albert/busystack/busymark/test/src/busymark_document_test.dart: editing toolbar reserves its document edge
18:51 +2863 -1: /home/albert/busystack/busymark/test/src/busymark_document_test.dart: restoring the first block does not duplicate the Editor top inset
18:51 +2864 -1: /home/albert/busystack/busymark/test/src/busymark_document_test.dart: vertical WYSIWYG toolbar is bounded and extends from its edge
18:51 +2865 -1: /home/albert/busystack/busymark/test/src/busymark_document_test.dart: editing toolbar corners remain physical in LTR and RTL
18:52 +2866 -1: /home/albert/busystack/busymark/test/src/busymark_document_test.dart: editing toolbar context menu changes placement and direction when shown or hidden
18:52 +2867 -1: /home/albert/busystack/busymark/test/src/busymark_document_test.dart: WYSIWYG toolbar list applies to selected paragraphs
18:52 +2868 -1: /home/albert/busystack/busymark/test/src/busymark_document_test.dart: WYSIWYG renders safe HTML blocks and edits raw source
18:52 +2869 -1: /home/albert/busystack/busymark/test/src/busymark_document_test.dart: WYSIWYG toolbar inserts an HTML block
18:52 +2870 -1: /home/albert/busystack/busymark/test/src/busymark_document_test.dart: WYSIWYG dialog submission is discarded after the active file changes
18:53 +2871 -1: /home/albert/busystack/busymark/test/src/busymark_document_test.dart: WYSIWYG dialog submission is discarded after document generation changes
18:53 +2872 -1: /home/albert/busystack/busymark/test/src/busymark_document_test.dart: WYSIWYG dialogs stop app-level tab navigation shortcuts
18:53 +2873 -1: /home/albert/busystack/busymark/test/src/busymark_document_test.dart: WYSIWYG dialogs activate the native headerbar barrier
18:53 +2874 -1: /home/albert/busystack/busymark/test/src/busymark_document_test.dart: WYSIWYG typing preserves existing inline formatting
18:53 +2875 -1: /home/albert/busystack/busymark/test/src/busymark_document_test.dart: WYSIWYG Backspace at block start merges with previous block
18:53 +2876 -1: /home/albert/busystack/busymark/test/src/busymark_document_test.dart: WYSIWYG Ctrl+A twice selects all text for deletion
18:53 +2877 -1: /home/albert/busystack/busymark/test/src/busymark_document_test.dart: WYSIWYG select-all deletion preserves source-protected definitions
18:54 +2878 -1: /home/albert/busystack/busymark/test/src/busymark_document_test.dart: WYSIWYG inline ranges do not duplicate formatted text
18:54 +2879 -1: /home/albert/busystack/busymark/test/src/busymark_document_test.dart: WYSIWYG inline commands serialize bold italic and links
18:54 +2880 -1: /home/albert/busystack/busymark/test/src/busymark_document_test.dart: WYSIWYG serializes italic nested at the end of bold text
18:54 +2881 -1: /home/albert/busystack/busymark/test/src/busymark_document_test.dart: WYSIWYG text edits preserve inline ranges where possible
18:54 +2882 -1: /home/albert/busystack/busymark/test/src/busymark_document_test.dart: WYSIWYG text edits preserve empty-alt inline images
18:54 +2883 -1: /home/albert/busystack/busymark/test/src/busymark_document_test.dart: WYSIWYG edits preserve escaped literal punctuation semantics
18:54 +2884 -1: /home/albert/busystack/busymark/test/src/busymark_document_test.dart: WYSIWYG link dialog submits with Enter
18:54 +2885 -1: /home/albert/busystack/busymark/test/src/busymark_document_test.dart: WYSIWYG link dialog edits an existing link when caret is inside it
18:54 +2886 -1: /home/albert/busystack/busymark/test/src/busymark_document_test.dart: WYSIWYG link dialog edits an existing link when its text is selected
18:54 +2887 -1: /home/albert/busystack/busymark/test/src/busymark_document_test.dart: WYSIWYG inline command toggles selected mark without dropping links
18:54 +2888 -1: /home/albert/busystack/busymark/test/src/busymark_document_test.dart: WYSIWYG inline code command serializes selected text
18:54 +2889 -1: /home/albert/busystack/busymark/test/src/busymark_document_test.dart: serializer chooses inline code delimiters that preserve backticks
18:54 +2890 -1: /home/albert/busystack/busymark/test/src/busymark_document_test.dart: link title backslashes use standards-safe character references
18:54 +2891 -1: /home/albert/busystack/busymark/test/src/busymark_document_test.dart: inline serialization distinguishes every hard-break run boundary
18:54 +2892 -1: /home/albert/busystack/busymark/test/src/busymark_document_test.dart: link titles round-trip decoded punctuation and line endings
18:54 +2893 -1: /home/albert/busystack/busymark/test/src/busymark_document_test.dart: table link titles retain multiline values without physical rows
18:54 +2894 -1: /home/albert/busystack/busymark/test/src/busymark_document_test.dart: serializer preserves fenced code delimiters and trailing whitespace
18:54 +2895 -1: /home/albert/busystack/busymark/test/src/busymark_document_test.dart: parser preserves meaningful trailing fenced-code whitespace
18:54 +2896 -1: /home/albert/busystack/busymark/test/src/busymark_document_test.dart: parser closes dynamic code fences only with a matching delimiter
18:54 +2897 -1: /home/albert/busystack/busymark/test/src/busymark_document_test.dart: parser does not treat indented code as a fenced block
18:54 +2898 -1: /home/albert/busystack/busymark/test/src/busymark_document_test.dart: WYSIWYG inline commands preserve existing sibling formatting
18:54 +2899 -1: /home/albert/busystack/busymark/test/src/busymark_document_test.dart: WYSIWYG block commands apply to multiple selected blocks
18:54 +2900 -1: /home/albert/busystack/busymark/test/src/busymark_document_test.dart: WYSIWYG inline commands apply to multiple selected blocks
18:54 +2901 -1: /home/albert/busystack/busymark/test/src/busymark_document_test.dart: WYSIWYG image command serializes a real image block
18:54 +2902 -1: /home/albert/busystack/busymark/test/src/busymark_document_test.dart: WYSIWYG editor renders Writerside images by basename
18:54 +2903 -1: /home/albert/busystack/busymark/test/src/busymark_document_test.dart: WYSIWYG editor renders absolute local image paths
18:54 +2904 -1: /home/albert/busystack/busymark/test/src/busymark_document_test.dart: WYSIWYG editor renders linked remote image blocks
18:54 +2905 -1: /home/albert/busystack/busymark/test/src/busymark_document_test.dart: WYSIWYG Enter recognizes a pasted bare URL in commonMark
18:54 +2906 -1: /home/albert/busystack/busymark/test/src/busymark_document_test.dart: WYSIWYG Enter recognizes a pasted bare URL in writersideMarkdown
18:54 +2907 -1: /home/albert/busystack/busymark/test/src/busymark_document_test.dart: WYSIWYG Enter recognizes a pasted bare URL in gfm
18:54 +2908 -1: /home/albert/busystack/busymark/test/src/busymark_document_test.dart: WYSIWYG Enter uses parser URL boundaries without parsing other syntax
18:54 +2909 -1: /home/albert/busystack/busymark/test/src/busymark_document_test.dart: WYSIWYG Enter excludes code and keeps explicit equal-label links explicit
18:54 +2910 -1: /home/albert/busystack/busymark/test/src/busymark_document_test.dart: bare URL destinations follow edits and splits while explicit destinations stay authored
18:54 +2911 -1: /home/albert/busystack/busymark/test/src/busymark_document_test.dart: rejoining only extends existing bare URLs and preserves code and explicit links
18:54 +2912 -1: /home/albert/busystack/busymark/test/src/busymark_document_test.dart: structural URL slices update derived destinations and link editing authors an explicit destination
18:54 +2913 -1: /home/albert/busystack/busymark/test/src/busymark_document_test.dart: WYSIWYG Enter splits one block into separate Markdown paragraphs
18:54 +2914 -1: /home/albert/busystack/busymark/test/src/busymark_document_test.dart: WYSIWYG reload ignores an empty paragraph represented only by blanks
18:54 +2915 -1: /home/albert/busystack/busymark/test/src/busymark_document_test.dart: WYSIWYG reload ignores trailing blank lines
18:54 +2916 -1: /home/albert/busystack/busymark/test/src/busymark_document_test.dart: WYSIWYG does not create blocks for redundant source whitespace
18:54 +2917 -1: /home/albert/busystack/busymark/test/src/busymark_document_test.dart: WYSIWYG Enter in unordered list creates next item then exits list
18:54 +2918 -1: /home/albert/busystack/busymark/test/src/busymark_document_test.dart: WYSIWYG Enter in ordered list creates next numbered item
18:54 +2919 -1: /home/albert/busystack/busymark/test/src/busymark_document_test.dart: WYSIWYG thematic break inserts after current block
18:54 +2920 -1: /home/albert/busystack/busymark/test/src/busymark_document_test.dart: WYSIWYG Enter key creates a new paragraph block
18:55 +2921 -1: /home/albert/busystack/busymark/test/src/busymark_document_test.dart: WYSIWYG Enter carries active inline style to next paragraph
18:55 +2922 -1: /home/albert/busystack/busymark/test/src/busymark_document_test.dart: WYSIWYG Enter at paragraph end preserves inner bold span
18:55 +2923 -1: /home/albert/busystack/busymark/test/src/busymark_document_test.dart: WYSIWYG newline text edit preserves inner bold span
18:55 +2924 -1: /home/albert/busystack/busymark/test/src/busymark_document_test.dart: WYSIWYG text input newlines become Markdown paragraphs
18:55 +2925 -1: /home/albert/busystack/busymark/test/src/busymark_document_test.dart: WYSIWYG typing preserves an existing hard break
18:55 +2926 -1: /home/albert/busystack/busymark/test/src/busymark_document_test.dart: hard-break toolbar command retains focus and advances caret
18:55 +2927 -1: /home/albert/busystack/busymark/test/src/busymark_document_test.dart: formatting toolbar command retains editor focus and selection
18:55 +2928 -1: /home/albert/busystack/busymark/test/src/busymark_document_test.dart: Shift+Enter retains focus and advances past the hard break
18:55 +2929 -1: /home/albert/busystack/busymark/test/src/busymark_document_test.dart: blank-line toolbar command round-trips and remains one focused edit
18:56 +2930 -1: /home/albert/busystack/busymark/test/src/busymark_document_test.dart: WYSIWYG editor lazily builds large documents
18:56 +2931 -1: /home/albert/busystack/busymark/test/src/busymark_document_test.dart: WYSIWYG task checkbox toggles directly when clicked
18:56 +2932 -1: /home/albert/busystack/busymark/test/src/busymark_document_test.dart: WYSIWYG block commands serialize headings and lists
18:56 +2933 -1: /home/albert/busystack/busymark/test/src/busymark_document_test.dart: WYSIWYG extended toolbar commands serialize Markdown
18:56 +2934 -1: /home/albert/busystack/busymark/test/src/busymark_document_test.dart: blank-line command keeps repeated terminal markers off the text line
18:56 +2935 -1: /home/albert/busystack/busymark/test/src/busymark_document_test.dart: WYSIWYG table and code language commands serialize Markdown
18:56 +2936 -1: /home/albert/busystack/busymark/test/src/busymark_document_test.dart: WYSIWYG table cell pipes round-trip without shifting columns
18:56 +2937 -1: /home/albert/busystack/busymark/test/src/busymark_document_test.dart: table escaping protects pipes inside formatted cell content
18:56 +2938 -1: /home/albert/busystack/busymark/test/src/busymark_document_test.dart: table code preserves a backslash immediately before a pipe
18:56 +2939 -1: /home/albert/busystack/busymark/test/src/busymark_document_test.dart: WYSIWYG table row and column commands serialize Markdown
18:56 +2940 -1: /home/albert/busystack/busymark/test/src/busymark_document_test.dart: WYSIWYG table dialog validates and synchronizes its size grid
18:57 +2941 -1: /home/albert/busystack/busymark/test/src/busymark_document_test.dart: table alignment survives parsing, edits, and structural changes
18:57 +2942 -1: /home/albert/busystack/busymark/test/src/busymark_document_test.dart: table column alignment command supports all Markdown alignments
18:57 +2943 -1: /home/albert/busystack/busymark/test/src/busymark_document_test.dart: WYSIWYG table cells apply Markdown column alignment
18:57 +2944 -1: /home/albert/busystack/busymark/test/src/busymark_document_test.dart: WYSIWYG table cells are formatted and editable
18:57 +2945 -1: /home/albert/busystack/busymark/test/src/busymark_document_test.dart: WYSIWYG table overlay menus survive structural rebuilds
18:58 +2946 -1: /home/albert/busystack/busymark/test/src/busymark_document_test.dart: Tab travels through WYSIWYG table cells and extends the table
18:58 +2947 -1: /home/albert/busystack/busymark/test/src/busymark_document_test.dart: WYSIWYG list indent outdent and task toggle commands serialize
18:58 +2948 -1: /home/albert/busystack/busymark/test/src/busymark_document_test.dart: WYSIWYG ordered indentation starts a nested list at one
18:58 +2949 -1: /home/albert/busystack/busymark/test/src/busymark_document_test.dart: WYSIWYG ordered indentation preserves a top-level start value
18:58 +2950 -1: /home/albert/busystack/busymark/test/src/busymark_document_test.dart: WYSIWYG ordered indentation numbers multiple nested siblings
18:58 +2951 -1: /home/albert/busystack/busymark/test/src/busymark_document_test.dart: WYSIWYG ordered outdent continues the parent list numbering
18:58 +2952 -1: /home/albert/busystack/busymark/test/src/busymark_document_test.dart: WYSIWYG converts an unordered item to a valid ordered marker
18:58 +2953 -1: /home/albert/busystack/busymark/test/src/busymark_document_test.dart: WYSIWYG converts selected nested items at each list depth
18:58 +2954 -1: loading /home/albert/busystack/busymark/test/src/source_paste_engine_test.dart
18:59 +2954 -1: /home/albert/busystack/busymark/test/src/source_paste_engine_test.dart: single rich paragraph repairs independently surviving endpoints
18:59 +2955 -1: /home/albert/busystack/busymark/test/src/source_paste_engine_test.dart: table cells repair independently formatted selection endpoints
18:59 +2956 -1: /home/albert/busystack/busymark/test/src/source_paste_engine_test.dart: block insertion replaces only a heading own prefix at content start
18:59 +2957 -1: /home/albert/busystack/busymark/test/src/source_paste_engine_test.dart: block insertion removes complete ATX and Setext heading syntax
18:59 +2958 -1: /home/albert/busystack/busymark/test/src/source_paste_engine_test.dart: block insertion retains literal paragraph hashes
18:59 +2959 -1: /home/albert/busystack/busymark/test/src/source_paste_engine_test.dart: whole heading replacement removes every authored marker
18:59 +2960 -1: /home/albert/busystack/busymark/test/src/source_paste_engine_test.dart: heading insertion at middle and end preserves only the leading heading
18:59 +2961 -1: /home/albert/busystack/busymark/test/src/source_paste_engine_test.dart: paragraph sequence removes nested heading marker at content start
18:59 +2962 -1: /home/albert/busystack/busymark/test/src/source_paste_engine_test.dart: external HTML blockquotes remain structured in Source
18:59 +2963 -1: /home/albert/busystack/busymark/test/src/source_paste_engine_test.dart: HTML break layout stays behind a caret after the semantic break
18:59 +2964 -1: /home/albert/busystack/busymark/test/src/source_paste_engine_test.dart: caret immediately before an HTML break keeps the break after paste
18:59 +2965 -1: /home/albert/busystack/busymark/test/src/source_paste_engine_test.dart: selection crossing an HTML break preserves both outside slices
18:59 +2966 -1: /home/albert/busystack/busymark/test/src/source_paste_engine_test.dart: complete inline HTML survives rich link insertion as one fragment
18:59 +2967 -1: /home/albert/busystack/busymark/test/src/source_paste_engine_test.dart: native rich trailing space survives inherited HTML insertion
18:59 +2968 -1: /home/albert/busystack/busymark/test/src/source_paste_engine_test.dart: native incoming edge whitespace survives inherited HTML styles
18:59 +2969 -1: /home/albert/busystack/busymark/test/src/source_paste_engine_test.dart: selection replacement retains native whitespace and link titles
18:59 +2970 -1: /home/albert/busystack/busymark/test/src/source_paste_engine_test.dart: multiple native inline runs retain text styles links and spaces
18:59 +2971 -1: /home/albert/busystack/busymark/test/src/source_paste_engine_test.dart: rich insertion maps collapsed HTML whitespace as content
18:59 +2972 -1: /home/albert/busystack/busymark/test/src/source_paste_engine_test.dart: collapsed whitespace maps through supported raw HTML styles
18:59 +2973 -1: /home/albert/busystack/busymark/test/src/source_paste_engine_test.dart: collapsed whitespace maps through a supported raw HTML link
18:59 +2974 -1: /home/albert/busystack/busymark/test/src/source_paste_engine_test.dart: supported content corpus always plans a rich insertion
19:00 +2975 -1: /home/albert/busystack/busymark/test/src/source_paste_engine_test.dart: repeated mapped siblings avoid fallback and preserve final paste
19:01 +2976 -1: /home/albert/busystack/busymark/test/src/source_paste_engine_test.dart: complete blocks split and preserve enclosing inline contexts
19:01 +2977 -1: /home/albert/busystack/busymark/test/src/source_paste_engine_test.dart: paragraph-only block sequences match Editor merge semantics
19:01 +2978 -1: /home/albert/busystack/busymark/test/src/source_paste_engine_test.dart: block paste preserves independent formatted selection boundaries
19:01 +2979 -1: /home/albert/busystack/busymark/test/src/source_paste_engine_test.dart: structured paste spans partial first and last destination blocks
19:01 +2980 -1: /home/albert/busystack/busymark/test/src/source_paste_engine_test.dart: paragraph sequences retain destination block and container paths
19:01 +2981 -1: /home/albert/busystack/busymark/test/src/source_paste_engine_test.dart: paste output is valid input for a second paste at returned caret
19:01 +2982 -1: /home/albert/busystack/busymark/test/src/source_paste_engine_test.dart: CRLF blockquote projection retains its authored prefixes
19:01 +2983 -1: /home/albert/busystack/busymark/test/src/source_paste_engine_test.dart: structured complete blocks generate only CRLF boundaries
19:01 +2984 -1: /home/albert/busystack/busymark/test/src/source_paste_engine_test.dart: structured inline hard breaks use destination CRLF
19:01 +2985 -1: /home/albert/busystack/busymark/test/src/source_paste_engine_test.dart: mapped and generated structured breaks retain CRLF and caret width
19:01 +2986 -1: /home/albert/busystack/busymark/test/src/source_paste_engine_test.dart: protected Source context explicitly permits textual fallback
19:01 +2987 -1: /home/albert/busystack/busymark/test/src/source_paste_engine_test.dart: syntax-only positions explicitly permit textual fallback
19:01 +2988 -1: /home/albert/busystack/busymark/test/src/source_paste_engine_test.dart: unmappable destination links stop rather than permit fallback
19:01 +2989 -1: loading /home/albert/busystack/busymark/test/src/visualization_coordinator_test.dart
19:02 +2989 -1: /home/albert/busystack/busymark/test/src/visualization_coordinator_test.dart: rejects a superseded render even when its engine finishes last
19:03 +2990 -1: /home/albert/busystack/busymark/test/src/visualization_coordinator_test.dart: retains the last successful render after invalid source
19:03 +2991 -1: /home/albert/busystack/busymark/test/src/visualization_coordinator_test.dart: limits concurrency and gives export work queue priority
19:03 +2992 -1: /home/albert/busystack/busymark/test/src/visualization_coordinator_test.dart: reuses a successful content-addressed cache entry
19:03 +2993 -1: /home/albert/busystack/busymark/test/src/visualization_coordinator_test.dart: validates concurrency and returns a typed unavailable result
19:03 +2994 -1: /home/albert/busystack/busymark/test/src/visualization_coordinator_test.dart: bounds last-successful render retention with LRU eviction
19:03 +2995 -1: loading /home/albert/busystack/busymark/test/src/writerside_toc_actions_test.dart
19:04 +2995 -1: /home/albert/busystack/busymark/test/src/writerside_toc_actions_test.dart: source navigation distinguishes repeated references on one line
19:04 +2996 -1: /home/albert/busystack/busymark/test/src/writerside_toc_actions_test.dart: explicit synchronization follows installed breadth-first topic matching
19:04 +2997 -1: /home/albert/busystack/busymark/test/src/writerside_toc_actions_test.dart: Markdown title edits preserve other instances, content and occurrence
19:04 +2998 -1: /home/albert/busystack/busymark/test/src/writerside_toc_actions_test.dart: Markdown title edit changes H1 and preserves front matter title
19:04 +2999 -1: /home/albert/busystack/busymark/test/src/writerside_toc_actions_test.dart: Markdown title round trip preserves ampersands and entity spellings
19:04 +3000 -1: /home/albert/busystack/busymark/test/src/writerside_toc_actions_test.dart: unchanged inherited values do not add overrides
19:04 +3001 -1: /home/albert/busystack/busymark/test/src/writerside_toc_actions_test.dart: XML title edits escape attributes and expand self-closing root
19:04 +3002 -1: /home/albert/busystack/busymark/test/src/writerside_toc_actions_test.dart: clearing overrides removes only the selected instance and occurrence
19:04 +3003 -1: /home/albert/busystack/busymark/test/src/writerside_toc_actions_test.dart: before-drop preserves complete subtrees and returns all moved paths
19:06 +3004 -1: /home/albert/busystack/busymark/test/src/writerside_toc_actions_test.dart: grouping uses source order and rejects cross-parent selections
19:06 +3005 -1: /home/albert/busystack/busymark/test/src/writerside_toc_actions_test.dart: line moves retain CRLF, caret, reversed selection and boundaries
19:06 +3006 -1: loading /home/albert/busystack/busymark/test/src/markdown_section_editor_test.dart
19:06 +3006 -1: /home/albert/busystack/busymark/test/src/markdown_section_editor_test.dart: section includes descendants and stops at the next sibling
19:06 +3007 -1: /home/albert/busystack/busymark/test/src/markdown_section_editor_test.dart: move up and down swap complete sibling subtrees
19:06 +3008 -1: /home/albert/busystack/busymark/test/src/markdown_section_editor_test.dart: promote and demote preserve descendant hierarchy
19:06 +3009 -1: /home/albert/busystack/busymark/test/src/markdown_section_editor_test.dart: demote is unavailable when a descendant is already H6
19:06 +3010 -1: /home/albert/busystack/busymark/test/src/markdown_section_editor_test.dart: level changes preserve and convert Setext headings
19:06 +3011 -1: loading /home/albert/busystack/busymark/test/src/visualization_models_test.dart
19:09 +3011 -1: /home/albert/busystack/busymark/test/src/visualization_models_test.dart: visualization fence classification recognizes canonical names and aliases without changing spelling
19:09 +3012 -1: /home/albert/busystack/busymark/test/src/visualization_models_test.dart: preserves dependency diagnostic source locations
19:09 +3013 -1: /home/albert/busystack/busymark/test/src/visualization_models_test.dart: visualization cache keys canonicalizes options and dependency order
19:09 +3014 -1: /home/albert/busystack/busymark/test/src/visualization_models_test.dart: visualization cache keys invalidates on engine, source, theme, profile, option, and dependency
19:09 +3015 -1: /home/albert/busystack/busymark/test/src/visualization_models_test.dart: visualization cache keys invalidates entries produced by the previous render pipeline
19:09 +3016 -1: /home/albert/busystack/busymark/test/src/visualization_models_test.dart: visualization disk cache round-trips SVG, raster, and structured OpenAPI successes
19:10 +3017 -1: /home/albert/busystack/busymark/test/src/visualization_models_test.dart: visualization disk cache does not persist failures and repairs malformed entries
19:10 +3018 -1: /home/albert/busystack/busymark/test/src/visualization_models_test.dart: visualization disk cache derives the XDG cache path without changing the environment
19:10 +3019 -1: loading /home/albert/busystack/busymark/test/src/writerside_video_test.dart
19:11 +3019 -1: /home/albert/busystack/busymark/test/src/writerside_video_test.dart: Writerside Markdown models video and preserves its exact source
19:11 +3020 -1: /home/albert/busystack/busymark/test/src/writerside_video_test.dart: video remains blocked raw HTML outside Writerside Markdown
19:11 +3021 -1: /home/albert/busystack/busymark/test/src/writerside_video_test.dart: multiline Writerside video attributes remain one semantic block
19:11 +3022 -1: /home/albert/busystack/busymark/test/src/writerside_video_test.dart: video markup inside an ordinary code fence is not interpreted
19:11 +3023 -1: /home/albert/busystack/busymark/test/src/writerside_video_test.dart: Writerside topic parser exposes video attributes
19:11 +3024 -1: /home/albert/busystack/busymark/test/src/writerside_video_test.dart: Writerside .topic preview creates a first-class video block
19:11 +3025 -1: /home/albert/busystack/busymark/test/src/writerside_video_test.dart: safe video resolver accepts documented hosts and local media
19:11 +3026 -1: /home/albert/busystack/busymark/test/src/writerside_video_test.dart: Writerside module reports invalid and incomplete video sources
19:11 +3027 -1: /home/albert/busystack/busymark/test/src/writerside_video_test.dart: local poster defaults to matching PNG and can be overridden
19:11 +3028 -1: /home/albert/busystack/busymark/test/src/writerside_video_test.dart: hosted video posters resolve from trusted provider sources
19:11 +3029 -1: /home/albert/busystack/busymark/test/src/writerside_video_test.dart: Vimeo poster metadata cannot point images to another host
19:11 +3030 -1: /home/albert/busystack/busymark/test/src/writerside_video_test.dart: PDF export carries a first-class linked video poster
19:11 +3031 -1: loading /home/albert/busystack/busymark/test/src/app_router_test.dart
19:13 +3031 -1: /home/albert/busystack/busymark/test/src/app_router_test.dart: settings return targets are explicit and validated
19:13 +3032 -1: /home/albert/busystack/busymark/test/src/app_router_test.dart: opening Settings preserves a validated Settings origin
19:13 +3033 -1: /home/albert/busystack/busymark/test/src/app_router_test.dart: settings page routes are explicit and validated
19:13 +3034 -1: /home/albert/busystack/busymark/test/src/app_router_test.dart: Settings opened from Welcome returns to Welcome with a stale workspace
19:15 +3035 -1: /home/albert/busystack/busymark/test/src/app_router_test.dart: returning to Welcome does not restore the session again
19:15 +3036 -1: loading /home/albert/busystack/busymark/test/src/writerside_resolution_regression_test.dart
19:17 +3036 -1: /home/albert/busystack/busymark/test/src/writerside_resolution_regression_test.dart: mixed Markdown protects fenced code and CDATA while preserving spans
19:18 +3037 -1: /home/albert/busystack/busymark/test/src/writerside_resolution_regression_test.dart: lazy defaults respect caller arguments and percent escaping
19:18 +3038 -1: /home/albert/busystack/busymark/test/src/writerside_resolution_regression_test.dart: empty links use the target title for the selected instance
19:18 +3039 -1: /home/albert/busystack/busymark/test/src/writerside_resolution_regression_test.dart: conditional chapter content and links follow the selected instance
19:18 +3040 -1: /home/albert/busystack/busymark/test/src/writerside_resolution_regression_test.dart: malformed markup and unresolved reuse stay visible with diagnostics
19:18 +3041 -1: /home/albert/busystack/busymark/test/src/writerside_resolution_regression_test.dart: Markdown IDs include whole chapters and retain mixed-content spans
19:18 +3042 -1: /home/albert/busystack/busymark/test/src/writerside_resolution_regression_test.dart: conditional globals and include arguments override snippet defaults
19:18 +3043 -1: /home/albert/busystack/busymark/test/src/writerside_resolution_regression_test.dart: links resolve labels, separate anchors and nullable availability
19:18 +3044 -1: /home/albert/busystack/busymark/test/src/writerside_resolution_regression_test.dart: included code uses its source topic and unsaved source overrides
19:18 +3045 -1: /home/albert/busystack/busymark/test/src/writerside_resolution_regression_test.dart: summaries stay metadata and starting pages suppress outside content
19:18 +3046 -1: /home/albert/busystack/busymark/test/src/writerside_resolution_regression_test.dart: configured shortcuts, glossary and binary resources have visible references
19:18 +3047 -1: /home/albert/busystack/busymark/test/src/writerside_resolution_regression_test.dart: line and symbol selectors reject invalid selections
19:18 +3048 -1: loading /home/albert/busystack/busymark/test/src/nextcloud_secret_store_test.dart
19:19 +3048 -1: /home/albert/busystack/busymark/test/src/nextcloud_secret_store_test.dart: reads exact app password in dedicated stable account namespace
19:19 +3049 -1: /home/albert/busystack/busymark/test/src/nextcloud_secret_store_test.dart: writes and deletes only the selected account secret
19:19 +3050 -1: /home/albert/busystack/busymark/test/src/nextcloud_secret_store_test.dart: rejects app passwords that cannot be stored as an exact C string
19:19 +3051 -1: /home/albert/busystack/busymark/test/src/nextcloud_secret_store_test.dart: rejects caller-controlled keys and non-random UUIDs before native calls
19:19 +3052 -1: /home/albert/busystack/busymark/test/src/nextcloud_secret_store_test.dart: unavailable keyring fails safely without plaintext fallback
19:19 +3053 -1: loading /home/albert/busystack/busymark/test/src/status_semantics_test.dart
19:20 +3053 -1: /home/albert/busystack/busymark/test/src/status_semantics_test.dart: status colors stay semantic across accents and brightness
19:23 +3054 -1: /home/albert/busystack/busymark/test/src/status_semantics_test.dart: workspace messages use semantic status roles
19:23 +3055 -1: /home/albert/busystack/busymark/test/src/status_semantics_test.dart: Git failures use window-level toasts
19:24 +3056 -1: /home/albert/busystack/busymark/test/src/status_semantics_test.dart: successful Git operations use window-level toasts
19:24 +3057 -1: loading /home/albert/busystack/busymark/test/src/workspace_service_test.dart
19:27 +3057 -1: /home/albert/busystack/busymark/test/src/workspace_service_test.dart: opens a single Markdown file workspace
19:27 +3058 -1: /home/albert/busystack/busymark/test/src/workspace_service_test.dart: resolves an unindexed sibling document within the workspace
19:27 +3059 -1: /home/albert/busystack/busymark/test/src/workspace_service_test.dart: opens a Markdown file from a file URI path
19:27 +3060 -1: /home/albert/busystack/busymark/test/src/workspace_service_test.dart: opens a generic Markdown folder workspace
19:27 +3061 -1: /home/albert/busystack/busymark/test/src/workspace_service_test.dart: canonicalizes a workspace opened through a directory symlink
19:27 +3062 -1: /home/albert/busystack/busymark/test/src/workspace_service_test.dart: rejects a workspace root replaced by a symlink after opening
19:27 +3063 -1: /home/albert/busystack/busymark/test/src/workspace_service_test.dart: opens a Writerside module workspace
19:27 +3064 -1: /home/albert/busystack/busymark/test/src/workspace_service_test.dart: untitled Markdown in Writerside reparses, previews, and outlines as CommonMark
19:27 +3065 -1: /home/albert/busystack/busymark/test/src/workspace_service_test.dart: genuine Writerside Markdown topic keeps Writerside semantics
19:27 +3066 -1: /home/albert/busystack/busymark/test/src/workspace_service_test.dart: creates and opens a Writerside starter project
19:27 +3067 -1: /home/albert/busystack/busymark/test/src/workspace_service_test.dart: reparses and previews Writerside Markdown without generic link validation
19:27 +3068 -1: /home/albert/busystack/busymark/test/src/workspace_service_test.dart: creates a Writerside Markdown topic and registers it in the TOC
19:28 +3069 -1: /home/albert/busystack/busymark/test/src/workspace_service_test.dart: imports Markdown topics into the selected instance and opens the first
19:28 +3070 -1: /home/albert/busystack/busymark/test/src/workspace_service_test.dart: Markdown import reloads stale UI inventory before planning
19:28 +3071 -1: /home/albert/busystack/busymark/test/src/workspace_service_test.dart: topic creation revalidates module IDs after its candidate is written
19:28 +3072 -1: /home/albert/busystack/busymark/test/src/workspace_service_test.dart: creates a topic in the explicitly selected instance and TOC node
19:28 +3073 -1: /home/albert/busystack/busymark/test/src/workspace_service_test.dart: unparsed topic basename reserves its module-wide topic ID for creation
19:28 +3074 -1: /home/albert/busystack/busymark/test/src/workspace_service_test.dart: topic under build reserves its module-wide ID for creation
19:28 +3075 -1: /home/albert/busystack/busymark/test/src/workspace_service_test.dart: topic under a hidden directory reserves its module-wide ID for creation
19:28 +3076 -1: /home/albert/busystack/busymark/test/src/workspace_service_test.dart: duplicate topic cannot reuse an unparsed topic basename
19:28 +3077 -1: /home/albert/busystack/busymark/test/src/workspace_service_test.dart: template source cannot reuse an unparsed topic basename
19:28 +3078 -1: /home/albert/busystack/busymark/test/src/workspace_service_test.dart: topic creation refuses incomplete topic discovery
19:28 +3079 -1: /home/albert/busystack/busymark/test/src/workspace_service_test.dart: rejects topic creation when the configured instance tree is outside the module
19:28 +3080 -1: /home/albert/busystack/busymark/test/src/workspace_service_test.dart: prepared topic rename is stale when a new module is discovered
19:28 +3081 -1: /home/albert/busystack/busymark/test/src/workspace_service_test.dart: topic rename planning rejects incomplete project module discovery
19:28 +3082 -1: /home/albert/busystack/busymark/test/src/workspace_service_test.dart: prepared topic rename rejects incomplete module discovery on apply
19:28 +3083 -1: /home/albert/busystack/busymark/test/src/workspace_service_test.dart: project module discovery reports directory listing failure
19:28 +3084 -1: /home/albert/busystack/busymark/test/src/workspace_service_test.dart: ordinary directory creation does not stale a prepared rename
19:29 +3085 -1: /home/albert/busystack/busymark/test/src/workspace_service_test.dart: normalizes portal-style document paths as filesystem paths
19:29 +3086 -1: /home/albert/busystack/busymark/test/src/workspace_service_test.dart: saveText writes content and returns the saved file snapshot
19:29 +3087 -1: /home/albert/busystack/busymark/test/src/workspace_service_test.dart: file change detection ignores timestamp-only changes
19:29 +3088 -1: /home/albert/busystack/busymark/test/src/workspace_service_test.dart: saveNewText writes a missing file and returns its snapshot
19:29 +3089 -1: /home/albert/busystack/busymark/test/src/workspace_service_test.dart: saveNewText refuses an existing file without changing it
19:29 +3090 -1: /home/albert/busystack/busymark/test/src/workspace_service_test.dart: saveNewText does not replace a file arriving before publication
19:29 +3091 -1: /home/albert/busystack/busymark/test/src/workspace_service_test.dart: saveNewText does not write inside a directory arriving before publication
19:29 +3092 -1: /home/albert/busystack/busymark/test/src/workspace_service_test.dart: saveTextReplacingPath replaces a final symlink without following it
19:29 +3093 -1: /home/albert/busystack/busymark/test/src/workspace_service_test.dart: conditional replacement cannot overwrite a post-validation writer
19:29 +3094 -1: /home/albert/busystack/busymark/test/src/workspace_service_test.dart: conditional replacement validates a displaced relative symlink
19:29 +3095 -1: /home/albert/busystack/busymark/test/src/workspace_service_test.dart: conditional replacement detects a changed relative symlink target
19:29 +3096 -1: /home/albert/busystack/busymark/test/src/workspace_service_test.dart: conditional replacement restores a post-validation directory
19:29 +3097 -1: /home/albert/busystack/busymark/test/src/workspace_service_test.dart: conditional replacement restores a post-validation FIFO without reading
19:29 +3098 -1: /home/albert/busystack/busymark/test/src/workspace_service_test.dart: saveText follows file symlinks and preserves target permissions
19:29 +3099 -1: /home/albert/busystack/busymark/test/src/workspace_service_test.dart: createFile rejects a directory reached through an intermediate symlink
19:29 +3100 -1: /home/albert/busystack/busymark/test/src/workspace_service_test.dart: renameEntity rejects a source reached through an intermediate symlink
19:29 +3101 -1: /home/albert/busystack/busymark/test/src/workspace_service_test.dart: moveEntity rejects a target reached through an intermediate symlink
19:29 +3102 -1: /home/albert/busystack/busymark/test/src/workspace_service_test.dart: deleteEntity rejects a directory reached through an intermediate symlink
19:29 +3103 -1: /home/albert/busystack/busymark/test/src/workspace_service_test.dart: deleteEntity removes a final symlink without deleting its target
19:29 +3104 -1: /home/albert/busystack/busymark/test/src/workspace_service_test.dart: generic deletion rejects topics and containing folders in a non-active module
19:29 +3105 -1: /home/albert/busystack/busymark/test/src/workspace_service_test.dart: an unparsed topic cannot bypass generic deletion
19:29 +3106 -1: /home/albert/busystack/busymark/test/src/workspace_service_test.dart: missing nested mutation paths keep domain-specific errors
19:29 +3107 -1: /home/albert/busystack/busymark/test/src/workspace_service_test.dart: fileChangedSince treats deleted files as changed
19:29 +3108 -1: /home/albert/busystack/busymark/test/src/workspace_service_test.dart: fileChangedSince detects content changes with unchanged modified time
19:29 +3109 -1: /home/albert/busystack/busymark/test/src/workspace_service_test.dart: folder workspace lists all content except version-control metadata
19:29 +3110 -1: /home/albert/busystack/busymark/test/src/workspace_service_test.dart: folder workspace lists unsupported legacy Markdown extensions
19:29 +3111 -1: /home/albert/busystack/busymark/test/src/workspace_service_test.dart: limited folder scan prefers shallow siblings before deep subtree
19:29 +3112 -1: /home/albert/busystack/busymark/test/src/workspace_service_test.dart: invalid UTF-8 Markdown does not fail the whole workspace
19:29 +3113 -1: /home/albert/busystack/busymark/test/src/workspace_service_test.dart: large Markdown files are listed but not parsed automatically
19:29 +3114 -1: /home/albert/busystack/busymark/test/src/workspace_service_test.dart: large Writerside topics are listed but not parsed automatically
19:29 +3115 -1: /home/albert/busystack/busymark/test/src/workspace_service_test.dart: Writerside topic loading honors the document limit
19:29 +3116 -1: loading /home/albert/busystack/busymark/test/src/ai_policy_test.dart
19:30 +3116 -1: /home/albert/busystack/busymark/test/src/ai_policy_test.dart: AI editing is enabled only for Markdown document kinds
19:32 +3117 -1: /home/albert/busystack/busymark/test/src/ai_policy_test.dart: Markdown preservation accepts a prose-only replacement in the complete document
19:32 +3118 -1: /home/albert/busystack/busymark/test/src/ai_policy_test.dart: Markdown preservation rejects swapped URL associations even when the URL set is equal
19:32 +3119 -1: /home/albert/busystack/busymark/test/src/ai_policy_test.dart: Markdown preservation full-document validation catches edits made inside protected syntax
19:32 +3120 -1: /home/albert/busystack/busymark/test/src/ai_policy_test.dart: Markdown preservation protects front matter, references, footnotes, tables, HTML and IDs
19:32 +3121 -1: /home/albert/busystack/busymark/test/src/ai_policy_test.dart: Markdown preservation protects list and heading structure
19:32 +3122 -1: /home/albert/busystack/busymark/test/src/ai_policy_test.dart: Markdown preservation protects implicit heading identifiers from prose rewrites
19:32 +3123 -1: /home/albert/busystack/busymark/test/src/ai_policy_test.dart: the prompt contains only the context explicitly selected by the user
19:32 +3124 -1: /home/albert/busystack/busymark/test/src/ai_policy_test.dart: instructions and direct prompts have explicit token budgets
19:32 +3125 -1: /home/albert/busystack/busymark/test/src/ai_policy_test.dart: token estimates are independent from UTF-8 transport bytes
19:32 +3126 -1: /home/albert/busystack/busymark/test/src/ai_policy_test.dart: generated-output byte limits are independent from provider tokens
19:32 +3127 -1: /home/albert/busystack/busymark/test/src/ai_policy_test.dart: user-selected Markdown target and context selection target and block context remain independent
19:32 +3128 -1: /home/albert/busystack/busymark/test/src/ai_policy_test.dart: user-selected Markdown target and context insert-after-block target can send no document context
19:32 +3129 -1: /home/albert/busystack/busymark/test/src/ai_policy_test.dart: user-selected Markdown target and context current block can use complete-document context
19:32 +3130 -1: /home/albert/busystack/busymark/test/src/ai_policy_test.dart: user-selected Markdown target and context current section includes descendants but not its sibling
19:32 +3131 -1: /home/albert/busystack/busymark/test/src/ai_policy_test.dart: user-selected Markdown target and context complete-document target is explicit
19:32 +3132 -1: /home/albert/busystack/busymark/test/src/ai_policy_test.dart: user-selected Markdown target and context partial protected selections are rejected instead of expanded
19:32 +3133 -1: /home/albert/busystack/busymark/test/src/ai_policy_test.dart: user-selected Markdown target and context validation and application use the exact block insertion
19:32 +3134 -1: /home/albert/busystack/busymark/test/src/ai_policy_test.dart: commit proposals require a bounded subject and blank separator
19:32 +3135 -1: loading /home/albert/busystack/busymark/test/src/linux_window_host_test.dart
19:35 +3135 -1: /home/albert/busystack/busymark/test/src/linux_window_host_test.dart: dialogs cover application header actions while system Close uses the guarded service
19:36 +3136 -1: /home/albert/busystack/busymark/test/src/linux_window_host_test.dart: icon uses its physical GTK side and contributes to the inset
unhandled element <filter/>; Picture key: Svg loader
19:36 +3137 -1: /home/albert/busystack/busymark/test/src/linux_window_host_test.dart: fallback application menu is absent while titlebar menu still works
19:36 +3138 -1: /home/albert/busystack/busymark/test/src/linux_window_host_test.dart: window-state stream survives unrelated host rebuilds
19:36 +3139 -1: /home/albert/busystack/busymark/test/src/linux_window_host_test.dart: normal maximize decoration has matching behavior
19:36 +3140 -1: /home/albert/busystack/busymark/test/src/linux_window_host_test.dart: maximized maximize decoration has matching behavior
19:36 +3141 -1: /home/albert/busystack/busymark/test/src/linux_window_host_test.dart: fullscreen maximize decoration has matching behavior
19:37 +3142 -1: /home/albert/busystack/busymark/test/src/linux_window_host_test.dart: fullscreen titlebar double-click still restores
19:37 +3143 -1: /home/albert/busystack/busymark/test/src/linux_window_host_test.dart: the document title itself handles titlebar double-click
19:37 +3144 -1: /home/albert/busystack/busymark/test/src/linux_window_host_test.dart: live GTK layout removal retains each decoration identity
19:37 +3145 -1: /home/albert/busystack/busymark/test/src/linux_window_host_test.dart: reduced motion settles maximize and restore icons (GTK=false)
19:37 +3146 -1: /home/albert/busystack/busymark/test/src/linux_window_host_test.dart: reduced motion settles maximize and restore icons (GTK=true)
19:37 +3147 -1: /home/albert/busystack/busymark/test/src/linux_window_host_test.dart: GTK reduced motion settles window-control hover immediately
19:37 +3148 -1: /home/albert/busystack/busymark/test/src/linux_window_host_test.dart: enabling reduced motion settles an in-flight window icon morph
19:37 +3149 -1: /home/albert/busystack/busymark/test/src/linux_window_host_test.dart: enabled motion retains the normal active-window fade
19:37 +3150 -1: /home/albert/busystack/busymark/test/src/linux_window_host_test.dart: Flutter reduced motion settles the host fade immediately
19:37 +3151 -1: /home/albert/busystack/busymark/test/src/linux_window_host_test.dart: GTK animation policy reaches the actual host overlay
19:37 +3152 -1: /home/albert/busystack/busymark/test/src/linux_window_host_test.dart: enabling reduced motion stops a fade and later fades can run
19:37 +3153 -1: loading /home/albert/busystack/busymark/test/src/editor_ui_primitives_audit_test.dart
19:38 +3153 -1: /home/albert/busystack/busymark/test/src/editor_ui_primitives_audit_test.dart: source editor overlays use shared semantic surfaces
19:38 +3154 -1: /home/albert/busystack/busymark/test/src/editor_ui_primitives_audit_test.dart: WYSIWYG content actions and table menus use shared controls
19:38 +3155 -1: /home/albert/busystack/busymark/test/src/editor_ui_primitives_audit_test.dart: problems dialog delegates its list surface to shared grouping
19:38 +3156 -1: loading /home/albert/busystack/busymark/test/src/writerside_document_test.dart
19:39 +3156 -1: /home/albert/busystack/busymark/test/src/writerside_document_test.dart: complex Markdown retains semantic XML spans (protected=false)
19:39 +3157 -1: /home/albert/busystack/busymark/test/src/writerside_document_test.dart: complex Markdown retains semantic XML spans (protected=true)
19:39 +3158 -1: /home/albert/busystack/busymark/test/src/writerside_document_test.dart: Writerside heading aliases prefer exact IDs and reject ambiguity
19:39 +3159 -1: /home/albert/busystack/busymark/test/src/writerside_document_test.dart: malformed semantic XML is still reported after a scanner mismatch
19:39 +3160 -1: /home/albert/busystack/busymark/test/src/writerside_document_test.dart: lossless XML nodes preserve exact duplicate ranges and generic markup
19:39 +3161 -1: /home/albert/busystack/busymark/test/src/writerside_document_test.dart: Writerside Markdown round-trips native and generic markup
19:39 +3162 -1: /home/albert/busystack/busymark/test/src/writerside_document_test.dart: modified semantic XML reconstructs equivalent escaped markup
19:39 +3163 -1: /home/albert/busystack/busymark/test/src/writerside_document_test.dart: modified conformance topic retains qualified namespace names
19:39 +3164 -1: /home/albert/busystack/busymark/test/src/writerside_document_test.dart: resolver applies includes, filters, groups, variables, and cycles
19:39 +3165 -1: /home/albert/busystack/busymark/test/src/writerside_document_test.dart: resolver negates the complete instance list
19:39 +3166 -1: /home/albert/busystack/busymark/test/src/writerside_document_test.dart: XML list type is inherited by every list item
19:39 +3167 -1: /home/albert/busystack/busymark/test/src/writerside_document_test.dart: XML lists retain numeric ordinals and their container identity
19:39 +3168 -1: /home/albert/busystack/busymark/test/src/writerside_document_test.dart: repeated list includes have distinct occurrence IDs and original source spans
19:40 +3169 -1: /home/albert/busystack/busymark/test/src/writerside_document_test.dart: workspace exposes resolver errors with exact source spans
19:40 +3170 -1: loading /home/albert/busystack/busymark/test/src/writerside_api_test.dart
19:41 +3170 -1: /home/albert/busystack/busymark/test/src/writerside_api_test.dart: platform-backed API model remains on the host path and transfers complete semantics
19:41 +3171 -1: /home/albert/busystack/busymark/test/src/writerside_api_test.dart: API tags select operations through the existing OpenAPI parser
19:41 +3172 -1: /home/albert/busystack/busymark/test/src/writerside_api_test.dart: API child selectors inherit the specification and preserve sample overrides
19:41 +3173 -1: /home/albert/busystack/busymark/test/src/writerside_api_test.dart: API schemas resolve references and honor nesting depth
19:41 +3174 -1: /home/albert/busystack/busymark/test/src/writerside_api_test.dart: schema and webhook elements are visible
19:41 +3175 -1: /home/albert/busystack/busymark/test/src/writerside_api_test.dart: invalid API selection has a visible fallback and source diagnostic
19:41 +3176 -1: loading /home/albert/busystack/busymark/test/src/local_history_store_test.dart
19:42 +3176 -1: /home/albert/busystack/busymark/test/src/local_history_store_test.dart: capture commit guard rejects stale policy (memory=false)
19:43 +3177 -1: /home/albert/busystack/busymark/test/src/local_history_store_test.dart: capture commit guard rejects stale policy (memory=true)
19:43 +3178 -1: /home/albert/busystack/busymark/test/src/local_history_store_test.dart: real process contention waits and captures without a warning
19:50 +3179 -1: /home/albert/busystack/busymark/test/src/local_history_store_test.dart: lock timeout closes acquisition and queues recover without late capture
19:54 +3180 -1: /home/albert/busystack/busymark/test/src/local_history_store_test.dart: non-contention acquisition failure is prompt and closes the handle
19:54 +3181 -1: /home/albert/busystack/busymark/test/src/local_history_store_test.dart: body contention-shaped error never replays the transaction
19:54 +3182 -1: /home/albert/busystack/busymark/test/src/local_history_store_test.dart: independent production writers preserve both identities and revisions
20:01 +3183 -1: /home/albert/busystack/busymark/test/src/local_history_store_test.dart: identity-targeted reconciliation cannot mutate process replacements
20:05 +3184 -1: /home/albert/busystack/busymark/test/src/local_history_store_test.dart: identity-targeted reconciliation rejects an intervening process checkpoint
20:09 +3185 -1: /home/albert/busystack/busymark/test/src/local_history_store_test.dart: promotion repair rechecks the stale owner atomically (memory=false)
20:09 +3186 -1: /home/albert/busystack/busymark/test/src/local_history_store_test.dart: promotion repair rechecks the stale owner atomically (memory=true)
20:09 +3187 -1: /home/albert/busystack/busymark/test/src/local_history_store_test.dart: persists full revisions and stable document identity across restart
20:09 +3188 -1: /home/albert/busystack/busymark/test/src/local_history_store_test.dart: persists untitled first-save promotion without a new revision
20:09 +3189 -1: /home/albert/busystack/busymark/test/src/local_history_store_test.dart: untitled promotion refuses an already-owned destination path
20:09 +3190 -1: /home/albert/busystack/busymark/test/src/local_history_store_test.dart: deleted paths never own promotion, lookup, or remap
20:09 +3191 -1: /home/albert/busystack/busymark/test/src/local_history_store_test.dart: deduplicates only adjacent ordinary captures and preserves A-B-A
20:09 +3192 -1: /home/albert/busystack/busymark/test/src/local_history_store_test.dart: forced protective capture preserves an identical revision
20:09 +3193 -1: /home/albert/busystack/busymark/test/src/local_history_store_test.dart: stable capture identity makes a protective retry idempotent
20:10 +3194 -1: /home/albert/busystack/busymark/test/src/local_history_store_test.dart: idempotent capture stays complete after its lineage advances
20:10 +3195 -1: /home/albert/busystack/busymark/test/src/local_history_store_test.dart: promotion retry accepts the same lineage after a later move
20:10 +3196 -1: /home/albert/busystack/busymark/test/src/local_history_store_test.dart: atomic path preflight accepts the same target already reconciled elsewhere
20:10 +3197 -1: /home/albert/busystack/busymark/test/src/local_history_store_test.dart: clearing one identity does not poison another identity capture
20:10 +3198 -1: /home/albert/busystack/busymark/test/src/local_history_store_test.dart: repairs a damaged index from intact independently checksummed records
20:10 +3199 -1: /home/albert/busystack/busymark/test/src/local_history_store_test.dart: repair rejects a record associated with a different document
20:10 +3200 -1: /home/albert/busystack/busymark/test/src/local_history_store_test.dart: does not resurrect explicitly cleared revisions during repair
20:10 +3201 -1: /home/albert/busystack/busymark/test/src/local_history_store_test.dart: rejects an unknown future index format without rewriting it
20:10 +3202 -1: /home/albert/busystack/busymark/test/src/local_history_store_test.dart: age retention uses the injected capture time deterministically
20:10 +3203 -1: /home/albert/busystack/busymark/test/src/local_history_store_test.dart: age retention is enforced when an idle store is reopened
20:10 +3204 -1: /home/albert/busystack/busymark/test/src/local_history_store_test.dart: rename, directory move, delete, and per-document clearing retain lineage
20:10 +3205 -1: /home/albert/busystack/busymark/test/src/local_history_store_test.dart: ID-bound captures cannot implicitly move document paths
20:10 +3206 -1: /home/albert/busystack/busymark/test/src/local_history_store_test.dart: serializes concurrent captures without losing index entries
20:11 +3207 -1: /home/albert/busystack/busymark/test/src/local_history_store_test.dart: oversized capture cannot evict the previous revision
20:11 +3208 -1: /home/albert/busystack/busymark/test/src/local_history_store_test.dart: different paths with the same basename keep separate identities
20:11 +3209 -1: /home/albert/busystack/busymark/test/src/local_history_store_test.dart: an intentional empty revision after content is retained
20:11 +3210 -1: /home/albert/busystack/busymark/test/src/local_history_store_test.dart: missing and corrupt revision records do not damage intact entries
20:11 +3211 -1: /home/albert/busystack/busymark/test/src/local_history_store_test.dart: incomplete staging artifacts are never discovered as revisions
20:11 +3212 -1: /home/albert/busystack/busymark/test/src/local_history_store_test.dart: global clear tombstones prevent repair resurrection
20:12 +3213 -1: /home/albert/busystack/busymark/test/src/local_history_store_test.dart: durable Clear All replay cannot erase post-clear history
20:12 +3214 -1: /home/albert/busystack/busymark/test/src/local_history_store_test.dart: durable Clear Document replay cannot erase replacement history
20:12 +3215 -1: /home/albert/busystack/busymark/test/src/local_history_store_test.dart: clear barrier rejects accepted pathless work from its lineage (memory=false)
20:12 +3216 -1: /home/albert/busystack/busymark/test/src/local_history_store_test.dart: clear barrier retains a deleted document path without a replacement (memory=false)
20:12 +3217 -1: /home/albert/busystack/busymark/test/src/local_history_store_test.dart: clear barrier rejects accepted pathless work from its lineage (memory=true)
20:12 +3218 -1: /home/albert/busystack/busymark/test/src/local_history_store_test.dart: clear barrier retains a deleted document path without a replacement (memory=true)
20:12 +3219 -1: /home/albert/busystack/busymark/test/src/local_history_store_test.dart: stable capture replay resolves identity before path checks (memory=false)
20:12 +3220 -1: /home/albert/busystack/busymark/test/src/local_history_store_test.dart: stable capture replay resolves identity before path checks (memory=true)
20:12 +3221 -1: /home/albert/busystack/busymark/test/src/local_history_store_test.dart: file capture rolls back cancellation during revision publication
20:12 +3222 -1: /home/albert/busystack/busymark/test/src/local_history_store_test.dart: file dedup capture rolls back cancellation during index publication
20:12 +3223 -1: /home/albert/busystack/busymark/test/src/local_history_store_test.dart: multiple store instances coordinate concurrent index publication
20:12 +3224 -1: /home/albert/busystack/busymark/test/src/local_history_store_test.dart: storage permission failures surface without touching document data
20:12 +3225 -1: /home/albert/busystack/busymark/test/src/local_history_store_test.dart: path exclusions use injected Windows path semantics
20:12 +3226 -1: loading /home/albert/busystack/busymark/test/src/web_render_host_test.dart
20:13 +3226 -1: /home/albert/busystack/busymark/test/src/web_render_host_test.dart: sends explicit request IDs and decodes a typed map response
20:13 +3227 -1: /home/albert/busystack/busymark/test/src/web_render_host_test.dart: sends a MathJax batch in one cancellable host request
20:13 +3228 -1: /home/albert/busystack/busymark/test/src/web_render_host_test.dart: scales the MathJax timeout for sequential batch conversion
20:13 +3229 -1: /home/albert/busystack/busymark/test/src/web_render_host_test.dart: applies the scaled timeout to a maximum accepted batch
20:13 +3230 -1: /home/albert/busystack/busymark/test/src/web_render_host_test.dart: cancels the matching native request and rejects a late success
20:13 +3231 -1: /home/albert/busystack/busymark/test/src/web_render_host_test.dart: times out and requests native cancellation
20:13 +3232 -1: /home/albert/busystack/busymark/test/src/web_render_host_test.dart: rejects an invalid native response shape
20:13 +3233 -1: /home/albert/busystack/busymark/test/src/web_render_host_test.dart: decodes OpenAPI references with source locations
20:13 +3234 -1: /home/albert/busystack/busymark/test/src/web_render_host_test.dart: sends PNG bytes to the native image clipboard
20:13 +3235 -1: loading /home/albert/busystack/busymark/test/src/document_persistence_test.dart
20:14 +3235 -1: /home/albert/busystack/busymark/test/src/document_persistence_test.dart: file-backed edits update final-newline metadata
20:14 +3236 -1: /home/albert/busystack/busymark/test/src/document_persistence_test.dart: session store keeps tab state and pending history identity without text
20:15 +3237 -1: /home/albert/busystack/busymark/test/src/document_persistence_test.dart: session merge keys first-save promotions by durable operation owner
20:15 +3238 -1: /home/albert/busystack/busymark/test/src/document_persistence_test.dart: recovery store distinguishes clean and unclean runs
20:15 +3239 -1: /home/albert/busystack/busymark/test/src/document_persistence_test.dart: recovery keeps valid entries when another record is malformed
20:15 +3240 -1: /home/albert/busystack/busymark/test/src/document_persistence_test.dart: recovery ownership keeps same buffer IDs isolated by process
20:16 +3241 -1: /home/albert/busystack/busymark/test/src/document_persistence_test.dart: restored dead-owner recovery is adopted and can be retired
20:16 +3242 -1: /home/albert/busystack/busymark/test/src/document_persistence_test.dart: recovery state is written with private POSIX permissions
20:16 +3243 -1: loading /home/albert/busystack/busymark/test/src/source_intrinsic_width_test.dart
20:17 +3243 -1: /home/albert/busystack/busymark/test/src/source_intrinsic_width_test.dart: intrinsic width remeasures only edited source lines
20:17 +3244 -1: /home/albert/busystack/busymark/test/src/source_intrinsic_width_test.dart: large source width uses a bounded estimate
20:17 +3245 -1: loading /home/albert/busystack/busymark/test/src/search_replace_service_test.dart
20:19 +3245 -1: /home/albert/busystack/busymark/test/src/search_replace_service_test.dart: Unicode regex replacement preserves complete characters
20:19 +3246 -1: /home/albert/busystack/busymark/test/src/search_replace_service_test.dart: zero-length replacement limitation survives worker transfer
20:19 +3247 -1: /home/albert/busystack/busymark/test/src/search_replace_service_test.dart: workspace replacement limit at 4999 actual matches
20:19 +3248 -1: /home/albert/busystack/busymark/test/src/search_replace_service_test.dart: workspace replacement limit at 5000 actual matches
20:19 +3249 -1: /home/albert/busystack/busymark/test/src/search_replace_service_test.dart: workspace replacement limit at 5001 actual matches
20:19 +3250 -1: /home/albert/busystack/busymark/test/src/search_replace_service_test.dart: workspace replacement cancels a running expensive regex
20:20 +3251 -1: /home/albert/busystack/busymark/test/src/search_replace_service_test.dart: workspace scope includes closed Writerside documents and ignores unrelated open files
20:22 +3252 -1: /home/albert/busystack/busymark/test/src/search_replace_service_test.dart: previews and applies plain whole-word replacements
20:22 +3253 -1: /home/albert/busystack/busymark/test/src/search_replace_service_test.dart: text replacement previews enforce their match limit
20:22 +3254 -1: /home/albert/busystack/busymark/test/src/search_replace_service_test.dart: replacement worker expands one accepted regex match
20:22 +3255 -1: /home/albert/busystack/busymark/test/src/search_replace_service_test.dart: replacement worker cancels stale plans
20:22 +3256 -1: /home/albert/busystack/busymark/test/src/search_replace_service_test.dart: expands numbered and named regex capture groups
20:22 +3257 -1: /home/albert/busystack/busymark/test/src/search_replace_service_test.dart: applies only selected preview matches
20:22 +3258 -1: /home/albert/busystack/busymark/test/src/search_replace_service_test.dart: workspace preview uses dirty buffers and writes closed files
20:22 +3259 -1: /home/albert/busystack/busymark/test/src/search_replace_service_test.dart: workspace apply skips stale dirty buffers
20:22 +3260 -1: /home/albert/busystack/busymark/test/src/search_replace_service_test.dart: truncated workspace previews cannot be applied
20:22 +3261 -1: /home/albert/busystack/busymark/test/src/search_replace_service_test.dart: stale later files abort before earlier files are changed
20:22 +3262 -1: /home/albert/busystack/busymark/test/src/search_replace_service_test.dart: rollback preserves a concurrent edit and reports displaced content
20:22 +3263 -1: /home/albert/busystack/busymark/test/src/search_replace_service_test.dart: workspace apply revalidates open buffers after disk writes
20:22 +3264 -1: loading /home/albert/busystack/busymark/test/src/export_options_editor_test.dart
20:26 +3264 -1: /home/albert/busystack/busymark/test/src/export_options_editor_test.dart: Escape closes Export before a control receives focus
20:27 +3265 -1: /home/albert/busystack/busymark/test/src/export_options_editor_test.dart: Export keeps breathing room below its final option
20:28 +3266 -1: /home/albert/busystack/busymark/test/src/export_options_editor_test.dart: Markdown PDF loads confirmed settings and shares controls
20:28 +3267 -1: /home/albert/busystack/busymark/test/src/export_options_editor_test.dart: Writerside PDF loads confirmed settings and shares controls
20:29 +3268 -1: /home/albert/busystack/busymark/test/src/export_options_editor_test.dart: Markdown HTML loads confirmed settings and shares controls
20:29 +3269 -1: /home/albert/busystack/busymark/test/src/export_options_editor_test.dart: Writerside HTML loads confirmed settings and shares controls
20:29 +3270 -1: /home/albert/busystack/busymark/test/src/export_options_editor_test.dart: one Export modal switches between PDF and HTML
20:30 +3271 -1: /home/albert/busystack/busymark/test/src/export_options_editor_test.dart: custom geometry controls, TOC enablement and invalid input at minimum size
20:30 +3272 -1: /home/albert/busystack/busymark/test/src/export_options_editor_test.dart: cancelling settings does not confirm or persist edits
20:30 +3273 -1: /home/albert/busystack/busymark/test/src/export_options_editor_test.dart: JSON settings store retains both format settings across controllers
20:30 +3274 -1: loading /home/albert/busystack/busymark/test/src/writerside_toc_menu_test.dart
20:32 +3274 -1: /home/albert/busystack/busymark/test/src/writerside_toc_menu_test.dart: existing-topic picker filters names and selects by keyboard
20:33 +3275 -1: /home/albert/busystack/busymark/test/src/writerside_toc_menu_test.dart: picker returns the supplied topic identity for duplicate names
20:34 +3276 -1: /home/albert/busystack/busymark/test/src/writerside_toc_menu_test.dart: Group keeps raw input and Enter-only acceptance
20:34 +3277 -1: /home/albert/busystack/busymark/test/src/writerside_toc_menu_test.dart: rename preserves validation and Preview/Refactor results
20:34 +3278 -1: /home/albert/busystack/busymark/test/src/writerside_toc_menu_test.dart: nested menus use the native host in TextDirection.rtl
20:34 +3279 -1: /home/albert/busystack/busymark/test/src/writerside_toc_menu_test.dart: unavailable-host fallback supports keyboard and Escape in TextDirection.rtl
20:35 +3280 -1: /home/albert/busystack/busymark/test/src/writerside_toc_menu_test.dart: nested menus use the native host in TextDirection.ltr
20:35 +3281 -1: /home/albert/busystack/busymark/test/src/writerside_toc_menu_test.dart: unavailable-host fallback supports keyboard and Escape in TextDirection.ltr
20:36 +3282 -1: loading /home/albert/busystack/busymark/test/src/native_writerside_dialog_source_test.dart
20:37 +3282 -1: /home/albert/busystack/busymark/test/src/native_writerside_dialog_source_test.dart: Linux Writerside title and duplicate dialogs are GTK-owned
20:37 +3283 -1: /home/albert/busystack/busymark/test/src/native_writerside_dialog_source_test.dart: GTK Writerside contents follow application direction, filenames stay LTR
20:38 +3284 -1: loading /home/albert/busystack/busymark/test/src/wysiwyg_rtl_test.dart
20:40 +3284 -1: /home/albert/busystack/busymark/test/src/wysiwyg_rtl_test.dart: raw HTML preserves inherited and overridden block directions
20:40 +3285 -1: /home/albert/busystack/busymark/test/src/wysiwyg_rtl_test.dart: preview model retains HTML direction for code and quotes
20:40 +3286 -1: /home/albert/busystack/busymark/test/src/wysiwyg_rtl_test.dart: rendered HTML honors rtl, ltr, and auto directions
20:41 +3287 -1: /home/albert/busystack/busymark/test/src/wysiwyg_rtl_test.dart: nested WYSIWYG blocks indent from the RTL start edge
20:41 +3288 -1: /home/albert/busystack/busymark/test/src/wysiwyg_rtl_test.dart: English prose stays LTR in a Persian RTL UI and navigates LTR
20:42 +3289 -1: /home/albert/busystack/busymark/test/src/wysiwyg_rtl_test.dart: Arabic prose stays RTL in an English UI and navigates RTL
20:42 +3290 -1: /home/albert/busystack/busymark/test/src/wysiwyg_rtl_test.dart: raw Writerside technical blocks stay LTR with Arabic content
20:42 +3291 -1: /home/albert/busystack/busymark/test/src/wysiwyg_rtl_test.dart: rendered Arabic HTML without dir follows its content
20:42 +3292 -1: /home/albert/busystack/busymark/test/src/wysiwyg_rtl_test.dart: WYSIWYG technical dialog inputs stay LTR in an RTL UI
20:43 +3293 -1: /home/albert/busystack/busymark/test/src/wysiwyg_rtl_test.dart: RTL horizontal arrows cross paragraph boundaries visually
20:43 +3294 -1: /home/albert/busystack/busymark/test/src/wysiwyg_rtl_test.dart: RTL Ctrl+Shift+Arrow extends word selection across paragraphs
20:43 +3295 -1: /home/albert/busystack/busymark/test/src/wysiwyg_rtl_test.dart: code blocks stay LTR and use LTR boundary arrows in RTL UI
20:43 +3296 -1: /home/albert/busystack/busymark/test/src/wysiwyg_rtl_test.dart: rendered HTML pre is LTR unless dir overrides it
20:44 +3297 -1: /home/albert/busystack/busymark/test/src/wysiwyg_rtl_test.dart: RTL prefix hit testing maps the text start at the right edge
20:44 +3298 -1: loading /home/albert/busystack/busymark/test/src/ai_edit_ui_test.dart
20:46 +3298 -1: /home/albert/busystack/busymark/test/src/ai_edit_ui_test.dart: remote source AI proposal applies with logical identity
20:48 +3299 -1: /home/albert/busystack/busymark/test/src/ai_edit_ui_test.dart: remote WYSIWYG AI proposal applies with logical identity
20:49 +3300 -1: /home/albert/busystack/busymark/test/src/ai_edit_ui_test.dart: document-only AI snapshot opens a usable configuration
20:49 +3301 -1: /home/albert/busystack/busymark/test/src/ai_edit_ui_test.dart: AI configuration uses native rows without duplicate choices
20:49 +3302 -1: /home/albert/busystack/busymark/test/src/ai_edit_ui_test.dart: Refine with AI sends the explicitly selected model
20:50 +3303 -1: /home/albert/busystack/busymark/test/src/ai_edit_ui_test.dart: AI proposal uses an explicitly selected provider
20:50 +3304 -1: /home/albert/busystack/busymark/test/src/ai_edit_ui_test.dart: provider chooser exposes only configured providers
20:50 +3305 -1: /home/albert/busystack/busymark/test/src/ai_edit_ui_test.dart: configured local provider remains available when Gemini is default
20:50 +3306 -1: /home/albert/busystack/busymark/test/src/ai_edit_ui_test.dart: fixed AI target cannot widen a sidebar selection
20:50 +3307 -1: /home/albert/busystack/busymark/test/src/ai_edit_ui_test.dart: proposal Apply refuses stale external source content
20:50 +3308 -1: loading /home/albert/busystack/busymark/test/src/writerside_input_snapshot_test.dart
20:52 +3308 -1: /home/albert/busystack/busymark/test/src/writerside_input_snapshot_test.dart: remaining observations partial prefix grows compatibly
20:53 +3309 -1: /home/albert/busystack/busymark/test/src/writerside_input_snapshot_test.dart: remaining observations partial becomes complete and clears marker
20:53 +3310 -1: /home/albert/busystack/busymark/test/src/writerside_input_snapshot_test.dart: remaining observations identical complete listings remain consistent
20:53 +3311 -1: /home/albert/busystack/busymark/test/src/writerside_input_snapshot_test.dart: remaining observations incompatible repeated listing rejects
20:53 +3312 -1: /home/albert/busystack/busymark/test/src/writerside_input_snapshot_test.dart: remaining observations known failed prefix recovers completely
20:53 +3313 -1: /home/albert/busystack/busymark/test/src/writerside_input_snapshot_test.dart: remaining observations failure without a known prefix cannot prove recovery
20:53 +3314 -1: /home/albert/busystack/busymark/test/src/writerside_input_snapshot_test.dart: remaining observations successful listing followed by failure rejects
20:53 +3315 -1: /home/albert/busystack/busymark/test/src/writerside_input_snapshot_test.dart: remaining observations real entry replacement between complete reads rejects
20:53 +3316 -1: /home/albert/busystack/busymark/test/src/writerside_input_snapshot_test.dart: remaining observations real entry removal between complete reads rejects
20:53 +3317 -1: /home/albert/busystack/busymark/test/src/writerside_input_snapshot_test.dart: remaining observations shorter compatible scan keeps stronger proof
20:53 +3318 -1: /home/albert/busystack/busymark/test/src/writerside_input_snapshot_test.dart: remaining observations complete proof survives compatible limited rescan
20:53 +3319 -1: /home/albert/busystack/busymark/test/src/writerside_input_snapshot_test.dart: remaining observations partial rescan cannot erase a previous failure
20:53 +3320 -1: /home/albert/busystack/busymark/test/src/writerside_input_snapshot_test.dart: remaining observations complete recovery must retain failed-prefix entries
20:53 +3321 -1: /home/albert/busystack/busymark/test/src/writerside_input_snapshot_test.dart: remaining observations shorter failed retry retains its consumed prefix
20:53 +3322 -1: loading /home/albert/busystack/busymark/test/src/asset_ingestion_service_test.dart
20:53 +3322 -1: /home/albert/busystack/busymark/test/src/asset_ingestion_service_test.dart: ingests workspace images with safe names and portable paths
20:54 +3323 -1: /home/albert/busystack/busymark/test/src/asset_ingestion_service_test.dart: reuses identical assets and resolves name collisions
20:54 +3324 -1: /home/albert/busystack/busymark/test/src/asset_ingestion_service_test.dart: overlapping identical publications keep the committed owner
20:54 +3325 -1: /home/albert/busystack/busymark/test/src/asset_ingestion_service_test.dart: overlapping different publications keep the committed owner
20:54 +3326 -1: /home/albert/busystack/busymark/test/src/asset_ingestion_service_test.dart: separate processes protect identical pending publications with equal filenames
20:57 +3327 -1: /home/albert/busystack/busymark/test/src/asset_ingestion_service_test.dart: separate processes protect different pending publications with equal filenames
21:01 +3328 -1: /home/albert/busystack/busymark/test/src/asset_ingestion_service_test.dart: failed publication releases only its own filesystem reservation
21:05 +3329 -1: /home/albert/busystack/busymark/test/src/asset_ingestion_service_test.dart: terminated provisional owner remains reserved across processes
21:08 +3330 -1: /home/albert/busystack/busymark/test/src/asset_ingestion_service_test.dart: rollback cannot delete an asset after its publication is committed
21:09 +3331 -1: /home/albert/busystack/busymark/test/src/asset_ingestion_service_test.dart: uses the configured Writerside images directory
21:09 +3332 -1: /home/albert/busystack/busymark/test/src/asset_ingestion_service_test.dart: restores retained Writerside video bytes without widening image paste
21:09 +3333 -1: /home/albert/busystack/busymark/test/src/asset_ingestion_service_test.dart: requires saving untitled documents and rejects non-images
21:09 +3334 -1: loading /home/albert/busystack/busymark/test/src/ai_test.dart
21:10 +3334 -1: /home/albert/busystack/busymark/test/src/ai_test.dart: local endpoint policy allows literal loopback and localhost origins
21:10 +3335 -1: /home/albert/busystack/busymark/test/src/ai_test.dart: local endpoint policy rejects remote, credential-bearing, and path endpoints
21:10 +3336 -1: /home/albert/busystack/busymark/test/src/ai_test.dart: prompt serializes untrusted document data as a JSON field
21:10 +3337 -1: /home/albert/busystack/busymark/test/src/ai_test.dart: plain-text edit prompts never request Markdown
21:10 +3338 -1: /home/albert/busystack/busymark/test/src/ai_test.dart: Markdown proposal guard accepts prose edits that retain protected Markdown
21:10 +3339 -1: /home/albert/busystack/busymark/test/src/ai_test.dart: Markdown proposal guard rejects changed links and fenced code
21:10 +3340 -1: /home/albert/busystack/busymark/test/src/ai_test.dart: Markdown proposal guard protects fences with longer valid closing markers
21:10 +3341 -1: /home/albert/busystack/busymark/test/src/ai_test.dart: NDJSON decoder handles UTF-8 and JSON split across arbitrary byte chunks
21:10 +3342 -1: /home/albert/busystack/busymark/test/src/ai_test.dart: NDJSON decoder rejects malformed records and oversized responses
21:10 +3343 -1: /home/albert/busystack/busymark/test/src/ai_test.dart: Ollama provider lists models and streams chat content and usage
21:10 +3344 -1: /home/albert/busystack/busymark/test/src/ai_test.dart: Ollama provider stops at completion and ignores trailing stream records
21:10 +3345 -1: /home/albert/busystack/busymark/test/src/ai_test.dart: Ollama provider uses the documented low thinking level for GPT-OSS
21:10 +3346 -1: /home/albert/busystack/busymark/test/src/ai_test.dart: Ollama provider bounds the model-list response while reading it
21:10 +3347 -1: /home/albert/busystack/busymark/test/src/ai_test.dart: Ollama provider rejects redirects without following them
21:10 +3348 -1: /home/albert/busystack/busymark/test/src/ai_test.dart: Ollama provider does not list or run Ollama cloud models
21:10 +3349 -1: /home/albert/busystack/busymark/test/src/ai_test.dart: Ollama provider cancellation interrupts a silent response stream
21:10 +3350 -1: /home/albert/busystack/busymark/test/src/ai_test.dart: coordinator cancels the older request for the same target
21:10 +3351 -1: /home/albert/busystack/busymark/test/src/ai_test.dart: coordinator rejects a provider stream without completion
21:10 +3352 -1: loading /home/albert/busystack/busymark/test/src/wysiwyg_structured_regression_test.dart
21:12 +3352 -1: /home/albert/busystack/busymark/test/src/wysiwyg_structured_regression_test.dart: formatting a URL suffix retains the complete live link and round trips
21:12 +3353 -1: /home/albert/busystack/busymark/test/src/wysiwyg_structured_regression_test.dart: Enter URL recognition preserves formatting, literal syntax, anchors, breaks and descendants
21:12 +3354 -1: /home/albert/busystack/busymark/test/src/wysiwyg_structured_regression_test.dart: Enter recognition preserves formatting within a URL and does not enter math fields
21:12 +3355 -1: /home/albert/busystack/busymark/test/src/wysiwyg_structured_regression_test.dart: text whitespace preservation metadata follows pasted whitespace
21:12 +3356 -1: /home/albert/busystack/busymark/test/src/wysiwyg_structured_regression_test.dart: paste-only whitespace keeps list descendants exactly once
21:12 +3357 -1: /home/albert/busystack/busymark/test/src/wysiwyg_structured_regression_test.dart: plain whitespace paste keeps list descendants through Undo and Redo
21:15 +3358 -1: /home/albert/busystack/busymark/test/src/wysiwyg_structured_regression_test.dart: replacement scope distinguishes a heading field from its document block
21:15 +3359 -1: /home/albert/busystack/busymark/test/src/wysiwyg_structured_regression_test.dart: complete blocks inserted in list content retain every descendant
21:15 +3360 -1: /home/albert/busystack/busymark/test/src/wysiwyg_structured_regression_test.dart: generic block commands cannot convert tables or preserved raw blocks
21:15 +3361 -1: /home/albert/busystack/busymark/test/src/wysiwyg_structured_regression_test.dart: nested list-to-blockquote conversion preserves parent text
21:15 +3362 -1: /home/albert/busystack/busymark/test/src/wysiwyg_structured_regression_test.dart: every admonition style preserves nested list parent text
21:15 +3363 -1: /home/albert/busystack/busymark/test/src/wysiwyg_structured_regression_test.dart: Backspace merge preserves the current list item descendants
21:15 +3364 -1: /home/albert/busystack/busymark/test/src/wysiwyg_structured_regression_test.dart: Backspace merge preserves descendants of an empty list item
21:16 +3365 -1: /home/albert/busystack/busymark/test/src/wysiwyg_structured_regression_test.dart: Backspace rejects a merge that cannot represent descendants
21:16 +3366 -1: /home/albert/busystack/busymark/test/src/wysiwyg_structured_regression_test.dart: complete clipboard snapshots reconstruct a table transactionally
21:16 +3367 -1: /home/albert/busystack/busymark/test/src/wysiwyg_structured_regression_test.dart: same-editor cut and paste preserves complete tables
21:16 +3368 -1: /home/albert/busystack/busymark/test/src/wysiwyg_structured_regression_test.dart: table cell edits normalize every newline form before updating
21:16 +3369 -1: /home/albert/busystack/busymark/test/src/wysiwyg_structured_regression_test.dart: table cell edits preserve block-marker prefixes as literal text
21:16 +3370 -1: /home/albert/busystack/busymark/test/src/wysiwyg_structured_regression_test.dart: ordinary table cell edits preserve formatting and links
21:16 +3371 -1: /home/albert/busystack/busymark/test/src/wysiwyg_structured_regression_test.dart: ordinary cell edits retain toolbar-applied formatting
21:16 +3372 -1: /home/albert/busystack/busymark/test/src/wysiwyg_structured_regression_test.dart: structural edits preserve empty-alt inline images
21:16 +3373 -1: /home/albert/busystack/busymark/test/src/wysiwyg_structured_regression_test.dart: structural edits preserve existing hard line breaks
21:16 +3374 -1: /home/albert/busystack/busymark/test/src/wysiwyg_structured_regression_test.dart: editing preserves a literal bang before an inline link
21:16 +3375 -1: /home/albert/busystack/busymark/test/src/wysiwyg_structured_regression_test.dart: editing escapes block syntax at the start of a list item
21:16 +3376 -1: /home/albert/busystack/busymark/test/src/wysiwyg_structured_regression_test.dart: table field edits preserve rendered formatting and links
21:16 +3377 -1: /home/albert/busystack/busymark/test/src/wysiwyg_structured_regression_test.dart: table fields reject multiline input and reconcile the model
21:17 +3378 -1: /home/albert/busystack/busymark/test/src/wysiwyg_structured_regression_test.dart: table fields preserve block-marker-prefixed cell values
21:17 +3379 -1: /home/albert/busystack/busymark/test/src/wysiwyg_structured_regression_test.dart: exact source ranges select repeated text and table cells
21:18 +3380 -1: /home/albert/busystack/busymark/test/src/wysiwyg_structured_regression_test.dart: exact source navigation rebases spans after earlier edits
21:18 +3381 -1: /home/albert/busystack/busymark/test/src/wysiwyg_structured_regression_test.dart: source navigation expands collapsed Writerside ancestors
21:19 +3382 -1: /home/albert/busystack/busymark/test/src/wysiwyg_structured_regression_test.dart: outline navigation expands a collapsed heading ancestor
21:19 +3383 -1: /home/albert/busystack/busymark/test/src/wysiwyg_structured_regression_test.dart: table cells own shortcuts, formatting, and restored selection
21:19 +3384 -1: /home/albert/busystack/busymark/test/src/wysiwyg_structured_regression_test.dart: external undo groups continuous typing but not transactions
21:19 +3385 -1: /home/albert/busystack/busymark/test/src/wysiwyg_structured_regression_test.dart: external history coalesces editor typing without local copies
21:19 +3386 -1: /home/albert/busystack/busymark/test/src/wysiwyg_structured_regression_test.dart: undo controllers are disposed when blocks disappear
21:19 +3387 -1: loading /home/albert/busystack/busymark/test/src/ai_cloud_provider_test.dart
21:20 +3387 -1: /home/albert/busystack/busymark/test/src/ai_cloud_provider_test.dart: SSE decoder handles split UTF-8 frames and multiline data
21:21 +3388 -1: /home/albert/busystack/busymark/test/src/ai_cloud_provider_test.dart: OpenAI Responses adapter is stateless and maps text and usage
21:21 +3389 -1: /home/albert/busystack/busymark/test/src/ai_cloud_provider_test.dart: Gemini Interactions adapter uses stable v1 and text deltas only
21:21 +3390 -1: /home/albert/busystack/busymark/test/src/ai_cloud_provider_test.dart: cloud provider never includes a secret in surfaced failures
21:21 +3391 -1: /home/albert/busystack/busymark/test/src/ai_cloud_provider_test.dart: cloud provider rejects malformed usage records
21:21 +3392 -1: /home/albert/busystack/busymark/test/src/ai_cloud_provider_test.dart: Gemini rejects an incomplete status update
21:21 +3393 -1: /home/albert/busystack/busymark/test/src/ai_cloud_provider_test.dart: cloud provider rejects EOF without a typed completion event
21:21 +3394 -1: loading /home/albert/busystack/busymark/test/src/modal_barrier_test.dart
21:23 +3394 -1: /home/albert/busystack/busymark/test/src/modal_barrier_test.dart: Brightness.light modal barriers use the semantic shade role
21:23 +3395 -1: /home/albert/busystack/busymark/test/src/modal_barrier_test.dart: Brightness.dark modal barriers use the semantic shade role
21:24 +3396 -1: loading /home/albert/busystack/busymark/test/src/native_menu_service_test.dart
21:24 +3396 -1: /home/albert/busystack/busymark/test/src/native_menu_service_test.dart: show serializes native menu presentation and returns its selection
21:24 +3397 -1: /home/albert/busystack/busymark/test/src/native_menu_service_test.dart: dismiss is scoped to the native menu session
21:24 +3398 -1: /home/albert/busystack/busymark/test/src/native_menu_service_test.dart: missing native host reports unavailable for a themed fallback
21:24 +3399 -1: loading /home/albert/busystack/busymark/test/src/workspace_controller_test.dart
21:26 +3399 -1: /home/albert/busystack/busymark/test/src/workspace_controller_test.dart: Writerside tab preparation loads once and current activation loads zero
21:27 +3400 -1: /home/albert/busystack/busymark/test/src/workspace_controller_test.dart: configuration preview does not reparse in a derived loop and closing all buffers relinquishes overlays
21:27 +3401 -1: /home/albert/busystack/busymark/test/src/workspace_controller_test.dart: closing all Writerside tabs completes override relinquishment
21:27 +3402 -1: /home/albert/busystack/busymark/test/src/workspace_controller_test.dart: closed-tab reconciliation rejects obsolete disk models and keeps tabs closed
21:27 +3403 -1: /home/albert/busystack/busymark/test/src/workspace_controller_test.dart: Writerside preparation rejects obsolete full input state: active
21:27 +3404 -1: /home/albert/busystack/busymark/test/src/workspace_controller_test.dart: Writerside preparation rejects obsolete full input state: inactive
21:27 +3405 -1: /home/albert/busystack/busymark/test/src/workspace_controller_test.dart: Writerside preparation rejects obsolete full input state: closure
21:27 +3406 -1: /home/albert/busystack/busymark/test/src/workspace_controller_test.dart: Writerside preparation rejects obsolete full input state: workspace
21:27 +3407 -1: /home/albert/busystack/busymark/test/src/workspace_controller_test.dart: Writerside preparation rejects obsolete full input state: external
21:28 +3408 -1: /home/albert/busystack/busymark/test/src/workspace_controller_test.dart: Writerside preparation rejects obsolete full input state: disposal
21:28 +3409 -1: /home/albert/busystack/busymark/test/src/workspace_controller_test.dart: rapid Writerside activation keeps derived work bounded and publishes the latest request
21:28 +3410 -1: /home/albert/busystack/busymark/test/src/workspace_controller_test.dart: covered creation notifications are acknowledged, external same-size writes remain visible
21:33 +3411 -1: /home/albert/busystack/busymark/test/src/workspace_controller_test.dart: a failed mutation cannot acknowledge its write notifications
21:33 +3412 -1: /home/albert/busystack/busymark/test/src/workspace_controller_test.dart: quarantine and duplicate delayed deletion events acknowledge incorporated absence
21:37 +3413 -1: /home/albert/busystack/busymark/test/src/workspace_controller_test.dart: an external same-size write during acknowledgement invalidates the consumed fingerprint
21:37 +3414 -1: /home/albert/busystack/busymark/test/src/workspace_controller_test.dart: disposal during covered notification verification is safe: anchor
21:37 +3415 -1: /home/albert/busystack/busymark/test/src/workspace_controller_test.dart: disposal during covered notification verification is safe: disk
21:37 +3416 -1: /home/albert/busystack/busymark/test/src/workspace_controller_test.dart: covered TOC removal notifications require no subsequent module processing
21:38 +3417 -1: /home/albert/busystack/busymark/test/src/workspace_controller_test.dart: remaining removal replacement accepts clean navigation return=false
21:38 +3418 -1: /home/albert/busystack/busymark/test/src/workspace_controller_test.dart: remaining removal replacement accepts clean navigation return=true
21:39 +3419 -1: /home/albert/busystack/busymark/test/src/workspace_controller_test.dart: remaining removal quarantine accepts clean navigation return=false
21:39 +3420 -1: /home/albert/busystack/busymark/test/src/workspace_controller_test.dart: remaining removal quarantine accepts clean navigation return=true
21:39 +3421 -1: /home/albert/busystack/busymark/test/src/workspace_controller_test.dart: remaining removal final deletion accepts clean navigation return=false
21:39 +3422 -1: /home/albert/busystack/busymark/test/src/workspace_controller_test.dart: remaining removal final deletion accepts clean navigation return=true
21:39 +3423 -1: /home/albert/busystack/busymark/test/src/workspace_controller_test.dart: remaining removal replacement rejects inactive edit after clean navigation
21:40 +3424 -1: /home/albert/busystack/busymark/test/src/workspace_controller_test.dart: remaining removal replacement rejects reopen after clean navigation
21:40 +3425 -1: /home/albert/busystack/busymark/test/src/workspace_controller_test.dart: remaining removal replacement rejects close all after clean navigation
21:40 +3426 -1: /home/albert/busystack/busymark/test/src/workspace_controller_test.dart: remaining removal replacement rejects dispose after clean navigation
21:40 +3427 -1: /home/albert/busystack/busymark/test/src/workspace_controller_test.dart: remaining removal replacement rejects disk input after clean navigation
21:40 +3428 -1: /home/albert/busystack/busymark/test/src/workspace_controller_test.dart: remaining removal quarantine rejects inactive edit after clean navigation
21:40 +3429 -1: /home/albert/busystack/busymark/test/src/workspace_controller_test.dart: remaining removal quarantine rejects reopen after clean navigation
21:41 +3430 -1: /home/albert/busystack/busymark/test/src/workspace_controller_test.dart: remaining removal quarantine rejects close all after clean navigation
21:41 +3431 -1: /home/albert/busystack/busymark/test/src/workspace_controller_test.dart: remaining removal quarantine rejects dispose after clean navigation
21:41 +3432 -1: /home/albert/busystack/busymark/test/src/workspace_controller_test.dart: remaining removal quarantine rejects disk input after clean navigation
21:41 +3433 -1: /home/albert/busystack/busymark/test/src/workspace_controller_test.dart: remaining removal final deletion rejects inactive edit after clean navigation
21:41 +3434 -1: /home/albert/busystack/busymark/test/src/workspace_controller_test.dart: remaining removal final deletion rejects reopen after clean navigation
21:41 +3435 -1: /home/albert/busystack/busymark/test/src/workspace_controller_test.dart: remaining removal final deletion rejects close all after clean navigation
21:42 +3436 -1: /home/albert/busystack/busymark/test/src/workspace_controller_test.dart: remaining removal final deletion rejects dispose after clean navigation
21:42 +3437 -1: /home/albert/busystack/busymark/test/src/workspace_controller_test.dart: remaining removal final deletion rejects disk input after clean navigation
21:42 +3438 -1: /home/albert/busystack/busymark/test/src/workspace_controller_test.dart: remaining resource discovery presents stable limited inputs
21:42 +3439 -1: /home/albert/busystack/busymark/test/src/workspace_controller_test.dart: correction removal replacement rejects edit during verification
21:42 +3440 -1: /home/albert/busystack/busymark/test/src/workspace_controller_test.dart: correction removal replacement rejects inactive edit during verification
21:43 +3441 -1: /home/albert/busystack/busymark/test/src/workspace_controller_test.dart: correction removal replacement rejects workspace replacement during verification
21:43 +3442 -1: /home/albert/busystack/busymark/test/src/workspace_controller_test.dart: correction removal replacement rejects same-project reopening during verification
21:43 +3443 -1: /home/albert/busystack/busymark/test/src/workspace_controller_test.dart: correction removal quarantine rejects edit during verification
21:43 +3444 -1: /home/albert/busystack/busymark/test/src/workspace_controller_test.dart: correction removal quarantine rejects inactive edit during verification
21:43 +3445 -1: /home/albert/busystack/busymark/test/src/workspace_controller_test.dart: correction removal quarantine rejects workspace replacement during verification
21:43 +3446 -1: /home/albert/busystack/busymark/test/src/workspace_controller_test.dart: correction removal quarantine rejects same-project reopening during verification
21:43 +3447 -1: /home/albert/busystack/busymark/test/src/workspace_controller_test.dart: correction removal final deletion rejects edit during verification
21:44 +3448 -1: /home/albert/busystack/busymark/test/src/workspace_controller_test.dart: correction removal final deletion rejects inactive edit during verification
21:44 +3449 -1: /home/albert/busystack/busymark/test/src/workspace_controller_test.dart: correction removal final deletion rejects workspace replacement during verification
21:44 +3450 -1: /home/albert/busystack/busymark/test/src/workspace_controller_test.dart: correction removal final deletion rejects same-project reopening during verification
21:44 +3451 -1: /home/albert/busystack/busymark/test/src/workspace_controller_test.dart: correction deletion reconciliation preserves a newer accepted edit disk before refresh inactive=false
21:44 +3452 -1: /home/albert/busystack/busymark/test/src/workspace_controller_test.dart: correction deletion reconciliation preserves a newer accepted edit disk before refresh inactive=true
21:44 +3453 -1: /home/albert/busystack/busymark/test/src/workspace_controller_test.dart: correction deletion reconciliation preserves a newer accepted edit preparation after disk scan inactive=false
21:44 +3454 -1: /home/albert/busystack/busymark/test/src/workspace_controller_test.dart: correction deletion reconciliation preserves a newer accepted edit preparation after disk scan inactive=true
21:44 +3455 -1: /home/albert/busystack/busymark/test/src/workspace_controller_test.dart: correction initial open recovers model/read mismatch automatic=false
21:45 +3456 -1: /home/albert/busystack/busymark/test/src/workspace_controller_test.dart: correction initial open recovers model/read mismatch automatic=true
21:45 +3457 -1: /home/albert/busystack/busymark/test/src/workspace_controller_test.dart: correction initial creation recovers model/read mismatch automatic=false
21:45 +3458 -1: /home/albert/busystack/busymark/test/src/workspace_controller_test.dart: correction initial creation recovers model/read mismatch automatic=true
21:45 +3459 -1: /home/albert/busystack/busymark/test/src/workspace_controller_test.dart: correction limited preparation rejects superseded inactive edit
21:45 +3460 -1: /home/albert/busystack/busymark/test/src/workspace_controller_test.dart: correction limited preparation rejects superseded configuration write
21:45 +3461 -1: /home/albert/busystack/busymark/test/src/workspace_controller_test.dart: correction discovery refresh keeps the live selected instance through reconciliation
21:45 +3462 -1: /home/albert/busystack/busymark/test/src/workspace_controller_test.dart: correction incomplete tree traversal publishes readable edited content and settles limit=4
21:46 +3463 -1: /home/albert/busystack/busymark/test/src/workspace_controller_test.dart: correction incomplete tree traversal publishes readable edited content and settles limit=2
21:46 +3464 -1: /home/albert/busystack/busymark/test/src/workspace_controller_test.dart: Welcome creation cannot overwrite an edit made during history flush
21:47 +3465 -1: /home/albert/busystack/busymark/test/src/workspace_controller_test.dart: starting a Welcome workspace cannot discard a dirty buffer
21:47 +3466 -1: /home/albert/busystack/busymark/test/src/workspace_controller_test.dart: Welcome replaces clean buffers but workspace New remains additive
21:47 +3467 -1: /home/albert/busystack/busymark/test/src/workspace_controller_test.dart: Safe Delete closes the topic buffer, selects a survivor, and records history
21:47 +3468 -1: /home/albert/busystack/busymark/test/src/workspace_controller_test.dart: Safe Delete journal removes the deleted tab after refresh failure restart
21:47 +3469 -1: /home/albert/busystack/busymark/test/src/workspace_controller_test.dart: TOC writes reject an inactive dirty tree without discarding either buffer
21:47 +3470 -1: /home/albert/busystack/busymark/test/src/workspace_controller_test.dart: TOC creation defers its monitor events until the new document is open
21:48 +3471 -1: /home/albert/busystack/busymark/test/src/workspace_controller_test.dart: Markdown topic import opens its first topic in an editable buffer
21:48 +3472 -1: /home/albert/busystack/busymark/test/src/workspace_controller_test.dart: failed Markdown import preserves the active document and workspace
21:48 +3473 -1: /home/albert/busystack/busymark/test/src/workspace_controller_test.dart: Validate publishes a valid table containing an escaped pipe
21:48 +3474 -1: /home/albert/busystack/busymark/test/src/workspace_controller_test.dart: validation reports stale, busy and failed outcomes without publishing old results
21:48 +3475 -1: /home/albert/busystack/busymark/test/src/workspace_controller_test.dart: validation preserves the latest runtime diagnostic change: clear=false
21:48 +3476 -1: /home/albert/busystack/busymark/test/src/workspace_controller_test.dart: validation preserves the latest runtime diagnostic change: clear=true
21:48 +3477 -1: /home/albert/busystack/busymark/test/src/workspace_controller_test.dart: math callbacks from an older editor revision cannot republish errors
21:48 +3478 -1: /home/albert/busystack/busymark/test/src/workspace_controller_test.dart: Markdown validation uses the unsaved linked tab snapshot
21:48 +3479 -1: /home/albert/busystack/busymark/test/src/workspace_controller_test.dart: discarding an inactive Writerside tab restores disk dependencies: savedAnchor=true
21:48 +3480 -1: /home/albert/busystack/busymark/test/src/workspace_controller_test.dart: discarding an inactive Writerside tab restores disk dependencies: savedAnchor=false
21:49 +3481 -1: /home/albert/busystack/busymark/test/src/workspace_controller_test.dart: Writerside rename stages verified edits across unsaved tabs with undo
21:49 +3482 -1: /home/albert/busystack/busymark/test/src/workspace_controller_test.dart: records opened Markdown files by file path in recent workspaces
21:49 +3483 -1: /home/albert/busystack/busymark/test/src/workspace_controller_test.dart: records opened folders by folder path in recent workspaces
21:49 +3484 -1: /home/albert/busystack/busymark/test/src/workspace_controller_test.dart: workspace file operations refresh and preserve active moved files
21:49 +3485 -1: /home/albert/busystack/busymark/test/src/workspace_controller_test.dart: creates an unsaved Markdown file without adding it to recent
21:49 +3486 -1: /home/albert/busystack/busymark/test/src/workspace_controller_test.dart: creates CommonMark inside Writerside without replacing project or dirty topic
21:49 +3487 -1: /home/albert/busystack/busymark/test/src/workspace_controller_test.dart: identical untitled buffers remain distinct by buffer id
21:49 +3488 -1: /home/albert/busystack/busymark/test/src/workspace_controller_test.dart: delayed untitled preview cannot publish into another untitled tab
21:49 +3489 -1: /home/albert/busystack/busymark/test/src/workspace_controller_test.dart: new Markdown files leave preview mode for editor mode
21:49 +3490 -1: /home/albert/busystack/busymark/test/src/workspace_controller_test.dart: new Markdown files preserve non-preview view modes
21:49 +3491 -1: /home/albert/busystack/busymark/test/src/workspace_controller_test.dart: discarding an untitled Markdown file clears the workspace
21:49 +3492 -1: /home/albert/busystack/busymark/test/src/workspace_controller_test.dart: discarding a saved file reloads disk text and clears dirty state
21:49 +3493 -1: /home/albert/busystack/busymark/test/src/workspace_controller_test.dart: creates a Writerside project and records it as recent
21:49 +3494 -1: /home/albert/busystack/busymark/test/src/workspace_controller_test.dart: creates a Writerside topic and opens it without changing recents
21:49 +3495 -1: /home/albert/busystack/busymark/test/src/workspace_controller_test.dart: topic TOC actions refresh the workspace and preserve file state
21:50 +3496 -1: /home/albert/busystack/busymark/test/src/workspace_controller_test.dart: reviewed topic rename is rejected after a project buffer becomes dirty
21:50 +3497 -1: /home/albert/busystack/busymark/test/src/workspace_controller_test.dart: save as writes a new Markdown file and records it as recent
21:50 +3498 -1: /home/albert/busystack/busymark/test/src/workspace_controller_test.dart: saving untitled Markdown in Writerside keeps ordinary files CommonMark
21:50 +3499 -1: /home/albert/busystack/busymark/test/src/workspace_controller_test.dart: Writerside refresh preserves saved Markdown outside the workspace root
21:50 +3500 -1: /home/albert/busystack/busymark/test/src/workspace_controller_test.dart: saving untitled Markdown into discovered topics reclassifies it
21:50 +3501 -1: /home/albert/busystack/busymark/test/src/workspace_controller_test.dart: saving multiple untitled documents creates normal file buffers
21:50 +3502 -1: /home/albert/busystack/busymark/test/src/workspace_controller_test.dart: save as refuses an existing file unless overwrite is explicit
21:50 +3503 -1: /home/albert/busystack/busymark/test/src/workspace_controller_test.dart: save as explicit overwrite replaces the final symlink only
21:50 +3504 -1: /home/albert/busystack/busymark/test/src/workspace_controller_test.dart: save as preserves source edits for an untitled Markdown file
21:50 +3505 -1: /home/albert/busystack/busymark/test/src/workspace_controller_test.dart: save as preserves edits made while writing the file
21:50 +3506 -1: /home/albert/busystack/busymark/test/src/workspace_controller_test.dart: save as completes against its buffer after switching tabs
21:50 +3507 -1: /home/albert/busystack/busymark/test/src/workspace_controller_test.dart: save as preserves edits made while reopening the file
21:51 +3508 -1: /home/albert/busystack/busymark/test/src/workspace_controller_test.dart: switching active files reparses outline for the new file
21:51 +3509 -1: /home/albert/busystack/busymark/test/src/workspace_controller_test.dart: stale validation after save and tab switch does not restore previous file
21:51 +3510 -1: /home/albert/busystack/busymark/test/src/workspace_controller_test.dart: validation completing after save preserves the saved snapshot
21:51 +3511 -1: /home/albert/busystack/busymark/test/src/workspace_controller_test.dart: Source defers preview work until a preview mode is visible
21:51 +3512 -1: /home/albert/busystack/busymark/test/src/workspace_controller_test.dart: Source-only validation still runs when validate-on-edit is enabled
21:51 +3513 -1: /home/albert/busystack/busymark/test/src/workspace_controller_test.dart: stale text update from previous file cannot dirty active tab
21:51 +3514 -1: /home/albert/busystack/busymark/test/src/workspace_controller_test.dart: folder workspaces track open file tabs without duplicates
21:51 +3515 -1: /home/albert/busystack/busymark/test/src/workspace_controller_test.dart: Save All writes every dirty file-backed buffer
21:51 +3516 -1: /home/albert/busystack/busymark/test/src/workspace_controller_test.dart: Save All can be scoped without saving unrelated dirty buffers
21:51 +3517 -1: /home/albert/busystack/busymark/test/src/workspace_controller_test.dart: selected dirty buffers can be discarded without changing tabs
21:51 +3518 -1: /home/albert/busystack/busymark/test/src/workspace_controller_test.dart: closing active file tabs selects a neighboring tab
21:51 +3519 -1: /home/albert/busystack/busymark/test/src/workspace_controller_test.dart: activating sibling file tabs wraps around the open tabs
21:51 +3520 -1: /home/albert/busystack/busymark/test/src/workspace_controller_test.dart: closing all file tabs clears the active editor state
21:51 +3521 -1: /home/albert/busystack/busymark/test/src/workspace_controller_test.dart: closing all tabs aborts when a document changes during history flush
21:52 +3522 -1: /home/albert/busystack/busymark/test/src/workspace_controller_test.dart: closing all tabs cannot clear workspace state replaced during flush
21:52 +3523 -1: /home/albert/busystack/busymark/test/src/workspace_controller_test.dart: failed open clears stale workspace state
21:52 +3524 -1: /home/albert/busystack/busymark/test/src/workspace_controller_test.dart: math renderer failures become source-linked runtime diagnostics
21:52 +3525 -1: /home/albert/busystack/busymark/test/src/workspace_controller_test.dart: validate on edit setting controls live diagnostics only
21:52 +3526 -1: /home/albert/busystack/busymark/test/src/workspace_controller_test.dart: auto save waits for an idle delay before writing
21:53 +3527 -1: /home/albert/busystack/busymark/test/src/workspace_controller_test.dart: Undo and Redo reschedule autosave after the prior save settled
21:58 +3528 -1: /home/albert/busystack/busymark/test/src/workspace_controller_test.dart: inactive document updates schedule autosave without changing tabs
22:00 +3529 -1: /home/albert/busystack/busymark/test/src/workspace_controller_test.dart: failed workspace refresh restores eligible autosave scheduling
22:01 +3530 -1: /home/albert/busystack/busymark/test/src/workspace_controller_test.dart: disabled autosave stays disabled after a failed refresh
22:03 +3531 -1: /home/albert/busystack/busymark/test/src/workspace_controller_test.dart: auto save remains scheduled independently for inactive tabs
22:04 +3532 -1: /home/albert/busystack/busymark/test/src/workspace_controller_test.dart: auto save preserves dirty state when edits happen during save
22:04 +3533 -1: /home/albert/busystack/busymark/test/src/workspace_controller_test.dart: overlapping manual save writes the newer requested revision
22:04 +3534 -1: /home/albert/busystack/busymark/test/src/workspace_controller_test.dart: manual save completes against its buffer after switching tabs
22:04 +3535 -1: /home/albert/busystack/busymark/test/src/workspace_controller_test.dart: closing a buffer waits for its in-flight autosave
22:04 +3536 -1: /home/albert/busystack/busymark/test/src/workspace_controller_test.dart: discard aborts when the document changes during protective history capture
22:04 +3537 -1: /home/albert/busystack/busymark/test/src/workspace_controller_test.dart: discard waits for its buffer in-flight autosave
22:04 +3538 -1: /home/albert/busystack/busymark/test/src/workspace_controller_test.dart: manual save waits for an in-flight autosave of the same buffer
22:04 +3539 -1: /home/albert/busystack/busymark/test/src/workspace_controller_test.dart: Save All waits for an in-flight autosave of the same buffer
22:04 +3540 -1: /home/albert/busystack/busymark/test/src/workspace_controller_test.dart: Save As waits for an in-flight autosave of the same buffer
22:04 +3541 -1: /home/albert/busystack/busymark/test/src/workspace_controller_test.dart: clean shutdown waits for in-flight document writes
22:04 +3542 -1: /home/albert/busystack/busymark/test/src/workspace_controller_test.dart: pending history from a closed clean tab prevents a clean shutdown marker
22:04 +3543 -1: /home/albert/busystack/busymark/test/src/workspace_controller_test.dart: save refuses to overwrite external file changes without force
22:05 +3544 -1: /home/albert/busystack/busymark/test/src/workspace_controller_test.dart: save treats a deleted active file as an external conflict
22:05 +3545 -1: /home/albert/busystack/busymark/test/src/workspace_controller_test.dart: save detects external rewrites with unchanged modified time
22:05 +3546 -1: /home/albert/busystack/busymark/test/src/workspace_controller_test.dart: saving preserves a manually removed final newline
22:05 +3547 -1: /home/albert/busystack/busymark/test/src/workspace_controller_test.dart: WYSIWYG list edits preserve a missing final newline
22:05 +3548 -1: /home/albert/busystack/busymark/test/src/workspace_controller_test.dart: spelling correction undo and redo restore source and rich selections
22:05 +3549 -1: /home/albert/busystack/busymark/test/src/workspace_controller_test.dart: Keep Mine retains the conflict snapshot until explicit overwrite
22:05 +3550 -1: /home/albert/busystack/busymark/test/src/workspace_controller_test.dart: monitor refresh waits for an active foreground refresh
22:05 +3551 -1: /home/albert/busystack/busymark/test/src/workspace_controller_test.dart: workspace refresh preserves an active edit and editor history made during reparse
22:05 +3552 -1: /home/albert/busystack/busymark/test/src/workspace_controller_test.dart: tab activation reconciles edits accepted while its reparse is pending
22:05 +3553 -1: /home/albert/busystack/busymark/test/src/workspace_controller_test.dart: opening a new tab preserves live edits and editor history in the visible document
22:05 +3554 -1: /home/albert/busystack/busymark/test/src/workspace_controller_test.dart: closing the active tab aborts if it changes during next-tab activation
22:05 +3555 -1: /home/albert/busystack/busymark/test/src/workspace_controller_test.dart: aborted discard close preserves dirty state after an editor-only change
22:05 +3556 -1: /home/albert/busystack/busymark/test/src/workspace_controller_test.dart: discard close autosave disposition: aborted
22:05 +3557 -1: /home/albert/busystack/busymark/test/src/workspace_controller_test.dart: discard close autosave disposition: closed
22:05 +3558 -1: /home/albert/busystack/busymark/test/src/workspace_controller_test.dart: discard close autosave disposition: disabled
22:05 +3559 -1: /home/albert/busystack/busymark/test/src/workspace_controller_test.dart: discard close autosave disposition: shutdown
22:05 +3560 -1: /home/albert/busystack/busymark/test/src/workspace_controller_test.dart: discard close autosave disposition: replaced
22:05 +3561 -1: /home/albert/busystack/busymark/test/src/workspace_controller_test.dart: tab activation does not resurrect another tab closed while waiting
22:05 +3562 -1: /home/albert/busystack/busymark/test/src/workspace_controller_test.dart: workspace refresh preserves inactive edits and does not resurrect a closed tab
22:05 +3563 -1: /home/albert/busystack/busymark/test/src/workspace_controller_test.dart: workspace refresh rejects a disk load superseded by typing
22:05 +3564 -1: /home/albert/busystack/busymark/test/src/workspace_controller_test.dart: external file moves remap the open document buffer
22:05 +3565 -1: /home/albert/busystack/busymark/test/src/workspace_controller_test.dart: monitors saved standalone tabs outside the workspace root
22:06 +3566 -1: /home/albert/busystack/busymark/test/src/workspace_controller_test.dart: standalone refresh preserves saved tabs in different directories
22:06 +3567 -1: /home/albert/busystack/busymark/test/src/workspace_controller_test.dart: startup leaves a clean session closed unless reopening is enabled
22:06 +3568 -1: /home/albert/busystack/busymark/test/src/workspace_controller_test.dart: startup restores an interrupted session without an opt-in
22:06 +3569 -1: /home/albert/busystack/busymark/test/src/workspace_controller_test.dart: restored sessions retain tabs whose files are missing
22:06 +3570 -1: /home/albert/busystack/busymark/test/src/workspace_controller_test.dart: restored standalone sessions retain a missing document
22:06 +3571 -1: /home/albert/busystack/busymark/test/src/workspace_controller_test.dart: mixed untitled and saved session restores as a standalone workspace
22:06 +3572 -1: /home/albert/busystack/busymark/test/src/workspace_controller_test.dart: Writerside session restores recovered untitled CommonMark active
22:06 +3573 -1: /home/albert/busystack/busymark/test/src/workspace_controller_test.dart: Writerside session restores recovered untitled CommonMark inactive
22:06 +3574 -1: /home/albert/busystack/busymark/test/src/workspace_controller_test.dart: clean marker cannot hide remaining recovery entries
22:06 +3575 -1: /home/albert/busystack/busymark/test/src/workspace_controller_test.dart: recovery text remains restorable when the later session save fails
22:06 +3576 -1: /home/albert/busystack/busymark/test/src/workspace_controller_test.dart: single-document session uses no workspace path after saved tabs close
22:06 +3577 -1: loading /home/albert/busystack/busymark/test/src/markdown_source_map_test.dart
22:07 +3577 -1: /home/albert/busystack/busymark/test/src/markdown_source_map_test.dart: mapped image-description text follows Markdown image alt semantics
22:07 +3578 -1: /home/albert/busystack/busymark/test/src/markdown_source_map_test.dart: annotated parsing has ordinary semantics across supported corpus
22:07 +3579 -1: /home/albert/busystack/busymark/test/src/markdown_source_map_test.dart: image ranges identify only resolved source occurrences
22:07 +3580 -1: /home/albert/busystack/busymark/test/src/markdown_source_map_test.dart: positioned label breaks retain raw endings and container prefixes
22:07 +3581 -1: /home/albert/busystack/busymark/test/src/markdown_source_map_test.dart: mapped link and image titles retain exact raw boundaries
22:07 +3582 -1: /home/albert/busystack/busymark/test/src/markdown_source_map_test.dart: destination-only links and images have no mapped title
22:07 +3583 -1: /home/albert/busystack/busymark/test/src/markdown_source_map_test.dart: position records do not change HTML or link semantics
22:07 +3584 -1: /home/albert/busystack/busymark/test/src/markdown_source_map_test.dart: selection endpoints crossing HTML retain one semantic fragment
22:07 +3585 -1: /home/albert/busystack/busymark/test/src/markdown_source_map_test.dart: supported HTML whitespace positions have complete position records
22:07 +3586 -1: /home/albert/busystack/busymark/test/src/markdown_source_map_test.dart: only operation-local markers are ignored
22:07 +3587 -1: /home/albert/busystack/busymark/test/src/markdown_source_map_test.dart: delimiter-only positions are explicitly incomplete
22:07 +3588 -1: /home/albert/busystack/busymark/test/src/markdown_source_map_test.dart: syntax-boundary probes retain the ordinary semantic oracle
22:07 +3589 -1: /home/albert/busystack/busymark/test/src/markdown_source_map_test.dart: deterministic inline combinations preserve annotated semantics
22:07 +3590 -1: /home/albert/busystack/busymark/test/src/markdown_source_map_test.dart: standalone HTML break ownership uses one indexed lookup per break
22:07 +3591 -1: /home/albert/busystack/busymark/test/src/markdown_source_map_test.dart: AST source boundary lookahead is linear and maps the final link
22:07 +3592 -1: /home/albert/busystack/busymark/test/src/markdown_source_map_test.dart: fallback mapping is bounded for entities repetitions and code spans
22:07 +3593 -1: /home/albert/busystack/busymark/test/src/markdown_source_map_test.dart: tag-looking attribute text does not claim break layout
22:07 +3594 -1: loading /home/albert/busystack/busymark/test/src/wysiwyg_session_test.dart
22:10 +3594 -1: /home/albert/busystack/busymark/test/src/wysiwyg_session_test.dart: restores WYSIWYG selection from document session state
22:11 +3595 -1: /home/albert/busystack/busymark/test/src/wysiwyg_session_test.dart: reports the old document session before switching tabs
22:11 +3596 -1: /home/albert/busystack/busymark/test/src/wysiwyg_session_test.dart: defers session provider updates until document rebuild ends
22:11 +3597 -1: /home/albert/busystack/busymark/test/src/wysiwyg_session_test.dart: workspace mode delegates WYSIWYG undo to buffer history
22:11 +3598 -1: loading /home/albert/busystack/busymark/test/src/writerside_identity_test.dart
22:12 +3598 -1: /home/albert/busystack/busymark/test/src/writerside_identity_test.dart: anchor identity includes topic and all instances participate in usages
22:12 +3599 -1: /home/albert/busystack/busymark/test/src/writerside_identity_test.dart: conditional globals and snippet variables have distinct scopes
22:13 +3600 -1: /home/albert/busystack/busymark/test/src/writerside_identity_test.dart: completion filters context and target identity before limiting
22:13 +3601 -1: /home/albert/busystack/busymark/test/src/writerside_identity_test.dart: validation uses relationships, typed values and current configuration syntax
22:13 +3602 -1: loading /home/albert/busystack/busymark/test/src/html_export_ui_test.dart
22:15 +3602 -1: /home/albert/busystack/busymark/test/src/html_export_ui_test.dart: one Export command retains Ctrl+Shift+E
22:15 +3603 -1: /home/albert/busystack/busymark/test/src/html_export_ui_test.dart: Flutter Main menu exposes document export
22:16 +3604 -1: /home/albert/busystack/busymark/test/src/html_export_ui_test.dart: untitled active text stays captured while destination picker is open
22:18 +3605 -1: /home/albert/busystack/busymark/test/src/html_export_ui_test.dart: Writerside HTML follows Cancel handling before instance selection
22:18 +3606 -1: /home/albert/busystack/busymark/test/src/html_export_ui_test.dart: Writerside HTML follows Discard handling before instance selection
22:19 +3607 -1: /home/albert/busystack/busymark/test/src/html_export_ui_test.dart: Writerside HTML follows Save handling before instance selection
22:21 +3608 -1: loading /home/albert/busystack/busymark/test/src/nextcloud_document_model_test.dart
22:21 +3608 -1: /home/albert/busystack/busymark/test/src/nextcloud_document_model_test.dart: remote identity is independent of paths, title and publication
22:21 +3609 -1: /home/albert/busystack/busymark/test/src/nextcloud_document_model_test.dart: remote context stays Markdown and has no disk root or disk path
22:22 +3610 -1: /home/albert/busystack/busymark/test/src/nextcloud_document_model_test.dart: session v2 stores remote identity and editor state without content
22:22 +3611 -1: /home/albert/busystack/busymark/test/src/nextcloud_document_model_test.dart: remote history binds reopened and renamed notes to one logical document
22:22 +3612 -1: loading /home/albert/busystack/busymark/test/src/markdown_export_mapper_test.dart
22:26 +3612 -1: /home/albert/busystack/busymark/test/src/markdown_export_mapper_test.dart: Writerside numeric list starts and container boundaries reach PDF
22:26 +3613 -1: /home/albert/busystack/busymark/test/src/markdown_export_mapper_test.dart: list items and visualization replacements retain source anchors
22:26 +3614 -1: /home/albert/busystack/busymark/test/src/markdown_export_mapper_test.dart: maps Markdown semantics into renderer-neutral export blocks
22:26 +3615 -1: /home/albert/busystack/busymark/test/src/markdown_export_mapper_test.dart: omits reference definitions while preserving their resolved links
22:26 +3616 -1: /home/albert/busystack/busymark/test/src/markdown_export_mapper_test.dart: Typst payload contains data but never raw local image paths
22:26 +3617 -1: loading /home/albert/busystack/busymark/test/src/visualization_markdown_integration_test.dart
22:27 +3617 -1: /home/albert/busystack/busymark/test/src/visualization_markdown_integration_test.dart: basic fixture uses a renderable OpenAPI fence
22:27 +3618 -1: /home/albert/busystack/busymark/test/src/visualization_markdown_integration_test.dart: visualizer fences remain generic code and round-trip byte-for-byte
22:27 +3619 -1: /home/albert/busystack/busymark/test/src/visualization_markdown_integration_test.dart: dedicated visualizer rules highlight comments, keys, and keywords
22:28 +3620 -1: loading /home/albert/busystack/busymark/test/src/workspace_monitor_endpoints_test.dart
22:30 +3620 -1: /home/albert/busystack/busymark/test/src/workspace_monitor_endpoints_test.dart: temporary-to-real move retains publication: /tmp/.guide.tree.busymark-topic-create-10-100-0
22:30 +3621 -1: /home/albert/busystack/busymark/test/src/workspace_monitor_endpoints_test.dart: real-to-temporary move retains deletion: /tmp/.guide.tree.busymark-topic-create-10-100-0
22:30 +3622 -1: /home/albert/busystack/busymark/test/src/workspace_monitor_endpoints_test.dart: temporary-to-real move retains publication: /tmp/.guide.tree.busymark-safe-delete-10-100-0
22:30 +3623 -1: /home/albert/busystack/busymark/test/src/workspace_monitor_endpoints_test.dart: real-to-temporary move retains deletion: /tmp/.guide.tree.busymark-safe-delete-10-100-0
22:30 +3624 -1: /home/albert/busystack/busymark/test/src/workspace_monitor_endpoints_test.dart: temporary-to-real move retains publication: /tmp/.topic.md.busymark-safe-delete-quarantine-10-100-0
22:30 +3625 -1: /home/albert/busystack/busymark/test/src/workspace_monitor_endpoints_test.dart: real-to-temporary move retains deletion: /tmp/.topic.md.busymark-safe-delete-quarantine-10-100-0
22:30 +3626 -1: /home/albert/busystack/busymark/test/src/workspace_monitor_endpoints_test.dart: external moves, missing destinations and authored hidden names stay visible
22:30 +3627 -1: loading /home/albert/busystack/busymark/test/src/html_rich_export_test.dart
22:31 +3627 -1: /home/albert/busystack/busymark/test/src/html_rich_export_test.dart: rendered mermaid retains a linked Writerside block ID
22:33 +3628 -1: /home/albert/busystack/busymark/test/src/html_rich_export_test.dart: rendered openapi retains a linked Writerside block ID
22:33 +3629 -1: /home/albert/busystack/busymark/test/src/html_rich_export_test.dart: HTML uses unique occurrence jobs, standalone math and diagram/static API engines
22:33 +3630 -1: /home/albert/busystack/busymark/test/src/html_rich_export_test.dart: custom HTML metrics and embedded rich assets stay self-contained
22:33 +3631 -1: /home/albert/busystack/busymark/test/src/html_rich_export_test.dart: all diagram dependencies are captured before rendering begins
22:33 +3632 -1: /home/albert/busystack/busymark/test/src/html_rich_export_test.dart: cancelling an active render retains existing output and removes staging
22:34 +3633 -1: /home/albert/busystack/busymark/test/src/html_rich_export_test.dart: render timeout is bounded and cancellation interrupts a pending job
22:34 +3634 -1: loading /home/albert/busystack/busymark/test/src/writerside_html_reference_scanner_test.dart
22:34 +3634 -1: /home/albert/busystack/busymark/test/src/writerside_html_reference_scanner_test.dart: finds exact href and body spans for every supported quote form
22:35 +3635 -1: /home/albert/busystack/busymark/test/src/writerside_html_reference_scanner_test.dart: ignores comments, fenced code, and inline code but keeps containers
22:35 +3636 -1: /home/albert/busystack/busymark/test/src/writerside_html_reference_scanner_test.dart: multiline anchors are exact and malformed anchors remain manual
22:35 +3637 -1: Some tests failed.

Failing tests:
  /home/albert/busystack/busymark/test/src/nextcloud_notes_ui_test.dart: selecting and confirming candidate binds draft and retains newer edits
