00:00 +0: loading /home/albert/busystack/busymark/test/src/nextcloud_media_export_test.dart
00:00 +0: /home/albert/busystack/busymark/test/src/nextcloud_media_export_test.dart: remote authored absolute and file image paths never enter local resolver
00:01 +1: /home/albert/busystack/busymark/test/src/nextcloud_media_export_test.dart: managed attachment renderer resolves through provider
00:01 +2: /home/albert/busystack/busymark/test/src/nextcloud_media_export_test.dart: provider publication accepts a remote note with no file path and rolls back through provider
00:01 +3: /home/albert/busystack/busymark/test/src/nextcloud_media_export_test.dart: HTML and PDF remote assets cannot read authored machine files
00:01 +4: /home/albert/busystack/busymark/test/src/nextcloud_media_export_test.dart: Markdown local copy owns portable attachments and preserves code and ordinary text
00:01 +5: /home/albert/busystack/busymark/test/src/nextcloud_media_export_test.dart: Markdown export rewrites exact prefix-sharing destinations
00:01 +6: /home/albert/busystack/busymark/test/src/nextcloud_media_export_test.dart: generic attachment links are escaped and exported as portable HTML downloads
00:01 +7: /home/albert/busystack/busymark/test/src/nextcloud_media_export_test.dart: unavailable published attachment cannot silently export a broken copy
00:01 +8: /home/albert/busystack/busymark/test/src/nextcloud_media_export_test.dart: unavailable pending attachment cannot produce a broken local copy
00:01 +9: loading /home/albert/busystack/busymark/test/src/writerside_toc_editor_test.dart
00:02 +9: /home/albert/busystack/busymark/test/src/writerside_toc_editor_test.dart: moves a complete subtree as the last child of an exact node
00:04 +10: /home/albert/busystack/busymark/test/src/writerside_toc_editor_test.dart: moves a nested entry after a root sibling
00:04 +11: /home/albert/busystack/busymark/test/src/writerside_toc_editor_test.dart: moves a nested entry to the end of the TOC root
00:04 +12: /home/albert/busystack/busymark/test/src/writerside_toc_editor_test.dart: rejects moving an entry relative to itself without writing
00:04 +13: /home/albert/busystack/busymark/test/src/writerside_toc_editor_test.dart: rejects moving an entry into its descendant without writing
00:04 +14: /home/albert/busystack/busymark/test/src/writerside_toc_editor_test.dart: requires a destination for child and sibling placement
00:04 +15: /home/albert/busystack/busymark/test/src/writerside_toc_editor_test.dart: rejects invalid structural paths without writing
00:04 +16: /home/albert/busystack/busymark/test/src/writerside_toc_editor_test.dart: rejects stale paths whose expected TOC identities moved
00:04 +17: /home/albert/busystack/busymark/test/src/writerside_toc_editor_test.dart: removes a root entry and promotes its children in place
00:04 +18: /home/albert/busystack/busymark/test/src/writerside_toc_editor_test.dart: removes a nested entry and promotes its child before its sibling
00:04 +19: /home/albert/busystack/busymark/test/src/writerside_toc_editor_test.dart: removes multiple entries atomically against one tree snapshot
00:04 +20: /home/albert/busystack/busymark/test/src/writerside_toc_editor_test.dart: batch removal handles a selected descendant and ancestor
00:04 +21: /home/albert/busystack/busymark/test/src/writerside_toc_editor_test.dart: moves multiple subtrees as an ordered group
00:04 +22: /home/albert/busystack/busymark/test/src/writerside_toc_editor_test.dart: rejects a tree outside the guarded module root
00:04 +23: /home/albert/busystack/busymark/test/src/writerside_toc_editor_test.dart: rejects a symlinked tree without mutating its target
00:04 +24: /home/albert/busystack/busymark/test/src/writerside_toc_editor_test.dart: does not overwrite a tree changed before atomic publication
00:04 +25: /home/albert/busystack/busymark/test/src/writerside_toc_editor_test.dart: atomic replacement preserves the tree POSIX mode
00:04 +26: loading /home/albert/busystack/busymark/test/src/busymark_dialogs_test.dart
00:05 +26: /home/albert/busystack/busymark/test/src/busymark_dialogs_test.dart: modal dialogs stop app and editor shortcuts
00:05 +27: /home/albert/busystack/busymark/test/src/busymark_dialogs_test.dart: Escape closes a modal without an initially focused control
00:05 +28: /home/albert/busystack/busymark/test/src/busymark_dialogs_test.dart: modal fallback does not steal a child autofocus request
00:06 +29: /home/albert/busystack/busymark/test/src/busymark_dialogs_test.dart: overlapping dialogs synchronize native modal depth
00:06 +30: /home/albert/busystack/busymark/test/src/busymark_dialogs_test.dart: serializes rapid manual native barrier transitions
00:06 +31: /home/albert/busystack/busymark/test/src/busymark_dialogs_test.dart: failed native barrier acquisition rolls back and can retry
00:06 +32: /home/albert/busystack/busymark/test/src/busymark_dialogs_test.dart: modal coordinator resolves the service from ProviderScope
00:06 +33: /home/albert/busystack/busymark/test/src/busymark_dialogs_test.dart: open modal barrier follows live theme changes
00:06 +34: loading /home/albert/busystack/busymark/test/src/writerside_topic_removal_service_test.dart
00:11 +34: /home/albert/busystack/busymark/test/src/writerside_topic_removal_service_test.dart: analysis finds every tree, topic link, include, and start page
00:11 +35: /home/albert/busystack/busymark/test/src/writerside_topic_removal_service_test.dart: remove promotes children, updates usages, adds redirect, and keeps file
00:12 +36: /home/albert/busystack/busymark/test/src/writerside_topic_removal_service_test.dart: safe delete updates all usages and removes every TOC occurrence
00:12 +37: /home/albert/busystack/busymark/test/src/writerside_topic_removal_service_test.dart: redirect to a promoted child is written to the promoted copy
00:12 +38: /home/albert/busystack/busymark/test/src/writerside_topic_removal_service_test.dart: malformed XML topics make usage analysis fail closed
00:12 +39: /home/albert/busystack/busymark/test/src/writerside_topic_removal_service_test.dart: file-size-skipped topics make removal fail closed
00:12 +40: /home/albert/busystack/busymark/test/src/writerside_topic_removal_service_test.dart: document-count-skipped topics make removal fail closed
00:12 +41: /home/albert/busystack/busymark/test/src/writerside_topic_removal_service_test.dart: unreadable topic contents make removal fail closed
00:12 +42: /home/albert/busystack/busymark/test/src/writerside_topic_removal_service_test.dart: topic-root traversal truncation makes removal fail closed
00:12 +43: /home/albert/busystack/busymark/test/src/writerside_topic_removal_service_test.dart: incomplete project-module discovery makes removal fail closed
00:12 +44: /home/albert/busystack/busymark/test/src/writerside_topic_removal_service_test.dart: tree directory enumeration failure makes removal fail closed
00:12 +45: /home/albert/busystack/busymark/test/src/writerside_topic_removal_service_test.dart: single-quoted includes without element-id are found and removed
00:13 +46: /home/albert/busystack/busymark/test/src/writerside_topic_removal_service_test.dart: variable-expanded links are analyzed and the variables file is stale-checked
00:13 +47: /home/albert/busystack/busymark/test/src/writerside_topic_removal_service_test.dart: Safe Delete finds and unlinks authored HTML anchors without literal false positives
00:13 +48: /home/albert/busystack/busymark/test/src/writerside_topic_removal_service_test.dart: malformed authored HTML anchors are manual Safe Delete blockers
00:13 +49: /home/albert/busystack/busymark/test/src/writerside_topic_removal_service_test.dart: authored HTML variable hrefs are expanded and ambiguity blocks
00:13 +50: /home/albert/busystack/busymark/test/src/writerside_topic_removal_service_test.dart: authored HTML relevance follows its conditioned Markdown chapter
00:13 +51: /home/albert/busystack/busymark/test/src/writerside_topic_removal_service_test.dart: automatic HTML unlinking permits project-wide orphan status
00:13 +52: /home/albert/busystack/busymark/test/src/writerside_topic_removal_service_test.dart: a surviving authored HTML link suppresses orphan status
00:13 +53: /home/albert/busystack/busymark/test/src/writerside_topic_removal_service_test.dart: ambiguous references block deletion without changing any file
00:13 +54: /home/albert/busystack/busymark/test/src/writerside_topic_removal_service_test.dart: old web file names follow Writerside normalization and exact overrides
00:14 +55: /home/albert/busystack/busymark/test/src/writerside_topic_removal_service_test.dart: existing redirect rules block conflicting redirects
00:14 +56: /home/albert/busystack/busymark/test/src/writerside_topic_removal_service_test.dart: redirect preserves direct and rule-based accepted aliases
00:14 +57: /home/albert/busystack/busymark/test/src/writerside_topic_removal_service_test.dart: a transferred redirect alias collision fails before writes
00:14 +58: /home/albert/busystack/busymark/test/src/writerside_topic_removal_service_test.dart: redirect sources use each host instance web filename
00:14 +59: /home/albert/busystack/busymark/test/src/writerside_topic_removal_service_test.dart: remaining start-page and cross-instance usages prevent orphan status
00:14 +60: /home/albert/busystack/busymark/test/src/writerside_topic_removal_service_test.dart: remove-from-instance relevance respects document conditions
00:14 +61: /home/albert/busystack/busymark/test/src/writerside_topic_removal_service_test.dart: start-page and stale analyses fail closed without deleting the topic
00:14 +62: /home/albert/busystack/busymark/test/src/writerside_topic_removal_service_test.dart: generic Files deletion cannot bypass Writerside Safe Delete
00:14 +63: /home/albert/busystack/busymark/test/src/writerside_topic_removal_service_test.dart: project analysis finds origin links, includes, cards, and ref TOC nodes
00:14 +64: /home/albert/busystack/busymark/test/src/writerside_topic_removal_service_test.dart: authored Markdown HTML anchors resolve origin project-wide
00:14 +65: /home/albert/busystack/busymark/test/src/writerside_topic_removal_service_test.dart: safe delete updates automatic cross-module origin usages
00:15 +66: /home/albert/busystack/busymark/test/src/writerside_topic_removal_service_test.dart: selected ref node uses removal workflow and promotes its children
00:15 +67: /home/albert/busystack/busymark/test/src/writerside_topic_removal_service_test.dart: semantic tree scan includes hidden/build trees and excludes VCS metadata
00:15 +68: /home/albert/busystack/busymark/test/src/writerside_topic_removal_service_test.dart: a new module after analysis makes the reviewed plan stale
00:15 +69: /home/albert/busystack/busymark/test/src/writerside_topic_removal_service_test.dart: cross-module failure rolls back BusyMark edits without overwriting a concurrent edit
00:15 +70: loading /home/albert/busystack/busymark/test/src/wysiwyg_math_test.dart
00:16 +70: /home/albert/busystack/busymark/test/src/wysiwyg_math_test.dart: math source paste preserves incoming nested blocks and returns its caret
00:16 +71: /home/albert/busystack/busymark/test/src/wysiwyg_math_test.dart: inline math insertion preserves structural block kinds
00:16 +72: /home/albert/busystack/busymark/test/src/wysiwyg_math_test.dart: removing final formula leaves normal editing mode
00:16 +73: /home/albert/busystack/busymark/test/src/wysiwyg_math_test.dart: math source edits preserve nested list children
00:16 +74: /home/albert/busystack/busymark/test/src/wysiwyg_math_test.dart: descendant math does not put a plain list parent in source mode
00:16 +75: /home/albert/busystack/busymark/test/src/wysiwyg_math_test.dart: first inline math insertion preserves unaffected inline AST
00:16 +76: /home/albert/busystack/busymark/test/src/wysiwyg_math_test.dart: math edits retain explicit heading IDs
00:16 +77: /home/albert/busystack/busymark/test/src/wysiwyg_math_test.dart: first math insertion recalculates a generated heading ID
00:16 +78: /home/albert/busystack/busymark/test/src/wysiwyg_math_test.dart: inline math insertion always emits reparsable source
00:16 +79: /home/albert/busystack/busymark/test/src/wysiwyg_math_test.dart: additional inline math uses the same reparsable insertion policy
00:16 +80: /home/albert/busystack/busymark/test/src/wysiwyg_math_test.dart: inline math insertion rejects multiline selections without mutation
00:16 +81: /home/albert/busystack/busymark/test/src/wysiwyg_math_test.dart: inline math insertion preserves zero-width semantic inlines
00:16 +82: /home/albert/busystack/busymark/test/src/wysiwyg_math_test.dart: table-cell source editing retains and removes semantic math
00:16 +83: /home/albert/busystack/busymark/test/src/wysiwyg_math_test.dart: math source edits cannot discard additional Markdown blocks
00:16 +84: /home/albert/busystack/busymark/test/src/wysiwyg_math_test.dart: math source editing preserves escaped literal dollars
00:16 +85: /home/albert/busystack/busymark/test/src/wysiwyg_math_test.dart: inline math insertion preserves the intended inline position
00:16 +86: /home/albert/busystack/busymark/test/src/wysiwyg_math_test.dart: math field source boundaries map to semantic text boundaries
00:16 +87: /home/albert/busystack/busymark/test/src/wysiwyg_math_test.dart: source-mode math insertion preserves the intended inline position
00:16 +88: /home/albert/busystack/busymark/test/src/wysiwyg_math_test.dart: WYSIWYG renders math, edits exact source, and reparses without corruption
00:17 +89: /home/albert/busystack/busymark/test/src/wysiwyg_math_test.dart: WYSIWYG toolbar inserts inline and display math source
00:18 +90: /home/albert/busystack/busymark/test/src/wysiwyg_math_test.dart: inline math toolbar preserves existing inline structure
00:18 +91: /home/albert/busystack/busymark/test/src/wysiwyg_math_test.dart: rendered and focused math list items keep one marker
00:18 +92: /home/albert/busystack/busymark/test/src/wysiwyg_math_test.dart: table math renders unfocused and edits delimiter source
00:19 +93: /home/albert/busystack/busymark/test/src/wysiwyg_math_test.dart: plain table cell treats typed Markdown as rich text
00:19 +94: loading /home/albert/busystack/busymark/test/src/writerside_responsiveness_test.dart
00:20 +94: /home/albert/busystack/busymark/test/src/writerside_responsiveness_test.dart: correction discovery refresh preserves a valid second instance
00:21 +95: /home/albert/busystack/busymark/test/src/writerside_responsiveness_test.dart: correction discovery selection fallback: selected instance removed
00:21 +96: /home/albert/busystack/busymark/test/src/writerside_responsiveness_test.dart: correction discovery selection fallback: intentional selection
00:22 +97: /home/albert/busystack/busymark/test/src/writerside_responsiveness_test.dart: correction discovery selection fallback: another module
00:22 +98: /home/albert/busystack/busymark/test/src/writerside_responsiveness_test.dart: correction incomplete observations are presentation only and reject changed reads
00:22 +99: /home/albert/busystack/busymark/test/src/writerside_responsiveness_test.dart: correction limited inventory retains raw counts for excluded Git entries
00:22 +100: /home/albert/busystack/busymark/test/src/writerside_responsiveness_test.dart: rejected source size remains an input to freshness checking
00:22 +101: /home/albert/busystack/busymark/test/src/writerside_responsiveness_test.dart: bounded topic rejection detects recovery on the real worker
00:22 +102: /home/albert/busystack/busymark/test/src/writerside_responsiveness_test.dart: oversized buffer overrides retain their consumed-input hash
00:22 +103: /home/albert/busystack/busymark/test/src/writerside_responsiveness_test.dart: unreadable sources keep error diagnostics and invalidate on recovery
00:22 +104: /home/albert/busystack/busymark/test/src/writerside_responsiveness_test.dart: real execution transfers results and propagates worker failures
00:22 +105: /home/albert/busystack/busymark/test/src/writerside_responsiveness_test.dart: worker preserves full parsed and resolved models: basic_project
00:22 +106: /home/albert/busystack/busymark/test/src/writerside_responsiveness_test.dart: worker preserves full parsed and resolved models: conformance_project
00:22 +107: /home/albert/busystack/busymark/test/src/writerside_responsiveness_test.dart: worker preserves full parsed and resolved models: markdown_export_compatibility
00:23 +108: /home/albert/busystack/busymark/test/src/writerside_responsiveness_test.dart: worker preserves failure and safety diagnostics: malformed XML
00:23 +109: /home/albert/busystack/busymark/test/src/writerside_responsiveness_test.dart: worker preserves failure and safety diagnostics: missing configured root
00:23 +110: /home/albert/busystack/busymark/test/src/writerside_responsiveness_test.dart: worker preserves failure and safety diagnostics: unsafe include
00:23 +111: /home/albert/busystack/busymark/test/src/writerside_responsiveness_test.dart: worker preserves failure and safety diagnostics: scan limit
00:23 +112: /home/albert/busystack/busymark/test/src/writerside_responsiveness_test.dart: preparation consumes complete overlays once, then selects with zero loads
00:23 +113: /home/albert/busystack/busymark/test/src/writerside_responsiveness_test.dart: reuse checks equal-size disk dependencies and added inputs
00:23 +114: /home/albert/busystack/busymark/test/src/writerside_responsiveness_test.dart: planned path exclusions cannot hide a new colon-named dependency
00:23 +115: /home/albert/busystack/busymark/test/src/writerside_responsiveness_test.dart: configuration overlay rediscovery retains symbols and diagnostics
00:23 +116: /home/albert/busystack/busymark/test/src/writerside_responsiveness_test.dart: creation returns its typed publication result without reopening
00:23 +117: /home/albert/busystack/busymark/test/src/writerside_responsiveness_test.dart: removal application shares one ownership-checked fresh project
00:23 +118: /home/albert/busystack/busymark/test/src/writerside_responsiveness_test.dart: supplied removal model rejects changed input before fingerprint collection
00:23 +119: /home/albert/busystack/busymark/test/src/writerside_responsiveness_test.dart: supplied removal model rejects added input before fingerprint collection
00:23 +120: /home/albert/busystack/busymark/test/src/writerside_responsiveness_test.dart: supplied removal model rejects removed input before fingerprint collection
00:23 +121: /home/albert/busystack/busymark/test/src/writerside_responsiveness_test.dart: supplied removal model rejects tree input before fingerprint collection
00:23 +122: /home/albert/busystack/busymark/test/src/writerside_responsiveness_test.dart: supplied removal model rejects configuration input before fingerprint collection
00:23 +123: /home/albert/busystack/busymark/test/src/writerside_responsiveness_test.dart: removal rejects disk dependency after fingerprint verification and before commit
00:23 +124: /home/albert/busystack/busymark/test/src/writerside_responsiveness_test.dart: removal rejects dirty affected buffer after fingerprint verification and before commit
00:23 +125: /home/albert/busystack/busymark/test/src/writerside_responsiveness_test.dart: analysis is never reused across confirmation
00:24 +126: loading /home/albert/busystack/busymark/test/src/local_history_controller_test.dart
00:25 +126: /home/albert/busystack/busymark/test/src/local_history_controller_test.dart: failed opened baseline retries its original source without an edit
00:25 +127: /home/albert/busystack/busymark/test/src/local_history_controller_test.dart: baseline before edit preserves original and coalesces latest edit
00:25 +128: /home/albert/busystack/busymark/test/src/local_history_controller_test.dart: closed failures keep ownership and stale settlement cannot drop newer work
00:25 +129: /home/albert/busystack/busymark/test/src/local_history_controller_test.dart: committed protective capture survives refresh failure without recapture
00:25 +130: /home/albert/busystack/busymark/test/src/local_history_controller_test.dart: protective authorization is invalidated while committed refresh awaits
00:25 +131: /home/albert/busystack/busymark/test/src/local_history_controller_test.dart: disable cancels an in-flight baseline at the store boundary
00:25 +132: /home/albert/busystack/busymark/test/src/local_history_controller_test.dart: exclude cancels an in-flight baseline at the store boundary
00:25 +133: /home/albert/busystack/busymark/test/src/local_history_controller_test.dart: committed promotion stays associated when refresh fails
00:25 +134: /home/albert/busystack/busymark/test/src/local_history_controller_test.dart: committed Save As binds destination even when list refresh fails
00:25 +135: /home/albert/busystack/busymark/test/src/local_history_controller_test.dart: settling one buffer resumes retries accepted by another buffer
00:25 +136: /home/albert/busystack/busymark/test/src/local_history_controller_test.dart: clear document cancels its failed unbound baseline
00:25 +137: /home/albert/busystack/busymark/test/src/local_history_controller_test.dart: Save As retains failed original baseline through recovery (first=true)
00:25 +138: /home/albert/busystack/busymark/test/src/local_history_controller_test.dart: Save As retains failed original baseline through recovery (first=false)
00:25 +139: /home/albert/busystack/busymark/test/src/local_history_controller_test.dart: Save As keeps retained source protection with a source identity established during settlement (existing=false)
00:25 +140: /home/albert/busystack/busymark/test/src/local_history_controller_test.dart: Save As keeps retained source protection with a source identity established during settlement (existing=true)
00:25 +141: /home/albert/busystack/busymark/test/src/local_history_controller_test.dart: Save As retains a source identity established before later settlement fails
00:25 +142: /home/albert/busystack/busymark/test/src/local_history_controller_test.dart: Save As refreshes a staged destination after its concurrent checkpoint
00:25 +143: /home/albert/busystack/busymark/test/src/local_history_controller_test.dart: abandoned and superseded moves retain the newest committed association
00:25 +144: /home/albert/busystack/busymark/test/src/local_history_controller_test.dart: queued edits share one retained baseline retry owner
00:25 +145: /home/albert/busystack/busymark/test/src/local_history_controller_test.dart: independent failures, permanent baselines and policy cancellation remain isolated
00:25 +146: /home/albert/busystack/busymark/test/src/local_history_controller_test.dart: cancelled failed baselines cannot be restored by delayed callbacks
00:25 +147: /home/albert/busystack/busymark/test/src/local_history_controller_test.dart: continuous typing captures latest text at fixed checkpoint interval
00:25 +148: /home/albert/busystack/busymark/test/src/local_history_controller_test.dart: inactive buffers receive independent checkpoint timers
00:25 +149: /home/albert/busystack/busymark/test/src/local_history_controller_test.dart: first checkpoint attaches an empty untitled browsing scope and publishes it
00:25 +150: /home/albert/busystack/busymark/test/src/local_history_controller_test.dart: file store checkpoint persists across reopen and clear stays authoritative
00:30 +151: /home/albert/busystack/busymark/test/src/local_history_controller_test.dart: active revision search follows matching and nonmatching captures
00:30 +152: /home/albert/busystack/busymark/test/src/local_history_controller_test.dart: failed automatic capture keeps pending source and retries without another edit
00:30 +153: /home/albert/busystack/busymark/test/src/local_history_controller_test.dart: a newer edit accepted during a failed write wins the retry
00:30 +154: /home/albert/busystack/busymark/test/src/local_history_controller_test.dart: automatic checkpoint retries a transient first-save promotion failure
00:30 +155: /home/albert/busystack/busymark/test/src/local_history_controller_test.dart: flush waits behind queued observation and captures its latest source
00:30 +156: /home/albert/busystack/busymark/test/src/local_history_controller_test.dart: clear wins over an in-flight capture and later edits record normally
00:30 +157: /home/albert/busystack/busymark/test/src/local_history_controller_test.dart: edit accepted during Clear Document records in the replacement lineage
00:30 +158: /home/albert/busystack/busymark/test/src/local_history_controller_test.dart: Clear Document blocks replacement capture while its journal is pending
00:30 +159: /home/albert/busystack/busymark/test/src/local_history_controller_test.dart: edit accepted during Clear All records in the replacement lineage
00:30 +160: /home/albert/busystack/busymark/test/src/local_history_controller_test.dart: Clear All blocks replacement capture while its journal is pending
00:30 +161: /home/albert/busystack/busymark/test/src/local_history_controller_test.dart: clear invalidates an automatic checkpoint queued for an untitled draft
00:30 +162: /home/albert/busystack/busymark/test/src/local_history_controller_test.dart: failed explicit save cannot recreate history after Clear Document
00:30 +163: /home/albert/busystack/busymark/test/src/local_history_controller_test.dart: failed explicit save cannot recreate history after Clear All
00:30 +164: /home/albert/busystack/busymark/test/src/local_history_controller_test.dart: clearing the displayed comparison closes it without a missing warning
00:30 +165: /home/albert/busystack/busymark/test/src/local_history_controller_test.dart: clear invalidates an in-flight path capture for the same document
00:30 +166: /home/albert/busystack/busymark/test/src/local_history_controller_test.dart: first edit after another controller clears a stale binding starts a new lineage
00:30 +167: /home/albert/busystack/busymark/test/src/local_history_controller_test.dart: Clear Document rejects in-flight buffer replacement protection
00:30 +168: /home/albert/busystack/busymark/test/src/local_history_controller_test.dart: Clear Document rejects queued buffer replacement protection
00:30 +169: /home/albert/busystack/busymark/test/src/local_history_controller_test.dart: Clear Document rejects in-flight path replacement protection
00:30 +170: /home/albert/busystack/busymark/test/src/local_history_controller_test.dart: Clear Document rejects queued path replacement protection
00:30 +171: /home/albert/busystack/busymark/test/src/local_history_controller_test.dart: Clear All rejects in-flight buffer replacement protection
00:30 +172: /home/albert/busystack/busymark/test/src/local_history_controller_test.dart: Clear All rejects queued buffer replacement protection
00:30 +173: /home/albert/busystack/busymark/test/src/local_history_controller_test.dart: Clear All rejects in-flight path replacement protection
00:30 +174: /home/albert/busystack/busymark/test/src/local_history_controller_test.dart: Clear All rejects queued path replacement protection
00:30 +175: /home/albert/busystack/busymark/test/src/local_history_controller_test.dart: recording off prevents baseline and checkpoints without deleting history
00:30 +176: /home/albert/busystack/busymark/test/src/local_history_controller_test.dart: store-wide find locates closed and deleted documents by path or content
00:30 +177: /home/albert/busystack/busymark/test/src/local_history_controller_test.dart: retained-document lookup is temporary and normal document selection resumes following
00:30 +178: /home/albert/busystack/busymark/test/src/local_history_controller_test.dart: panel construction preserves an explicit retained-document inspection
00:31 +179: /home/albert/busystack/busymark/test/src/local_history_controller_test.dart: delayed revision search cannot repopulate a newly selected document scope
00:31 +180: /home/albert/busystack/busymark/test/src/local_history_controller_test.dart: revision search failure finishes searching and remains in scope
00:31 +181: /home/albert/busystack/busymark/test/src/local_history_controller_test.dart: Local History follows active tabs and clears the visible query without a document dropdown
00:32 +182: /home/albert/busystack/busymark/test/src/local_history_controller_test.dart: revision rows use local second-precision time, date groups, event metadata, and RTL
00:32 +183: /home/albert/busystack/busymark/test/src/local_history_controller_test.dart: a delayed revision read cannot cross the selected document or leave loading stuck
00:32 +184: /home/albert/busystack/busymark/test/src/local_history_controller_test.dart: Save As settles pending named and untitled checkpoints safely
00:32 +185: /home/albert/busystack/busymark/test/src/local_history_controller_test.dart: untitled overwrite Save As retains a failed source checkpoint
00:32 +186: /home/albert/busystack/busymark/test/src/local_history_controller_test.dart: committed Save As source capture is idempotent after a lost result
00:32 +187: /home/albert/busystack/busymark/test/src/local_history_controller_test.dart: Save As recovery never adopts unrelated same-content destination history
00:32 +188: /home/albert/busystack/busymark/test/src/local_history_controller_test.dart: recording-disabled first save promotes untitled history identity
00:32 +189: /home/albert/busystack/busymark/test/src/local_history_controller_test.dart: excluding a recovered first-save destination preserves its untitled source baseline
00:32 +190: /home/albert/busystack/busymark/test/src/local_history_controller_test.dart: queued committed Save As cannot recreate a newly excluded destination side
00:32 +191: /home/albert/busystack/busymark/test/src/local_history_controller_test.dart: failed first-save promotion is retried before a later capture
00:32 +192: /home/albert/busystack/busymark/test/src/local_history_controller_test.dart: flush retries a failed first-save promotion without another edit
00:32 +193: /home/albert/busystack/busymark/test/src/local_history_controller_test.dart: flush reports a content failure after successfully retrying promotion
00:32 +194: /home/albert/busystack/busymark/test/src/local_history_controller_test.dart: remap settles pending first-save promotions for files and directories
00:32 +195: /home/albert/busystack/busymark/test/src/local_history_controller_test.dart: file and directory moves settle pending checkpoints before remap
00:32 +196: /home/albert/busystack/busymark/test/src/local_history_controller_test.dart: failed path reconciliation blocks affected captures but not unrelated documents
00:32 +197: /home/albert/busystack/busymark/test/src/local_history_controller_test.dart: successful path queue prefix is published before a later failure
00:32 +198: /home/albert/busystack/busymark/test/src/local_history_controller_test.dart: path deletion warnings remain scoped to affected owners
00:32 +199: /home/albert/busystack/busymark/test/src/local_history_controller_test.dart: committed path operation is not replayed after refresh failure
00:32 +200: /home/albert/busystack/busymark/test/src/local_history_controller_test.dart: restored targetless executing reconciliation preserves its owner
00:32 +201: /home/albert/busystack/busymark/test/src/local_history_controller_test.dart: path dependency namespaces (deletion: false, dependent: true, destination: /workspace/Z.md, recursive: false, source: /workspace/A.md)
00:32 +202: /home/albert/busystack/busymark/test/src/local_history_controller_test.dart: path dependency namespaces (deletion: false, dependent: true, destination: /workspace/Z.md, recursive: false, source: /workspace/B.md)
00:32 +203: /home/albert/busystack/busymark/test/src/local_history_controller_test.dart: path dependency namespaces (deletion: false, dependent: true, destination: /workspace/A.md, recursive: false, source: /workspace/C.md)
00:32 +204: /home/albert/busystack/busymark/test/src/local_history_controller_test.dart: path dependency namespaces (deletion: false, dependent: true, destination: /workspace/B.md, recursive: false, source: /workspace/C.md)
00:32 +205: /home/albert/busystack/busymark/test/src/local_history_controller_test.dart: path dependency namespaces (deletion: false, dependent: true, destination: /workspace/Z.md, recursive: false, source: /workspace/dirA/nested/C.md)
00:32 +206: /home/albert/busystack/busymark/test/src/local_history_controller_test.dart: path dependency namespaces (deletion: false, dependent: true, destination: /workspace/Z.md, recursive: false, source: /workspace/dirB/nested/C.md)
00:32 +207: /home/albert/busystack/busymark/test/src/local_history_controller_test.dart: path dependency namespaces (deletion: false, dependent: true, destination: /workspace/dirA/nested/C.md, recursive: false, source: /workspace/C.md)
00:32 +208: /home/albert/busystack/busymark/test/src/local_history_controller_test.dart: path dependency namespaces (deletion: false, dependent: true, destination: /workspace/dirB/nested/C.md, recursive: false, source: /workspace/C.md)
00:32 +209: /home/albert/busystack/busymark/test/src/local_history_controller_test.dart: path dependency namespaces (deletion: false, dependent: true, destination: /other, recursive: false, source: /workspace)
00:32 +210: /home/albert/busystack/busymark/test/src/local_history_controller_test.dart: path dependency namespaces (deletion: false, dependent: true, destination: /workspace, recursive: false, source: /other)
00:32 +211: /home/albert/busystack/busymark/test/src/local_history_controller_test.dart: path dependency namespaces (deletion: false, dependent: false, destination: /workspace/dirB-sibling/C.md, recursive: false, source: /workspace/dirA-sibling/C.md)
00:32 +212: /home/albert/busystack/busymark/test/src/local_history_controller_test.dart: path dependency namespaces (deletion: false, dependent: false, destination: /workspace/D.md, recursive: false, source: /workspace/C.md)
00:32 +213: /home/albert/busystack/busymark/test/src/local_history_controller_test.dart: path dependency namespaces (deletion: true, dependent: true, destination: /workspace/Z.md, recursive: true, source: /workspace/dirA/nested/C.md)
00:32 +214: /home/albert/busystack/busymark/test/src/local_history_controller_test.dart: path dependency namespaces (deletion: true, dependent: true, destination: /workspace/dirA/nested/C.md, recursive: true, source: /workspace/C.md)
00:32 +215: /home/albert/busystack/busymark/test/src/local_history_controller_test.dart: path dependency namespaces (deletion: true, dependent: true, destination: /other, recursive: true, source: /workspace)
00:32 +216: /home/albert/busystack/busymark/test/src/local_history_controller_test.dart: path dependency namespaces (deletion: true, dependent: false, destination: /workspace/D.md, recursive: true, source: /workspace/C.md)
00:32 +217: /home/albert/busystack/busymark/test/src/local_history_controller_test.dart: path dependency namespaces (deletion: true, dependent: true, destination: /workspace/Z.md, recursive: false, source: /workspace/A.md)
00:32 +218: /home/albert/busystack/busymark/test/src/local_history_controller_test.dart: path dependency namespaces (deletion: true, dependent: false, destination: /workspace/D.md, recursive: false, source: /workspace/C.md)
00:32 +219: /home/albert/busystack/busymark/test/src/local_history_controller_test.dart: path dependency uses prepared target with different paths
00:32 +220: /home/albert/busystack/busymark/test/src/local_history_controller_test.dart: path dependency uses bound identity with different paths
00:32 +221: /home/albert/busystack/busymark/test/src/local_history_controller_test.dart: path dependency uses destination identity with different paths
00:32 +222: /home/albert/busystack/busymark/test/src/local_history_controller_test.dart: path dependency checks promotion destination identity at a different path
00:32 +223: /home/albert/busystack/busymark/test/src/local_history_controller_test.dart: path dependency settles only conflicting entries behind an unresolved head
00:32 +224: /home/albert/busystack/busymark/test/src/local_history_controller_test.dart: path dependency recomputes identities after settling namespace prerequisites (promotion=false)
00:32 +225: /home/albert/busystack/busymark/test/src/local_history_controller_test.dart: path dependency recomputes identities after settling namespace prerequisites (promotion=true)
00:32 +226: /home/albert/busystack/busymark/test/src/local_history_controller_test.dart: path dependency preserves transitive queue ordering
00:32 +227: /home/albert/busystack/busymark/test/src/local_history_controller_test.dart: path dependency retries independent work behind retained head (executing=false)
00:32 +228: /home/albert/busystack/busymark/test/src/local_history_controller_test.dart: path dependency retries independent work behind retained head (executing=true)
00:32 +229: /home/albert/busystack/busymark/test/src/local_history_controller_test.dart: staged path commit survives refresh failure until workspace acknowledgement
00:32 +230: /home/albert/busystack/busymark/test/src/local_history_controller_test.dart: external staged remap refreshes its bound target after checkpoint settlement
00:32 +231: /home/albert/busystack/busymark/test/src/local_history_controller_test.dart: definitive false staged result retires its executing journal
00:32 +232: /home/albert/busystack/busymark/test/src/local_history_controller_test.dart: deferred deletion cannot delete replacement path history
00:32 +233: /home/albert/busystack/busymark/test/src/local_history_controller_test.dart: Clear Document removes only its recursive reconciliation target
00:32 +234: /home/albert/busystack/busymark/test/src/local_history_controller_test.dart: Clear Document preserves timer retry for remaining recursive target
00:32 +235: /home/albert/busystack/busymark/test/src/local_history_controller_test.dart: prepared remap rejects a checkpoint that changed its frozen target
00:32 +236: /home/albert/busystack/busymark/test/src/local_history_controller_test.dart: ownerless path failure is visible only in history presentation
00:32 +237: /home/albert/busystack/busymark/test/src/local_history_controller_test.dart: detached promotion capture is included in durable retained work
00:32 +238: /home/albert/busystack/busymark/test/src/local_history_controller_test.dart: live external retained owner is not replayed and Clear All retires it
00:32 +239: /home/albert/busystack/busymark/test/src/local_history_controller_test.dart: a clear conflict cancels the old baseline retry owner
00:32 +240: /home/albert/busystack/busymark/test/src/local_history_controller_test.dart: edit after failed Clear waits and persists in the replacement lineage
00:32 +241: /home/albert/busystack/busymark/test/src/local_history_controller_test.dart: post-Clear edit uses committed epoch when reconciliation refresh fails
00:32 +242: /home/albert/busystack/busymark/test/src/local_history_controller_test.dart: deferred remap cannot mutate replacement path history
00:32 +243: /home/albert/busystack/busymark/test/src/local_history_controller_test.dart: failed remap reserves source and destination paths until reconciliation
00:32 +244: /home/albert/busystack/busymark/test/src/local_history_controller_test.dart: deletion remains ordered behind a retained path remap
00:32 +245: /home/albert/busystack/busymark/test/src/local_history_controller_test.dart: first save waits for a reserved source path before promoting its history
00:32 +246: /home/albert/busystack/busymark/test/src/local_history_controller_test.dart: path target discovery observes history written after cached load
00:32 +247: /home/albert/busystack/busymark/test/src/local_history_controller_test.dart: first-save cleanup cannot restore promotion after Clear document
00:32 +248: /home/albert/busystack/busymark/test/src/local_history_controller_test.dart: first-save cleanup cannot restore promotion after Clear all
00:32 +249: /home/albert/busystack/busymark/test/src/local_history_controller_test.dart: first-save cleanup cannot restore promotion after disposal
00:32 +250: /home/albert/busystack/busymark/test/src/local_history_controller_test.dart: Save As transfers retained remap ownership with source work
00:32 +251: /home/albert/busystack/busymark/test/src/local_history_controller_test.dart: flushBuffer reports retained remap work and retires closed owner
00:32 +252: /home/albert/busystack/busymark/test/src/local_history_controller_test.dart: Clear All cannot be undone by an in-flight path remap
00:32 +253: /home/albert/busystack/busymark/test/src/local_history_controller_test.dart: path reconciliation resumes a newly opened destination owner
00:32 +254: loading /home/albert/busystack/busymark/test/src/writerside_markdown_export_compatibility_test.dart
00:33 +254: /home/albert/busystack/busymark/test/src/writerside_markdown_export_compatibility_test.dart: HTML retains complex Markdown and resolves both heading ID spellings
00:35 +255: /home/albert/busystack/busymark/test/src/writerside_markdown_export_compatibility_test.dart: PDF retains complex Markdown and resolved heading links
00:36 +256: loading /home/albert/busystack/busymark/test/src/math_widget_test.dart
00:36 +256: /home/albert/busystack/busymark/test/src/math_widget_test.dart: inline math applies MathJax baseline and surrounding text metrics
00:37 +257: /home/albert/busystack/busymark/test/src/math_widget_test.dart: wide display math scrolls horizontally without clipping
00:38 +258: /home/albert/busystack/busymark/test/src/math_widget_test.dart: failed formulas retain source and a localized explanation
00:38 +259: loading /home/albert/busystack/busymark/test/src/wysiwyg_selection_test.dart
00:39 +259: /home/albert/busystack/busymark/test/src/wysiwyg_selection_test.dart: reduced fixture uses rendered offsets without Markdown delimiters or block separators
00:39 +260: /home/albert/busystack/busymark/test/src/wysiwyg_selection_test.dart: Select All: logical range and copy include styled suffixes and table
00:41 +261: /home/albert/busystack/busymark/test/src/wysiwyg_selection_test.dart: multi-block paint matches rendered runs: b0 BusyBlockKind.paragraph
00:41 +262: /home/albert/busystack/busymark/test/src/wysiwyg_selection_test.dart: multi-block paint matches rendered runs: b1 BusyBlockKind.paragraph
00:42 +263: /home/albert/busystack/busymark/test/src/wysiwyg_selection_test.dart: multi-block paint matches rendered runs: b2 BusyBlockKind.paragraph
00:42 +264: /home/albert/busystack/busymark/test/src/wysiwyg_selection_test.dart: multi-block paint matches rendered runs: b3 BusyBlockKind.unorderedListItem
00:42 +265: /home/albert/busystack/busymark/test/src/wysiwyg_selection_test.dart: multi-block paint matches rendered runs: b4 BusyBlockKind.unorderedListItem
00:43 +266: /home/albert/busystack/busymark/test/src/wysiwyg_selection_test.dart: multi-block paint matches rendered runs: b5 BusyBlockKind.unorderedListItem
00:43 +267: /home/albert/busystack/busymark/test/src/wysiwyg_selection_test.dart: multi-block paint matches rendered runs: b6 BusyBlockKind.paragraph
00:43 +268: /home/albert/busystack/busymark/test/src/wysiwyg_selection_test.dart: multi-block paint matches rendered runs: b17 BusyBlockKind.paragraph
00:44 +269: /home/albert/busystack/busymark/test/src/wysiwyg_selection_test.dart: table cells paint the same selected text as document copy
00:44 +270: /home/albert/busystack/busymark/test/src/wysiwyg_selection_test.dart: repeated Select All keeps the entire document selected
00:44 +271: /home/albert/busystack/busymark/test/src/wysiwyg_selection_test.dart: Select All includes a table at the document edge: Before.

| H |
| --- |
| Body! |

00:44 +272: /home/albert/busystack/busymark/test/src/wysiwyg_selection_test.dart: Select All includes a table at the document edge: | H |
| --- |
| Body! |

After.

00:45 +273: /home/albert/busystack/busymark/test/src/wysiwyg_selection_test.dart: drag endpoints use the styled rendered coordinate system
00:45 +274: /home/albert/busystack/busymark/test/src/wysiwyg_selection_test.dart: drag from a paragraph into a table copies and selects its cells
00:45 +275: /home/albert/busystack/busymark/test/src/wysiwyg_selection_test.dart: drag across table cells selects the existing complete-table document block
00:46 +276: /home/albert/busystack/busymark/test/src/wysiwyg_selection_test.dart: paragraph boundary (1, 0, 1, 165) at width 460.0
00:46 +277: /home/albert/busystack/busymark/test/src/wysiwyg_selection_test.dart: paragraph boundary (0, 4, 1, 165) at width 460.0
00:46 +278: /home/albert/busystack/busymark/test/src/wysiwyg_selection_test.dart: paragraph boundary (1, 0, 2, 8) at width 460.0
00:46 +279: /home/albert/busystack/busymark/test/src/wysiwyg_selection_test.dart: paragraph boundary (0, 0, 2, 30) at width 460.0
00:47 +280: /home/albert/busystack/busymark/test/src/wysiwyg_selection_test.dart: paragraph boundary (2, 30, 0, 0) at width 460.0
00:47 +281: /home/albert/busystack/busymark/test/src/wysiwyg_selection_test.dart: all styled runs and list endings repaint after resizing to 460.0
00:47 +282: /home/albert/busystack/busymark/test/src/wysiwyg_selection_test.dart: paragraph boundary (1, 0, 1, 165) at width 1000.0
00:47 +283: /home/albert/busystack/busymark/test/src/wysiwyg_selection_test.dart: paragraph boundary (0, 4, 1, 165) at width 1000.0
00:48 +284: /home/albert/busystack/busymark/test/src/wysiwyg_selection_test.dart: paragraph boundary (1, 0, 2, 8) at width 1000.0
00:48 +285: /home/albert/busystack/busymark/test/src/wysiwyg_selection_test.dart: paragraph boundary (0, 0, 2, 30) at width 1000.0
00:48 +286: /home/albert/busystack/busymark/test/src/wysiwyg_selection_test.dart: paragraph boundary (2, 30, 0, 0) at width 1000.0
00:48 +287: /home/albert/busystack/busymark/test/src/wysiwyg_selection_test.dart: all styled runs and list endings repaint after resizing to 1000.0
00:48 +288: /home/albert/busystack/busymark/test/src/wysiwyg_selection_test.dart: partial multi-block styled span: **Bold** plain! end=2
00:48 +289: /home/albert/busystack/busymark/test/src/wysiwyg_selection_test.dart: partial multi-block styled span: **Bold** plain! end=10
00:49 +290: /home/albert/busystack/busymark/test/src/wysiwyg_selection_test.dart: partial multi-block styled span: **Bold** plain! end=11
00:49 +291: /home/albert/busystack/busymark/test/src/wysiwyg_selection_test.dart: partial multi-block styled span: plain **bold**! end=2
00:49 +292: /home/albert/busystack/busymark/test/src/wysiwyg_selection_test.dart: partial multi-block styled span: plain **bold**! end=10
00:49 +293: /home/albert/busystack/busymark/test/src/wysiwyg_selection_test.dart: partial multi-block styled span: plain **bold**! end=11
00:49 +294: /home/albert/busystack/busymark/test/src/wysiwyg_selection_test.dart: partial multi-block styled span: `code` plain! end=2
00:49 +295: /home/albert/busystack/busymark/test/src/wysiwyg_selection_test.dart: partial multi-block styled span: `code` plain! end=10
00:49 +296: /home/albert/busystack/busymark/test/src/wysiwyg_selection_test.dart: partial multi-block styled span: `code` plain! end=11
00:49 +297: /home/albert/busystack/busymark/test/src/wysiwyg_selection_test.dart: partial multi-block styled span: plain `code`! end=2
00:49 +298: /home/albert/busystack/busymark/test/src/wysiwyg_selection_test.dart: partial multi-block styled span: plain `code`! end=10
00:49 +299: /home/albert/busystack/busymark/test/src/wysiwyg_selection_test.dart: partial multi-block styled span: plain `code`! end=11
00:49 +300: /home/albert/busystack/busymark/test/src/wysiwyg_selection_test.dart: partial multi-block styled span: [link](https://example.test) plain! end=2
00:50 +301: /home/albert/busystack/busymark/test/src/wysiwyg_selection_test.dart: partial multi-block styled span: [link](https://example.test) plain! end=10
00:50 +302: /home/albert/busystack/busymark/test/src/wysiwyg_selection_test.dart: partial multi-block styled span: [link](https://example.test) plain! end=11
00:50 +303: /home/albert/busystack/busymark/test/src/wysiwyg_selection_test.dart: partial multi-block styled span: *emphasis* plain! end=2
00:50 +304: /home/albert/busystack/busymark/test/src/wysiwyg_selection_test.dart: partial multi-block styled span: *emphasis* plain! end=14
00:50 +305: /home/albert/busystack/busymark/test/src/wysiwyg_selection_test.dart: partial multi-block styled span: *emphasis* plain! end=15
00:50 +306: /home/albert/busystack/busymark/test/src/wysiwyg_selection_test.dart: list boundary (3, 0, 3, 29) includes the final rendered character
00:50 +307: /home/albert/busystack/busymark/test/src/wysiwyg_selection_test.dart: list boundary (4, 0, 4, 36) includes the final rendered character
00:50 +308: /home/albert/busystack/busymark/test/src/wysiwyg_selection_test.dart: list boundary (3, 0, 4, 36) includes the final rendered character
00:50 +309: /home/albert/busystack/busymark/test/src/wysiwyg_selection_test.dart: list boundary (2, 4, 4, 36) includes the final rendered character
00:51 +310: /home/albert/busystack/busymark/test/src/wysiwyg_selection_test.dart: list boundary (3, 0, 6, 9) includes the final rendered character
00:51 +311: /home/albert/busystack/busymark/test/src/wysiwyg_selection_test.dart: list boundary (2, 0, 6, 93) includes the final rendered character
00:51 +312: /home/albert/busystack/busymark/test/src/wysiwyg_selection_test.dart: list boundary (5, 0, 5, 29) includes the final rendered character
00:51 +313: /home/albert/busystack/busymark/test/src/wysiwyg_selection_test.dart: mouse range across paragraph, list, table and paragraph equals Select All
00:51 +314: /home/albert/busystack/busymark/test/src/wysiwyg_selection_test.dart: Select All, mouse and keyboard ranges produce equivalent local selection geometry
00:52 +315: /home/albert/busystack/busymark/test/src/wysiwyg_selection_test.dart: local table cell selection stays local; subsequent Select All expands to document
00:53 +316: /home/albert/busystack/busymark/test/src/wysiwyg_selection_test.dart: table to following paragraph retains complete selected rows
00:53 +317: /home/albert/busystack/busymark/test/src/wysiwyg_selection_test.dart: document selection survives viewport scrolling and block recreation
00:53 +318: /home/albert/busystack/busymark/test/src/wysiwyg_selection_test.dart: selected table text follows horizontal cell scrolling
00:53 +319: /home/albert/busystack/busymark/test/src/wysiwyg_selection_test.dart: drag across a viewport jump resolves the visible extent block (variant: TargetPlatform.linux)
00:54 +320: loading /home/albert/busystack/busymark/test/src/writerside_video_widget_test.dart
00:55 +320: /home/albert/busystack/busymark/test/src/writerside_video_widget_test.dart: video card embeds a supported YouTube source in place
00:55 +321: /home/albert/busystack/busymark/test/src/writerside_video_widget_test.dart: mini-player embeds Vimeo with the reduced video ID
00:56 +322: /home/albert/busystack/busymark/test/src/writerside_video_widget_test.dart: local video player receives only a canonical media path
00:56 +323: /home/albert/busystack/busymark/test/src/writerside_video_widget_test.dart: video dimensions preserve ratio and scale to available width
00:56 +324: /home/albert/busystack/busymark/test/src/writerside_video_widget_test.dart: failed native player leaves a usable poster fallback
00:56 +325: /home/albert/busystack/busymark/test/src/writerside_video_widget_test.dart: WYSIWYG renders a Writerside video without rewriting source
00:56 +326: loading /home/albert/busystack/busymark/test/src/feedback_dialog_test.dart
00:57 +326: /home/albert/busystack/busymark/test/src/feedback_dialog_test.dart: uses the native grouped modal-editor structure
00:58 +327: /home/albert/busystack/busymark/test/src/feedback_dialog_test.dart: shared report form remains directional in an Arabic UI
00:58 +328: /home/albert/busystack/busymark/test/src/feedback_dialog_test.dart: dark route uses the shared dialog surface
00:59 +329: /home/albert/busystack/busymark/test/src/feedback_dialog_test.dart: shows required-field validation without sending
00:59 +330: /home/albert/busystack/busymark/test/src/feedback_dialog_test.dart: rejects an invalid optional reply email
00:59 +331: /home/albert/busystack/busymark/test/src/feedback_dialog_test.dart: category can return to the unselected placeholder
00:59 +332: /home/albert/busystack/busymark/test/src/feedback_dialog_test.dart: disables submit while a request is active
00:59 +333: /home/albert/busystack/busymark/test/src/feedback_dialog_test.dart: clears the form and shows the server reference on success
01:00 +334: /home/albert/busystack/busymark/test/src/feedback_dialog_test.dart: shows a distinct message when the server rejects the form
01:00 +335: /home/albert/busystack/busymark/test/src/feedback_dialog_test.dart: keeps retry UUID until submitted content changes
01:00 +336: /home/albert/busystack/busymark/test/src/feedback_dialog_test.dart: cannot dismiss the dialog while submission is active
01:00 +337: loading /home/albert/busystack/busymark/test/src/headless_chrome_test.dart
01:01 +337: /home/albert/busystack/busymark/test/src/headless_chrome_test.dart: evaluates the requested document after it becomes ready
01:01 +338: /home/albert/busystack/busymark/test/src/headless_chrome_test.dart: does not evaluate the initial about:blank target
01:01 +339: /home/albert/busystack/busymark/test/src/headless_chrome_test.dart: retries when navigation destroys the execution context
01:01 +340: /home/albert/busystack/busymark/test/src/headless_chrome_test.dart: a silent open DevTools socket respects the readiness bound
01:01 +341: /home/albert/busystack/busymark/test/src/headless_chrome_test.dart: socket closure before a response fails deterministically
01:01 +342: /home/albert/busystack/busymark/test/src/headless_chrome_test.dart: a DevTools error is not mistaken for navigation
01:01 +343: /home/albert/busystack/busymark/test/src/headless_chrome_test.dart: a page that never becomes ready reports its last state
01:01 +344: loading /home/albert/busystack/busymark/test/src/workspace_document_context_test.dart
01:02 +344: /home/albert/busystack/busymark/test/src/workspace_document_context_test.dart: untitled buffer is CommonMark in untitledMarkdown
01:02 +345: /home/albert/busystack/busymark/test/src/workspace_document_context_test.dart: untitled buffer is CommonMark in singleMarkdown
01:02 +346: /home/albert/busystack/busymark/test/src/workspace_document_context_test.dart: untitled buffer is CommonMark in markdownFolder
01:02 +347: /home/albert/busystack/busymark/test/src/workspace_document_context_test.dart: untitled buffer is CommonMark in writersideModule
01:02 +348: /home/albert/busystack/busymark/test/src/workspace_document_context_test.dart: untitled buffer is CommonMark in nextcloudNotes
01:02 +349: /home/albert/busystack/busymark/test/src/workspace_document_context_test.dart: Writerside document resolution (setUpAll)
01:03 +349: /home/albert/busystack/busymark/test/src/workspace_document_context_test.dart: Writerside document resolution discovered Markdown topic wins over generic file inventory
01:03 +350: /home/albert/busystack/busymark/test/src/workspace_document_context_test.dart: Writerside document resolution discovered XML topic resolves as a Writerside XML topic
01:03 +351: /home/albert/busystack/busymark/test/src/workspace_document_context_test.dart: Writerside document resolution ordinary Markdown under the project is still CommonMark
01:03 +352: /home/albert/busystack/busymark/test/src/workspace_document_context_test.dart: Writerside document resolution path fallback does not depend on workspace file inventory
01:03 +353: /home/albert/busystack/busymark/test/src/workspace_document_context_test.dart: Writerside document resolution (tearDownAll)
01:03 +353: loading /home/albert/busystack/busymark/test/src/html_export_test.dart
01:04 +353: /home/albert/busystack/busymark/test/src/html_export_test.dart: unsaved Markdown is a complete styled document with stable semantic anchors
01:06 +354: /home/albert/busystack/busymark/test/src/html_export_test.dart: raw disclosures, definitions and spans survive with structural sanitization
01:06 +355: /home/albert/busystack/busymark/test/src/html_export_test.dart: explicit blank lines export as consecutive HTML breaks
01:06 +356: /home/albert/busystack/busymark/test/src/html_export_test.dart: content-addressed assets relocate, deduplicate and reject symlink escapes
01:06 +357: /home/albert/busystack/busymark/test/src/html_export_test.dart: home-relative images use the shared local-media path rules
01:06 +358: /home/albert/busystack/busymark/test/src/html_export_test.dart: untrusted metadata and data URLs cannot create active HTML
01:06 +359: /home/albert/busystack/busymark/test/src/html_export_test.dart: unsafe SVG and CSS never reach exported assets
01:06 +360: /home/albert/busystack/busymark/test/src/html_export_test.dart: overwrite refusal, cancellation and rendering failure preserve previous HTML
01:06 +361: /home/albert/busystack/busymark/test/src/html_export_test.dart: metadata title remains separate from a formatted Markdown title heading
01:06 +362: /home/albert/busystack/busymark/test/src/html_export_test.dart: UTF-8 byte limits are enforced
01:06 +363: /home/albert/busystack/busymark/test/src/html_export_test.dart: Writerside produces linked pages, hidden topics, WIP and start copy
01:07 +364: /home/albert/busystack/busymark/test/src/html_export_test.dart: official conformance fixture exports as individual pages
01:07 +365: loading /home/albert/busystack/busymark/test/src/writerside_admonition_test.dart
01:08 +365: /home/albert/busystack/busymark/test/src/writerside_admonition_test.dart: Writerside blockquotes become typed admonitions and round-trip
01:08 +366: /home/albert/busystack/busymark/test/src/writerside_admonition_test.dart: ordinary Markdown blockquotes do not acquire Writerside semantics
01:08 +367: /home/albert/busystack/busymark/test/src/writerside_admonition_test.dart: semantic admonition elements include quote and preserve attributes
01:08 +368: /home/albert/busystack/busymark/test/src/writerside_admonition_test.dart: admonition editing emits source that reparses semantically
01:08 +369: /home/albert/busystack/busymark/test/src/writerside_admonition_test.dart: editing inside an existing admonition changes its outer type
01:08 +370: /home/albert/busystack/busymark/test/src/writerside_admonition_test.dart: WYSIWYG Admonition menu applies the selected type
01:09 +371: /home/albert/busystack/busymark/test/src/writerside_admonition_test.dart: ordinary Markdown does not show the Writerside editing menu
01:09 +372: /home/albert/busystack/busymark/test/src/writerside_admonition_test.dart: Writerside .topic preview keeps content inside its admonition
01:10 +373: /home/albert/busystack/busymark/test/src/writerside_admonition_test.dart: PDF export keeps admonitions semantic and quotes neutral
01:10 +374: loading /home/albert/busystack/busymark/test/src/d2_renderer_test.dart
01:11 +374: /home/albert/busystack/busymark/test/src/d2_renderer_test.dart: D2 source policy rejects imports and icon assets with source locations
01:11 +375: /home/albert/busystack/busymark/test/src/d2_renderer_test.dart: D2 source policy does not treat comments, quoted labels, or block strings as imports
01:11 +376: /home/albert/busystack/busymark/test/src/d2_renderer_test.dart: returns normalized vector SVG for browser-independent output
01:11 +377: /home/albert/busystack/busymark/test/src/d2_renderer_test.dart: rasterizes foreignObject output at PDF resolution
01:11 +378: /home/albert/busystack/busymark/test/src/d2_renderer_test.dart: rasterizes browser CSS that cannot be preserved in vector form
01:11 +379: /home/albert/busystack/busymark/test/src/d2_renderer_test.dart: maps D2 diagnostics and renderer limits to typed results
01:11 +380: /home/albert/busystack/busymark/test/src/d2_renderer_test.dart: locates only executable files at deterministic bundle paths
01:11 +381: /home/albert/busystack/busymark/test/src/d2_renderer_test.dart: bundled D2 CLI renders stdin to stdout without a shell
01:11 +382: loading /home/albert/busystack/busymark/test/src/nextcloud_editor_boundary_test.dart
01:12 +382: /home/albert/busystack/busymark/test/src/nextcloud_editor_boundary_test.dart: remote read-only source blocks typing and formatting mutations
01:13 +383: /home/albert/busystack/busymark/test/src/nextcloud_editor_boundary_test.dart: remote read-only WYSIWYG blocks typing and formatting emissions
01:14 +384: loading /home/albert/busystack/busymark/test/src/markdown_pdf_export_service_test.dart
01:17 +384: /home/albert/busystack/busymark/test/src/markdown_pdf_export_service_test.dart: display images do not reserve a fixed-height letterbox
01:17 +385: /home/albert/busystack/busymark/test/src/markdown_pdf_export_service_test.dart: quotes and admonitions use the existing callout presentation
01:17 +386: /home/albert/busystack/busymark/test/src/markdown_pdf_export_service_test.dart: PDF export ignores redundant blank lines between blocks
01:18 +387: /home/albert/busystack/busymark/test/src/markdown_pdf_export_service_test.dart: PDF payload preserves an explicit blank line as two breaks
01:18 +388: /home/albert/busystack/busymark/test/src/markdown_pdf_export_service_test.dart: bundled template renders two explicit breaks as one blank PDF line
01:18 +389: /home/albert/busystack/busymark/test/src/markdown_pdf_export_service_test.dart: bundled template renders redundant blank lines identically
01:18 +390: /home/albert/busystack/busymark/test/src/markdown_pdf_export_service_test.dart: bundled template exports representative Markdown to a valid PDF
01:18 +391: /home/albert/busystack/busymark/test/src/markdown_pdf_export_service_test.dart: Writerside video poster and link compile into a valid PDF
01:18 +392: /home/albert/busystack/busymark/test/src/markdown_pdf_export_service_test.dart: Writerside admonitions compile into a valid PDF
01:19 +393: loading /home/albert/busystack/busymark/test/src/clipboard_layout_table_test.dart
01:20 +393: /home/albert/busystack/busymark/test/src/clipboard_layout_table_test.dart: data tables remain tables, including borderless and single-column data
01:20 +394: /home/albert/busystack/busymark/test/src/clipboard_layout_table_test.dart: nested layout wrappers retain their inner data table and prose
01:20 +395: /home/albert/busystack/busymark/test/src/clipboard_layout_table_test.dart: explicit presentation table keeps caption, cell order and direction
01:20 +396: /home/albert/busystack/busymark/test/src/clipboard_layout_table_test.dart: editor preserves content inside a layout table
01:20 +397: /home/albert/busystack/busymark/test/src/clipboard_layout_table_test.dart: editor plain paste ignores layout and rich content
01:20 +398: /home/albert/busystack/busymark/test/src/clipboard_layout_table_test.dart: markdownSource preserves content inside a layout table
01:20 +399: /home/albert/busystack/busymark/test/src/clipboard_layout_table_test.dart: markdownSource plain paste ignores layout and rich content
01:20 +400: loading /home/albert/busystack/busymark/test/src/writerside_markdown_import_dialog_test.dart
01:22 +400: /home/albert/busystack/busymark/test/src/writerside_markdown_import_dialog_test.dart: selects all candidates by default and disables OK for none
01:23 +401: /home/albert/busystack/busymark/test/src/writerside_markdown_import_dialog_test.dart: successful import closes the dialog with selected list order
01:23 +402: /home/albert/busystack/busymark/test/src/writerside_markdown_import_dialog_test.dart: failed import stays open and presents the localized error
01:23 +403: loading /home/albert/busystack/busymark/test/src/html_publication_test.dart
01:27 +403: /home/albert/busystack/busymark/test/src/html_publication_test.dart: single-file local video has a downloadable fallback
01:27 +404: /home/albert/busystack/busymark/test/src/html_publication_test.dart: Writerside list starts and same-type boundaries survive HTML export
01:27 +405: /home/albert/busystack/busymark/test/src/html_publication_test.dart: repeated list includes export as separate HTML containers
01:27 +406: /home/albert/busystack/busymark/test/src/html_publication_test.dart: Writerside list styles stay distinct across consecutive lists
01:27 +407: /home/albert/busystack/busymark/test/src/html_publication_test.dart: Writerside shares HTML appearance without changing TOC status or source
01:27 +408: /home/albert/busystack/busymark/test/src/html_publication_test.dart: Writerside module origins preserve includes, variables, file identity and nullable links
01:28 +409: /home/albert/busystack/busymark/test/src/html_publication_test.dart: definition lists preserve individual disclosure states and IDs
01:28 +410: /home/albert/busystack/busymark/test/src/html_publication_test.dart: web filename and index collisions identify both topics before publication
01:28 +411: /home/albert/busystack/busymark/test/src/html_publication_test.dart: Writerside publication uses canonical effective web filenames
01:28 +412: /home/albert/busystack/busymark/test/src/html_publication_test.dart: source and media are captured before progress or later editor changes
01:28 +413: /home/albert/busystack/busymark/test/src/html_publication_test.dart: publication failure retains previous HTML and referenced immutable assets
01:28 +414: /home/albert/busystack/busymark/test/src/html_publication_test.dart: duplicate explicit IDs warn, non-Latin footnotes and document IDs resolve
01:28 +415: loading /home/albert/busystack/busymark/test/src/spelling_service_test.dart
01:29 +415: /home/albert/busystack/busymark/test/src/spelling_service_test.dart: document kinds expose one authoritative spelling capability
01:29 +416: /home/albert/busystack/busymark/test/src/spelling_service_test.dart: effective spelling language preserves document and project order
01:29 +417: /home/albert/busystack/busymark/test/src/spelling_service_test.dart: session identity changes when a stable buffer is saved to a path
01:29 +418: /home/albert/busystack/busymark/test/src/spelling_service_test.dart: downloaded dictionaries use revision-shared Snap storage
01:29 +419: /home/albert/busystack/busymark/test/src/spelling_service_test.dart: first save and Save As republish source routing immediately
01:30 +420: /home/albert/busystack/busymark/test/src/spelling_service_test.dart: persistent spelling words rereads and merges independent external changes
01:31 +421: /home/albert/busystack/busymark/test/src/spelling_service_test.dart: persistent spelling words coordinates writers in independent application processes
01:33 +422: /home/albert/busystack/busymark/test/src/spelling_service_test.dart: persistent spelling words merges an external edit injected after staging
01:34 +423: /home/albert/busystack/busymark/test/src/spelling_service_test.dart: persistent spelling words merges an external replacement after the atomic exchange
01:34 +424: /home/albert/busystack/busymark/test/src/spelling_service_test.dart: persistent spelling words preserves a newer destination and the rejected displaced version
01:34 +425: /home/albert/busystack/busymark/test/src/spelling_service_test.dart: persistent spelling words preserves case while merging canonical Unicode equivalents
01:34 +426: /home/albert/busystack/busymark/test/src/spelling_service_test.dart: persistent spelling words rebuilds untrusted stored keys from validated display values
01:34 +427: /home/albert/busystack/busymark/test/src/spelling_service_test.dart: persistent spelling words case-distinct words survive restart into the native worker
01:34 +428: /home/albert/busystack/busymark/test/src/spelling_service_test.dart: persistent spelling words malformed storage is reported instead of overwritten
01:34 +429: /home/albert/busystack/busymark/test/src/spelling_service_test.dart: staging validation accepts numeric header revisions and count drift
01:34 +430: /home/albert/busystack/busymark/test/src/spelling_service_test.dart: dictionary import publishes a complete pair only after validation
01:34 +431: /home/albert/busystack/busymark/test/src/spelling_service_test.dart: on-demand dictionary installation installs only one shared resource and reuses it by locale
01:34 +432: /home/albert/busystack/busymark/test/src/spelling_service_test.dart: on-demand dictionary installation cancellation and checksum failure leave no installation
01:34 +433: /home/albert/busystack/busymark/test/src/spelling_service_test.dart: on-demand dictionary installation cancellation observes the atomic publication commit point
01:34 +434: /home/albert/busystack/busymark/test/src/spelling_service_test.dart: on-demand dictionary installation a stale invalid record cannot remove a repaired installation
01:34 +435: /home/albert/busystack/busymark/test/src/spelling_service_test.dart: on-demand dictionary installation a stale valid descriptor cannot remove a replacement in another process
01:35 +436: /home/albert/busystack/busymark/test/src/spelling_service_test.dart: on-demand dictionary installation catalog waits through a replacement publication gap
01:35 +437: /home/albert/busystack/busymark/test/src/spelling_service_test.dart: on-demand dictionary installation a late no-replace publisher cannot replace a completed installation
01:35 +438: /home/albert/busystack/busymark/test/src/spelling_service_test.dart: on-demand dictionary installation independent process observes the published no-replace destination
01:36 +439: /home/albert/busystack/busymark/test/src/spelling_service_test.dart: on-demand dictionary installation stalled response times out, cancels, and permits retry
01:36 +440: /home/albert/busystack/busymark/test/src/spelling_service_test.dart: on-demand dictionary installation asynchronous output sink errors fail the receiver without zone leaks
01:36 +441: /home/albert/busystack/busymark/test/src/spelling_service_test.dart: on-demand dictionary installation a failed replacement cannot damage a working installation
01:36 +442: /home/albert/busystack/busymark/test/src/spelling_service_test.dart: on-demand dictionary installation a failed controller download exposes a working retry
01:36 +443: /home/albert/busystack/busymark/test/src/spelling_service_test.dart: on-demand dictionary installation controller reserves an installation before coordinator startup
01:36 +444: /home/albert/busystack/busymark/test/src/spelling_service_test.dart: on-demand dictionary installation controller releases installation ownership after setup failure
01:36 +445: /home/albert/busystack/busymark/test/src/spelling_service_test.dart: on-demand dictionary installation controller cancellation remains with the reserved startup operation
01:36 +446: /home/albert/busystack/busymark/test/src/spelling_service_test.dart: aliased imports remain selectable across collision, restart, and removal
01:37 +447: /home/albert/busystack/busymark/test/src/spelling_service_test.dart: same-resource import collision is rejected before publication
01:37 +448: /home/albert/busystack/busymark/test/src/spelling_service_test.dart: an import does not impersonate the downloadable resource row
01:37 +449: /home/albert/busystack/busymark/test/src/spelling_service_test.dart: invalid imported installation is removable by exact record
01:37 +450: /home/albert/busystack/busymark/test/src/spelling_service_test.dart: invalid downloaded installation repairs through settings API
01:37 +451: /home/albert/busystack/busymark/test/src/spelling_service_test.dart: Ignore Once keeps its authored anchor across editor modes
01:37 +452: /home/albert/busystack/busymark/test/src/spelling_service_test.dart: source hit testing excludes formatting and link destination gaps
01:37 +453: /home/albert/busystack/busymark/test/src/spelling_service_test.dart: Ignore Once follows one transaction across edit, undo, redo, and tabs
01:37 +454: /home/albert/busystack/busymark/test/src/spelling_service_test.dart: document ignores survive tab changes but not an actual close
01:37 +455: /home/albert/busystack/busymark/test/src/spelling_service_test.dart: a delayed suggestion cannot revive after language changes
01:37 +456: /home/albert/busystack/busymark/test/src/spelling_service_test.dart: a manual request waits for its own result while a check runs
01:37 +457: /home/albert/busystack/busymark/test/src/spelling_service_test.dart: checks in bounded batches and reuses unchanged run results
01:37 +458: /home/albert/busystack/busymark/test/src/spelling_service_test.dart: cached runs cover the complete checked text across edits
01:37 +459: /home/albert/busystack/busymark/test/src/spelling_service_test.dart: a NUL suffix cannot complete checking and recovers after correction
01:37 +460: /home/albert/busystack/busymark/test/src/spelling_service_test.dart: project initialization publishes only the latest owner
01:38 +461: /home/albert/busystack/busymark/test/src/spelling_service_test.dart: older same-project Settings read cannot undo a newer snapshot
01:38 +462: /home/albert/busystack/busymark/test/src/spelling_service_test.dart: older project watcher read cannot undo Settings publication
01:38 +463: /home/albert/busystack/busymark/test/src/spelling_service_test.dart: project read begun during a mutation cannot undo its result
01:38 +464: /home/albert/busystack/busymark/test/src/spelling_service_test.dart: superseded project conflict read preserves newer state and error
01:38 +465: /home/albert/busystack/busymark/test/src/spelling_service_test.dart: superseded project watcher error cannot replace valid state
01:39 +466: /home/albert/busystack/busymark/test/src/spelling_service_test.dart: project watcher recovers after identical dictionary repair
01:39 +467: /home/albert/busystack/busymark/test/src/spelling_service_test.dart: project repair recovers a later failed preparation at latest revision
01:40 +468: /home/albert/busystack/busymark/test/src/spelling_service_test.dart: project reread does not clear an unrelated personal read failure
01:40 +469: /home/albert/busystack/busymark/test/src/spelling_service_test.dart: failed personal initialization retries after repair and shares first load
01:41 +470: /home/albert/busystack/busymark/test/src/spelling_service_test.dart: explicit checks and Settings refresh external personal words
01:41 +471: /home/albert/busystack/busymark/test/src/spelling_service_test.dart: late personal refresh cannot undo a newer local mutation
01:41 +472: /home/albert/busystack/busymark/test/src/spelling_service_test.dart: refresh begun during a personal mutation cannot undo its result
01:41 +473: /home/albert/busystack/busymark/test/src/spelling_service_test.dart: an older personal refresh cannot replace a newer publication
01:41 +474: /home/albert/busystack/busymark/test/src/spelling_service_test.dart: a superseded conflict read cannot replace a newer personal refresh
01:41 +475: /home/albert/busystack/busymark/test/src/spelling_service_test.dart: Settings holds a failed preparation until deliberate retry
01:43 +476: /home/albert/busystack/busymark/test/src/spelling_service_test.dart: warm no-workspace Settings refreshes personal words once
01:44 +477: /home/albert/busystack/busymark/test/src/spelling_service_test.dart: warm Settings observes an external dictionary removal once
01:44 +478: /home/albert/busystack/busymark/test/src/spelling_service_test.dart: leaving Settings during preparation ignores its late completion
01:44 +479: /home/albert/busystack/busymark/test/src/spelling_service_test.dart: concurrent first requests start exactly one worker
01:45 +480: /home/albert/busystack/busymark/test/src/spelling_service_test.dart: a project-word mutation cannot publish into a later project
01:45 +481: /home/albert/busystack/busymark/test/src/spelling_service_test.dart: new input hides old results before preparation can fail
01:46 +482: /home/albert/busystack/busymark/test/src/spelling_service_test.dart: external project-word edits refresh an open document
01:48 +483: /home/albert/busystack/busymark/test/src/spelling_service_test.dart: review dialog keeps one traversal through skip, back, correction, and persistence
01:50 +484: /home/albert/busystack/busymark/test/src/spelling_service_test.dart: review word-store conflict stays current and exposes preserved recovery path
01:51 +485: /home/albert/busystack/busymark/test/src/spelling_service_test.dart: equivalent rebuild does not cancel session initialization
01:52 +486: /home/albert/busystack/busymark/test/src/spelling_service_test.dart: automatic session checks after an unresolved language is selected
01:52 +487: /home/albert/busystack/busymark/test/src/spelling_service_test.dart: an available but absent dictionary is not downloaded implicitly
01:52 +488: /home/albert/busystack/busymark/test/src/spelling_service_test.dart: removing a downloaded pair keeps words and reports not installed
01:52 +489: /home/albert/busystack/busymark/test/src/spelling_service_test.dart: warm instance refreshes external installation at explicit boundaries
01:52 +490: /home/albert/busystack/busymark/test/src/spelling_service_test.dart: warm instance replaces an active imported dictionary fingerprint
01:52 +491: /home/albert/busystack/busymark/test/src/spelling_service_test.dart: concurrent warm catalog preparations share one owned read
01:52 +492: /home/albert/busystack/busymark/test/src/spelling_service_test.dart: a delayed catalog read cannot undo a local installation
01:52 +493: /home/albert/busystack/busymark/test/src/spelling_service_test.dart: a failed warm catalog refresh remains retryable
01:52 +494: /home/albert/busystack/busymark/test/src/spelling_service_test.dart: automatic checking rereads inventory after dictionary load fails
01:53 +495: /home/albert/busystack/busymark/test/src/spelling_service_test.dart: long-lived spelling worker catalog validation requires its resource-specific probe
01:53 +496: /home/albert/busystack/busymark/test/src/spelling_service_test.dart: long-lived spelling worker projects source and rich snapshots through reusable messages
01:53 +497: /home/albert/busystack/busymark/test/src/spelling_service_test.dart: long-lived spelling worker incrementally reuses unaffected plain Markdown runs
01:53 +498: /home/albert/busystack/busymark/test/src/spelling_service_test.dart: long-lived spelling worker incremental Markdown projection agrees with a fresh structural parse
01:53 +499: /home/albert/busystack/busymark/test/src/spelling_service_test.dart: long-lived spelling worker projection cache rebinds source targets after Save As
01:53 +500: /home/albert/busystack/busymark/test/src/spelling_service_test.dart: long-lived spelling worker project custom words do not leak between contexts
01:53 +501: /home/albert/busystack/busymark/test/src/spelling_service_test.dart: long-lived spelling worker quoted corrections retain straight and curly punctuation
01:53 +502: /home/albert/busystack/busymark/test/src/spelling_service_test.dart: long-lived spelling worker quotation context survives projection and worker barriers
01:53 +503: /home/albert/busystack/busymark/test/src/spelling_service_test.dart: long-lived spelling worker quotation context survives a bounded worker chunk
01:53 +504: /home/albert/busystack/busymark/test/src/spelling_service_test.dart: long-lived spelling worker removing a custom exception does not forbid a base word
01:53 +505: /home/albert/busystack/busymark/test/src/spelling_service_test.dart: long-lived spelling worker prose around 64 KiB is checked across bounded chunks
01:53 +506: /home/albert/busystack/busymark/test/src/spelling_service_test.dart: long-lived spelling worker isolates encoding and oversized-token failures
01:53 +507: /home/albert/busystack/busymark/test/src/spelling_service_test.dart: long-lived spelling worker normal, large, and superseded checks stay bounded
spelling benchmark: normal=4ms large/latest=155ms suggestion=0ms
01:53 +508: loading /home/albert/busystack/busymark/test/src/header_bar_configuration_test.dart
01:54 +508: /home/albert/busystack/busymark/test/src/header_bar_configuration_test.dart: rapid navigation applies only monotonic complete configurations
01:54 +509: /home/albert/busystack/busymark/test/src/header_bar_configuration_test.dart: a new Dart session can restart native revisions from one
01:54 +510: /home/albert/busystack/busymark/test/src/header_bar_configuration_test.dart: modal depth is an atomic overlay on the latest page state
01:54 +511: /home/albert/busystack/busymark/test/src/header_bar_configuration_test.dart: modal barrier is retained before the first page publishes
01:54 +512: /home/albert/busystack/busymark/test/src/header_bar_configuration_test.dart: older runners fall back once to the ordered legacy protocol
01:54 +513: /home/albert/busystack/busymark/test/src/header_bar_configuration_test.dart: failed atomic apply keeps the last success and retries the same desired state
01:54 +514: /home/albert/busystack/busymark/test/src/header_bar_configuration_test.dart: theme map contains the native semantic visual roles
01:54 +515: /home/albert/busystack/busymark/test/src/header_bar_configuration_test.dart: native header labels expose only application-menu commands
01:54 +516: loading /home/albert/busystack/busymark/test/src/source_audit_test.dart
01:56 +516: /home/albert/busystack/busymark/test/src/source_audit_test.dart: source tree has BusyMark identity and no removed domain surfaces
01:58 +517: /home/albert/busystack/busymark/test/src/source_audit_test.dart: pubspec package name is busymark
01:58 +518: /home/albert/busystack/busymark/test/src/source_audit_test.dart: release version metadata stays in sync
01:58 +519: /home/albert/busystack/busymark/test/src/source_audit_test.dart: top-level app routes do not animate between desktop surfaces
01:58 +520: /home/albert/busystack/busymark/test/src/source_audit_test.dart: Flutter UI resolves icons through the BusyMark glyph catalog
01:58 +521: /home/albert/busystack/busymark/test/src/source_audit_test.dart: preview output actions are not present
01:58 +522: /home/albert/busystack/busymark/test/src/source_audit_test.dart: product stderr logging is isolated behind debug logging
01:59 +523: /home/albert/busystack/busymark/test/src/source_audit_test.dart: grouped action rows use one BusyMark-owned rounded surface
01:59 +524: /home/albert/busystack/busymark/test/src/source_audit_test.dart: BusyMark dialog title bars use the same surface as dialog body
01:59 +525: /home/albert/busystack/busymark/test/src/source_audit_test.dart: BusyMark dialog buttons are thin semantic framework adapters
01:59 +526: /home/albert/busystack/busymark/test/src/source_audit_test.dart: Writerside New Topic uses the established modal editor components
01:59 +527: /home/albert/busystack/busymark/test/src/source_audit_test.dart: shared grouped surfaces use native card shadow layers
01:59 +528: /home/albert/busystack/busymark/test/src/source_audit_test.dart: filled grouped action surfaces use the shared grouped surface
01:59 +529: /home/albert/busystack/busymark/test/src/source_audit_test.dart: semantic surfaces are centralized while inputs retain Yaru geometry
01:59 +530: /home/albert/busystack/busymark/test/src/source_audit_test.dart: split-view sidebars share one directional semantic boundary
01:59 +531: /home/albert/busystack/busymark/test/src/source_audit_test.dart: hardcoded UI colors stay in the shared design layer
01:59 +532: /home/albert/busystack/busymark/test/src/source_audit_test.dart: problems are opened from a popup instead of a bottom panel setting
01:59 +533: /home/albert/busystack/busymark/test/src/source_audit_test.dart: native search action toggles workspace search UI
01:59 +534: /home/albert/busystack/busymark/test/src/source_audit_test.dart: preview links are actionable instead of styled-only text
01:59 +535: /home/albert/busystack/busymark/test/src/source_audit_test.dart: inline preview images do not inherit link text decoration
01:59 +536: /home/albert/busystack/busymark/test/src/source_audit_test.dart: document views share direction resolution and keep code LTR
01:59 +537: /home/albert/busystack/busymark/test/src/source_audit_test.dart: Editor and Preview reuse the shared document callout surface
01:59 +538: /home/albert/busystack/busymark/test/src/source_audit_test.dart: document views reuse one code-block surface and typography
01:59 +539: /home/albert/busystack/busymark/test/src/source_audit_test.dart: Editor and Preview reuse one prose line-height style
01:59 +540: /home/albert/busystack/busymark/test/src/source_audit_test.dart: equivalent Editor and Preview blocks use shared document primitives
01:59 +541: /home/albert/busystack/busymark/test/src/source_audit_test.dart: workspace isolates technical labels only at rendering boundaries
01:59 +542: /home/albert/busystack/busymark/test/src/source_audit_test.dart: workspace sidebar tabs match the opened workspace kind
01:59 +543: /home/albert/busystack/busymark/test/src/source_audit_test.dart: sidebar tabs and editor hover use neutral native surfaces
01:59 +544: /home/albert/busystack/busymark/test/src/source_audit_test.dart: sidebar header menu uses shared popup menu
01:59 +545: /home/albert/busystack/busymark/test/src/source_audit_test.dart: shared popup menus prefer GTK with a themed framework fallback
01:59 +546: /home/albert/busystack/busymark/test/src/source_audit_test.dart: Git actions use the shared workspace-header popup
01:59 +547: /home/albert/busystack/busymark/test/src/source_audit_test.dart: Git changes view uses an integrated commit panel
01:59 +548: /home/albert/busystack/busymark/test/src/source_audit_test.dart: Git sidebar actions use the shared semantic button adapter
01:59 +549: /home/albert/busystack/busymark/test/src/source_audit_test.dart: settings selectors delegate to the shared native menu
01:59 +550: /home/albert/busystack/busymark/test/src/source_audit_test.dart: report issue form uses the native grouped modal editor
01:59 +551: /home/albert/busystack/busymark/test/src/source_audit_test.dart: data-entry dialogs use native grouped modal editors
01:59 +552: /home/albert/busystack/busymark/test/src/source_audit_test.dart: Writerside template workflow uses BusyMark and Yaru presentation
01:59 +553: /home/albert/busystack/busymark/test/src/source_audit_test.dart: sidebar trees share the expandable Yaru-style row
01:59 +554: /home/albert/busystack/busymark/test/src/source_audit_test.dart: recent workspaces expose one native menu action model
01:59 +555: /home/albert/busystack/busymark/test/src/source_audit_test.dart: history records reuse the Recent sidebar row
01:59 +556: /home/albert/busystack/busymark/test/src/source_audit_test.dart: outline tree drives source and preview heading navigation
01:59 +557: /home/albert/busystack/busymark/test/src/source_audit_test.dart: preview search navigation targets clicked result source span
01:59 +558: /home/albert/busystack/busymark/test/src/source_audit_test.dart: source editor line numbers use measured editor layout
01:59 +559: /home/albert/busystack/busymark/test/src/source_audit_test.dart: document view modes drive source preview and split layouts
01:59 +560: /home/albert/busystack/busymark/test/src/source_audit_test.dart: WYSIWYG toolbar exposes fuller Markdown controls
01:59 +561: /home/albert/busystack/busymark/test/src/source_audit_test.dart: WYSIWYG text selection does not paint full text block backgrounds
01:59 +562: /home/albert/busystack/busymark/test/src/source_audit_test.dart: Markdown image blocks render frameless and edit through dialog
01:59 +563: /home/albert/busystack/busymark/test/src/source_audit_test.dart: native context menus wait for the secondary pointer release
01:59 +564: /home/albert/busystack/busymark/test/src/source_audit_test.dart: source view has compact gutter without pane status chrome
01:59 +565: loading /home/albert/busystack/busymark/test/src/localization_audit_test.dart
02:00 +565: /home/albert/busystack/busymark/test/src/localization_audit_test.dart: production Dart does not hardcode obvious user-facing strings
02:00 +566: /home/albert/busystack/busymark/test/src/localization_audit_test.dart: native Linux GTK user-facing strings are not hardcoded
02:00 +567: /home/albert/busystack/busymark/test/src/localization_audit_test.dart: Linux package metadata matches supplied target locales
02:00 +568: /home/albert/busystack/busymark/test/src/localization_audit_test.dart: package metadata uses reviewed product wording in every locale
02:00 +569: /home/albert/busystack/busymark/test/src/localization_audit_test.dart: duplicate JSON key scanning respects nested object scopes
02:00 +570: /home/albert/busystack/busymark/test/src/localization_audit_test.dart: ARB catalogs have valid, unique message structure and locale IDs
02:00 +571: /home/albert/busystack/busymark/test/src/localization_audit_test.dart: all ARBs match the English messages and placeholders
02:01 +572: /home/albert/busystack/busymark/test/src/localization_audit_test.dart: destructive, save, and Git history actions remain distinct
02:01 +573: /home/albert/busystack/busymark/test/src/localization_audit_test.dart: English-identical target messages are explicitly reviewed
02:01 +574: /home/albert/busystack/busymark/test/src/localization_audit_test.dart: Syntax Reference is localized without legacy message keys
02:01 +575: /home/albert/busystack/busymark/test/src/localization_audit_test.dart: clipboard write failures are localized in every target locale
02:01 +576: /home/albert/busystack/busymark/test/src/localization_audit_test.dart: Portuguese and Chinese base catalogs contain reviewed UI prose
02:01 +577: /home/albert/busystack/busymark/test/src/localization_audit_test.dart: completed base-catalog plurals reach their supported branches
02:01 +578: /home/albert/busystack/busymark/test/src/localization_audit_test.dart: Russian and Ukrainian count messages render every reviewed form
02:01 +579: /home/albert/busystack/busymark/test/src/localization_audit_test.dart: Portuguese count messages distinguish singular and plural
02:01 +580: /home/albert/busystack/busymark/test/src/localization_audit_test.dart: Hindi unsaved-document prompt uses saved-state terminology
02:01 +581: /home/albert/busystack/busymark/test/src/localization_audit_test.dart: RTL translations isolate technical interpolations
02:01 +582: /home/albert/busystack/busymark/test/src/localization_audit_test.dart: Persian dynamic numbers use Persian digits
02:01 +583: /home/albert/busystack/busymark/test/src/localization_audit_test.dart: locale resolution considers all preferences and falls back to English
02:01 +584: /home/albert/busystack/busymark/test/src/localization_audit_test.dart: every selectable locale has a generated catalog
02:01 +585: /home/albert/busystack/busymark/test/src/localization_audit_test.dart: diagnostics localize at render time from codes and args
02:01 +586: loading /home/albert/busystack/busymark/test/src/spelling_bundle_integration_test.dart
02:03 +586: /home/albert/busystack/busymark/test/src/spelling_bundle_integration_test.dart: real en-CA checks pasted rich content completely in both editors
02:06 +587: /home/albert/busystack/busymark/test/src/spelling_bundle_integration_test.dart: packaged catalog opens real regional and non-Latin dictionaries
Shell: Failure loading aff file /home/albert/busystack/busymark/build/spelling-test/installed/es-UY/dictionary.aff
02:13 +588: /home/albert/busystack/busymark/test/src/spelling_bundle_integration_test.dart: real en-CA checks the general Markdown fixture completely
02:17 +589: loading /home/albert/busystack/busymark/test/src/command_registry_test.dart
02:18 +589: /home/albert/busystack/busymark/test/src/command_registry_test.dart: catalog includes every editor command with an executable callback
02:18 +590: /home/albert/busystack/busymark/test/src/command_registry_test.dart: catalog exposes stable unique IDs for all migrated shortcuts
02:18 +591: /home/albert/busystack/busymark/test/src/command_registry_test.dart: rejects duplicate command IDs
02:18 +592: /home/albert/busystack/busymark/test/src/command_registry_test.dart: rejects shortcut conflicts in the same command scope
02:18 +593: /home/albert/busystack/busymark/test/src/command_registry_test.dart: allows the same shortcut in distinct focus scopes
02:18 +594: /home/albert/busystack/busymark/test/src/command_registry_test.dart: executes only visible enabled bound commands
02:18 +595: /home/albert/busystack/busymark/test/src/command_registry_test.dart: contextual commands execute against the captured editor
02:18 +596: loading /home/albert/busystack/busymark/test/src/ai_packaging_audit_test.dart
02:19 +596: /home/albert/busystack/busymark/test/src/ai_packaging_audit_test.dart: Linux packages secure AI credential storage consistently
02:19 +597: /home/albert/busystack/busymark/test/src/ai_packaging_audit_test.dart: real local AI qualification covers every shipped action
02:19 +598: loading /home/albert/busystack/busymark/test/src/markdown_source_structure_test.dart
02:20 +598: /home/albert/busystack/busymark/test/src/markdown_source_structure_test.dart: source line bounds treat offsets as insertion positions
02:20 +599: /home/albert/busystack/busymark/test/src/markdown_source_structure_test.dart: table cell spans respect meaningful outer pipes and escaping
02:20 +600: /home/albert/busystack/busymark/test/src/markdown_source_structure_test.dart: escaped terminal pipes remain in the final cell source span
02:20 +601: loading /home/albert/busystack/busymark/test/src/visualization_raster_sizing_test.dart
02:21 +601: /home/albert/busystack/busymark/test/src/visualization_raster_sizing_test.dart: wide preview fits identically through D2 and WebKit renderers
02:21 +602: /home/albert/busystack/busymark/test/src/visualization_raster_sizing_test.dart: wide PDF fits identically through D2 and WebKit renderers
02:21 +603: /home/albert/busystack/busymark/test/src/visualization_raster_sizing_test.dart: area-constrained PDF fits identically through D2 and WebKit renderers
02:21 +604: loading /home/albert/busystack/busymark/test/src/writerside_template_service_test.dart
02:25 +604: /home/albert/busystack/busymark/test/src/writerside_template_service_test.dart: real installed catalog has six default families and 22 bundled TGDP topics
02:26 +605: /home/albert/busystack/busymark/test/src/writerside_template_service_test.dart: literal substitution is simultaneous, case-sensitive, XML-only escaped
02:26 +606: /home/albert/busystack/busymark/test/src/writerside_template_service_test.dart: save source matches installed first-match substring behavior
02:26 +607: /home/albert/busystack/busymark/test/src/writerside_template_service_test.dart: TGDP brace escaping preserves attribute blocks and rewrites relative links
02:26 +608: /home/albert/busystack/busymark/test/src/writerside_template_service_test.dart: save, unique naming, restart, cancellation snapshot and stale edit rejection
02:26 +609: /home/albert/busystack/busymark/test/src/writerside_template_service_test.dart: concurrent saves serialize without losing templates
02:26 +610: /home/albert/busystack/busymark/test/src/writerside_template_service_test.dart: custom and Internal templates may share a name (custom first: true)
02:26 +611: /home/albert/busystack/busymark/test/src/writerside_template_service_test.dart: custom and Internal templates may share a name (custom first: false)
02:26 +612: /home/albert/busystack/busymark/test/src/writerside_template_service_test.dart: corrupt and symbolic-link stores are never replaced
02:26 +613: /home/albert/busystack/busymark/test/src/writerside_template_service_test.dart: builtin overrides persist independently and reset reveals original source
02:26 +614: /home/albert/busystack/busymark/test/src/writerside_template_service_test.dart: template bytes are published in the guarded creation transaction and rolled back on conflict
02:26 +615: /home/albert/busystack/busymark/test/src/writerside_template_service_test.dart: invalid XML templates and colliding root IDs never publish a topic or TOC edit
02:26 +616: loading /home/albert/busystack/busymark/test/src/writerside_test.dart
02:27 +616: /home/albert/busystack/busymark/test/src/writerside_test.dart: parses writerside.cfg directories and registered instances
02:27 +617: /home/albert/busystack/busymark/test/src/writerside_test.dart: parses documented full writerside.cfg metadata
02:27 +618: /home/albert/busystack/busymark/test/src/writerside_test.dart: parses documented config defaults
02:27 +619: /home/albert/busystack/busymark/test/src/writerside_test.dart: parses attribute defaults for present config elements
02:27 +620: /home/albert/busystack/busymark/test/src/writerside_test.dart: parses documented topic title overrides and web file names
02:27 +621: /home/albert/busystack/busymark/test/src/writerside_test.dart: Markdown web filename metadata ignores literal examples
02:27 +622: /home/albert/busystack/busymark/test/src/writerside_test.dart: XML topic metadata is scoped to direct topic children
02:27 +623: /home/albert/busystack/busymark/test/src/writerside_test.dart: parses .tree metadata and TOC hierarchy
02:27 +624: /home/albert/busystack/busymark/test/src/writerside_test.dart: Writerside topic XML exposes semantic math to the shared preview
02:27 +625: /home/albert/busystack/busymark/test/src/writerside_test.dart: loads basic Writerside project with topics and no missing topic diagnostics
02:27 +626: /home/albert/busystack/busymark/test/src/writerside_test.dart: does not parse a Writerside config above the byte limit
02:27 +627: /home/albert/busystack/busymark/test/src/writerside_test.dart: rejects configured paths outside the module root
02:27 +628: /home/albert/busystack/busymark/test/src/writerside_test.dart: rejects a configured topic root reached through a symlink
02:27 +629: /home/albert/busystack/busymark/test/src/writerside_test.dart: rejects a Writerside config file reached through a symlink
02:27 +630: /home/albert/busystack/busymark/test/src/writerside_test.dart: loads project.ihp as an equivalent Writerside config file
02:27 +631: /home/albert/busystack/busymark/test/src/writerside_test.dart: loads topics from multiple configured topic roots
02:27 +632: /home/albert/busystack/busymark/test/src/writerside_test.dart: resolves exact topic reference before basename fallback
02:27 +633: /home/albert/busystack/busymark/test/src/writerside_test.dart: reports duplicate topic IDs in a help module
02:27 +634: /home/albert/busystack/busymark/test/src/writerside_test.dart: reports ambiguous basename fallback after exact matching misses
02:27 +635: /home/albert/busystack/busymark/test/src/writerside_test.dart: resolves Markdown links across configured topic roots
02:27 +636: /home/albert/busystack/busymark/test/src/writerside_test.dart: reports ambiguous basename topic references deterministically
02:27 +637: /home/albert/busystack/busymark/test/src/writerside_test.dart: broken Writerside project produces deterministic diagnostics
02:28 +638: /home/albert/busystack/busymark/test/src/writerside_test.dart: resolves basename images in nested Writerside image directories
02:28 +639: /home/albert/busystack/busymark/test/src/writerside_test.dart: resolves local images from secondary configured image roots
02:28 +640: /home/albert/busystack/busymark/test/src/writerside_test.dart: parses the documented instance tree elements and attributes
02:28 +641: /home/albert/busystack/busymark/test/src/writerside_test.dart: rejects redirect-source attributes on empty TOC groups
02:28 +642: /home/albert/busystack/busymark/test/src/writerside_test.dart: module service retains empty-group redirect-source diagnostics
02:28 +643: /home/albert/busystack/busymark/test/src/writerside_test.dart: resolves registered TOC libraries, filters, groups, and cross-instance refs
02:28 +644: /home/albert/busystack/busymark/test/src/writerside_test.dart: reports circular reusable tree includes without recursing
02:28 +645: /home/albert/busystack/busymark/test/src/writerside_test.dart: included content still requires a regular instance home page
02:28 +646: /home/albert/busystack/busymark/test/src/writerside_test.dart: ignores status-specific values for general instance settings
02:28 +647: /home/albert/busystack/busymark/test/src/writerside_test.dart: conformance fixture is a valid openable Writerside module
02:28 +648: loading /home/albert/busystack/busymark/test/src/linux_page_frame_test.dart
02:29 +648: /home/albert/busystack/busymark/test/src/linux_page_frame_test.dart: narrow title stays centered between the controls when resized
02:29 +649: /home/albert/busystack/busymark/test/src/linux_page_frame_test.dart: header title fits asymmetric controls at width 500.0 in TextDirection.rtl
02:29 +650: /home/albert/busystack/busymark/test/src/linux_page_frame_test.dart: header title fits asymmetric controls at width 500.0 in TextDirection.ltr
02:29 +651: /home/albert/busystack/busymark/test/src/linux_page_frame_test.dart: header title fits asymmetric controls at width 800.0 in TextDirection.rtl
02:29 +652: /home/albert/busystack/busymark/test/src/linux_page_frame_test.dart: header title fits asymmetric controls at width 800.0 in TextDirection.ltr
02:29 +653: /home/albert/busystack/busymark/test/src/linux_page_frame_test.dart: Brightness.dark seam paints the same subtle color across header and body
02:30 +654: /home/albert/busystack/busymark/test/src/linux_page_frame_test.dart: Brightness.light seam paints the same subtle color across header and body
02:30 +655: /home/albert/busystack/busymark/test/src/linux_page_frame_test.dart: one viewport owns the full-height sidebar edge at every frame
02:30 +656: /home/albert/busystack/busymark/test/src/linux_page_frame_test.dart: unrelated rebuild preserves partial progress and body state
02:30 +657: /home/albert/busystack/busymark/test/src/linux_page_frame_test.dart: breakpoint settlement is immediate and retained state survives
02:30 +658: /home/albert/busystack/busymark/test/src/linux_page_frame_test.dart: RTL and fractional device pixels share one snapped edge
02:30 +659: /home/albert/busystack/busymark/test/src/linux_page_frame_test.dart: divider follows the snapped physical viewport while opening and closing
02:30 +660: /home/albert/busystack/busymark/test/src/linux_page_frame_test.dart: animation setting settles a running reveal to its logical target
02:30 +661: /home/albert/busystack/busymark/test/src/linux_page_frame_test.dart: header receives only the presented system-control obstruction
02:30 +662: /home/albert/busystack/busymark/test/src/linux_page_frame_test.dart: frame is the single owner of the full-height sidebar seam
02:30 +663: loading /home/albert/busystack/busymark/test/src/writerside_toc_regressions_test.dart
02:32 +663: /home/albert/busystack/busymark/test/src/writerside_toc_regressions_test.dart: tree-to-editor sync opens selected topic even with a .tree editor active
02:37 +664: /home/albert/busystack/busymark/test/src/writerside_toc_regressions_test.dart: editor-to-TOC sync resolves qualified identities and chooses breadth-first occurrence
02:40 +665: /home/albert/busystack/busymark/test/src/writerside_toc_regressions_test.dart: live removal dialog uses documented confirmation, redirect label and usage count
02:43 +666: /home/albert/busystack/busymark/test/src/writerside_toc_regressions_test.dart: New Topic surfaces expose local Markdown import only at root/sibling
02:44 +667: /home/albert/busystack/busymark/test/src/writerside_toc_regressions_test.dart: Empty MD Topic creates an editable document when Reading mode is active, preserving other tabs
02:47 +668: /home/albert/busystack/busymark/test/src/writerside_toc_regressions_test.dart: Empty XML Topic creates an editable document when Reading mode is active, preserving other tabs
02:50 +669: /home/albert/busystack/busymark/test/src/writerside_toc_regressions_test.dart: Topic from Template... creates an editable document when Reading mode is active, preserving other tabs
02:53 +670: loading /home/albert/busystack/busymark/test/src/busymark_search_field_test.dart
02:54 +670: /home/albert/busystack/busymark/test/src/busymark_search_field_test.dart: header Escape preserves the query for the next search
02:55 +671: /home/albert/busystack/busymark/test/src/busymark_search_field_test.dart: search fallback uses the normal Yaru-themed entry geometry
02:55 +672: /home/albert/busystack/busymark/test/src/busymark_search_field_test.dart: focus request targets the themed text entry
02:56 +673: /home/albert/busystack/busymark/test/src/busymark_search_field_test.dart: Escape clears the query and closes the owner
02:56 +674: loading /home/albert/busystack/busymark/test/src/writerside_toc_workspace_test.dart
02:56 +674: /home/albert/busystack/busymark/test/src/writerside_toc_workspace_test.dart: row titles, markers and included source identity use selected context
02:57 +675: /home/albert/busystack/busymark/test/src/writerside_toc_workspace_test.dart: linking retains source bytes and rejects a now-present candidate
02:57 +676: /home/albert/busystack/busymark/test/src/writerside_toc_workspace_test.dart: home reassignment preserves other instances and unrelated attributes
02:57 +677: /home/albert/busystack/busymark/test/src/writerside_toc_workspace_test.dart: linking initializes the first-topic home page: empty instance
02:57 +678: /home/albert/busystack/busymark/test/src/writerside_toc_workspace_test.dart: linking initializes the first-topic home page: groups only
02:57 +679: /home/albert/busystack/busymark/test/src/writerside_toc_workspace_test.dart: linking initializes the first-topic home page: existing home
02:57 +680: /home/albert/busystack/busymark/test/src/writerside_toc_workspace_test.dart: linking initializes the first-topic home page: library
02:58 +681: /home/albert/busystack/busymark/test/src/writerside_toc_workspace_test.dart: linking initializes the first-topic home page: empty group insertion
02:58 +682: /home/albert/busystack/busymark/test/src/writerside_toc_workspace_test.dart: linking initializes the first-topic home page: existing nested topic
02:58 +683: /home/albert/busystack/busymark/test/src/writerside_toc_workspace_test.dart: first linked topic and home assignment share the same publication guard
02:58 +684: /home/albert/busystack/busymark/test/src/writerside_toc_workspace_test.dart: title transaction rolls back both files on a concurrent dirty-buffer guard
02:58 +685: /home/albert/busystack/busymark/test/src/writerside_toc_workspace_test.dart: XML duplicate copies source, changes only root ID, adds basic sibling
02:58 +686: /home/albert/busystack/busymark/test/src/writerside_toc_workspace_test.dart: sort revalidates title dependencies before publishing the tree
02:58 +687: /home/albert/busystack/busymark/test/src/writerside_toc_workspace_test.dart: safe deletion rechecks dirty-buffer guard and rolls back earlier edits
02:59 +688: loading /home/albert/busystack/busymark/test/src/writerside_pdf_export_test.dart
03:00 +688: /home/albert/busystack/busymark/test/src/writerside_pdf_export_test.dart: repeated list includes restart numbering in the final PDF
03:01 +689: /home/albert/busystack/busymark/test/src/writerside_pdf_export_test.dart: final PDF keeps alphabetic starts, separate decimal lists and procedure numbering
03:01 +690: /home/albert/busystack/busymark/test/src/writerside_pdf_export_test.dart: unresolved TOC origin or shared topic fails explicitly (unknown)
03:01 +691: /home/albert/busystack/busymark/test/src/writerside_pdf_export_test.dart: unresolved TOC origin or shared topic fails explicitly (shared-pdf)
03:01 +692: /home/albert/busystack/busymark/test/src/writerside_pdf_export_test.dart: PDF selects shared TOC topics with filename collision=false
03:01 +693: /home/albert/busystack/busymark/test/src/writerside_pdf_export_test.dart: PDF selects shared TOC topics with filename collision=true
03:01 +694: /home/albert/busystack/busymark/test/src/writerside_pdf_export_test.dart: final PDF retains procedure titles, definition terms and linked targets (diagram rendered=true)
03:02 +695: /home/albert/busystack/busymark/test/src/writerside_pdf_export_test.dart: final PDF retains procedure titles, definition terms and linked targets (diagram rendered=false)
03:02 +696: /home/albert/busystack/busymark/test/src/writerside_pdf_export_test.dart: bundled Typst compiles semantic tables, anchors and glossary footnotes
03:02 +697: /home/albert/busystack/busymark/test/src/writerside_pdf_export_test.dart: PDF retains nested chapter bodies and resolves unique internal destinations
03:02 +698: /home/albert/busystack/busymark/test/src/writerside_pdf_export_test.dart: Markdown topic links retain their PDF destinations
03:02 +699: /home/albert/busystack/busymark/test/src/writerside_pdf_export_test.dart: Markdown topic blank lines remain explicit in Writerside PDF
03:02 +700: /home/albert/busystack/busymark/test/src/writerside_pdf_export_test.dart: native export composes the selected instance without a container runtime
03:02 +701: /home/albert/busystack/busymark/test/src/writerside_pdf_export_test.dart: hidden topics remain content and toc-title stays navigation-only
03:02 +702: /home/albert/busystack/busymark/test/src/writerside_pdf_export_test.dart: referenced diagrams keep resolved source and all tab panels reach PDF
03:02 +703: /home/albert/busystack/busymark/test/src/writerside_pdf_export_test.dart: pre-cancelled native export never starts PDF compilation
03:02 +704: /home/albert/busystack/busymark/test/src/writerside_pdf_export_test.dart: unknown Writerside instance is rejected before compilation
03:02 +705: /home/albert/busystack/busymark/test/src/writerside_pdf_export_test.dart: resolution errors prevent PDF compilation
03:02 +706: /home/albert/busystack/busymark/test/src/writerside_pdf_export_test.dart: module validation errors prevent PDF compilation
03:02 +707: /home/albert/busystack/busymark/test/src/writerside_pdf_export_test.dart: module validation warnings are returned to the caller
03:02 +708: /home/albert/busystack/busymark/test/src/writerside_pdf_export_test.dart: nonfatal resolution diagnostics are returned as PDF warnings
03:03 +709: /home/albert/busystack/busymark/test/src/writerside_pdf_export_test.dart: native exporter failures use Writerside failure codes
03:03 +710: /home/albert/busystack/busymark/test/src/writerside_pdf_export_test.dart: native Writerside fixture compiles end to end with bundled Typst
03:03 +711: loading /home/albert/busystack/busymark/test/src/clipboard_history_test.dart
03:04 +711: /home/albert/busystack/busymark/test/src/clipboard_history_test.dart: retains newest first, deduplicates, removes, clears, and evicts by count
03:04 +712: /home/albert/busystack/busymark/test/src/clipboard_history_test.dart: accounts byte budget and rejects an oversized item without truncation
03:04 +713: /home/albert/busystack/busymark/test/src/clipboard_history_test.dart: collection off leaves existing entries and blocks new retention
03:04 +714: /home/albert/busystack/busymark/test/src/clipboard_history_test.dart: current external clipboard remains transient until explicitly retained
03:04 +715: /home/albert/busystack/busymark/test/src/clipboard_history_test.dart: current external HTML keeps its rich and interoperable text representations
03:04 +716: /home/albert/busystack/busymark/test/src/clipboard_history_test.dart: current HTML-only clipboard is eligible without internal ownership
03:04 +717: /home/albert/busystack/busymark/test/src/clipboard_history_test.dart: current source-only clipboard does not invent plain text
03:04 +718: /home/albert/busystack/busymark/test/src/clipboard_history_test.dart: equal visible text with different structure stays distinct
03:04 +719: /home/albert/busystack/busymark/test/src/clipboard_history_test.dart: equal relative markup from different origins stays distinct
03:04 +720: /home/albert/busystack/busymark/test/src/clipboard_history_test.dart: retains whitespace-only text and owns image bytes immutably
03:04 +721: /home/albert/busystack/busymark/test/src/clipboard_history_test.dart: a new provider session starts with no retained history
03:04 +722: /home/albert/busystack/busymark/test/src/clipboard_history_test.dart: insertion registry follows latest target and never retains disposed targets
03:04 +723: /home/albert/busystack/busymark/test/src/clipboard_history_test.dart: unknown token cannot recover rich data through equal plain text
03:04 +724: /home/albert/busystack/busymark/test/src/clipboard_history_test.dart: rich ownership is byte bounded and shares equivalent media
03:04 +725: loading /home/albert/busystack/busymark/test/src/ai_reliability_test.dart
03:06 +725: /home/albert/busystack/busymark/test/src/ai_reliability_test.dart: coordinator honors Retry-After and caps retry attempts
03:06 +726: /home/albert/busystack/busymark/test/src/ai_reliability_test.dart: coordinator never retries after partial output
03:06 +727: /home/albert/busystack/busymark/test/src/ai_reliability_test.dart: coordinator bounds all retries by one total deadline
03:06 +728: /home/albert/busystack/busymark/test/src/ai_reliability_test.dart: global permit pool limits requests across different targets
03:06 +729: /home/albert/busystack/busymark/test/src/ai_reliability_test.dart: request-id cancellation cannot cancel a newer request for the target
03:06 +730: /home/albert/busystack/busymark/test/src/ai_reliability_test.dart: model fallback stays inside the explicitly selected provider
03:06 +731: /home/albert/busystack/busymark/test/src/ai_reliability_test.dart: Ollama uses an absolute deadline even while bytes keep arriving
03:06 +732: /home/albert/busystack/busymark/test/src/ai_reliability_test.dart: cancellation interrupts the preliminary Ollama model request
03:06 +733: /home/albert/busystack/busymark/test/src/ai_reliability_test.dart: Retry-After supports seconds and HTTP dates without negatives
03:06 +734: loading /home/albert/busystack/busymark/test/src/markdown_serializer_metadata_test.dart
03:07 +734: /home/albert/busystack/busymark/test/src/markdown_serializer_metadata_test.dart: partially formatted URL source offsets and text atoms survive save and edit
03:08 +735: /home/albert/busystack/busymark/test/src/markdown_serializer_metadata_test.dart: URL punctuation beside surrounding formatting retains literal and style boundaries
03:08 +736: /home/albert/busystack/busymark/test/src/markdown_serializer_metadata_test.dart: surrounding formatting commits the same URL editing semantics as reopening
03:09 +737: /home/albert/busystack/busymark/test/src/markdown_serializer_metadata_test.dart: bare URL trailing literal punctuation survives serialization and reparse
03:09 +738: /home/albert/busystack/busymark/test/src/markdown_serializer_metadata_test.dart: bare URL character-reference suffix round-trips in MarkdownMode.commonMark: &copy;
03:09 +739: /home/albert/busystack/busymark/test/src/markdown_serializer_metadata_test.dart: bare URL character-reference suffix round-trips in MarkdownMode.commonMark: &amp;
03:09 +740: /home/albert/busystack/busymark/test/src/markdown_serializer_metadata_test.dart: bare URL character-reference suffix round-trips in MarkdownMode.commonMark: &amp;*<tag>
03:09 +741: /home/albert/busystack/busymark/test/src/markdown_serializer_metadata_test.dart: bare URL character-reference suffix round-trips in MarkdownMode.writersideMarkdown: &copy;
03:09 +742: /home/albert/busystack/busymark/test/src/markdown_serializer_metadata_test.dart: bare URL character-reference suffix round-trips in MarkdownMode.writersideMarkdown: &amp;
03:09 +743: /home/albert/busystack/busymark/test/src/markdown_serializer_metadata_test.dart: bare URL character-reference suffix round-trips in MarkdownMode.writersideMarkdown: &amp;*<tag>
03:09 +744: /home/albert/busystack/busymark/test/src/markdown_serializer_metadata_test.dart: unrecognized URL source preserves literal text and metadata in MarkdownMode.commonMark
03:09 +745: /home/albert/busystack/busymark/test/src/markdown_serializer_metadata_test.dart: unrecognized URL source preserves literal text and metadata in MarkdownMode.writersideMarkdown
03:09 +746: /home/albert/busystack/busymark/test/src/markdown_serializer_metadata_test.dart: descendant whitespace preservation prevents ancestor trimming
03:09 +747: /home/albert/busystack/busymark/test/src/markdown_serializer_metadata_test.dart: ordinary and metadata inline emission are byte-identical
03:09 +748: /home/albert/busystack/busymark/test/src/markdown_serializer_metadata_test.dart: bare URL offsets and text atoms stay exact through Enter, edit and save/reparse
03:09 +749: /home/albert/busystack/busymark/test/src/markdown_serializer_metadata_test.dart: bare leaf links use raw URL positions and explicit equal-label links retain delimiters
03:09 +750: /home/albert/busystack/busymark/test/src/markdown_serializer_metadata_test.dart: grouped breaks retain distinct source provenance in one traversal
03:09 +751: /home/albert/busystack/busymark/test/src/markdown_serializer_metadata_test.dart: text-leaf atoms use interior spans and exclude delimiters
03:09 +752: /home/albert/busystack/busymark/test/src/markdown_serializer_metadata_test.dart: table escaping translates leaf spans without changing source
03:10 +753: loading /home/albert/busystack/busymark/test/src/gtk_header_icon_service_test.dart
03:10 +753: /home/albert/busystack/busymark/test/src/gtk_header_icon_service_test.dart: semantic catalog uses the exact native GTK icon names
03:10 +754: /home/albert/busystack/busymark/test/src/gtk_header_icon_service_test.dart: initial load batches direction variants and preserves candidate order
03:10 +755: /home/albert/busystack/busymark/test/src/gtk_header_icon_service_test.dart: explicit Back role survives atomic theme and scale catalog replacement
03:11 +756: loading /home/albert/busystack/busymark/test/src/nextcloud_connection_test.dart
03:12 +756: /home/albert/busystack/busymark/test/src/nextcloud_connection_test.dart: setup stores password only in secret service and metadata in SQLite
03:12 +757: /home/albert/busystack/busymark/test/src/nextcloud_connection_test.dart: locked keyring fails setup without a plaintext account fallback
03:13 +758: /home/albert/busystack/busymark/test/src/nextcloud_connection_test.dart: Notes 6.0.1 connects with API 1.4
03:13 +759: /home/albert/busystack/busymark/test/src/nextcloud_connection_test.dart: production setup preserves the HTTPS-specific validation error
03:13 +760: /home/albert/busystack/busymark/test/src/nextcloud_connection_test.dart: unsupported API rolls back secret and revokes new token
03:13 +761: /home/albert/busystack/busymark/test/src/nextcloud_connection_test.dart: setup revokes the grant even if keyring cleanup fails
03:13 +762: /home/albert/busystack/busymark/test/src/nextcloud_connection_test.dart: reconnect preserves stable account identity and pending note cache
03:13 +763: /home/albert/busystack/busymark/test/src/nextcloud_connection_test.dart: different returned login cannot inherit the existing account outbox
03:13 +764: /home/albert/busystack/busymark/test/src/nextcloud_connection_test.dart: failed remote revocation still removes local account and secret
03:13 +765: /home/albert/busystack/busymark/test/src/nextcloud_connection_test.dart: locked keyring during removal retains account for explicit retry
03:13 +766: loading /home/albert/busystack/busymark/test/src/feedback_service_test.dart
03:14 +766: /home/albert/busystack/busymark/test/src/feedback_service_test.dart: posts the serialized request and returns the server reference
03:16 +767: /home/albert/busystack/busymark/test/src/feedback_service_test.dart: maps connection failures
03:16 +768: /home/albert/busystack/busymark/test/src/feedback_service_test.dart: maps response timeouts
03:16 +769: /home/albert/busystack/busymark/test/src/feedback_service_test.dart: maps HTTP 429 and preserves Retry-After
03:16 +770: /home/albert/busystack/busymark/test/src/feedback_service_test.dart: maps HTTP 400 and 422 to rejected request failures
03:16 +771: /home/albert/busystack/busymark/test/src/feedback_service_test.dart: maps server and malformed-response failures to server errors
03:16 +772: loading /home/albert/busystack/busymark/test/src/app_settings_test.dart
03:16 +772: /home/albert/busystack/busymark/test/src/app_settings_test.dart: hydration and redundant sidebar requests do not count as user transitions
03:16 +773: /home/albert/busystack/busymark/test/src/app_settings_test.dart: window behavior defaults protect unsaved changes
03:16 +774: /home/albert/busystack/busymark/test/src/app_settings_test.dart: reopen workspace setting is migration-safe
03:16 +775: /home/albert/busystack/busymark/test/src/app_settings_test.dart: document view mode defaults to editor
03:16 +776: /home/albert/busystack/busymark/test/src/app_settings_test.dart: auto save defaults to enabled
03:16 +777: /home/albert/busystack/busymark/test/src/app_settings_test.dart: history settings have bounded privacy-preserving defaults
03:16 +778: /home/albert/busystack/busymark/test/src/app_settings_test.dart: history settings validate persisted ranges and absolute exclusions
03:16 +779: /home/albert/busystack/busymark/test/src/app_settings_test.dart: AI defaults disabled and provider settings never persist secrets
03:16 +780: /home/albert/busystack/busymark/test/src/app_settings_test.dart: editing button direction defaults to horizontal
03:16 +781: /home/albert/busystack/busymark/test/src/app_settings_test.dart: editing button direction round-trips through settings JSON
03:16 +782: /home/albert/busystack/busymark/test/src/app_settings_test.dart: remote images default to blocked
03:16 +783: /home/albert/busystack/busymark/test/src/app_settings_test.dart: Git workspaces default to untrusted
03:16 +784: /home/albert/busystack/busymark/test/src/app_settings_test.dart: legacy preview visibility migrates to source mode when hidden
03:16 +785: /home/albert/busystack/busymark/test/src/app_settings_test.dart: language defaults to system locale
03:16 +786: /home/albert/busystack/busymark/test/src/app_settings_test.dart: language override persists as locale tag
03:16 +787: /home/albert/busystack/busymark/test/src/app_settings_test.dart: legacy Norwegian locale tag migrates to Bokmal
03:16 +788: /home/albert/busystack/busymark/test/src/app_settings_test.dart: supported script variants canonicalize to the available catalog
03:16 +789: /home/albert/busystack/busymark/test/src/app_settings_test.dart: regional variants canonicalize and unsupported tags are discarded
03:16 +790: /home/albert/busystack/busymark/test/src/app_settings_test.dart: unused product settings are not persisted
03:16 +791: /home/albert/busystack/busymark/test/src/app_settings_test.dart: file settings store keeps the live JSON intact until publication
03:18 +792: /home/albert/busystack/busymark/test/src/app_settings_test.dart: failed settings publication preserves the previous valid JSON
03:18 +793: /home/albert/busystack/busymark/test/src/app_settings_test.dart: window behavior settings persist
03:18 +794: /home/albert/busystack/busymark/test/src/app_settings_test.dart: auto save setting persists
03:18 +795: /home/albert/busystack/busymark/test/src/app_settings_test.dart: editing button direction setting persists
03:18 +796: /home/albert/busystack/busymark/test/src/app_settings_test.dart: Writerside instance selection and icon color persist across renames
03:18 +797: /home/albert/busystack/busymark/test/src/app_settings_test.dart: initial load preserves user actions made before it completes
03:18 +798: /home/albert/busystack/busymark/test/src/app_settings_test.dart: removing a recent workspace persists without affecting files
03:18 +799: /home/albert/busystack/busymark/test/src/app_settings_test.dart: remote image permissions persist globally and per workspace
03:18 +800: /home/albert/busystack/busymark/test/src/app_settings_test.dart: Git workspace trust persists, normalizes, and can be cleared
03:18 +801: /home/albert/busystack/busymark/test/src/app_settings_test.dart: Git workspace trust follows the canonical workspace identity
03:18 +802: /home/albert/busystack/busymark/test/src/app_settings_test.dart: stored Git trust does not follow a replaced canonical path
03:18 +803: /home/albert/busystack/busymark/test/src/app_settings_test.dart: Git trust preserves leading and trailing path whitespace
03:18 +804: loading /home/albert/busystack/busymark/test/src/spellcheck_projection_test.dart
03:19 +804: /home/albert/busystack/busymark/test/src/spellcheck_projection_test.dart: different live prose still reports incomplete instead of guessed mapping
03:19 +805: /home/albert/busystack/busymark/test/src/spellcheck_projection_test.dart: general Markdown fixture has complete Source and rich spelling mappings
03:20 +806: /home/albert/busystack/busymark/test/src/spellcheck_projection_test.dart: live HTML paste preserves prose and maps spelling before a reload
03:20 +807: /home/albert/busystack/busymark/test/src/spellcheck_projection_test.dart: pasted job maps tables, trailing HTML breaks and address barriers
03:20 +808: /home/albert/busystack/busymark/test/src/spellcheck_projection_test.dart: closing hashes are heading syntax only in an ATX heading
03:20 +809: /home/albert/busystack/busymark/test/src/spellcheck_projection_test.dart: Markdown spelling projection keeps literal unresolved and invalid apparent links checkable
03:20 +810: /home/albert/busystack/busymark/test/src/spellcheck_projection_test.dart: Markdown spelling projection resolves only parser-recognized links and images across revisions
03:20 +811: /home/albert/busystack/busymark/test/src/spellcheck_projection_test.dart: Markdown spelling projection keeps literal trailing braces in paragraph and heading prose
03:20 +812: /home/albert/busystack/busymark/test/src/spellcheck_projection_test.dart: Markdown spelling projection binds recognized images to their exact source occurrence
03:20 +813: /home/albert/busystack/busymark/test/src/spellcheck_projection_test.dart: Markdown spelling projection orders formatting from image labels and surrounding body
03:20 +814: /home/albert/busystack/busymark/test/src/spellcheck_projection_test.dart: Markdown spelling projection recognizes nested syntax inside exact image descriptions
03:20 +815: /home/albert/busystack/busymark/test/src/spellcheck_projection_test.dart: Markdown spelling projection excludes only trailing attributes recognized by the current mode
03:20 +816: /home/albert/busystack/busymark/test/src/spellcheck_projection_test.dart: Markdown spelling projection metadata does not split a surrounding Markdown word
03:20 +817: /home/albert/busystack/busymark/test/src/spellcheck_projection_test.dart: Markdown spelling projection corrects a Markdown body word across independent metadata
03:20 +818: /home/albert/busystack/busymark/test/src/spellcheck_projection_test.dart: Markdown spelling projection maps repeated and formatted prose without searching globally
03:20 +819: /home/albert/busystack/busymark/test/src/spellcheck_projection_test.dart: Markdown spelling projection keeps entities, escapes, links, and table cells source exact
03:20 +820: /home/albert/busystack/busymark/test/src/spellcheck_projection_test.dart: Markdown spelling projection keeps CRLF and repeated occurrence targets exact
03:20 +821: /home/albert/busystack/busymark/test/src/spellcheck_projection_test.dart: Markdown spelling projection uses barriers around excluded authored syntax
03:20 +822: /home/albert/busystack/busymark/test/src/spellcheck_projection_test.dart: Markdown spelling projection excludes a fenced code block nested in a block quote
03:20 +823: /home/albert/busystack/busymark/test/src/spellcheck_projection_test.dart: Markdown spelling projection keeps quoted list fences across blank continuations
03:20 +824: /home/albert/busystack/busymark/test/src/spellcheck_projection_test.dart: Markdown spelling projection counts tab columns in list fence continuations
03:20 +825: /home/albert/busystack/busymark/test/src/spellcheck_projection_test.dart: Markdown spelling projection keeps unmatched delimiters and removes only parsed formatting
03:20 +826: /home/albert/busystack/busymark/test/src/spellcheck_projection_test.dart: Markdown spelling projection maps quoted HTML attribute values from quote boundaries
03:20 +827: /home/albert/busystack/busymark/test/src/spellcheck_projection_test.dart: Markdown spelling projection preserves semantic HTML boundaries and multiline exclusions
03:20 +828: /home/albert/busystack/busymark/test/src/spellcheck_projection_test.dart: Markdown spelling projection keeps comparison prose and scans multiline HTML tags exactly
03:20 +829: /home/albert/busystack/busymark/test/src/spellcheck_projection_test.dart: Markdown spelling projection keeps escaped multiline tag-like prose checkable
03:20 +830: /home/albert/busystack/busymark/test/src/spellcheck_projection_test.dart: Markdown spelling projection removes delimiters when a correction empties formatting
03:20 +831: /home/albert/busystack/busymark/test/src/spellcheck_projection_test.dart: Markdown spelling projection uses parser-compatible percentages escapes and code spans
03:20 +832: /home/albert/busystack/busymark/test/src/spellcheck_projection_test.dart: Markdown spelling projection retains complete formatting ancestors across opaque children
03:20 +833: /home/albert/busystack/busymark/test/src/spellcheck_projection_test.dart: Markdown spelling projection validates formatting gaps in regional coordinates
03:20 +834: /home/albert/busystack/busymark/test/src/spellcheck_projection_test.dart: Markdown spelling projection accepts canonically equivalent mapped replacement text
03:20 +835: /home/albert/busystack/busymark/test/src/spellcheck_projection_test.dart: Markdown spelling projection link titles use exact quote boundaries before trailing whitespace
03:20 +836: /home/albert/busystack/busymark/test/src/spellcheck_projection_test.dart: Markdown spelling projection recognized link and image titles use their authored boundaries
03:20 +837: /home/albert/busystack/busymark/test/src/spellcheck_projection_test.dart: Markdown spelling projection destination-only links and images do not expose a false title
03:20 +838: /home/albert/busystack/busymark/test/src/spellcheck_projection_test.dart: Markdown spelling projection recognized multiline links consume one mapped occurrence
03:20 +839: /home/albert/busystack/busymark/test/src/spellcheck_projection_test.dart: Markdown spelling projection multiline link labels keep container prefixes out of prose
03:20 +840: /home/albert/busystack/busymark/test/src/spellcheck_projection_test.dart: Markdown spelling projection multiline mapped labels agree with rich prose and corrections
03:20 +841: /home/albert/busystack/busymark/test/src/spellcheck_projection_test.dart: Markdown spelling projection inline HTML breaks in link labels agree with rich prose
03:20 +842: /home/albert/busystack/busymark/test/src/spellcheck_projection_test.dart: Markdown spelling projection code-styled image alternative text agrees with rich image field
03:20 +843: /home/albert/busystack/busymark/test/src/spellcheck_projection_test.dart: Markdown spelling projection image code and Markdown hard breaks retain image alt semantics
03:20 +844: /home/albert/busystack/busymark/test/src/spellcheck_projection_test.dart: Markdown spelling projection image code hard-break corrections retain authored source
03:21 +845: /home/albert/busystack/busymark/test/src/spellcheck_projection_test.dart: Markdown spelling projection container image code matches the block-parsed alternative: list
03:21 +846: /home/albert/busystack/busymark/test/src/spellcheck_projection_test.dart: Markdown spelling projection container image code matches the block-parsed alternative: quote
03:21 +847: /home/albert/busystack/busymark/test/src/spellcheck_projection_test.dart: Markdown spelling projection container image code matches the block-parsed alternative: crlf-after-content
03:21 +848: /home/albert/busystack/busymark/test/src/spellcheck_projection_test.dart: Markdown spelling projection container image code matches the block-parsed alternative: combined-quote-list
03:21 +849: /home/albert/busystack/busymark/test/src/spellcheck_projection_test.dart: Markdown spelling projection container image code matches the block-parsed alternative: nested-image
03:21 +850: /home/albert/busystack/busymark/test/src/spellcheck_projection_test.dart: Markdown spelling projection container image code matches the block-parsed alternative: authored-inner-spaces
03:21 +851: /home/albert/busystack/busymark/test/src/spellcheck_projection_test.dart: Markdown spelling projection container image code matches the block-parsed alternative: authored-continuation-space
03:21 +852: /home/albert/busystack/busymark/test/src/spellcheck_projection_test.dart: Markdown spelling projection container image code matches the block-parsed alternative: literal-code-syntax
03:21 +853: /home/albert/busystack/busymark/test/src/spellcheck_projection_test.dart: Markdown spelling projection nested image code inherits the enclosing container mapping
03:21 +854: /home/albert/busystack/busymark/test/src/spellcheck_projection_test.dart: Markdown spelling projection link title keeps literal inline-break markup as scalar text
03:21 +855: /home/albert/busystack/busymark/test/src/spellcheck_projection_test.dart: Markdown spelling projection multiline code inside a link label stays opaque
03:21 +856: /home/albert/busystack/busymark/test/src/spellcheck_projection_test.dart: Markdown spelling projection multiline nested-image destination stays outside outer prose
03:21 +857: /home/albert/busystack/busymark/test/src/spellcheck_projection_test.dart: Markdown spelling projection nested label syntax owns its breaks before outer prose resumes
03:21 +858: /home/albert/busystack/busymark/test/src/spellcheck_projection_test.dart: Markdown spelling projection metadata scalar tag-like text remains checkable
03:21 +859: /home/albert/busystack/busymark/test/src/spellcheck_projection_test.dart: Markdown spelling projection parenthesized title replacement escapes its own delimiter
03:21 +860: /home/albert/busystack/busymark/test/src/spellcheck_projection_test.dart: Markdown spelling projection semantic leaf blocks define independent complete prose runs
03:21 +861: /home/albert/busystack/busymark/test/src/spellcheck_projection_test.dart: Markdown spelling projection projects semantic HTML prose and trusts parser math nodes
03:21 +862: /home/albert/busystack/busymark/test/src/spellcheck_projection_test.dart: Markdown spelling projection large formatting-heavy projection and correction stay bounded
03:22 +863: /home/albert/busystack/busymark/test/src/spellcheck_projection_test.dart: Writerside XML spelling projection keeps inline body words intact across readable attributes
03:22 +864: /home/albert/busystack/busymark/test/src/spellcheck_projection_test.dart: Writerside XML spelling projection corrects XML body and encoded metadata independently
03:22 +865: /home/albert/busystack/busymark/test/src/spellcheck_projection_test.dart: Writerside XML spelling projection excludes visible addresses in encoded text and CDATA
03:22 +866: /home/albert/busystack/busymark/test/src/spellcheck_projection_test.dart: Writerside XML spelling projection maps text, entities, CDATA, and positive attributes
03:22 +867: /home/albert/busystack/busymark/test/src/spellcheck_projection_test.dart: Writerside XML spelling projection reports malformed XML as incomplete without guessed targets
03:22 +868: /home/albert/busystack/busymark/test/src/spellcheck_projection_test.dart: Writerside XML spelling projection clips CDATA occurrences while preserving repeated surrounding text
03:22 +869: /home/albert/busystack/busymark/test/src/spellcheck_projection_test.dart: Writerside XML spelling projection maps line breaks, excludes variables, and includes controls
03:22 +870: /home/albert/busystack/busymark/test/src/spellcheck_projection_test.dart: Writerside XML spelling projection excludes entity-encoded variables after XML decoding
03:22 +871: /home/albert/busystack/busymark/test/src/spellcheck_projection_test.dart: Writerside XML spelling projection keeps decomposed Unicode in XML and CDATA corrections
03:22 +872: /home/albert/busystack/busymark/test/src/spellcheck_projection_test.dart: exact rich correction nested image descriptions retain recursive spelling policy
03:22 +873: /home/albert/busystack/busymark/test/src/spellcheck_projection_test.dart: exact rich correction source-backed rich correction preserves images beside math
03:22 +874: /home/albert/busystack/busymark/test/src/spellcheck_projection_test.dart: exact rich correction source-backed table image and math correction preserves cell source
03:22 +875: /home/albert/busystack/busymark/test/src/spellcheck_projection_test.dart: exact rich correction neighboring prose in a math image field keeps exact source
03:22 +876: /home/albert/busystack/busymark/test/src/spellcheck_projection_test.dart: exact rich correction image ownership continues across ordinary and math fields
03:22 +877: /home/albert/busystack/busymark/test/src/spellcheck_projection_test.dart: exact rich correction image description spelling agrees across source and rich fields
03:22 +878: /home/albert/busystack/busymark/test/src/spellcheck_projection_test.dart: exact rich correction rich image spelling changes only the mapped source word
03:22 +879: /home/albert/busystack/busymark/test/src/spellcheck_projection_test.dart: exact rich correction container image code corrects after continuation in rich editor
03:22 +880: /home/albert/busystack/busymark/test/src/spellcheck_projection_test.dart: exact rich correction code-styled image alternative corrects through rich controller
03:22 +881: /home/albert/busystack/busymark/test/src/spellcheck_projection_test.dart: exact rich correction image code punctuation correction retains literal code meaning
03:22 +882: /home/albert/busystack/busymark/test/src/spellcheck_projection_test.dart: exact rich correction multiline link label correction uses rich controller mapping
03:22 +883: /home/albert/busystack/busymark/test/src/spellcheck_projection_test.dart: exact rich correction maps all rich fields without requiring parser block spans: # Introduction

- [Overview](#overview)
  - [Motivation](#motivation)
- [Discussion](#discussion)
<!-- busymark:toc:end -->

## Overview

helo **world**

helo world

03:22 +884: /home/albert/busystack/busymark/test/src/spellcheck_projection_test.dart: exact rich correction maps all rich fields without requiring parser block spans: - helo
  - helo

helo

03:22 +885: /home/albert/busystack/busymark/test/src/spellcheck_projection_test.dart: exact rich correction maps all rich fields without requiring parser block spans: <!-- hidden comment -->

helo

03:22 +886: /home/albert/busystack/busymark/test/src/spellcheck_projection_test.dart: exact rich correction escaped comment prose is still an editable rich spelling field
03:22 +887: /home/albert/busystack/busymark/test/src/spellcheck_projection_test.dart: exact rich correction maps hard breaks by structural field identity
03:22 +888: /home/albert/busystack/busymark/test/src/spellcheck_projection_test.dart: exact rich correction removes a rich formatting container emptied by deletion
03:22 +889: /home/albert/busystack/busymark/test/src/spellcheck_projection_test.dart: exact rich correction retains current source anchors and source-only title targets
03:22 +890: /home/albert/busystack/busymark/test/src/spellcheck_projection_test.dart: exact rich correction rich links keep all title delimiters source-only
03:22 +891: /home/albert/busystack/busymark/test/src/spellcheck_projection_test.dart: exact rich correction preserves formatting ownership across leaves
03:22 +892: /home/albert/busystack/busymark/test/src/spellcheck_projection_test.dart: exact rich correction keeps trailing formatting on its original leaf
03:22 +893: /home/albert/busystack/busymark/test/src/spellcheck_projection_test.dart: exact rich correction preserves link destination and table structure
03:22 +894: /home/albert/busystack/busymark/test/src/spellcheck_projection_test.dart: exact rich correction maps and corrects a table-cell field containing inline math
03:22 +895: /home/albert/busystack/busymark/test/src/spellcheck_projection_test.dart: exact rich correction corrects transformed prose in table math source fields
03:22 +896: /home/albert/busystack/busymark/test/src/spellcheck_projection_test.dart: exact rich correction corrects formatted and encoded prose in math source fields
03:22 +897: /home/albert/busystack/busymark/test/src/spellcheck_projection_test.dart: exact rich correction owns every nested wrapper in paragraph math-source fields
03:22 +898: loading /home/albert/busystack/busymark/test/src/linux_gtk_accent_service_test.dart
03:23 +898: /home/albert/busystack/busymark/test/src/linux_gtk_accent_service_test.dart: validates availability, finite normalized RGB and payload shape
03:25 +899: /home/albert/busystack/busymark/test/src/linux_gtk_accent_service_test.dart: attaches before snapshot and rejects a superseded snapshot
03:25 +900: /home/albert/busystack/busymark/test/src/linux_gtk_accent_service_test.dart: replays current value, deduplicates and safely resubscribes
03:25 +901: /home/albert/busystack/busymark/test/src/linux_gtk_accent_service_test.dart: missing channels are unavailable and cancellable
03:25 +902: /home/albert/busystack/busymark/test/src/linux_gtk_accent_service_test.dart: cancellation while snapshot is pending discards its result
03:25 +903: /home/albert/busystack/busymark/test/src/linux_gtk_accent_service_test.dart: silent channels expire locally and unsuperseded late snapshot recovers
03:25 +904: /home/albert/busystack/busymark/test/src/linux_gtk_accent_service_test.dart: new unavailable event invalidates older read and deadline
03:25 +905: /home/albert/busystack/busymark/test/src/linux_gtk_accent_service_test.dart: cancellation while both native calls pending rejects late errors
03:26 +906: loading /home/albert/busystack/busymark/test/src/writerside_project_creator_test.dart
03:26 +906: /home/albert/busystack/busymark/test/src/writerside_project_creator_test.dart: creates starter project scaffold and loads without diagnostics
03:27 +907: /home/albert/busystack/busymark/test/src/writerside_project_creator_test.dart: derives the starter topic filename from its title
03:27 +908: /home/albert/busystack/busymark/test/src/writerside_project_creator_test.dart: creates starter project with Unicode directory and instance ID
03:27 +909: /home/albert/busystack/busymark/test/src/writerside_project_creator_test.dart: escapes XML-sensitive project names in writerside.cfg
03:27 +910: /home/albert/busystack/busymark/test/src/writerside_project_creator_test.dart: sanitizes start topic title as plain Markdown heading text
03:27 +911: /home/albert/busystack/busymark/test/src/writerside_project_creator_test.dart: rejects existing non-empty target directory and does not overwrite files
03:27 +912: /home/albert/busystack/busymark/test/src/writerside_project_creator_test.dart: rejects an existing project target symlink without writing through it
03:27 +913: /home/albert/busystack/busymark/test/src/writerside_project_creator_test.dart: canonicalizes a project parent selected through a symlink
03:27 +914: /home/albert/busystack/busymark/test/src/writerside_project_creator_test.dart: rejects unsafe create request names before writing files
03:27 +915: loading /home/albert/busystack/busymark/test/src/pdf_title_page_ui_test.dart
03:28 +915: /home/albert/busystack/busymark/test/src/pdf_title_page_ui_test.dart: cover edits survive toggling and format changes, validate, reset, and do not leak through preferences
03:32 +916: /home/albert/busystack/busymark/test/src/pdf_title_page_ui_test.dart: instance changes refresh automatic fields without replacing edited or cleared text
03:33 +917: /home/albert/busystack/busymark/test/src/pdf_title_page_ui_test.dart: settings without a document show only the reusable cover preference
03:34 +918: /home/albert/busystack/busymark/test/src/pdf_title_page_ui_test.dart: Direct PDF Markdown forwards current defaults and export-owned text
03:35 +919: /home/albert/busystack/busymark/test/src/pdf_title_page_ui_test.dart: Direct PDF Writerside forwards current defaults and export-owned text
03:37 +920: /home/albert/busystack/busymark/test/src/pdf_title_page_ui_test.dart: Unified PDF Markdown forwards current defaults and export-owned text
03:37 +921: /home/albert/busystack/busymark/test/src/pdf_title_page_ui_test.dart: Unified PDF Writerside forwards current defaults and export-owned text
03:39 +922: loading /home/albert/busystack/busymark/test/src/visualization_packaging_audit_test.dart
03:39 +922: /home/albert/busystack/busymark/test/src/visualization_packaging_audit_test.dart: README screenshot references resolve to checked-in images
03:39 +923: /home/albert/busystack/busymark/test/src/visualization_packaging_audit_test.dart: release metadata is consistent and production-grade
03:39 +924: /home/albert/busystack/busymark/test/src/visualization_packaging_audit_test.dart: web engines are exact, checksummed, licensed, and installed offline
03:39 +925: /home/albert/busystack/busymark/test/src/visualization_packaging_audit_test.dart: D2 is checksum pinned for amd64 and installed with notices
03:39 +926: /home/albert/busystack/busymark/test/src/visualization_packaging_audit_test.dart: Linux CI builds and exercises the bundled visualization stack
03:39 +927: /home/albert/busystack/busymark/test/src/visualization_packaging_audit_test.dart: only offscreen WebKit views disable hardware compositing
03:39 +928: /home/albert/busystack/busymark/test/src/visualization_packaging_audit_test.dart: WebKit host and harness disable persistence and external resources
03:39 +929: loading /home/albert/busystack/busymark/test/src/workspace_safety_test.dart
03:40 +929: /home/albert/busystack/busymark/test/src/workspace_safety_test.dart: unsaved changes dialog aborts destructive navigation on cancel
03:42 +930: /home/albert/busystack/busymark/test/src/workspace_safety_test.dart: discarding unsaved changes prevents repeated prompts
03:42 +931: /home/albert/busystack/busymark/test/src/workspace_safety_test.dart: destructive dialog buttons stay readable on dark controls
03:42 +932: /home/albert/busystack/busymark/test/src/workspace_safety_test.dart: unsaved changes Discard action renders white in the dark dialog
03:42 +933: /home/albert/busystack/busymark/test/src/workspace_safety_test.dart: overwrite confirmation stays pinned to the document being saved
03:43 +934: /home/albert/busystack/busymark/test/src/workspace_safety_test.dart: overlapping manual saves write the newer requested revision
03:43 +935: /home/albert/busystack/busymark/test/src/workspace_safety_test.dart: save completes for its buffer when the active document changes
03:43 +936: /home/albert/busystack/busymark/test/src/workspace_safety_test.dart: Save As stays pinned while the file picker is open
03:43 +937: /home/albert/busystack/busymark/test/src/workspace_safety_test.dart: Save As cancel does not overwrite an existing normalized markdown path
03:43 +938: /home/albert/busystack/busymark/test/src/workspace_safety_test.dart: Save As overwrites an existing normalized markdown path only after confirmation
03:43 +939: /home/albert/busystack/busymark/test/src/workspace_safety_test.dart: Save As cancels when the document changes during path lookup
03:43 +940: /home/albert/busystack/busymark/test/src/workspace_safety_test.dart: discard confirmation cannot discard a newly active document
03:43 +941: /home/albert/busystack/busymark/test/src/workspace_safety_test.dart: workspace continuation resolves inactive dirty documents too
03:43 +942: /home/albert/busystack/busymark/test/src/workspace_safety_test.dart: closing one dirty tab can save it while another stays dirty
03:43 +943: /home/albert/busystack/busymark/test/src/workspace_safety_test.dart: closing one dirty tab can discard it while another stays dirty
03:43 +944: loading /home/albert/busystack/busymark/test/src/linux_header_bar_service_test.dart
03:44 +944: /home/albert/busystack/busymark/test/src/linux_header_bar_service_test.dart: headerbar update retries native channel initialization after early miss
03:44 +945: /home/albert/busystack/busymark/test/src/linux_header_bar_service_test.dart: headerbar forwards text direction updates
03:44 +946: /home/albert/busystack/busymark/test/src/linux_header_bar_service_test.dart: headerbar action events preserve repeated identical clicks
03:44 +947: /home/albert/busystack/busymark/test/src/linux_header_bar_service_test.dart: native search events and focus request keep semantic meaning
03:44 +948: loading /home/albert/busystack/busymark/test/src/source_editor_widget_test.dart
03:45 +948: /home/albert/busystack/busymark/test/src/source_editor_widget_test.dart: Source pastes a web layout table as a complete document
03:47 +949: /home/albert/busystack/busymark/test/src/source_editor_widget_test.dart: search replacement recovers after editing a pending result (current)
03:47 +950: /home/albert/busystack/busymark/test/src/source_editor_widget_test.dart: search replacement recovers after editing a pending result (find next)
03:47 +951: /home/albert/busystack/busymark/test/src/source_editor_widget_test.dart: search replacement recovers after editing a missing result (current)
03:48 +952: /home/albert/busystack/busymark/test/src/source_editor_widget_test.dart: search replacement recovers after editing a missing result (find next)
03:48 +953: /home/albert/busystack/busymark/test/src/source_editor_widget_test.dart: Replace current follows selected result with 3 matches
03:49 +954: /home/albert/busystack/busymark/test/src/source_editor_widget_test.dart: Replace current follows selected result with 3000 matches
03:50 +955: /home/albert/busystack/busymark/test/src/source_editor_widget_test.dart: search navigation retains a later window when unfolding
03:50 +956: /home/albert/busystack/busymark/test/src/source_editor_widget_test.dart: spelling review caret uses full offsets after an earlier fold
03:50 +957: /home/albert/busystack/busymark/test/src/source_editor_widget_test.dart: spelling reveal unfolds and retains the word selection
03:51 +958: /home/albert/busystack/busymark/test/src/source_editor_widget_test.dart: Source Markdown spelling painter ignores selection and tracks composition
03:51 +959: /home/albert/busystack/busymark/test/src/source_editor_widget_test.dart: Source Writerside Markdown spelling painter ignores selection and tracks composition
03:51 +960: /home/albert/busystack/busymark/test/src/source_editor_widget_test.dart: Source XML spelling painter ignores selection and tracks composition
03:51 +961: /home/albert/busystack/busymark/test/src/source_editor_widget_test.dart: source AI action applies a selection through the editor path
03:51 +962: /home/albert/busystack/busymark/test/src/source_editor_widget_test.dart: source spelling menu targets the pointer occurrence exactly
03:51 +963: /home/albert/busystack/busymark/test/src/source_editor_widget_test.dart: source spelling language uses a checked native submenu without a dialog
03:51 +964: /home/albert/busystack/busymark/test/src/source_editor_widget_test.dart: source spelling menu converts folded offsets to full source
03:51 +965: /home/albert/busystack/busymark/test/src/source_editor_widget_test.dart: source AI applies a user-selected insertion target
03:51 +966: /home/albert/busystack/busymark/test/src/source_editor_widget_test.dart: source editor remains LTR inside an Arabic interface
03:51 +967: /home/albert/busystack/busymark/test/src/source_editor_widget_test.dart: source editor shows large-file fallback status
04:07 +968: /home/albert/busystack/busymark/test/src/source_editor_widget_test.dart: source editor renders visible diagnostic gutter tooltip
04:07 +969: /home/albert/busystack/busymark/test/src/source_editor_widget_test.dart: source search localizes an invalid regular expression
04:08 +970: /home/albert/busystack/busymark/test/src/source_editor_widget_test.dart: source search reports no current match before navigation
04:08 +971: /home/albert/busystack/busymark/test/src/source_editor_widget_test.dart: source fold and search options use semantic icon buttons
04:08 +972: /home/albert/busystack/busymark/test/src/source_editor_widget_test.dart: source Replace All is one editor operation
04:08 +973: /home/albert/busystack/busymark/test/src/source_editor_widget_test.dart: source Replace and Find Next selects the logical next match
04:08 +974: /home/albert/busystack/busymark/test/src/source_editor_widget_test.dart: shifted folded regions are persisted after edit debounce
04:08 +975: /home/albert/busystack/busymark/test/src/source_editor_widget_test.dart: source sessions ignore render notifications and coalesce scrolling
04:08 +976: /home/albert/busystack/busymark/test/src/source_editor_widget_test.dart: source editor gives glyphs, caret, and selection breathing room
04:08 +977: /home/albert/busystack/busymark/test/src/source_editor_widget_test.dart: source heading selections cover styled glyphs evenly
04:09 +978: /home/albert/busystack/busymark/test/src/source_editor_widget_test.dart: source heading caret advances after a typed space
04:09 +979: /home/albert/busystack/busymark/test/src/source_editor_widget_test.dart: source caret follows an immediate end-of-file contraction
04:09 +980: /home/albert/busystack/busymark/test/src/source_editor_widget_test.dart: Tab indents selected Source lines without replacing text
04:09 +981: /home/albert/busystack/busymark/test/src/source_editor_widget_test.dart: source symbol shortcuts dispatch the full source caret
04:09 +982: /home/albert/busystack/busymark/test/src/source_editor_widget_test.dart: Ctrl+Space opens project-aware source completion
04:09 +983: /home/albert/busystack/busymark/test/src/source_editor_widget_test.dart: wordWrap false uses one horizontally scrollable layout
04:09 +984: /home/albert/busystack/busymark/test/src/source_editor_widget_test.dart: source input preserves an active IME composing range
04:09 +985: /home/albert/busystack/busymark/test/src/source_editor_widget_test.dart: active IME composition defers Enter to the input method
04:09 +986: /home/albert/busystack/busymark/test/src/source_editor_widget_test.dart: active IME composition defers Tab to the input method
04:09 +987: /home/albert/busystack/busymark/test/src/source_editor_widget_test.dart: active IME composition defers autocomplete Escape to the input method
04:09 +988: /home/albert/busystack/busymark/test/src/source_editor_widget_test.dart: active IME composition defers the autocomplete shortcut
04:09 +989: /home/albert/busystack/busymark/test/src/source_editor_widget_test.dart: focused Source accepts authoritative parent text updates
04:09 +990: /home/albert/busystack/busymark/test/src/source_editor_widget_test.dart: source keyboard copy retains exact whitespace once
04:09 +991: /home/albert/busystack/busymark/test/src/source_editor_widget_test.dart: Source normal HTML paste converts while plain paste uses text
04:09 +992: /home/albert/busystack/busymark/test/src/source_editor_widget_test.dart: Source CRLF structured paste is one exact undo transaction
04:09 +993: /home/albert/busystack/busymark/test/src/source_editor_widget_test.dart: Source plain paste keeps LF bytes in a CRLF document
04:09 +994: /home/albert/busystack/busymark/test/src/source_editor_widget_test.dart: Source structured inline paste keeps surrounding text inline
04:09 +995: /home/albert/busystack/busymark/test/src/source_editor_widget_test.dart: Source structured block paste adds Markdown boundaries
04:09 +996: /home/albert/busystack/busymark/test/src/source_editor_widget_test.dart: Source structured blocks keep boundaries at every position

Warning: A call to tap() with finder "Found 1 widget with type "TextField": [
  TextField(controller: BusyMarkSourceController#ecc71(TextEditingValue(text: ┤leftright├, selection: TextSelection.collapsed(offset: 9, affinity: TextAffinity.downstream, isDirectional: false), composing: TextRange(start: -1, end: -1))), focusNode: FocusNode#abb10, undoController: UndoHistoryController#78a1a(UndoHistoryValue(canUndo: false, canRedo: false)), decoration: InputDecoration(contentPadding: EdgeInsets(12.0, 16.0, 16.0, 16.0), isCollapsed: true, fillColor: Color(alpha: 0.0000, red: 0.0000, green: 0.0000, blue: 0.0000, colorSpace: ColorSpace.sRGB), focusColor: Color(alpha: 0.0000, red: 0.0000, green: 0.0000, blue: 0.0000, colorSpace: ColorSpace.sRGB), hoverColor: Color(alpha: 0.0000, red: 0.0000, green: 0.0000, blue: 0.0000, colorSpace: ColorSpace.sRGB), focusedBorder: _NoInputBorder(), enabledBorder: _NoInputBorder(), border: _NoInputBorder()), keyboardType: TextInputType(name: TextInputType.multiline, signed: null, decimal: null), style: TextStyle(inherit: true, family: Ubuntu Mono, familyFallback: [Noto Sans Arabic, Noto Sans Mono, DejaVu Sans Mono, DejaVu Sans], size: 14.0, height: 1.6x, leadingDistribution: even), autocorrect: false, smartDashesType: disabled, smartQuotesType: disabled, enableSuggestions: false, maxLines: null, expands: true, textAlignVertical: TextAlignVertical(y: -1.0), textDirection: ltr, cursorWidth: 1.4, cursorHeight: 18.8, cursorColor: Color(alpha: 0.8200, red: 0.9686, green: 0.9686, blue: 0.9686, colorSpace: ColorSpace.sRGB), scrollController: ScrollController#a23ca(one client, offset 0.0), dependencies: [DefaultSelectionStyle, InheritedCupertinoTheme, MediaQuery, UnmanagedRestorationScope, _InheritedTheme, _LocalizationsScope-[GlobalKey#4ddc7]], state: _TextFieldState#f0b97),
]" derived an Offset (Offset(425.5, 300.0)) that would not hit test on the specified widget.
Maybe the widget is actually off-screen, or another widget is obscuring it, or the widget cannot receive pointer events.
The finder corresponds to this RenderBox: RenderMouseRegion#e0026
The hit test result at that offset is: HitTestResult(RenderMouseRegion#51762@Offset(425.5, 300.0), RenderSemanticsAnnotations#b82bc@Offset(425.5, 300.0), RenderPointerListener#078c2@Offset(425.5, 300.0), RenderSemanticsGestureHandler#aa13f@Offset(425.5, 300.0), RenderExcludeSemantics#8bfb0@Offset(425.5, 300.0), RenderBlockSemantics#e325c@Offset(425.5, 300.0), RenderIgnorePointer#15441@Offset(425.5, 300.0), RenderSemanticsAnnotations#ef159@Offset(425.5, 300.0), _RenderTheater#85fc6@Offset(425.5, 300.0), RenderAbsorbPointer#b4571@Offset(425.5, 300.0), RenderPointerListener#41c2f@Offset(425.5, 300.0), RenderSemanticsAnnotations#c8d1b@Offset(425.5, 300.0), RenderCustomPaint#61594@Offset(425.5, 300.0), RenderSemanticsAnnotations#c795f@Offset(425.5, 300.0), RenderSemanticsAnnotations#5f3c9@Offset(425.5, 300.0), RenderSemanticsAnnotations#cff8e@Offset(425.5, 300.0), RenderTapRegionSurface#73ec5@Offset(425.5, 300.0), RenderSemanticsAnnotations#98c6c@Offset(425.5, 300.0), RenderSemanticsAnnotations#20ce6@Offset(425.5, 300.0), HitTestEntry<HitTestTarget>#50e60(_ReusableRenderView#fce4f), HitTestEntry<HitTestTarget>#72f05(<AutomatedTestWidgetsFlutterBinding>))
#0      WidgetController._getElementPoint (package:flutter_test/src/controller.dart:2165:25)
#1      WidgetController.getCenter (package:flutter_test/src/controller.dart:1947:12)
#2      WidgetController.tap (package:flutter_test/src/controller.dart:1080:7)
#3      _pumpClipboardSourceEditor (file:///home/albert/busystack/busymark/test/src/source_editor_widget_test.dart:9400:16)
<asynchronous suspension>
#4      main.<anonymous closure> (file:///home/albert/busystack/busymark/test/src/source_editor_widget_test.dart:2597:26)
<asynchronous suspension>
#5      testWidgets.<anonymous closure>.<anonymous closure> (package:flutter_test/src/widget_tester.dart:192:15)
<asynchronous suspension>
#6      TestWidgetsFlutterBinding._runTestBody (package:flutter_test/src/binding.dart:1953:5)
<asynchronous suspension>
#7      StackZoneSpecification._registerCallback.<anonymous closure> (package:stack_trace/src/stack_zone_specification.dart:114:42)
<asynchronous suspension>
To silence this warning, pass "warnIfMissed: false" to "tap()".
To make this warning fatal, set WidgetController.hitTestWarningShouldBeFatal to true.

04:10 +997: /home/albert/busystack/busymark/test/src/source_editor_widget_test.dart: Source complete heading list and code blocks retain structure at every paragraph position

Warning: A call to tap() with finder "Found 1 widget with type "TextField": [
  TextField(controller: BusyMarkSourceController#8f82b(TextEditingValue(text: ┤leftright├, selection: TextSelection.collapsed(offset: 9, affinity: TextAffinity.downstream, isDirectional: false), composing: TextRange(start: -1, end: -1))), focusNode: FocusNode#18722, undoController: UndoHistoryController#d171f(UndoHistoryValue(canUndo: false, canRedo: false)), decoration: InputDecoration(contentPadding: EdgeInsets(12.0, 16.0, 16.0, 16.0), isCollapsed: true, fillColor: Color(alpha: 0.0000, red: 0.0000, green: 0.0000, blue: 0.0000, colorSpace: ColorSpace.sRGB), focusColor: Color(alpha: 0.0000, red: 0.0000, green: 0.0000, blue: 0.0000, colorSpace: ColorSpace.sRGB), hoverColor: Color(alpha: 0.0000, red: 0.0000, green: 0.0000, blue: 0.0000, colorSpace: ColorSpace.sRGB), focusedBorder: _NoInputBorder(), enabledBorder: _NoInputBorder(), border: _NoInputBorder()), keyboardType: TextInputType(name: TextInputType.multiline, signed: null, decimal: null), style: TextStyle(inherit: true, family: Ubuntu Mono, familyFallback: [Noto Sans Arabic, Noto Sans Mono, DejaVu Sans Mono, DejaVu Sans], size: 14.0, height: 1.6x, leadingDistribution: even), autocorrect: false, smartDashesType: disabled, smartQuotesType: disabled, enableSuggestions: false, maxLines: null, expands: true, textAlignVertical: TextAlignVertical(y: -1.0), textDirection: ltr, cursorWidth: 1.4, cursorHeight: 18.8, cursorColor: Color(alpha: 0.8200, red: 0.9686, green: 0.9686, blue: 0.9686, colorSpace: ColorSpace.sRGB), scrollController: ScrollController#ffbff(one client, offset 0.0), dependencies: [DefaultSelectionStyle, InheritedCupertinoTheme, MediaQuery, UnmanagedRestorationScope, _InheritedTheme, _LocalizationsScope-[GlobalKey#1bd9d]], state: _TextFieldState#3b105),
]" derived an Offset (Offset(425.5, 300.0)) that would not hit test on the specified widget.
Maybe the widget is actually off-screen, or another widget is obscuring it, or the widget cannot receive pointer events.
The finder corresponds to this RenderBox: RenderMouseRegion#2554a
The hit test result at that offset is: HitTestResult(RenderMouseRegion#873cf@Offset(425.5, 300.0), RenderSemanticsAnnotations#ed441@Offset(425.5, 300.0), RenderPointerListener#bcafe@Offset(425.5, 300.0), RenderSemanticsGestureHandler#8af76@Offset(425.5, 300.0), RenderExcludeSemantics#cdba6@Offset(425.5, 300.0), RenderBlockSemantics#41b8f@Offset(425.5, 300.0), RenderIgnorePointer#5a6cd@Offset(425.5, 300.0), RenderSemanticsAnnotations#25a56@Offset(425.5, 300.0), _RenderTheater#532c1@Offset(425.5, 300.0), RenderAbsorbPointer#c8b26@Offset(425.5, 300.0), RenderPointerListener#a25b7@Offset(425.5, 300.0), RenderSemanticsAnnotations#a6a8e@Offset(425.5, 300.0), RenderCustomPaint#51ffb@Offset(425.5, 300.0), RenderSemanticsAnnotations#aff38@Offset(425.5, 300.0), RenderSemanticsAnnotations#4b3e2@Offset(425.5, 300.0), RenderSemanticsAnnotations#ad9a1@Offset(425.5, 300.0), RenderTapRegionSurface#332d4@Offset(425.5, 300.0), RenderSemanticsAnnotations#38b37@Offset(425.5, 300.0), RenderSemanticsAnnotations#40c4e@Offset(425.5, 300.0), HitTestEntry<HitTestTarget>#f2d24(_ReusableRenderView#fce4f), HitTestEntry<HitTestTarget>#052b0(<AutomatedTestWidgetsFlutterBinding>))
#0      WidgetController._getElementPoint (package:flutter_test/src/controller.dart:2165:25)
#1      WidgetController.getCenter (package:flutter_test/src/controller.dart:1947:12)
#2      WidgetController.tap (package:flutter_test/src/controller.dart:1080:7)
#3      _pumpClipboardSourceEditor (file:///home/albert/busystack/busymark/test/src/source_editor_widget_test.dart:9400:16)
<asynchronous suspension>
#4      main.<anonymous closure> (file:///home/albert/busystack/busymark/test/src/source_editor_widget_test.dart:2633:30)
<asynchronous suspension>
#5      testWidgets.<anonymous closure>.<anonymous closure> (package:flutter_test/src/widget_tester.dart:192:15)
<asynchronous suspension>
#6      TestWidgetsFlutterBinding._runTestBody (package:flutter_test/src/binding.dart:1953:5)
<asynchronous suspension>
#7      StackZoneSpecification._registerCallback.<anonymous closure> (package:stack_trace/src/stack_zone_specification.dart:114:42)
<asynchronous suspension>
To silence this warning, pass "warnIfMissed: false" to "tap()".
To make this warning fatal, set WidgetController.hitTestWarningShouldBeFatal to true.


Warning: A call to tap() with finder "Found 1 widget with type "TextField": [
  TextField(controller: BusyMarkSourceController#8f82b(TextEditingValue(text: ┤leftright├, selection: TextSelection.collapsed(offset: 8, affinity: TextAffinity.downstream, isDirectional: false), composing: TextRange(start: -1, end: -1))), focusNode: FocusNode#18722, undoController: UndoHistoryController#d171f(UndoHistoryValue(canUndo: false, canRedo: false)), decoration: InputDecoration(contentPadding: EdgeInsets(12.0, 16.0, 16.0, 16.0), isCollapsed: true, fillColor: Color(alpha: 0.0000, red: 0.0000, green: 0.0000, blue: 0.0000, colorSpace: ColorSpace.sRGB), focusColor: Color(alpha: 0.0000, red: 0.0000, green: 0.0000, blue: 0.0000, colorSpace: ColorSpace.sRGB), hoverColor: Color(alpha: 0.0000, red: 0.0000, green: 0.0000, blue: 0.0000, colorSpace: ColorSpace.sRGB), focusedBorder: _NoInputBorder(), enabledBorder: _NoInputBorder(), border: _NoInputBorder()), keyboardType: TextInputType(name: TextInputType.multiline, signed: null, decimal: null), style: TextStyle(inherit: true, family: Ubuntu Mono, familyFallback: [Noto Sans Arabic, Noto Sans Mono, DejaVu Sans Mono, DejaVu Sans], size: 14.0, height: 1.6x, leadingDistribution: even), autocorrect: false, smartDashesType: disabled, smartQuotesType: disabled, enableSuggestions: false, maxLines: null, expands: true, textAlignVertical: TextAlignVertical(y: -1.0), textDirection: ltr, cursorWidth: 1.4, cursorHeight: 18.8, cursorColor: Color(alpha: 0.8200, red: 0.9686, green: 0.9686, blue: 0.9686, colorSpace: ColorSpace.sRGB), scrollController: ScrollController#ffbff(one client, offset 0.0), dependencies: [DefaultSelectionStyle, InheritedCupertinoTheme, MediaQuery, UnmanagedRestorationScope, _InheritedTheme, _LocalizationsScope-[GlobalKey#1bd9d]], state: _TextFieldState#3b105),
]" derived an Offset (Offset(425.5, 300.0)) that would not hit test on the specified widget.
Maybe the widget is actually off-screen, or another widget is obscuring it, or the widget cannot receive pointer events.
The finder corresponds to this RenderBox: RenderMouseRegion#2554a
The hit test result at that offset is: HitTestResult(RenderMouseRegion#dcb33@Offset(425.5, 300.0), RenderSemanticsAnnotations#f0648@Offset(425.5, 300.0), RenderPointerListener#b22c0@Offset(425.5, 300.0), RenderSemanticsGestureHandler#f7dae@Offset(425.5, 300.0), RenderExcludeSemantics#4656d@Offset(425.5, 300.0), RenderBlockSemantics#35d97@Offset(425.5, 300.0), RenderIgnorePointer#27c31@Offset(425.5, 300.0), RenderSemanticsAnnotations#19699@Offset(425.5, 300.0), _RenderTheater#532c1@Offset(425.5, 300.0), RenderAbsorbPointer#c8b26@Offset(425.5, 300.0), RenderPointerListener#a25b7@Offset(425.5, 300.0), RenderSemanticsAnnotations#a6a8e@Offset(425.5, 300.0), RenderCustomPaint#51ffb@Offset(425.5, 300.0), RenderSemanticsAnnotations#aff38@Offset(425.5, 300.0), RenderSemanticsAnnotations#4b3e2@Offset(425.5, 300.0), RenderSemanticsAnnotations#ad9a1@Offset(425.5, 300.0), RenderTapRegionSurface#332d4@Offset(425.5, 300.0), RenderSemanticsAnnotations#38b37@Offset(425.5, 300.0), RenderSemanticsAnnotations#40c4e@Offset(425.5, 300.0), HitTestEntry<HitTestTarget>#81a3d(_ReusableRenderView#fce4f), HitTestEntry<HitTestTarget>#943c7(<AutomatedTestWidgetsFlutterBinding>))
#0      WidgetController._getElementPoint (package:flutter_test/src/controller.dart:2165:25)
#1      WidgetController.getCenter (package:flutter_test/src/controller.dart:1947:12)
#2      WidgetController.tap (package:flutter_test/src/controller.dart:1080:7)
#3      _pumpClipboardSourceEditor (file:///home/albert/busystack/busymark/test/src/source_editor_widget_test.dart:9400:16)
<asynchronous suspension>
#4      main.<anonymous closure> (file:///home/albert/busystack/busymark/test/src/source_editor_widget_test.dart:2633:30)
<asynchronous suspension>
#5      testWidgets.<anonymous closure>.<anonymous closure> (package:flutter_test/src/widget_tester.dart:192:15)
<asynchronous suspension>
#6      TestWidgetsFlutterBinding._runTestBody (package:flutter_test/src/binding.dart:1953:5)
<asynchronous suspension>
#7      StackZoneSpecification._registerCallback.<anonymous closure> (package:stack_trace/src/stack_zone_specification.dart:114:42)
<asynchronous suspension>
To silence this warning, pass "warnIfMissed: false" to "tap()".
To make this warning fatal, set WidgetController.hitTestWarningShouldBeFatal to true.


Warning: A call to tap() with finder "Found 1 widget with type "TextField": [
  TextField(controller: BusyMarkSourceController#8f82b(TextEditingValue(text: ┤leftright├, selection: TextSelection.collapsed(offset: 9, affinity: TextAffinity.downstream, isDirectional: false), composing: TextRange(start: -1, end: -1))), focusNode: FocusNode#18722, undoController: UndoHistoryController#d171f(UndoHistoryValue(canUndo: false, canRedo: false)), decoration: InputDecoration(contentPadding: EdgeInsets(12.0, 16.0, 16.0, 16.0), isCollapsed: true, fillColor: Color(alpha: 0.0000, red: 0.0000, green: 0.0000, blue: 0.0000, colorSpace: ColorSpace.sRGB), focusColor: Color(alpha: 0.0000, red: 0.0000, green: 0.0000, blue: 0.0000, colorSpace: ColorSpace.sRGB), hoverColor: Color(alpha: 0.0000, red: 0.0000, green: 0.0000, blue: 0.0000, colorSpace: ColorSpace.sRGB), focusedBorder: _NoInputBorder(), enabledBorder: _NoInputBorder(), border: _NoInputBorder()), keyboardType: TextInputType(name: TextInputType.multiline, signed: null, decimal: null), style: TextStyle(inherit: true, family: Ubuntu Mono, familyFallback: [Noto Sans Arabic, Noto Sans Mono, DejaVu Sans Mono, DejaVu Sans], size: 14.0, height: 1.6x, leadingDistribution: even), autocorrect: false, smartDashesType: disabled, smartQuotesType: disabled, enableSuggestions: false, maxLines: null, expands: true, textAlignVertical: TextAlignVertical(y: -1.0), textDirection: ltr, cursorWidth: 1.4, cursorHeight: 18.8, cursorColor: Color(alpha: 0.8200, red: 0.9686, green: 0.9686, blue: 0.9686, colorSpace: ColorSpace.sRGB), scrollController: ScrollController#ffbff(one client, offset 0.0), dependencies: [DefaultSelectionStyle, InheritedCupertinoTheme, MediaQuery, UnmanagedRestorationScope, _InheritedTheme, _LocalizationsScope-[GlobalKey#1bd9d]], state: _TextFieldState#3b105),
]" derived an Offset (Offset(425.5, 300.0)) that would not hit test on the specified widget.
Maybe the widget is actually off-screen, or another widget is obscuring it, or the widget cannot receive pointer events.
The finder corresponds to this RenderBox: RenderMouseRegion#2554a
The hit test result at that offset is: HitTestResult(RenderMouseRegion#5800e@Offset(425.5, 300.0), RenderSemanticsAnnotations#634b5@Offset(425.5, 300.0), RenderPointerListener#e87ad@Offset(425.5, 300.0), RenderSemanticsGestureHandler#89e28@Offset(425.5, 300.0), RenderExcludeSemantics#4afda@Offset(425.5, 300.0), RenderBlockSemantics#c67bd@Offset(425.5, 300.0), RenderIgnorePointer#77682@Offset(425.5, 300.0), RenderSemanticsAnnotations#fdb44@Offset(425.5, 300.0), _RenderTheater#532c1@Offset(425.5, 300.0), RenderAbsorbPointer#c8b26@Offset(425.5, 300.0), RenderPointerListener#a25b7@Offset(425.5, 300.0), RenderSemanticsAnnotations#a6a8e@Offset(425.5, 300.0), RenderCustomPaint#51ffb@Offset(425.5, 300.0), RenderSemanticsAnnotations#aff38@Offset(425.5, 300.0), RenderSemanticsAnnotations#4b3e2@Offset(425.5, 300.0), RenderSemanticsAnnotations#ad9a1@Offset(425.5, 300.0), RenderTapRegionSurface#332d4@Offset(425.5, 300.0), RenderSemanticsAnnotations#38b37@Offset(425.5, 300.0), RenderSemanticsAnnotations#40c4e@Offset(425.5, 300.0), HitTestEntry<HitTestTarget>#0ff55(_ReusableRenderView#fce4f), HitTestEntry<HitTestTarget>#9c248(<AutomatedTestWidgetsFlutterBinding>))
#0      WidgetController._getElementPoint (package:flutter_test/src/controller.dart:2165:25)
#1      WidgetController.getCenter (package:flutter_test/src/controller.dart:1947:12)
#2      WidgetController.tap (package:flutter_test/src/controller.dart:1080:7)
#3      _pumpClipboardSourceEditor (file:///home/albert/busystack/busymark/test/src/source_editor_widget_test.dart:9400:16)
<asynchronous suspension>
#4      main.<anonymous closure> (file:///home/albert/busystack/busymark/test/src/source_editor_widget_test.dart:2633:30)
<asynchronous suspension>
#5      testWidgets.<anonymous closure>.<anonymous closure> (package:flutter_test/src/widget_tester.dart:192:15)
<asynchronous suspension>
#6      TestWidgetsFlutterBinding._runTestBody (package:flutter_test/src/binding.dart:1953:5)
<asynchronous suspension>
#7      StackZoneSpecification._registerCallback.<anonymous closure> (package:stack_trace/src/stack_zone_specification.dart:114:42)
<asynchronous suspension>
To silence this warning, pass "warnIfMissed: false" to "tap()".
To make this warning fatal, set WidgetController.hitTestWarningShouldBeFatal to true.

04:10 +998: /home/albert/busystack/busymark/test/src/source_editor_widget_test.dart: Source complete-block split preserves styles caret and one-step Undo
04:10 +999: /home/albert/busystack/busymark/test/src/source_editor_widget_test.dart: Source boundary-crossing replacements restore text selection and caret
04:10 +1000: /home/albert/busystack/busymark/test/src/source_editor_widget_test.dart: Source rich inline paste composes with enclosing inline syntax

Warning: A call to tap() with finder "Found 1 widget with type "TextField": [
  TextField(controller: BusyMarkSourceController#b1048(TextEditingValue(text: ┤[leftright](https://example.test)├, selection: TextSelection.collapsed(offset: 6, affinity: TextAffinity.downstream, isDirectional: false), composing: TextRange(start: -1, end: -1))), focusNode: FocusNode#b44f3, undoController: UndoHistoryController#cbb9d(UndoHistoryValue(canUndo: false, canRedo: false)), decoration: InputDecoration(contentPadding: EdgeInsets(12.0, 16.0, 16.0, 16.0), isCollapsed: true, fillColor: Color(alpha: 0.0000, red: 0.0000, green: 0.0000, blue: 0.0000, colorSpace: ColorSpace.sRGB), focusColor: Color(alpha: 0.0000, red: 0.0000, green: 0.0000, blue: 0.0000, colorSpace: ColorSpace.sRGB), hoverColor: Color(alpha: 0.0000, red: 0.0000, green: 0.0000, blue: 0.0000, colorSpace: ColorSpace.sRGB), focusedBorder: _NoInputBorder(), enabledBorder: _NoInputBorder(), border: _NoInputBorder()), keyboardType: TextInputType(name: TextInputType.multiline, signed: null, decimal: null), style: TextStyle(inherit: true, family: Ubuntu Mono, familyFallback: [Noto Sans Arabic, Noto Sans Mono, DejaVu Sans Mono, DejaVu Sans], size: 14.0, height: 1.6x, leadingDistribution: even), autocorrect: false, smartDashesType: disabled, smartQuotesType: disabled, enableSuggestions: false, maxLines: null, expands: true, textAlignVertical: TextAlignVertical(y: -1.0), textDirection: ltr, cursorWidth: 1.4, cursorHeight: 18.8, cursorColor: Color(alpha: 0.8200, red: 0.9686, green: 0.9686, blue: 0.9686, colorSpace: ColorSpace.sRGB), scrollController: ScrollController#4b8eb(one client, offset 0.0), dependencies: [DefaultSelectionStyle, InheritedCupertinoTheme, MediaQuery, UnmanagedRestorationScope, _InheritedTheme, _LocalizationsScope-[GlobalKey#74d0e]], state: _TextFieldState#3d1b0),
]" derived an Offset (Offset(425.5, 300.0)) that would not hit test on the specified widget.
Maybe the widget is actually off-screen, or another widget is obscuring it, or the widget cannot receive pointer events.
The finder corresponds to this RenderBox: RenderMouseRegion#6b743
The hit test result at that offset is: HitTestResult(RenderMouseRegion#5a213@Offset(425.5, 300.0), RenderSemanticsAnnotations#e1f55@Offset(425.5, 300.0), RenderPointerListener#26151@Offset(425.5, 300.0), RenderSemanticsGestureHandler#96233@Offset(425.5, 300.0), RenderExcludeSemantics#7d610@Offset(425.5, 300.0), RenderBlockSemantics#7b3dd@Offset(425.5, 300.0), RenderIgnorePointer#f9574@Offset(425.5, 300.0), RenderSemanticsAnnotations#f5313@Offset(425.5, 300.0), _RenderTheater#51bde@Offset(425.5, 300.0), RenderAbsorbPointer#31b0a@Offset(425.5, 300.0), RenderPointerListener#6cf1f@Offset(425.5, 300.0), RenderSemanticsAnnotations#59393@Offset(425.5, 300.0), RenderCustomPaint#9ca19@Offset(425.5, 300.0), RenderSemanticsAnnotations#27f92@Offset(425.5, 300.0), RenderSemanticsAnnotations#cfe81@Offset(425.5, 300.0), RenderSemanticsAnnotations#c7980@Offset(425.5, 300.0), RenderTapRegionSurface#65e68@Offset(425.5, 300.0), RenderSemanticsAnnotations#75d9c@Offset(425.5, 300.0), RenderSemanticsAnnotations#a812f@Offset(425.5, 300.0), HitTestEntry<HitTestTarget>#70924(_ReusableRenderView#fce4f), HitTestEntry<HitTestTarget>#2dca9(<AutomatedTestWidgetsFlutterBinding>))
#0      WidgetController._getElementPoint (package:flutter_test/src/controller.dart:2165:25)
#1      WidgetController.getCenter (package:flutter_test/src/controller.dart:1947:12)
#2      WidgetController.tap (package:flutter_test/src/controller.dart:1080:7)
#3      _pumpClipboardSourceEditor (file:///home/albert/busystack/busymark/test/src/source_editor_widget_test.dart:9400:16)
<asynchronous suspension>
#4      main.<anonymous closure>.paste (file:///home/albert/busystack/busymark/test/src/source_editor_widget_test.dart:2945:28)
<asynchronous suspension>
#5      main.<anonymous closure> (file:///home/albert/busystack/busymark/test/src/source_editor_widget_test.dart:2999:22)
<asynchronous suspension>
#6      testWidgets.<anonymous closure>.<anonymous closure> (package:flutter_test/src/widget_tester.dart:192:15)
<asynchronous suspension>
#7      TestWidgetsFlutterBinding._runTestBody (package:flutter_test/src/binding.dart:1953:5)
<asynchronous suspension>
#8      StackZoneSpecification._registerCallback.<anonymous closure> (package:stack_trace/src/stack_zone_specification.dart:114:42)
<asynchronous suspension>
To silence this warning, pass "warnIfMissed: false" to "tap()".
To make this warning fatal, set WidgetController.hitTestWarningShouldBeFatal to true.

04:10 +1001: /home/albert/busystack/busymark/test/src/source_editor_widget_test.dart: Source inline reconciliation ignores separate destination runs
04:10 +1002: /home/albert/busystack/busymark/test/src/source_editor_widget_test.dart: Source adjacent-style reconciliation preserves literal code delimiters
04:11 +1003: /home/albert/busystack/busymark/test/src/source_editor_widget_test.dart: Source table reconciliation preserves a partially consumed delimiter
04:11 +1004: /home/albert/busystack/busymark/test/src/source_editor_widget_test.dart: Source table inline reconciliation is confined to the selected cell
04:11 +1005: /home/albert/busystack/busymark/test/src/source_editor_widget_test.dart: Source table keeps multiple independent incoming style runs
04:11 +1006: /home/albert/busystack/busymark/test/src/source_editor_widget_test.dart: Source does not treat multiple incoming bold runs as one wrapper
04:11 +1007: /home/albert/busystack/busymark/test/src/source_editor_widget_test.dart: Source reconciles arbitrary inline sequences with paragraph context
04:11 +1008: /home/albert/busystack/busymark/test/src/source_editor_widget_test.dart: Source reconciles arbitrary inline sequences inside table cells
04:11 +1009: /home/albert/busystack/busymark/test/src/source_editor_widget_test.dart: Source table sequence reconciliation retains authored delimiters
04:11 +1010: /home/albert/busystack/busymark/test/src/source_editor_widget_test.dart: Source table reconciliation retains mixed nested styles
04:11 +1011: /home/albert/busystack/busymark/test/src/source_editor_widget_test.dart: Source preserves hyperlink semantics in table cells
04:11 +1012: /home/albert/busystack/busymark/test/src/source_editor_widget_test.dart: Source inline mapping handles links multiline styles and literal syntax
04:11 +1013: /home/albert/busystack/busymark/test/src/source_editor_widget_test.dart: Source caret mapping preserves literal bang before a following link
04:12 +1014: /home/albert/busystack/busymark/test/src/source_editor_widget_test.dart: Source splits resolved reference links without changing definitions
04:12 +1015: /home/albert/busystack/busymark/test/src/source_editor_widget_test.dart: Source splits multiline blockquote links without exposing prefixes
04:12 +1016: /home/albert/busystack/busymark/test/src/source_editor_widget_test.dart: Source preserves occurrence-specific hard-break provenance
04:12 +1017: /home/albert/busystack/busymark/test/src/source_editor_widget_test.dart: Source caret remains between pasted and retained hard breaks
04:12 +1018: /home/albert/busystack/busymark/test/src/source_editor_widget_test.dart: Source rich paste after an HTML break does not retain its layout newline
04:12 +1019: /home/albert/busystack/busymark/test/src/source_editor_widget_test.dart: Source rich paste preserves enclosing inline HTML as one run
04:12 +1020: /home/albert/busystack/busymark/test/src/source_editor_widget_test.dart: Source system and history rich paste map normalized HTML whitespace
04:12 +1021: /home/albert/busystack/busymark/test/src/source_editor_widget_test.dart: Source syntax-only availability agrees with textual fallback execution
04:12 +1022: /home/albert/busystack/busymark/test/src/source_editor_widget_test.dart: Source terminal structured failure blocks availability and text fallback
04:12 +1023: /home/albert/busystack/busymark/test/src/source_editor_widget_test.dart: Source rich paste remaps generated grouped hard breaks
04:12 +1024: /home/albert/busystack/busymark/test/src/source_editor_widget_test.dart: Source remaps reopened grouped breaks in a CRLF container
04:12 +1025: /home/albert/busystack/busymark/test/src/source_editor_widget_test.dart: Source maps nested and reference links through container prefixes
04:12 +1026: /home/albert/busystack/busymark/test/src/source_editor_widget_test.dart: Source paste preserves autolink destination semantics
04:13 +1027: /home/albert/busystack/busymark/test/src/source_editor_widget_test.dart: invalid email-like text does not invalidate another link target
04:13 +1028: /home/albert/busystack/busymark/test/src/source_editor_widget_test.dart: Source paste distinguishes authored and generated URL content
04:13 +1029: /home/albert/busystack/busymark/test/src/source_editor_widget_test.dart: Source paste preserves parser-folded reference identity
04:13 +1030: /home/albert/busystack/busymark/test/src/source_editor_widget_test.dart: Source same-destination paste preserves parser-folded reference identity
04:13 +1031: /home/albert/busystack/busymark/test/src/source_editor_widget_test.dart: Source paste retains the provenance of surviving line breaks
04:13 +1032: /home/albert/busystack/busymark/test/src/source_editor_widget_test.dart: Source paste keeps label break provenance independent of link titles
04:13 +1033: /home/albert/busystack/busymark/test/src/source_editor_widget_test.dart: normalized code-span breaks do not shift surviving link provenance
04:13 +1034: /home/albert/busystack/busymark/test/src/source_editor_widget_test.dart: Source paste combines folded references with surviving break provenance
04:13 +1035: /home/albert/busystack/busymark/test/src/source_editor_widget_test.dart: Source paste tracks old and new breaks independently
04:13 +1036: /home/albert/busystack/busymark/test/src/source_editor_widget_test.dart: Source reference-link label replacement retains definitions
04:14 +1037: /home/albert/busystack/busymark/test/src/source_editor_widget_test.dart: Source maps escaped brackets in collapsed and shortcut references
04:14 +1038: /home/albert/busystack/busymark/test/src/source_editor_widget_test.dart: Source maps links around unmatched and code-span backticks
04:14 +1039: /home/albert/busystack/busymark/test/src/source_editor_widget_test.dart: Source maps links with escaped and balanced label brackets
04:14 +1040: /home/albert/busystack/busymark/test/src/source_editor_widget_test.dart: Source inline wrapper mapping stays bounded for paste and availability
04:15 +1041: /home/albert/busystack/busymark/test/src/source_editor_widget_test.dart: Source maps all retained break offsets in one serialization traversal
04:15 +1042: /home/albert/busystack/busymark/test/src/source_editor_widget_test.dart: Source AST boundary mapping stays linear for availability and paste
04:15 +1043: /home/albert/busystack/busymark/test/src/source_editor_widget_test.dart: Source table paste preserves multiline link titles
04:15 +1044: /home/albert/busystack/busymark/test/src/source_editor_widget_test.dart: Source table boundary paste preserves styles caret and one-step history
04:16 +1045: /home/albert/busystack/busymark/test/src/source_editor_widget_test.dart: Source structured inline paste handles every line boundary
04:16 +1046: /home/albert/busystack/busymark/test/src/source_editor_widget_test.dart: Source inline paste preserves unrelated syntax whitespace and caret

Warning: A call to tap() with finder "Found 1 widget with type "TextField": [
  TextField(controller: BusyMarkSourceController#923ff(TextEditingValue(text: ┤__leftright__├, selection: TextSelection.collapsed(offset: 10, affinity: TextAffinity.downstream, isDirectional: false), composing: TextRange(start: -1, end: -1))), focusNode: FocusNode#95de4, undoController: UndoHistoryController#eef17(UndoHistoryValue(canUndo: false, canRedo: false)), decoration: InputDecoration(contentPadding: EdgeInsets(12.0, 16.0, 16.0, 16.0), isCollapsed: true, fillColor: Color(alpha: 0.0000, red: 0.0000, green: 0.0000, blue: 0.0000, colorSpace: ColorSpace.sRGB), focusColor: Color(alpha: 0.0000, red: 0.0000, green: 0.0000, blue: 0.0000, colorSpace: ColorSpace.sRGB), hoverColor: Color(alpha: 0.0000, red: 0.0000, green: 0.0000, blue: 0.0000, colorSpace: ColorSpace.sRGB), focusedBorder: _NoInputBorder(), enabledBorder: _NoInputBorder(), border: _NoInputBorder()), keyboardType: TextInputType(name: TextInputType.multiline, signed: null, decimal: null), style: TextStyle(inherit: true, family: Ubuntu Mono, familyFallback: [Noto Sans Arabic, Noto Sans Mono, DejaVu Sans Mono, DejaVu Sans], size: 14.0, height: 1.6x, leadingDistribution: even), autocorrect: false, smartDashesType: disabled, smartQuotesType: disabled, enableSuggestions: false, maxLines: null, expands: true, textAlignVertical: TextAlignVertical(y: -1.0), textDirection: ltr, cursorWidth: 1.4, cursorHeight: 18.8, cursorColor: Color(alpha: 0.8200, red: 0.9686, green: 0.9686, blue: 0.9686, colorSpace: ColorSpace.sRGB), scrollController: ScrollController#440f7(one client, offset 0.0), dependencies: [DefaultSelectionStyle, InheritedCupertinoTheme, MediaQuery, UnmanagedRestorationScope, _InheritedTheme, _LocalizationsScope-[GlobalKey#35f0d]], state: _TextFieldState#6de20),
]" derived an Offset (Offset(425.5, 300.0)) that would not hit test on the specified widget.
Maybe the widget is actually off-screen, or another widget is obscuring it, or the widget cannot receive pointer events.
The finder corresponds to this RenderBox: RenderMouseRegion#d667a
The hit test result at that offset is: HitTestResult(RenderMouseRegion#6afce@Offset(425.5, 300.0), RenderSemanticsAnnotations#37d37@Offset(425.5, 300.0), RenderPointerListener#a7c26@Offset(425.5, 300.0), RenderSemanticsGestureHandler#828ad@Offset(425.5, 300.0), RenderExcludeSemantics#cdae0@Offset(425.5, 300.0), RenderBlockSemantics#67edb@Offset(425.5, 300.0), RenderIgnorePointer#b6cee@Offset(425.5, 300.0), RenderSemanticsAnnotations#d927b@Offset(425.5, 300.0), _RenderTheater#47b14@Offset(425.5, 300.0), RenderAbsorbPointer#54d0d@Offset(425.5, 300.0), RenderPointerListener#03a45@Offset(425.5, 300.0), RenderSemanticsAnnotations#4f829@Offset(425.5, 300.0), RenderCustomPaint#4a600@Offset(425.5, 300.0), RenderSemanticsAnnotations#fce25@Offset(425.5, 300.0), RenderSemanticsAnnotations#54d2a@Offset(425.5, 300.0), RenderSemanticsAnnotations#81ddb@Offset(425.5, 300.0), RenderTapRegionSurface#eb5f2@Offset(425.5, 300.0), RenderSemanticsAnnotations#dac49@Offset(425.5, 300.0), RenderSemanticsAnnotations#9ee6e@Offset(425.5, 300.0), HitTestEntry<HitTestTarget>#59dff(_ReusableRenderView#fce4f), HitTestEntry<HitTestTarget>#3c11e(<AutomatedTestWidgetsFlutterBinding>))
#0      WidgetController._getElementPoint (package:flutter_test/src/controller.dart:2165:25)
#1      WidgetController.getCenter (package:flutter_test/src/controller.dart:1947:12)
#2      WidgetController.tap (package:flutter_test/src/controller.dart:1080:7)
#3      _pumpClipboardSourceEditor (file:///home/albert/busystack/busymark/test/src/source_editor_widget_test.dart:9400:16)
<asynchronous suspension>
#4      main.<anonymous closure>.paste (file:///home/albert/busystack/busymark/test/src/source_editor_widget_test.dart:6908:28)
<asynchronous suspension>
#5      main.<anonymous closure> (file:///home/albert/busystack/busymark/test/src/source_editor_widget_test.dart:6936:20)
<asynchronous suspension>
#6      testWidgets.<anonymous closure>.<anonymous closure> (package:flutter_test/src/widget_tester.dart:192:15)
<asynchronous suspension>
#7      TestWidgetsFlutterBinding._runTestBody (package:flutter_test/src/binding.dart:1953:5)
<asynchronous suspension>
#8      StackZoneSpecification._registerCallback.<anonymous closure> (package:stack_trace/src/stack_zone_specification.dart:114:42)
<asynchronous suspension>
To silence this warning, pass "warnIfMissed: false" to "tap()".
To make this warning fatal, set WidgetController.hitTestWarningShouldBeFatal to true.

04:16 +1047: /home/albert/busystack/busymark/test/src/source_editor_widget_test.dart: Source table cells reconcile surrounding inline styles
04:16 +1048: /home/albert/busystack/busymark/test/src/source_editor_widget_test.dart: Source reconciliation reuses table-normalized inline content
04:16 +1049: /home/albert/busystack/busymark/test/src/source_editor_widget_test.dart: Source whole-block replacement differs from surviving table and code contexts

Warning: A call to tap() with finder "Found 1 widget with type "TextField": [
  TextField(controller:
    BusyMarkSourceController#38430(TextEditingValue(text: ┤```text
    old
    ```
    ├, selection: TextSelection.collapsed(offset: 16, affinity: TextAffinity.downstream, isDirectional: false), composing: TextRange(start: -1, end: -1)))
  , focusNode: FocusNode#95e73, undoController: UndoHistoryController#ccfa5(UndoHistoryValue(canUndo: false, canRedo: false)), decoration: InputDecoration(contentPadding: EdgeInsets(12.0, 16.0, 16.0, 16.0), isCollapsed: true, fillColor: Color(alpha: 0.0000, red: 0.0000, green: 0.0000, blue: 0.0000, colorSpace: ColorSpace.sRGB), focusColor: Color(alpha: 0.0000, red: 0.0000, green: 0.0000, blue: 0.0000, colorSpace: ColorSpace.sRGB), hoverColor: Color(alpha: 0.0000, red: 0.0000, green: 0.0000, blue: 0.0000, colorSpace: ColorSpace.sRGB), focusedBorder: _NoInputBorder(), enabledBorder: _NoInputBorder(), border: _NoInputBorder()), keyboardType: TextInputType(name: TextInputType.multiline, signed: null, decimal: null), style: TextStyle(inherit: true, family: Ubuntu Mono, familyFallback: [Noto Sans Arabic, Noto Sans Mono, DejaVu Sans Mono, DejaVu Sans], size: 14.0, height: 1.6x, leadingDistribution: even), autocorrect: false, smartDashesType: disabled, smartQuotesType: disabled, enableSuggestions: false, maxLines: null, expands: true, textAlignVertical: TextAlignVertical(y: -1.0), textDirection: ltr, cursorWidth: 1.4, cursorHeight: 18.8, cursorColor: Color(alpha: 0.8200, red: 0.9686, green: 0.9686, blue: 0.9686, colorSpace: ColorSpace.sRGB), scrollController: ScrollController#ba8f1(one client, offset 0.0), dependencies: [DefaultSelectionStyle, InheritedCupertinoTheme, MediaQuery, UnmanagedRestorationScope, _InheritedTheme, _LocalizationsScope-[GlobalKey#e9c7f]], state: _TextFieldState#40b67),
]" derived an Offset (Offset(425.5, 300.0)) that would not hit test on the specified widget.
Maybe the widget is actually off-screen, or another widget is obscuring it, or the widget cannot receive pointer events.
The finder corresponds to this RenderBox: RenderMouseRegion#8c38d
The hit test result at that offset is: HitTestResult(RenderMouseRegion#6e861@Offset(425.5, 300.0), RenderSemanticsAnnotations#c58d8@Offset(425.5, 300.0), RenderPointerListener#9628e@Offset(425.5, 300.0), RenderSemanticsGestureHandler#f29bb@Offset(425.5, 300.0), RenderExcludeSemantics#c77aa@Offset(425.5, 300.0), RenderBlockSemantics#92120@Offset(425.5, 300.0), RenderIgnorePointer#1ba54@Offset(425.5, 300.0), RenderSemanticsAnnotations#a1881@Offset(425.5, 300.0), _RenderTheater#9a391@Offset(425.5, 300.0), RenderAbsorbPointer#f8991@Offset(425.5, 300.0), RenderPointerListener#a6178@Offset(425.5, 300.0), RenderSemanticsAnnotations#e173c@Offset(425.5, 300.0), RenderCustomPaint#ec33c@Offset(425.5, 300.0), RenderSemanticsAnnotations#9d296@Offset(425.5, 300.0), RenderSemanticsAnnotations#dc126@Offset(425.5, 300.0), RenderSemanticsAnnotations#ff194@Offset(425.5, 300.0), RenderTapRegionSurface#01e77@Offset(425.5, 300.0), RenderSemanticsAnnotations#15792@Offset(425.5, 300.0), RenderSemanticsAnnotations#57212@Offset(425.5, 300.0), HitTestEntry<HitTestTarget>#2afd0(_ReusableRenderView#fce4f), HitTestEntry<HitTestTarget>#fb9ac(<AutomatedTestWidgetsFlutterBinding>))
#0      WidgetController._getElementPoint (package:flutter_test/src/controller.dart:2165:25)
#1      WidgetController.getCenter (package:flutter_test/src/controller.dart:1947:12)
#2      WidgetController.tap (package:flutter_test/src/controller.dart:1080:7)
#3      _pumpClipboardSourceEditor (file:///home/albert/busystack/busymark/test/src/source_editor_widget_test.dart:9400:16)
<asynchronous suspension>
#4      main.<anonymous closure> (file:///home/albert/busystack/busymark/test/src/source_editor_widget_test.dart:7158:25)
<asynchronous suspension>
#5      testWidgets.<anonymous closure>.<anonymous closure> (package:flutter_test/src/widget_tester.dart:192:15)
<asynchronous suspension>
#6      TestWidgetsFlutterBinding._runTestBody (package:flutter_test/src/binding.dart:1953:5)
<asynchronous suspension>
#7      StackZoneSpecification._registerCallback.<anonymous closure> (package:stack_trace/src/stack_zone_specification.dart:114:42)
<asynchronous suspension>
To silence this warning, pass "warnIfMissed: false" to "tap()".
To make this warning fatal, set WidgetController.hitTestWarningShouldBeFatal to true.

04:16 +1050: /home/albert/busystack/busymark/test/src/source_editor_widget_test.dart: Source structured paragraph markers escape only at block starts

Warning: A call to tap() with finder "Found 1 widget with type "TextField": [
  TextField(controller: BusyMarkSourceController#029ae(TextEditingValue(text: ┤├, selection: TextSelection.collapsed(offset: 0, affinity: TextAffinity.downstream, isDirectional: false), composing: TextRange(start: -1, end: -1))), focusNode: FocusNode#e235f, undoController: UndoHistoryController#af272(UndoHistoryValue(canUndo: false, canRedo: false)), decoration: InputDecoration(contentPadding: EdgeInsets(12.0, 16.0, 16.0, 16.0), isCollapsed: true, fillColor: Color(alpha: 0.0000, red: 0.0000, green: 0.0000, blue: 0.0000, colorSpace: ColorSpace.sRGB), focusColor: Color(alpha: 0.0000, red: 0.0000, green: 0.0000, blue: 0.0000, colorSpace: ColorSpace.sRGB), hoverColor: Color(alpha: 0.0000, red: 0.0000, green: 0.0000, blue: 0.0000, colorSpace: ColorSpace.sRGB), focusedBorder: _NoInputBorder(), enabledBorder: _NoInputBorder(), border: _NoInputBorder()), keyboardType: TextInputType(name: TextInputType.multiline, signed: null, decimal: null), style: TextStyle(inherit: true, family: Ubuntu Mono, familyFallback: [Noto Sans Arabic, Noto Sans Mono, DejaVu Sans Mono, DejaVu Sans], size: 14.0, height: 1.6x, leadingDistribution: even), autocorrect: false, smartDashesType: disabled, smartQuotesType: disabled, enableSuggestions: false, maxLines: null, expands: true, textAlignVertical: TextAlignVertical(y: -1.0), textDirection: ltr, cursorWidth: 1.4, cursorHeight: 18.8, cursorColor: Color(alpha: 0.8200, red: 0.9686, green: 0.9686, blue: 0.9686, colorSpace: ColorSpace.sRGB), scrollController: ScrollController#9144a(one client, offset 0.0), dependencies: [DefaultSelectionStyle, InheritedCupertinoTheme, MediaQuery, UnmanagedRestorationScope, _InheritedTheme, _LocalizationsScope-[GlobalKey#cf158]], state: _TextFieldState#88dc3),
]" derived an Offset (Offset(425.5, 300.0)) that would not hit test on the specified widget.
Maybe the widget is actually off-screen, or another widget is obscuring it, or the widget cannot receive pointer events.
The finder corresponds to this RenderBox: RenderMouseRegion#3d32a
The hit test result at that offset is: HitTestResult(RenderMouseRegion#5e0b8@Offset(425.5, 300.0), RenderSemanticsAnnotations#54bd3@Offset(425.5, 300.0), RenderPointerListener#592e6@Offset(425.5, 300.0), RenderSemanticsGestureHandler#6c7c4@Offset(425.5, 300.0), RenderExcludeSemantics#b0024@Offset(425.5, 300.0), RenderBlockSemantics#12061@Offset(425.5, 300.0), RenderIgnorePointer#c3762@Offset(425.5, 300.0), RenderSemanticsAnnotations#8b8ea@Offset(425.5, 300.0), _RenderTheater#3b228@Offset(425.5, 300.0), RenderAbsorbPointer#ed6d9@Offset(425.5, 300.0), RenderPointerListener#8796b@Offset(425.5, 300.0), RenderSemanticsAnnotations#67d08@Offset(425.5, 300.0), RenderCustomPaint#91f05@Offset(425.5, 300.0), RenderSemanticsAnnotations#94f20@Offset(425.5, 300.0), RenderSemanticsAnnotations#dc384@Offset(425.5, 300.0), RenderSemanticsAnnotations#982af@Offset(425.5, 300.0), RenderTapRegionSurface#8834b@Offset(425.5, 300.0), RenderSemanticsAnnotations#49865@Offset(425.5, 300.0), RenderSemanticsAnnotations#71561@Offset(425.5, 300.0), HitTestEntry<HitTestTarget>#bd2d5(_ReusableRenderView#fce4f), HitTestEntry<HitTestTarget>#7b01c(<AutomatedTestWidgetsFlutterBinding>))
#0      WidgetController._getElementPoint (package:flutter_test/src/controller.dart:2165:25)
#1      WidgetController.getCenter (package:flutter_test/src/controller.dart:1947:12)
#2      WidgetController.tap (package:flutter_test/src/controller.dart:1080:7)
#3      _pumpClipboardSourceEditor (file:///home/albert/busystack/busymark/test/src/source_editor_widget_test.dart:9400:16)
<asynchronous suspension>
#4      main.<anonymous closure> (file:///home/albert/busystack/busymark/test/src/source_editor_widget_test.dart:7226:23)
<asynchronous suspension>
#5      testWidgets.<anonymous closure>.<anonymous closure> (package:flutter_test/src/widget_tester.dart:192:15)
<asynchronous suspension>
#6      TestWidgetsFlutterBinding._runTestBody (package:flutter_test/src/binding.dart:1953:5)
<asynchronous suspension>
#7      StackZoneSpecification._registerCallback.<anonymous closure> (package:stack_trace/src/stack_zone_specification.dart:114:42)
<asynchronous suspension>
To silence this warning, pass "warnIfMissed: false" to "tap()".
To make this warning fatal, set WidgetController.hitTestWarningShouldBeFatal to true.


Warning: A call to tap() with finder "Found 1 widget with type "TextField": [
  TextField(controller: BusyMarkSourceController#029ae(TextEditingValue(text: ┤├, selection: TextSelection.collapsed(offset: 0, affinity: TextAffinity.downstream, isDirectional: false), composing: TextRange(start: -1, end: -1))), focusNode: FocusNode#e235f, undoController: UndoHistoryController#af272(UndoHistoryValue(canUndo: false, canRedo: false)), decoration: InputDecoration(contentPadding: EdgeInsets(12.0, 16.0, 16.0, 16.0), isCollapsed: true, fillColor: Color(alpha: 0.0000, red: 0.0000, green: 0.0000, blue: 0.0000, colorSpace: ColorSpace.sRGB), focusColor: Color(alpha: 0.0000, red: 0.0000, green: 0.0000, blue: 0.0000, colorSpace: ColorSpace.sRGB), hoverColor: Color(alpha: 0.0000, red: 0.0000, green: 0.0000, blue: 0.0000, colorSpace: ColorSpace.sRGB), focusedBorder: _NoInputBorder(), enabledBorder: _NoInputBorder(), border: _NoInputBorder()), keyboardType: TextInputType(name: TextInputType.multiline, signed: null, decimal: null), style: TextStyle(inherit: true, family: Ubuntu Mono, familyFallback: [Noto Sans Arabic, Noto Sans Mono, DejaVu Sans Mono, DejaVu Sans], size: 14.0, height: 1.6x, leadingDistribution: even), autocorrect: false, smartDashesType: disabled, smartQuotesType: disabled, enableSuggestions: false, maxLines: null, expands: true, textAlignVertical: TextAlignVertical(y: -1.0), textDirection: ltr, cursorWidth: 1.4, cursorHeight: 18.8, cursorColor: Color(alpha: 0.8200, red: 0.9686, green: 0.9686, blue: 0.9686, colorSpace: ColorSpace.sRGB), scrollController: ScrollController#9144a(one client, offset 0.0), dependencies: [DefaultSelectionStyle, InheritedCupertinoTheme, MediaQuery, UnmanagedRestorationScope, _InheritedTheme, _LocalizationsScope-[GlobalKey#cf158]], state: _TextFieldState#88dc3),
]" derived an Offset (Offset(425.5, 300.0)) that would not hit test on the specified widget.
Maybe the widget is actually off-screen, or another widget is obscuring it, or the widget cannot receive pointer events.
The finder corresponds to this RenderBox: RenderMouseRegion#3d32a
The hit test result at that offset is: HitTestResult(RenderMouseRegion#e2dfc@Offset(425.5, 300.0), RenderSemanticsAnnotations#cc9af@Offset(425.5, 300.0), RenderPointerListener#5dd15@Offset(425.5, 300.0), RenderSemanticsGestureHandler#54542@Offset(425.5, 300.0), RenderExcludeSemantics#e742b@Offset(425.5, 300.0), RenderBlockSemantics#9b59d@Offset(425.5, 300.0), RenderIgnorePointer#61176@Offset(425.5, 300.0), RenderSemanticsAnnotations#4bf9c@Offset(425.5, 300.0), _RenderTheater#3b228@Offset(425.5, 300.0), RenderAbsorbPointer#ed6d9@Offset(425.5, 300.0), RenderPointerListener#8796b@Offset(425.5, 300.0), RenderSemanticsAnnotations#67d08@Offset(425.5, 300.0), RenderCustomPaint#91f05@Offset(425.5, 300.0), RenderSemanticsAnnotations#94f20@Offset(425.5, 300.0), RenderSemanticsAnnotations#dc384@Offset(425.5, 300.0), RenderSemanticsAnnotations#982af@Offset(425.5, 300.0), RenderTapRegionSurface#8834b@Offset(425.5, 300.0), RenderSemanticsAnnotations#49865@Offset(425.5, 300.0), RenderSemanticsAnnotations#71561@Offset(425.5, 300.0), HitTestEntry<HitTestTarget>#3e0e5(_ReusableRenderView#fce4f), HitTestEntry<HitTestTarget>#52f24(<AutomatedTestWidgetsFlutterBinding>))
#0      WidgetController._getElementPoint (package:flutter_test/src/controller.dart:2165:25)
#1      WidgetController.getCenter (package:flutter_test/src/controller.dart:1947:12)
#2      WidgetController.tap (package:flutter_test/src/controller.dart:1080:7)
#3      _pumpClipboardSourceEditor (file:///home/albert/busystack/busymark/test/src/source_editor_widget_test.dart:9400:16)
<asynchronous suspension>
#4      main.<anonymous closure> (file:///home/albert/busystack/busymark/test/src/source_editor_widget_test.dart:7226:23)
<asynchronous suspension>
#5      testWidgets.<anonymous closure>.<anonymous closure> (package:flutter_test/src/widget_tester.dart:192:15)
<asynchronous suspension>
#6      TestWidgetsFlutterBinding._runTestBody (package:flutter_test/src/binding.dart:1953:5)
<asynchronous suspension>
#7      StackZoneSpecification._registerCallback.<anonymous closure> (package:stack_trace/src/stack_zone_specification.dart:114:42)
<asynchronous suspension>
To silence this warning, pass "warnIfMissed: false" to "tap()".
To make this warning fatal, set WidgetController.hitTestWarningShouldBeFatal to true.


Warning: A call to tap() with finder "Found 1 widget with type "TextField": [
  TextField(controller: BusyMarkSourceController#029ae(TextEditingValue(text: ┤leftright├, selection: TextSelection.collapsed(offset: 8, affinity: TextAffinity.downstream, isDirectional: false), composing: TextRange(start: -1, end: -1))), focusNode: FocusNode#e235f, undoController: UndoHistoryController#af272(UndoHistoryValue(canUndo: false, canRedo: false)), decoration: InputDecoration(contentPadding: EdgeInsets(12.0, 16.0, 16.0, 16.0), isCollapsed: true, fillColor: Color(alpha: 0.0000, red: 0.0000, green: 0.0000, blue: 0.0000, colorSpace: ColorSpace.sRGB), focusColor: Color(alpha: 0.0000, red: 0.0000, green: 0.0000, blue: 0.0000, colorSpace: ColorSpace.sRGB), hoverColor: Color(alpha: 0.0000, red: 0.0000, green: 0.0000, blue: 0.0000, colorSpace: ColorSpace.sRGB), focusedBorder: _NoInputBorder(), enabledBorder: _NoInputBorder(), border: _NoInputBorder()), keyboardType: TextInputType(name: TextInputType.multiline, signed: null, decimal: null), style: TextStyle(inherit: true, family: Ubuntu Mono, familyFallback: [Noto Sans Arabic, Noto Sans Mono, DejaVu Sans Mono, DejaVu Sans], size: 14.0, height: 1.6x, leadingDistribution: even), autocorrect: false, smartDashesType: disabled, smartQuotesType: disabled, enableSuggestions: false, maxLines: null, expands: true, textAlignVertical: TextAlignVertical(y: -1.0), textDirection: ltr, cursorWidth: 1.4, cursorHeight: 18.8, cursorColor: Color(alpha: 0.8200, red: 0.9686, green: 0.9686, blue: 0.9686, colorSpace: ColorSpace.sRGB), scrollController: ScrollController#9144a(one client, offset 0.0), dependencies: [DefaultSelectionStyle, InheritedCupertinoTheme, MediaQuery, UnmanagedRestorationScope, _InheritedTheme, _LocalizationsScope-[GlobalKey#cf158]], state: _TextFieldState#88dc3),
]" derived an Offset (Offset(425.5, 300.0)) that would not hit test on the specified widget.
Maybe the widget is actually off-screen, or another widget is obscuring it, or the widget cannot receive pointer events.
The finder corresponds to this RenderBox: RenderMouseRegion#3d32a
The hit test result at that offset is: HitTestResult(RenderMouseRegion#a1d75@Offset(425.5, 300.0), RenderSemanticsAnnotations#b551d@Offset(425.5, 300.0), RenderPointerListener#1465d@Offset(425.5, 300.0), RenderSemanticsGestureHandler#19826@Offset(425.5, 300.0), RenderExcludeSemantics#c659e@Offset(425.5, 300.0), RenderBlockSemantics#49e4f@Offset(425.5, 300.0), RenderIgnorePointer#c2975@Offset(425.5, 300.0), RenderSemanticsAnnotations#0699f@Offset(425.5, 300.0), _RenderTheater#3b228@Offset(425.5, 300.0), RenderAbsorbPointer#ed6d9@Offset(425.5, 300.0), RenderPointerListener#8796b@Offset(425.5, 300.0), RenderSemanticsAnnotations#67d08@Offset(425.5, 300.0), RenderCustomPaint#91f05@Offset(425.5, 300.0), RenderSemanticsAnnotations#94f20@Offset(425.5, 300.0), RenderSemanticsAnnotations#dc384@Offset(425.5, 300.0), RenderSemanticsAnnotations#982af@Offset(425.5, 300.0), RenderTapRegionSurface#8834b@Offset(425.5, 300.0), RenderSemanticsAnnotations#49865@Offset(425.5, 300.0), RenderSemanticsAnnotations#71561@Offset(425.5, 300.0), HitTestEntry<HitTestTarget>#d6454(_ReusableRenderView#fce4f), HitTestEntry<HitTestTarget>#f2878(<AutomatedTestWidgetsFlutterBinding>))
#0      WidgetController._getElementPoint (package:flutter_test/src/controller.dart:2165:25)
#1      WidgetController.getCenter (package:flutter_test/src/controller.dart:1947:12)
#2      WidgetController.tap (package:flutter_test/src/controller.dart:1080:7)
#3      _pumpClipboardSourceEditor (file:///home/albert/busystack/busymark/test/src/source_editor_widget_test.dart:9400:16)
<asynchronous suspension>
#4      main.<anonymous closure> (file:///home/albert/busystack/busymark/test/src/source_editor_widget_test.dart:7247:24)
<asynchronous suspension>
#5      testWidgets.<anonymous closure>.<anonymous closure> (package:flutter_test/src/widget_tester.dart:192:15)
<asynchronous suspension>
#6      TestWidgetsFlutterBinding._runTestBody (package:flutter_test/src/binding.dart:1953:5)
<asynchronous suspension>
#7      StackZoneSpecification._registerCallback.<anonymous closure> (package:stack_trace/src/stack_zone_specification.dart:114:42)
<asynchronous suspension>
To silence this warning, pass "warnIfMissed: false" to "tap()".
To make this warning fatal, set WidgetController.hitTestWarningShouldBeFatal to true.


Warning: A call to tap() with finder "Found 1 widget with type "TextField": [
  TextField(controller: BusyMarkSourceController#029ae(TextEditingValue(text: ┤- right├, selection: TextSelection.collapsed(offset: 7, affinity: TextAffinity.downstream, isDirectional: false), composing: TextRange(start: -1, end: -1))), focusNode: FocusNode#e235f, undoController: UndoHistoryController#af272(UndoHistoryValue(canUndo: false, canRedo: false)), decoration: InputDecoration(contentPadding: EdgeInsets(12.0, 16.0, 16.0, 16.0), isCollapsed: true, fillColor: Color(alpha: 0.0000, red: 0.0000, green: 0.0000, blue: 0.0000, colorSpace: ColorSpace.sRGB), focusColor: Color(alpha: 0.0000, red: 0.0000, green: 0.0000, blue: 0.0000, colorSpace: ColorSpace.sRGB), hoverColor: Color(alpha: 0.0000, red: 0.0000, green: 0.0000, blue: 0.0000, colorSpace: ColorSpace.sRGB), focusedBorder: _NoInputBorder(), enabledBorder: _NoInputBorder(), border: _NoInputBorder()), keyboardType: TextInputType(name: TextInputType.multiline, signed: null, decimal: null), style: TextStyle(inherit: true, family: Ubuntu Mono, familyFallback: [Noto Sans Arabic, Noto Sans Mono, DejaVu Sans Mono, DejaVu Sans], size: 14.0, height: 1.6x, leadingDistribution: even), autocorrect: false, smartDashesType: disabled, smartQuotesType: disabled, enableSuggestions: false, maxLines: null, expands: true, textAlignVertical: TextAlignVertical(y: -1.0), textDirection: ltr, cursorWidth: 1.4, cursorHeight: 18.8, cursorColor: Color(alpha: 0.8200, red: 0.9686, green: 0.9686, blue: 0.9686, colorSpace: ColorSpace.sRGB), scrollController: ScrollController#9144a(one client, offset 0.0), dependencies: [DefaultSelectionStyle, InheritedCupertinoTheme, MediaQuery, UnmanagedRestorationScope, _InheritedTheme, _LocalizationsScope-[GlobalKey#cf158]], state: _TextFieldState#88dc3),
]" derived an Offset (Offset(425.5, 300.0)) that would not hit test on the specified widget.
Maybe the widget is actually off-screen, or another widget is obscuring it, or the widget cannot receive pointer events.
The finder corresponds to this RenderBox: RenderMouseRegion#3d32a
The hit test result at that offset is: HitTestResult(RenderMouseRegion#3687a@Offset(425.5, 300.0), RenderSemanticsAnnotations#fc8cc@Offset(425.5, 300.0), RenderPointerListener#6bb78@Offset(425.5, 300.0), RenderSemanticsGestureHandler#6a621@Offset(425.5, 300.0), RenderExcludeSemantics#ac24c@Offset(425.5, 300.0), RenderBlockSemantics#a5be9@Offset(425.5, 300.0), RenderIgnorePointer#2aa4b@Offset(425.5, 300.0), RenderSemanticsAnnotations#f12db@Offset(425.5, 300.0), _RenderTheater#3b228@Offset(425.5, 300.0), RenderAbsorbPointer#ed6d9@Offset(425.5, 300.0), RenderPointerListener#8796b@Offset(425.5, 300.0), RenderSemanticsAnnotations#67d08@Offset(425.5, 300.0), RenderCustomPaint#91f05@Offset(425.5, 300.0), RenderSemanticsAnnotations#94f20@Offset(425.5, 300.0), RenderSemanticsAnnotations#dc384@Offset(425.5, 300.0), RenderSemanticsAnnotations#982af@Offset(425.5, 300.0), RenderTapRegionSurface#8834b@Offset(425.5, 300.0), RenderSemanticsAnnotations#49865@Offset(425.5, 300.0), RenderSemanticsAnnotations#71561@Offset(425.5, 300.0), HitTestEntry<HitTestTarget>#ba023(_ReusableRenderView#fce4f), HitTestEntry<HitTestTarget>#5bf4a(<AutomatedTestWidgetsFlutterBinding>))
#0      WidgetController._getElementPoint (package:flutter_test/src/controller.dart:2165:25)
#1      WidgetController.getCenter (package:flutter_test/src/controller.dart:1947:12)
#2      WidgetController.tap (package:flutter_test/src/controller.dart:1080:7)
#3      _pumpClipboardSourceEditor (file:///home/albert/busystack/busymark/test/src/source_editor_widget_test.dart:9400:16)
<asynchronous suspension>
#4      main.<anonymous closure> (file:///home/albert/busystack/busymark/test/src/source_editor_widget_test.dart:7277:26)
<asynchronous suspension>
#5      testWidgets.<anonymous closure>.<anonymous closure> (package:flutter_test/src/widget_tester.dart:192:15)
<asynchronous suspension>
#6      TestWidgetsFlutterBinding._runTestBody (package:flutter_test/src/binding.dart:1953:5)
<asynchronous suspension>
#7      StackZoneSpecification._registerCallback.<anonymous closure> (package:stack_trace/src/stack_zone_specification.dart:114:42)
<asynchronous suspension>
To silence this warning, pass "warnIfMissed: false" to "tap()".
To make this warning fatal, set WidgetController.hitTestWarningShouldBeFatal to true.

04:17 +1051: /home/albert/busystack/busymark/test/src/source_editor_widget_test.dart: Source native inline paste preserves edge and only whitespace

Warning: A call to tap() with finder "Found 1 widget with type "TextField": [
  TextField(controller: BusyMarkSourceController#fdbd6(TextEditingValue(text: ┤leftDELETEright├, selection: TextSelection.collapsed(offset: 11, affinity: TextAffinity.downstream, isDirectional: false), composing: TextRange(start: -1, end: -1))), focusNode: FocusNode#c24c2, undoController: UndoHistoryController#26de9(UndoHistoryValue(canUndo: false, canRedo: false)), decoration: InputDecoration(contentPadding: EdgeInsets(12.0, 16.0, 16.0, 16.0), isCollapsed: true, fillColor: Color(alpha: 0.0000, red: 0.0000, green: 0.0000, blue: 0.0000, colorSpace: ColorSpace.sRGB), focusColor: Color(alpha: 0.0000, red: 0.0000, green: 0.0000, blue: 0.0000, colorSpace: ColorSpace.sRGB), hoverColor: Color(alpha: 0.0000, red: 0.0000, green: 0.0000, blue: 0.0000, colorSpace: ColorSpace.sRGB), focusedBorder: _NoInputBorder(), enabledBorder: _NoInputBorder(), border: _NoInputBorder()), keyboardType: TextInputType(name: TextInputType.multiline, signed: null, decimal: null), style: TextStyle(inherit: true, family: Ubuntu Mono, familyFallback: [Noto Sans Arabic, Noto Sans Mono, DejaVu Sans Mono, DejaVu Sans], size: 14.0, height: 1.6x, leadingDistribution: even), autocorrect: false, smartDashesType: disabled, smartQuotesType: disabled, enableSuggestions: false, maxLines: null, expands: true, textAlignVertical: TextAlignVertical(y: -1.0), textDirection: ltr, cursorWidth: 1.4, cursorHeight: 18.8, cursorColor: Color(alpha: 0.8200, red: 0.9686, green: 0.9686, blue: 0.9686, colorSpace: ColorSpace.sRGB), scrollController: ScrollController#ad844(one client, offset 0.0), dependencies: [DefaultSelectionStyle, InheritedCupertinoTheme, MediaQuery, UnmanagedRestorationScope, _InheritedTheme, _LocalizationsScope-[GlobalKey#0a218]], state: _TextFieldState#4368b),
]" derived an Offset (Offset(425.5, 300.0)) that would not hit test on the specified widget.
Maybe the widget is actually off-screen, or another widget is obscuring it, or the widget cannot receive pointer events.
The finder corresponds to this RenderBox: RenderMouseRegion#c5200
The hit test result at that offset is: HitTestResult(RenderMouseRegion#60c72@Offset(425.5, 300.0), RenderSemanticsAnnotations#ed589@Offset(425.5, 300.0), RenderPointerListener#98ee3@Offset(425.5, 300.0), RenderSemanticsGestureHandler#57fc0@Offset(425.5, 300.0), RenderExcludeSemantics#acbe4@Offset(425.5, 300.0), RenderBlockSemantics#23a8b@Offset(425.5, 300.0), RenderIgnorePointer#344c6@Offset(425.5, 300.0), RenderSemanticsAnnotations#aa789@Offset(425.5, 300.0), _RenderTheater#5c484@Offset(425.5, 300.0), RenderAbsorbPointer#39618@Offset(425.5, 300.0), RenderPointerListener#5ee36@Offset(425.5, 300.0), RenderSemanticsAnnotations#b079f@Offset(425.5, 300.0), RenderCustomPaint#03ae0@Offset(425.5, 300.0), RenderSemanticsAnnotations#a5b18@Offset(425.5, 300.0), RenderSemanticsAnnotations#122fc@Offset(425.5, 300.0), RenderSemanticsAnnotations#8fb8e@Offset(425.5, 300.0), RenderTapRegionSurface#06562@Offset(425.5, 300.0), RenderSemanticsAnnotations#75f30@Offset(425.5, 300.0), RenderSemanticsAnnotations#94539@Offset(425.5, 300.0), HitTestEntry<HitTestTarget>#abdbd(_ReusableRenderView#fce4f), HitTestEntry<HitTestTarget>#be901(<AutomatedTestWidgetsFlutterBinding>))
#0      WidgetController._getElementPoint (package:flutter_test/src/controller.dart:2165:25)
#1      WidgetController.getCenter (package:flutter_test/src/controller.dart:1947:12)
#2      WidgetController.tap (package:flutter_test/src/controller.dart:1080:7)
#3      _pumpClipboardSourceEditor (file:///home/albert/busystack/busymark/test/src/source_editor_widget_test.dart:9400:16)
<asynchronous suspension>
#4      main.<anonymous closure> (file:///home/albert/busystack/busymark/test/src/source_editor_widget_test.dart:7379:24)
<asynchronous suspension>
#5      testWidgets.<anonymous closure>.<anonymous closure> (package:flutter_test/src/widget_tester.dart:192:15)
<asynchronous suspension>
#6      TestWidgetsFlutterBinding._runTestBody (package:flutter_test/src/binding.dart:1953:5)
<asynchronous suspension>
#7      StackZoneSpecification._registerCallback.<anonymous closure> (package:stack_trace/src/stack_zone_specification.dart:114:42)
<asynchronous suspension>
To silence this warning, pass "warnIfMissed: false" to "tap()".
To make this warning fatal, set WidgetController.hitTestWarningShouldBeFatal to true.

04:17 +1052: /home/albert/busystack/busymark/test/src/source_editor_widget_test.dart: Source native rich edge whitespace repeats and restores real Undo state
04:17 +1053: /home/albert/busystack/busymark/test/src/source_editor_widget_test.dart: Source structured paste respects table-cell semantics
04:17 +1054: /home/albert/busystack/busymark/test/src/source_editor_widget_test.dart: Source maps a final table cell ending in an escaped pipe
04:17 +1055: /home/albert/busystack/busymark/test/src/source_editor_widget_test.dart: Source structured blocks preserve list and quote containers
04:17 +1056: /home/albert/busystack/busymark/test/src/source_editor_widget_test.dart: Source complete blocks remain in containers at every content boundary

Warning: A call to tap() with finder "Found 1 widget with type "TextField": [
  TextField(controller: BusyMarkSourceController#eed69(TextEditingValue(text: ┤> item├, selection: TextSelection.collapsed(offset: 6, affinity: TextAffinity.downstream, isDirectional: false), composing: TextRange(start: -1, end: -1))), focusNode: FocusNode#4dc05, undoController: UndoHistoryController#5d336(UndoHistoryValue(canUndo: false, canRedo: false)), decoration: InputDecoration(contentPadding: EdgeInsets(12.0, 16.0, 16.0, 16.0), isCollapsed: true, fillColor: Color(alpha: 0.0000, red: 0.0000, green: 0.0000, blue: 0.0000, colorSpace: ColorSpace.sRGB), focusColor: Color(alpha: 0.0000, red: 0.0000, green: 0.0000, blue: 0.0000, colorSpace: ColorSpace.sRGB), hoverColor: Color(alpha: 0.0000, red: 0.0000, green: 0.0000, blue: 0.0000, colorSpace: ColorSpace.sRGB), focusedBorder: _NoInputBorder(), enabledBorder: _NoInputBorder(), border: _NoInputBorder()), keyboardType: TextInputType(name: TextInputType.multiline, signed: null, decimal: null), style: TextStyle(inherit: true, family: Ubuntu Mono, familyFallback: [Noto Sans Arabic, Noto Sans Mono, DejaVu Sans Mono, DejaVu Sans], size: 14.0, height: 1.6x, leadingDistribution: even), autocorrect: false, smartDashesType: disabled, smartQuotesType: disabled, enableSuggestions: false, maxLines: null, expands: true, textAlignVertical: TextAlignVertical(y: -1.0), textDirection: ltr, cursorWidth: 1.4, cursorHeight: 18.8, cursorColor: Color(alpha: 0.8200, red: 0.9686, green: 0.9686, blue: 0.9686, colorSpace: ColorSpace.sRGB), scrollController: ScrollController#9f075(one client, offset 0.0), dependencies: [DefaultSelectionStyle, InheritedCupertinoTheme, MediaQuery, UnmanagedRestorationScope, _InheritedTheme, _LocalizationsScope-[GlobalKey#8e83c]], state: _TextFieldState#87ddf),
]" derived an Offset (Offset(425.5, 300.0)) that would not hit test on the specified widget.
Maybe the widget is actually off-screen, or another widget is obscuring it, or the widget cannot receive pointer events.
The finder corresponds to this RenderBox: RenderMouseRegion#8a07d
The hit test result at that offset is: HitTestResult(RenderMouseRegion#4a7a6@Offset(425.5, 300.0), RenderSemanticsAnnotations#6b0ae@Offset(425.5, 300.0), RenderPointerListener#5a1a2@Offset(425.5, 300.0), RenderSemanticsGestureHandler#2882c@Offset(425.5, 300.0), RenderExcludeSemantics#6aa5a@Offset(425.5, 300.0), RenderBlockSemantics#562d4@Offset(425.5, 300.0), RenderIgnorePointer#7d063@Offset(425.5, 300.0), RenderSemanticsAnnotations#e242b@Offset(425.5, 300.0), _RenderTheater#a9f14@Offset(425.5, 300.0), RenderAbsorbPointer#47e2b@Offset(425.5, 300.0), RenderPointerListener#0a93f@Offset(425.5, 300.0), RenderSemanticsAnnotations#f4398@Offset(425.5, 300.0), RenderCustomPaint#a6bf7@Offset(425.5, 300.0), RenderSemanticsAnnotations#60bb1@Offset(425.5, 300.0), RenderSemanticsAnnotations#a3946@Offset(425.5, 300.0), RenderSemanticsAnnotations#0c7eb@Offset(425.5, 300.0), RenderTapRegionSurface#a2f31@Offset(425.5, 300.0), RenderSemanticsAnnotations#e810a@Offset(425.5, 300.0), RenderSemanticsAnnotations#5e79b@Offset(425.5, 300.0), HitTestEntry<HitTestTarget>#262ff(_ReusableRenderView#fce4f), HitTestEntry<HitTestTarget>#e0bd8(<AutomatedTestWidgetsFlutterBinding>))
#0      WidgetController._getElementPoint (package:flutter_test/src/controller.dart:2165:25)
#1      WidgetController.getCenter (package:flutter_test/src/controller.dart:1947:12)
#2      WidgetController.tap (package:flutter_test/src/controller.dart:1080:7)
#3      _pumpClipboardSourceEditor (file:///home/albert/busystack/busymark/test/src/source_editor_widget_test.dart:9400:16)
<asynchronous suspension>
#4      main.<anonymous closure> (file:///home/albert/busystack/busymark/test/src/source_editor_widget_test.dart:7808:28)
<asynchronous suspension>
#5      testWidgets.<anonymous closure>.<anonymous closure> (package:flutter_test/src/widget_tester.dart:192:15)
<asynchronous suspension>
#6      TestWidgetsFlutterBinding._runTestBody (package:flutter_test/src/binding.dart:1953:5)
<asynchronous suspension>
#7      StackZoneSpecification._registerCallback.<anonymous closure> (package:stack_trace/src/stack_zone_specification.dart:114:42)
<asynchronous suspension>
To silence this warning, pass "warnIfMissed: false" to "tap()".
To make this warning fatal, set WidgetController.hitTestWarningShouldBeFatal to true.


Warning: A call to tap() with finder "Found 1 widget with type "TextField": [
  TextField(controller:
    BusyMarkSourceController#eed69(TextEditingValue(text: ┤> item
    ├, selection: TextSelection.collapsed(offset: 7, affinity: TextAffinity.downstream, isDirectional: false), composing: TextRange(start: -1, end: -1)))
  , focusNode: FocusNode#4dc05, undoController: UndoHistoryController#5d336(UndoHistoryValue(canUndo: false, canRedo: false)), decoration: InputDecoration(contentPadding: EdgeInsets(12.0, 16.0, 16.0, 16.0), isCollapsed: true, fillColor: Color(alpha: 0.0000, red: 0.0000, green: 0.0000, blue: 0.0000, colorSpace: ColorSpace.sRGB), focusColor: Color(alpha: 0.0000, red: 0.0000, green: 0.0000, blue: 0.0000, colorSpace: ColorSpace.sRGB), hoverColor: Color(alpha: 0.0000, red: 0.0000, green: 0.0000, blue: 0.0000, colorSpace: ColorSpace.sRGB), focusedBorder: _NoInputBorder(), enabledBorder: _NoInputBorder(), border: _NoInputBorder()), keyboardType: TextInputType(name: TextInputType.multiline, signed: null, decimal: null), style: TextStyle(inherit: true, family: Ubuntu Mono, familyFallback: [Noto Sans Arabic, Noto Sans Mono, DejaVu Sans Mono, DejaVu Sans], size: 14.0, height: 1.6x, leadingDistribution: even), autocorrect: false, smartDashesType: disabled, smartQuotesType: disabled, enableSuggestions: false, maxLines: null, expands: true, textAlignVertical: TextAlignVertical(y: -1.0), textDirection: ltr, cursorWidth: 1.4, cursorHeight: 18.8, cursorColor: Color(alpha: 0.8200, red: 0.9686, green: 0.9686, blue: 0.9686, colorSpace: ColorSpace.sRGB), scrollController: ScrollController#9f075(one client, offset 0.0), dependencies: [DefaultSelectionStyle, InheritedCupertinoTheme, MediaQuery, UnmanagedRestorationScope, _InheritedTheme, _LocalizationsScope-[GlobalKey#8e83c]], state: _TextFieldState#87ddf),
]" derived an Offset (Offset(425.5, 300.0)) that would not hit test on the specified widget.
Maybe the widget is actually off-screen, or another widget is obscuring it, or the widget cannot receive pointer events.
The finder corresponds to this RenderBox: RenderMouseRegion#8a07d
The hit test result at that offset is: HitTestResult(RenderMouseRegion#4d1da@Offset(425.5, 300.0), RenderSemanticsAnnotations#a0c71@Offset(425.5, 300.0), RenderPointerListener#f0313@Offset(425.5, 300.0), RenderSemanticsGestureHandler#ec430@Offset(425.5, 300.0), RenderExcludeSemantics#5e3eb@Offset(425.5, 300.0), RenderBlockSemantics#84bd2@Offset(425.5, 300.0), RenderIgnorePointer#2725d@Offset(425.5, 300.0), RenderSemanticsAnnotations#4ccd1@Offset(425.5, 300.0), _RenderTheater#a9f14@Offset(425.5, 300.0), RenderAbsorbPointer#47e2b@Offset(425.5, 300.0), RenderPointerListener#0a93f@Offset(425.5, 300.0), RenderSemanticsAnnotations#f4398@Offset(425.5, 300.0), RenderCustomPaint#a6bf7@Offset(425.5, 300.0), RenderSemanticsAnnotations#60bb1@Offset(425.5, 300.0), RenderSemanticsAnnotations#a3946@Offset(425.5, 300.0), RenderSemanticsAnnotations#0c7eb@Offset(425.5, 300.0), RenderTapRegionSurface#a2f31@Offset(425.5, 300.0), RenderSemanticsAnnotations#e810a@Offset(425.5, 300.0), RenderSemanticsAnnotations#5e79b@Offset(425.5, 300.0), HitTestEntry<HitTestTarget>#a9fe2(_ReusableRenderView#fce4f), HitTestEntry<HitTestTarget>#30177(<AutomatedTestWidgetsFlutterBinding>))
#0      WidgetController._getElementPoint (package:flutter_test/src/controller.dart:2165:25)
#1      WidgetController.getCenter (package:flutter_test/src/controller.dart:1947:12)
#2      WidgetController.tap (package:flutter_test/src/controller.dart:1080:7)
#3      _pumpClipboardSourceEditor (file:///home/albert/busystack/busymark/test/src/source_editor_widget_test.dart:9400:16)
<asynchronous suspension>
#4      main.<anonymous closure> (file:///home/albert/busystack/busymark/test/src/source_editor_widget_test.dart:7808:28)
<asynchronous suspension>
#5      testWidgets.<anonymous closure>.<anonymous closure> (package:flutter_test/src/widget_tester.dart:192:15)
<asynchronous suspension>
#6      TestWidgetsFlutterBinding._runTestBody (package:flutter_test/src/binding.dart:1953:5)
<asynchronous suspension>
#7      StackZoneSpecification._registerCallback.<anonymous closure> (package:stack_trace/src/stack_zone_specification.dart:114:42)
<asynchronous suspension>
To silence this warning, pass "warnIfMissed: false" to "tap()".
To make this warning fatal, set WidgetController.hitTestWarningShouldBeFatal to true.


Warning: A call to tap() with finder "Found 1 widget with type "TextField": [
  TextField(controller: BusyMarkSourceController#eed69(TextEditingValue(text: ┤- item├, selection: TextSelection.collapsed(offset: 6, affinity: TextAffinity.downstream, isDirectional: false), composing: TextRange(start: -1, end: -1))), focusNode: FocusNode#4dc05, undoController: UndoHistoryController#5d336(UndoHistoryValue(canUndo: false, canRedo: false)), decoration: InputDecoration(contentPadding: EdgeInsets(12.0, 16.0, 16.0, 16.0), isCollapsed: true, fillColor: Color(alpha: 0.0000, red: 0.0000, green: 0.0000, blue: 0.0000, colorSpace: ColorSpace.sRGB), focusColor: Color(alpha: 0.0000, red: 0.0000, green: 0.0000, blue: 0.0000, colorSpace: ColorSpace.sRGB), hoverColor: Color(alpha: 0.0000, red: 0.0000, green: 0.0000, blue: 0.0000, colorSpace: ColorSpace.sRGB), focusedBorder: _NoInputBorder(), enabledBorder: _NoInputBorder(), border: _NoInputBorder()), keyboardType: TextInputType(name: TextInputType.multiline, signed: null, decimal: null), style: TextStyle(inherit: true, family: Ubuntu Mono, familyFallback: [Noto Sans Arabic, Noto Sans Mono, DejaVu Sans Mono, DejaVu Sans], size: 14.0, height: 1.6x, leadingDistribution: even), autocorrect: false, smartDashesType: disabled, smartQuotesType: disabled, enableSuggestions: false, maxLines: null, expands: true, textAlignVertical: TextAlignVertical(y: -1.0), textDirection: ltr, cursorWidth: 1.4, cursorHeight: 18.8, cursorColor: Color(alpha: 0.8200, red: 0.9686, green: 0.9686, blue: 0.9686, colorSpace: ColorSpace.sRGB), scrollController: ScrollController#9f075(one client, offset 0.0), dependencies: [DefaultSelectionStyle, InheritedCupertinoTheme, MediaQuery, UnmanagedRestorationScope, _InheritedTheme, _LocalizationsScope-[GlobalKey#8e83c]], state: _TextFieldState#87ddf),
]" derived an Offset (Offset(425.5, 300.0)) that would not hit test on the specified widget.
Maybe the widget is actually off-screen, or another widget is obscuring it, or the widget cannot receive pointer events.
The finder corresponds to this RenderBox: RenderMouseRegion#8a07d
The hit test result at that offset is: HitTestResult(RenderMouseRegion#5f3cf@Offset(425.5, 300.0), RenderSemanticsAnnotations#40240@Offset(425.5, 300.0), RenderPointerListener#6a9d9@Offset(425.5, 300.0), RenderSemanticsGestureHandler#3eb5e@Offset(425.5, 300.0), RenderExcludeSemantics#a7eea@Offset(425.5, 300.0), RenderBlockSemantics#0a82e@Offset(425.5, 300.0), RenderIgnorePointer#1abaa@Offset(425.5, 300.0), RenderSemanticsAnnotations#9dd9a@Offset(425.5, 300.0), _RenderTheater#a9f14@Offset(425.5, 300.0), RenderAbsorbPointer#47e2b@Offset(425.5, 300.0), RenderPointerListener#0a93f@Offset(425.5, 300.0), RenderSemanticsAnnotations#f4398@Offset(425.5, 300.0), RenderCustomPaint#a6bf7@Offset(425.5, 300.0), RenderSemanticsAnnotations#60bb1@Offset(425.5, 300.0), RenderSemanticsAnnotations#a3946@Offset(425.5, 300.0), RenderSemanticsAnnotations#0c7eb@Offset(425.5, 300.0), RenderTapRegionSurface#a2f31@Offset(425.5, 300.0), RenderSemanticsAnnotations#e810a@Offset(425.5, 300.0), RenderSemanticsAnnotations#5e79b@Offset(425.5, 300.0), HitTestEntry<HitTestTarget>#cca6e(_ReusableRenderView#fce4f), HitTestEntry<HitTestTarget>#dad1d(<AutomatedTestWidgetsFlutterBinding>))
#0      WidgetController._getElementPoint (package:flutter_test/src/controller.dart:2165:25)
#1      WidgetController.getCenter (package:flutter_test/src/controller.dart:1947:12)
#2      WidgetController.tap (package:flutter_test/src/controller.dart:1080:7)
#3      _pumpClipboardSourceEditor (file:///home/albert/busystack/busymark/test/src/source_editor_widget_test.dart:9400:16)
<asynchronous suspension>
#4      main.<anonymous closure> (file:///home/albert/busystack/busymark/test/src/source_editor_widget_test.dart:7808:28)
<asynchronous suspension>
#5      testWidgets.<anonymous closure>.<anonymous closure> (package:flutter_test/src/widget_tester.dart:192:15)
<asynchronous suspension>
#6      TestWidgetsFlutterBinding._runTestBody (package:flutter_test/src/binding.dart:1953:5)
<asynchronous suspension>
#7      StackZoneSpecification._registerCallback.<anonymous closure> (package:stack_trace/src/stack_zone_specification.dart:114:42)
<asynchronous suspension>
To silence this warning, pass "warnIfMissed: false" to "tap()".
To make this warning fatal, set WidgetController.hitTestWarningShouldBeFatal to true.


Warning: A call to tap() with finder "Found 1 widget with type "TextField": [
  TextField(controller:
    BusyMarkSourceController#eed69(TextEditingValue(text: ┤- item
    ├, selection: TextSelection.collapsed(offset: 7, affinity: TextAffinity.downstream, isDirectional: false), composing: TextRange(start: -1, end: -1)))
  , focusNode: FocusNode#4dc05, undoController: UndoHistoryController#5d336(UndoHistoryValue(canUndo: false, canRedo: false)), decoration: InputDecoration(contentPadding: EdgeInsets(12.0, 16.0, 16.0, 16.0), isCollapsed: true, fillColor: Color(alpha: 0.0000, red: 0.0000, green: 0.0000, blue: 0.0000, colorSpace: ColorSpace.sRGB), focusColor: Color(alpha: 0.0000, red: 0.0000, green: 0.0000, blue: 0.0000, colorSpace: ColorSpace.sRGB), hoverColor: Color(alpha: 0.0000, red: 0.0000, green: 0.0000, blue: 0.0000, colorSpace: ColorSpace.sRGB), focusedBorder: _NoInputBorder(), enabledBorder: _NoInputBorder(), border: _NoInputBorder()), keyboardType: TextInputType(name: TextInputType.multiline, signed: null, decimal: null), style: TextStyle(inherit: true, family: Ubuntu Mono, familyFallback: [Noto Sans Arabic, Noto Sans Mono, DejaVu Sans Mono, DejaVu Sans], size: 14.0, height: 1.6x, leadingDistribution: even), autocorrect: false, smartDashesType: disabled, smartQuotesType: disabled, enableSuggestions: false, maxLines: null, expands: true, textAlignVertical: TextAlignVertical(y: -1.0), textDirection: ltr, cursorWidth: 1.4, cursorHeight: 18.8, cursorColor: Color(alpha: 0.8200, red: 0.9686, green: 0.9686, blue: 0.9686, colorSpace: ColorSpace.sRGB), scrollController: ScrollController#9f075(one client, offset 0.0), dependencies: [DefaultSelectionStyle, InheritedCupertinoTheme, MediaQuery, UnmanagedRestorationScope, _InheritedTheme, _LocalizationsScope-[GlobalKey#8e83c]], state: _TextFieldState#87ddf),
]" derived an Offset (Offset(425.5, 300.0)) that would not hit test on the specified widget.
Maybe the widget is actually off-screen, or another widget is obscuring it, or the widget cannot receive pointer events.
The finder corresponds to this RenderBox: RenderMouseRegion#8a07d
The hit test result at that offset is: HitTestResult(RenderMouseRegion#e1330@Offset(425.5, 300.0), RenderSemanticsAnnotations#8561e@Offset(425.5, 300.0), RenderPointerListener#deab9@Offset(425.5, 300.0), RenderSemanticsGestureHandler#9f5fb@Offset(425.5, 300.0), RenderExcludeSemantics#b086a@Offset(425.5, 300.0), RenderBlockSemantics#b8a62@Offset(425.5, 300.0), RenderIgnorePointer#639c4@Offset(425.5, 300.0), RenderSemanticsAnnotations#2d509@Offset(425.5, 300.0), _RenderTheater#a9f14@Offset(425.5, 300.0), RenderAbsorbPointer#47e2b@Offset(425.5, 300.0), RenderPointerListener#0a93f@Offset(425.5, 300.0), RenderSemanticsAnnotations#f4398@Offset(425.5, 300.0), RenderCustomPaint#a6bf7@Offset(425.5, 300.0), RenderSemanticsAnnotations#60bb1@Offset(425.5, 300.0), RenderSemanticsAnnotations#a3946@Offset(425.5, 300.0), RenderSemanticsAnnotations#0c7eb@Offset(425.5, 300.0), RenderTapRegionSurface#a2f31@Offset(425.5, 300.0), RenderSemanticsAnnotations#e810a@Offset(425.5, 300.0), RenderSemanticsAnnotations#5e79b@Offset(425.5, 300.0), HitTestEntry<HitTestTarget>#3fcb3(_ReusableRenderView#fce4f), HitTestEntry<HitTestTarget>#5f602(<AutomatedTestWidgetsFlutterBinding>))
#0      WidgetController._getElementPoint (package:flutter_test/src/controller.dart:2165:25)
#1      WidgetController.getCenter (package:flutter_test/src/controller.dart:1947:12)
#2      WidgetController.tap (package:flutter_test/src/controller.dart:1080:7)
#3      _pumpClipboardSourceEditor (file:///home/albert/busystack/busymark/test/src/source_editor_widget_test.dart:9400:16)
<asynchronous suspension>
#4      main.<anonymous closure> (file:///home/albert/busystack/busymark/test/src/source_editor_widget_test.dart:7808:28)
<asynchronous suspension>
#5      testWidgets.<anonymous closure>.<anonymous closure> (package:flutter_test/src/widget_tester.dart:192:15)
<asynchronous suspension>
#6      TestWidgetsFlutterBinding._runTestBody (package:flutter_test/src/binding.dart:1953:5)
<asynchronous suspension>
#7      StackZoneSpecification._registerCallback.<anonymous closure> (package:stack_trace/src/stack_zone_specification.dart:114:42)
<asynchronous suspension>
To silence this warning, pass "warnIfMissed: false" to "tap()".
To make this warning fatal, set WidgetController.hitTestWarningShouldBeFatal to true.


Warning: A call to tap() with finder "Found 1 widget with type "TextField": [
  TextField(controller: BusyMarkSourceController#eed69(TextEditingValue(text: ┤>   3. item├, selection: TextSelection.collapsed(offset: 11, affinity: TextAffinity.downstream, isDirectional: false), composing: TextRange(start: -1, end: -1))), focusNode: FocusNode#4dc05, undoController: UndoHistoryController#5d336(UndoHistoryValue(canUndo: false, canRedo: false)), decoration: InputDecoration(contentPadding: EdgeInsets(12.0, 16.0, 16.0, 16.0), isCollapsed: true, fillColor: Color(alpha: 0.0000, red: 0.0000, green: 0.0000, blue: 0.0000, colorSpace: ColorSpace.sRGB), focusColor: Color(alpha: 0.0000, red: 0.0000, green: 0.0000, blue: 0.0000, colorSpace: ColorSpace.sRGB), hoverColor: Color(alpha: 0.0000, red: 0.0000, green: 0.0000, blue: 0.0000, colorSpace: ColorSpace.sRGB), focusedBorder: _NoInputBorder(), enabledBorder: _NoInputBorder(), border: _NoInputBorder()), keyboardType: TextInputType(name: TextInputType.multiline, signed: null, decimal: null), style: TextStyle(inherit: true, family: Ubuntu Mono, familyFallback: [Noto Sans Arabic, Noto Sans Mono, DejaVu Sans Mono, DejaVu Sans], size: 14.0, height: 1.6x, leadingDistribution: even), autocorrect: false, smartDashesType: disabled, smartQuotesType: disabled, enableSuggestions: false, maxLines: null, expands: true, textAlignVertical: TextAlignVertical(y: -1.0), textDirection: ltr, cursorWidth: 1.4, cursorHeight: 18.8, cursorColor: Color(alpha: 0.8200, red: 0.9686, green: 0.9686, blue: 0.9686, colorSpace: ColorSpace.sRGB), scrollController: ScrollController#9f075(one client, offset 0.0), dependencies: [DefaultSelectionStyle, InheritedCupertinoTheme, MediaQuery, UnmanagedRestorationScope, _InheritedTheme, _LocalizationsScope-[GlobalKey#8e83c]], state: _TextFieldState#87ddf),
]" derived an Offset (Offset(425.5, 300.0)) that would not hit test on the specified widget.
Maybe the widget is actually off-screen, or another widget is obscuring it, or the widget cannot receive pointer events.
The finder corresponds to this RenderBox: RenderMouseRegion#8a07d
The hit test result at that offset is: HitTestResult(RenderMouseRegion#42007@Offset(425.5, 300.0), RenderSemanticsAnnotations#9e1e5@Offset(425.5, 300.0), RenderPointerListener#d9610@Offset(425.5, 300.0), RenderSemanticsGestureHandler#a72c5@Offset(425.5, 300.0), RenderExcludeSemantics#16e6f@Offset(425.5, 300.0), RenderBlockSemantics#438c1@Offset(425.5, 300.0), RenderIgnorePointer#4b19c@Offset(425.5, 300.0), RenderSemanticsAnnotations#a2cfe@Offset(425.5, 300.0), _RenderTheater#a9f14@Offset(425.5, 300.0), RenderAbsorbPointer#47e2b@Offset(425.5, 300.0), RenderPointerListener#0a93f@Offset(425.5, 300.0), RenderSemanticsAnnotations#f4398@Offset(425.5, 300.0), RenderCustomPaint#a6bf7@Offset(425.5, 300.0), RenderSemanticsAnnotations#60bb1@Offset(425.5, 300.0), RenderSemanticsAnnotations#a3946@Offset(425.5, 300.0), RenderSemanticsAnnotations#0c7eb@Offset(425.5, 300.0), RenderTapRegionSurface#a2f31@Offset(425.5, 300.0), RenderSemanticsAnnotations#e810a@Offset(425.5, 300.0), RenderSemanticsAnnotations#5e79b@Offset(425.5, 300.0), HitTestEntry<HitTestTarget>#7c159(_ReusableRenderView#fce4f), HitTestEntry<HitTestTarget>#c472f(<AutomatedTestWidgetsFlutterBinding>))
#0      WidgetController._getElementPoint (package:flutter_test/src/controller.dart:2165:25)
#1      WidgetController.getCenter (package:flutter_test/src/controller.dart:1947:12)
#2      WidgetController.tap (package:flutter_test/src/controller.dart:1080:7)
#3      _pumpClipboardSourceEditor (file:///home/albert/busystack/busymark/test/src/source_editor_widget_test.dart:9400:16)
<asynchronous suspension>
#4      main.<anonymous closure> (file:///home/albert/busystack/busymark/test/src/source_editor_widget_test.dart:7808:28)
<asynchronous suspension>
#5      testWidgets.<anonymous closure>.<anonymous closure> (package:flutter_test/src/widget_tester.dart:192:15)
<asynchronous suspension>
#6      TestWidgetsFlutterBinding._runTestBody (package:flutter_test/src/binding.dart:1953:5)
<asynchronous suspension>
#7      StackZoneSpecification._registerCallback.<anonymous closure> (package:stack_trace/src/stack_zone_specification.dart:114:42)
<asynchronous suspension>
To silence this warning, pass "warnIfMissed: false" to "tap()".
To make this warning fatal, set WidgetController.hitTestWarningShouldBeFatal to true.

04:18 +1057: /home/albert/busystack/busymark/test/src/source_editor_widget_test.dart: Source complete blocks retain continuation-line ancestors

Warning: A call to tap() with finder "Found 1 widget with type "TextField": [
  TextField(controller:
    BusyMarkSourceController#c685b(TextEditingValue(text: ┤- first
      leftright
    ├, selection: TextSelection.collapsed(offset: 20, affinity: TextAffinity.downstream, isDirectional: false), composing: TextRange(start: -1, end: -1)))
  , focusNode: FocusNode#3e6ea, undoController: UndoHistoryController#5e8d3(UndoHistoryValue(canUndo: false, canRedo: false)), decoration: InputDecoration(contentPadding: EdgeInsets(12.0, 16.0, 16.0, 16.0), isCollapsed: true, fillColor: Color(alpha: 0.0000, red: 0.0000, green: 0.0000, blue: 0.0000, colorSpace: ColorSpace.sRGB), focusColor: Color(alpha: 0.0000, red: 0.0000, green: 0.0000, blue: 0.0000, colorSpace: ColorSpace.sRGB), hoverColor: Color(alpha: 0.0000, red: 0.0000, green: 0.0000, blue: 0.0000, colorSpace: ColorSpace.sRGB), focusedBorder: _NoInputBorder(), enabledBorder: _NoInputBorder(), border: _NoInputBorder()), keyboardType: TextInputType(name: TextInputType.multiline, signed: null, decimal: null), style: TextStyle(inherit: true, family: Ubuntu Mono, familyFallback: [Noto Sans Arabic, Noto Sans Mono, DejaVu Sans Mono, DejaVu Sans], size: 14.0, height: 1.6x, leadingDistribution: even), autocorrect: false, smartDashesType: disabled, smartQuotesType: disabled, enableSuggestions: false, maxLines: null, expands: true, textAlignVertical: TextAlignVertical(y: -1.0), textDirection: ltr, cursorWidth: 1.4, cursorHeight: 18.8, cursorColor: Color(alpha: 0.8200, red: 0.9686, green: 0.9686, blue: 0.9686, colorSpace: ColorSpace.sRGB), scrollController: ScrollController#a3827(one client, offset 0.0), dependencies: [DefaultSelectionStyle, InheritedCupertinoTheme, MediaQuery, UnmanagedRestorationScope, _InheritedTheme, _LocalizationsScope-[GlobalKey#b02a7]], state: _TextFieldState#f472b),
]" derived an Offset (Offset(425.5, 300.0)) that would not hit test on the specified widget.
Maybe the widget is actually off-screen, or another widget is obscuring it, or the widget cannot receive pointer events.
The finder corresponds to this RenderBox: RenderMouseRegion#50086
The hit test result at that offset is: HitTestResult(RenderMouseRegion#d17d8@Offset(425.5, 300.0), RenderSemanticsAnnotations#b989b@Offset(425.5, 300.0), RenderPointerListener#f517e@Offset(425.5, 300.0), RenderSemanticsGestureHandler#67ea4@Offset(425.5, 300.0), RenderExcludeSemantics#5b994@Offset(425.5, 300.0), RenderBlockSemantics#7491f@Offset(425.5, 300.0), RenderIgnorePointer#dabf7@Offset(425.5, 300.0), RenderSemanticsAnnotations#fefb6@Offset(425.5, 300.0), _RenderTheater#b5ba0@Offset(425.5, 300.0), RenderAbsorbPointer#e1ca1@Offset(425.5, 300.0), RenderPointerListener#b7527@Offset(425.5, 300.0), RenderSemanticsAnnotations#bd2d9@Offset(425.5, 300.0), RenderCustomPaint#ad13b@Offset(425.5, 300.0), RenderSemanticsAnnotations#d29dc@Offset(425.5, 300.0), RenderSemanticsAnnotations#f35f1@Offset(425.5, 300.0), RenderSemanticsAnnotations#05abe@Offset(425.5, 300.0), RenderTapRegionSurface#0dce0@Offset(425.5, 300.0), RenderSemanticsAnnotations#1213f@Offset(425.5, 300.0), RenderSemanticsAnnotations#c0848@Offset(425.5, 300.0), HitTestEntry<HitTestTarget>#3af40(_ReusableRenderView#fce4f), HitTestEntry<HitTestTarget>#11ab8(<AutomatedTestWidgetsFlutterBinding>))
#0      WidgetController._getElementPoint (package:flutter_test/src/controller.dart:2165:25)
#1      WidgetController.getCenter (package:flutter_test/src/controller.dart:1947:12)
#2      WidgetController.tap (package:flutter_test/src/controller.dart:1080:7)
#3      _pumpClipboardSourceEditor (file:///home/albert/busystack/busymark/test/src/source_editor_widget_test.dart:9400:16)
<asynchronous suspension>
#4      main.<anonymous closure> (file:///home/albert/busystack/busymark/test/src/source_editor_widget_test.dart:7849:28)
<asynchronous suspension>
#5      testWidgets.<anonymous closure>.<anonymous closure> (package:flutter_test/src/widget_tester.dart:192:15)
<asynchronous suspension>
#6      TestWidgetsFlutterBinding._runTestBody (package:flutter_test/src/binding.dart:1953:5)
<asynchronous suspension>
#7      StackZoneSpecification._registerCallback.<anonymous closure> (package:stack_trace/src/stack_zone_specification.dart:114:42)
<asynchronous suspension>
To silence this warning, pass "warnIfMissed: false" to "tap()".
To make this warning fatal, set WidgetController.hitTestWarningShouldBeFatal to true.


Warning: A call to tap() with finder "Found 1 widget with type "TextField": [
  TextField(controller:
    BusyMarkSourceController#c685b(TextEditingValue(text: ┤- first

      leftright
    ├, selection: TextSelection.collapsed(offset: 21, affinity: TextAffinity.downstream, isDirectional: false), composing: TextRange(start: -1, end: -1)))
  , focusNode: FocusNode#3e6ea, undoController: UndoHistoryController#5e8d3(UndoHistoryValue(canUndo: false, canRedo: false)), decoration: InputDecoration(contentPadding: EdgeInsets(12.0, 16.0, 16.0, 16.0), isCollapsed: true, fillColor: Color(alpha: 0.0000, red: 0.0000, green: 0.0000, blue: 0.0000, colorSpace: ColorSpace.sRGB), focusColor: Color(alpha: 0.0000, red: 0.0000, green: 0.0000, blue: 0.0000, colorSpace: ColorSpace.sRGB), hoverColor: Color(alpha: 0.0000, red: 0.0000, green: 0.0000, blue: 0.0000, colorSpace: ColorSpace.sRGB), focusedBorder: _NoInputBorder(), enabledBorder: _NoInputBorder(), border: _NoInputBorder()), keyboardType: TextInputType(name: TextInputType.multiline, signed: null, decimal: null), style: TextStyle(inherit: true, family: Ubuntu Mono, familyFallback: [Noto Sans Arabic, Noto Sans Mono, DejaVu Sans Mono, DejaVu Sans], size: 14.0, height: 1.6x, leadingDistribution: even), autocorrect: false, smartDashesType: disabled, smartQuotesType: disabled, enableSuggestions: false, maxLines: null, expands: true, textAlignVertical: TextAlignVertical(y: -1.0), textDirection: ltr, cursorWidth: 1.4, cursorHeight: 18.8, cursorColor: Color(alpha: 0.8200, red: 0.9686, green: 0.9686, blue: 0.9686, colorSpace: ColorSpace.sRGB), scrollController: ScrollController#a3827(one client, offset 0.0), dependencies: [DefaultSelectionStyle, InheritedCupertinoTheme, MediaQuery, UnmanagedRestorationScope, _InheritedTheme, _LocalizationsScope-[GlobalKey#b02a7]], state: _TextFieldState#f472b),
]" derived an Offset (Offset(425.5, 300.0)) that would not hit test on the specified widget.
Maybe the widget is actually off-screen, or another widget is obscuring it, or the widget cannot receive pointer events.
The finder corresponds to this RenderBox: RenderMouseRegion#50086
The hit test result at that offset is: HitTestResult(RenderMouseRegion#b8d77@Offset(425.5, 300.0), RenderSemanticsAnnotations#762eb@Offset(425.5, 300.0), RenderPointerListener#dff5e@Offset(425.5, 300.0), RenderSemanticsGestureHandler#1ae88@Offset(425.5, 300.0), RenderExcludeSemantics#32fd3@Offset(425.5, 300.0), RenderBlockSemantics#5e339@Offset(425.5, 300.0), RenderIgnorePointer#298a2@Offset(425.5, 300.0), RenderSemanticsAnnotations#23686@Offset(425.5, 300.0), _RenderTheater#b5ba0@Offset(425.5, 300.0), RenderAbsorbPointer#e1ca1@Offset(425.5, 300.0), RenderPointerListener#b7527@Offset(425.5, 300.0), RenderSemanticsAnnotations#bd2d9@Offset(425.5, 300.0), RenderCustomPaint#ad13b@Offset(425.5, 300.0), RenderSemanticsAnnotations#d29dc@Offset(425.5, 300.0), RenderSemanticsAnnotations#f35f1@Offset(425.5, 300.0), RenderSemanticsAnnotations#05abe@Offset(425.5, 300.0), RenderTapRegionSurface#0dce0@Offset(425.5, 300.0), RenderSemanticsAnnotations#1213f@Offset(425.5, 300.0), RenderSemanticsAnnotations#c0848@Offset(425.5, 300.0), HitTestEntry<HitTestTarget>#dd596(_ReusableRenderView#fce4f), HitTestEntry<HitTestTarget>#4d8b0(<AutomatedTestWidgetsFlutterBinding>))
#0      WidgetController._getElementPoint (package:flutter_test/src/controller.dart:2165:25)
#1      WidgetController.getCenter (package:flutter_test/src/controller.dart:1947:12)
#2      WidgetController.tap (package:flutter_test/src/controller.dart:1080:7)
#3      _pumpClipboardSourceEditor (file:///home/albert/busystack/busymark/test/src/source_editor_widget_test.dart:9400:16)
<asynchronous suspension>
#4      main.<anonymous closure> (file:///home/albert/busystack/busymark/test/src/source_editor_widget_test.dart:7849:28)
<asynchronous suspension>
#5      testWidgets.<anonymous closure>.<anonymous closure> (package:flutter_test/src/widget_tester.dart:192:15)
<asynchronous suspension>
#6      TestWidgetsFlutterBinding._runTestBody (package:flutter_test/src/binding.dart:1953:5)
<asynchronous suspension>
#7      StackZoneSpecification._registerCallback.<anonymous closure> (package:stack_trace/src/stack_zone_specification.dart:114:42)
<asynchronous suspension>
To silence this warning, pass "warnIfMissed: false" to "tap()".
To make this warning fatal, set WidgetController.hitTestWarningShouldBeFatal to true.


Warning: A call to tap() with finder "Found 1 widget with type "TextField": [
  TextField(controller:
    BusyMarkSourceController#c685b(TextEditingValue(text: ┤> first
    leftright
    ├, selection: TextSelection.collapsed(offset: 18, affinity: TextAffinity.downstream, isDirectional: false), composing: TextRange(start: -1, end: -1)))
  , focusNode: FocusNode#3e6ea, undoController: UndoHistoryController#5e8d3(UndoHistoryValue(canUndo: false, canRedo: false)), decoration: InputDecoration(contentPadding: EdgeInsets(12.0, 16.0, 16.0, 16.0), isCollapsed: true, fillColor: Color(alpha: 0.0000, red: 0.0000, green: 0.0000, blue: 0.0000, colorSpace: ColorSpace.sRGB), focusColor: Color(alpha: 0.0000, red: 0.0000, green: 0.0000, blue: 0.0000, colorSpace: ColorSpace.sRGB), hoverColor: Color(alpha: 0.0000, red: 0.0000, green: 0.0000, blue: 0.0000, colorSpace: ColorSpace.sRGB), focusedBorder: _NoInputBorder(), enabledBorder: _NoInputBorder(), border: _NoInputBorder()), keyboardType: TextInputType(name: TextInputType.multiline, signed: null, decimal: null), style: TextStyle(inherit: true, family: Ubuntu Mono, familyFallback: [Noto Sans Arabic, Noto Sans Mono, DejaVu Sans Mono, DejaVu Sans], size: 14.0, height: 1.6x, leadingDistribution: even), autocorrect: false, smartDashesType: disabled, smartQuotesType: disabled, enableSuggestions: false, maxLines: null, expands: true, textAlignVertical: TextAlignVertical(y: -1.0), textDirection: ltr, cursorWidth: 1.4, cursorHeight: 18.8, cursorColor: Color(alpha: 0.8200, red: 0.9686, green: 0.9686, blue: 0.9686, colorSpace: ColorSpace.sRGB), scrollController: ScrollController#a3827(one client, offset 0.0), dependencies: [DefaultSelectionStyle, InheritedCupertinoTheme, MediaQuery, UnmanagedRestorationScope, _InheritedTheme, _LocalizationsScope-[GlobalKey#b02a7]], state: _TextFieldState#f472b),
]" derived an Offset (Offset(425.5, 300.0)) that would not hit test on the specified widget.
Maybe the widget is actually off-screen, or another widget is obscuring it, or the widget cannot receive pointer events.
The finder corresponds to this RenderBox: RenderMouseRegion#50086
The hit test result at that offset is: HitTestResult(RenderMouseRegion#f6ef5@Offset(425.5, 300.0), RenderSemanticsAnnotations#024dc@Offset(425.5, 300.0), RenderPointerListener#a3854@Offset(425.5, 300.0), RenderSemanticsGestureHandler#d68e8@Offset(425.5, 300.0), RenderExcludeSemantics#7fc39@Offset(425.5, 300.0), RenderBlockSemantics#75584@Offset(425.5, 300.0), RenderIgnorePointer#239ac@Offset(425.5, 300.0), RenderSemanticsAnnotations#f0e09@Offset(425.5, 300.0), _RenderTheater#b5ba0@Offset(425.5, 300.0), RenderAbsorbPointer#e1ca1@Offset(425.5, 300.0), RenderPointerListener#b7527@Offset(425.5, 300.0), RenderSemanticsAnnotations#bd2d9@Offset(425.5, 300.0), RenderCustomPaint#ad13b@Offset(425.5, 300.0), RenderSemanticsAnnotations#d29dc@Offset(425.5, 300.0), RenderSemanticsAnnotations#f35f1@Offset(425.5, 300.0), RenderSemanticsAnnotations#05abe@Offset(425.5, 300.0), RenderTapRegionSurface#0dce0@Offset(425.5, 300.0), RenderSemanticsAnnotations#1213f@Offset(425.5, 300.0), RenderSemanticsAnnotations#c0848@Offset(425.5, 300.0), HitTestEntry<HitTestTarget>#08411(_ReusableRenderView#fce4f), HitTestEntry<HitTestTarget>#1b3ca(<AutomatedTestWidgetsFlutterBinding>))
#0      WidgetController._getElementPoint (package:flutter_test/src/controller.dart:2165:25)
#1      WidgetController.getCenter (package:flutter_test/src/controller.dart:1947:12)
#2      WidgetController.tap (package:flutter_test/src/controller.dart:1080:7)
#3      _pumpClipboardSourceEditor (file:///home/albert/busystack/busymark/test/src/source_editor_widget_test.dart:9400:16)
<asynchronous suspension>
#4      main.<anonymous closure> (file:///home/albert/busystack/busymark/test/src/source_editor_widget_test.dart:7849:28)
<asynchronous suspension>
#5      testWidgets.<anonymous closure>.<anonymous closure> (package:flutter_test/src/widget_tester.dart:192:15)
<asynchronous suspension>
#6      TestWidgetsFlutterBinding._runTestBody (package:flutter_test/src/binding.dart:1953:5)
<asynchronous suspension>
#7      StackZoneSpecification._registerCallback.<anonymous closure> (package:stack_trace/src/stack_zone_specification.dart:114:42)
<asynchronous suspension>
To silence this warning, pass "warnIfMissed: false" to "tap()".
To make this warning fatal, set WidgetController.hitTestWarningShouldBeFatal to true.

04:18 +1058: /home/albert/busystack/busymark/test/src/source_editor_widget_test.dart: Source container recovery is bound to the actual nested ancestors
04:18 +1059: /home/albert/busystack/busymark/test/src/source_editor_widget_test.dart: Source complete blocks use list markers rather than task prefixes
04:18 +1060: /home/albert/busystack/busymark/test/src/source_editor_widget_test.dart: Source task items keep block kinds at every content position
04:19 +1061: /home/albert/busystack/busymark/test/src/source_editor_widget_test.dart: Source checked ordered nested and zero lists retain inserted block kinds
04:19 +1062: /home/albert/busystack/busymark/test/src/source_editor_widget_test.dart: Source composes mixed and continuation container ancestors
04:19 +1063: /home/albert/busystack/busymark/test/src/source_editor_widget_test.dart: Source protected contexts use the safe source fallback
04:19 +1064: /home/albert/busystack/busymark/test/src/source_editor_widget_test.dart: Writerside Source preserves a structured procedure block
04:19 +1065: /home/albert/busystack/busymark/test/src/source_editor_widget_test.dart: Source delayed paste rejects a changed selection
04:19 +1066: /home/albert/busystack/busymark/test/src/source_editor_widget_test.dart: Source paste preserves composition before and during a read
04:19 +1067: /home/albert/busystack/busymark/test/src/source_editor_widget_test.dart: source failed cut keeps text and does not record history
04:19 +1068: /home/albert/busystack/busymark/test/src/source_editor_widget_test.dart: source delayed cut revalidates selection before deletion
04:19 +1069: /home/albert/busystack/busymark/test/src/source_editor_widget_test.dart: history insertion follows the latest Source selection
04:19 +1070: /home/albert/busystack/busymark/test/src/source_editor_widget_test.dart: structured history rebases retained media into Source
04:19 +1071: /home/albert/busystack/busymark/test/src/source_editor_widget_test.dart: structured history restores a local video into Source
04:19 +1072: /home/albert/busystack/busymark/test/src/source_editor_widget_test.dart: standalone image history ingests and inserts one undoable Source edit
04:20 +1073: /home/albert/busystack/busymark/test/src/source_editor_widget_test.dart: Source local image path retains imported bytes once

Warning: A call to tap() with finder "Found 1 widget with type "TextField": [
  TextField(controller: BusyMarkSourceController#90609(TextEditingValue(text: ┤Target├, selection: TextSelection.collapsed(offset: 6, affinity: TextAffinity.downstream, isDirectional: false), composing: TextRange(start: -1, end: -1))), focusNode: FocusNode#62223, undoController: UndoHistoryController#1f465(UndoHistoryValue(canUndo: false, canRedo: false)), decoration: InputDecoration(contentPadding: EdgeInsets(12.0, 16.0, 16.0, 16.0), isCollapsed: true, fillColor: Color(alpha: 0.0000, red: 0.0000, green: 0.0000, blue: 0.0000, colorSpace: ColorSpace.sRGB), focusColor: Color(alpha: 0.0000, red: 0.0000, green: 0.0000, blue: 0.0000, colorSpace: ColorSpace.sRGB), hoverColor: Color(alpha: 0.0000, red: 0.0000, green: 0.0000, blue: 0.0000, colorSpace: ColorSpace.sRGB), focusedBorder: _NoInputBorder(), enabledBorder: _NoInputBorder(), border: _NoInputBorder()), keyboardType: TextInputType(name: TextInputType.multiline, signed: null, decimal: null), style: TextStyle(inherit: true, family: Ubuntu Mono, familyFallback: [Noto Sans Arabic, Noto Sans Mono, DejaVu Sans Mono, DejaVu Sans], size: 14.0, height: 1.6x, leadingDistribution: even), autocorrect: false, smartDashesType: disabled, smartQuotesType: disabled, enableSuggestions: false, maxLines: null, expands: true, textAlignVertical: TextAlignVertical(y: -1.0), textDirection: ltr, cursorWidth: 1.4, cursorHeight: 18.8, cursorColor: Color(alpha: 0.8200, red: 0.9686, green: 0.9686, blue: 0.9686, colorSpace: ColorSpace.sRGB), scrollController: ScrollController#f994a(one client, offset 0.0), dirty, dependencies: [DefaultSelectionStyle, InheritedCupertinoTheme, MediaQuery, UnmanagedRestorationScope, _InheritedTheme, _LocalizationsScope-[GlobalKey#77e0b]], state: _TextFieldState#a01ec),
]" derived an Offset (Offset(425.5, 300.0)) that would not hit test on the specified widget.
Maybe the widget is actually off-screen, or another widget is obscuring it, or the widget cannot receive pointer events.
The finder corresponds to this RenderBox: RenderMouseRegion#80609
The hit test result at that offset is: HitTestResult(RenderMouseRegion#8c8d6@Offset(425.5, 300.0), RenderSemanticsAnnotations#2a53d@Offset(425.5, 300.0), RenderPointerListener#f4e53@Offset(425.5, 300.0), RenderSemanticsGestureHandler#65744@Offset(425.5, 300.0), RenderExcludeSemantics#c750b@Offset(425.5, 300.0), RenderBlockSemantics#da601@Offset(425.5, 300.0), RenderIgnorePointer#4c34c@Offset(425.5, 300.0), RenderSemanticsAnnotations#d0148@Offset(425.5, 300.0), _RenderTheater#a3fae@Offset(425.5, 300.0), RenderAbsorbPointer#b2760@Offset(425.5, 300.0), RenderPointerListener#14db5@Offset(425.5, 300.0), RenderSemanticsAnnotations#db9d8@Offset(425.5, 300.0), RenderCustomPaint#e5c89@Offset(425.5, 300.0), RenderSemanticsAnnotations#e7176@Offset(425.5, 300.0), RenderSemanticsAnnotations#2ce8b@Offset(425.5, 300.0), RenderSemanticsAnnotations#b5d59@Offset(425.5, 300.0), RenderTapRegionSurface#478b9@Offset(425.5, 300.0), RenderSemanticsAnnotations#46626@Offset(425.5, 300.0), RenderSemanticsAnnotations#2f912@Offset(425.5, 300.0), HitTestEntry<HitTestTarget>#12f7a(_ReusableRenderView#fce4f), HitTestEntry<HitTestTarget>#0d3a4(<AutomatedTestWidgetsFlutterBinding>))
#0      WidgetController._getElementPoint (package:flutter_test/src/controller.dart:2165:25)
#1      WidgetController.getCenter (package:flutter_test/src/controller.dart:1947:12)
#2      WidgetController.tap (package:flutter_test/src/controller.dart:1080:7)
#3      _pumpClipboardSourceEditor (file:///home/albert/busystack/busymark/test/src/source_editor_widget_test.dart:9400:16)
<asynchronous suspension>
#4      main.<anonymous closure>.expectNormalReplay (file:///home/albert/busystack/busymark/test/src/source_editor_widget_test.dart:8934:7)
<asynchronous suspension>
#5      main.<anonymous closure> (file:///home/albert/busystack/busymark/test/src/source_editor_widget_test.dart:8956:5)
<asynchronous suspension>
#6      testWidgets.<anonymous closure>.<anonymous closure> (package:flutter_test/src/widget_tester.dart:192:15)
<asynchronous suspension>
#7      TestWidgetsFlutterBinding._runTestBody (package:flutter_test/src/binding.dart:1953:5)
<asynchronous suspension>
#8      StackZoneSpecification._registerCallback.<anonymous closure> (package:stack_trace/src/stack_zone_specification.dart:114:42)
<asynchronous suspension>
To silence this warning, pass "warnIfMissed: false" to "tap()".
To make this warning fatal, set WidgetController.hitTestWarningShouldBeFatal to true.

04:21 +1074: /home/albert/busystack/busymark/test/src/source_editor_widget_test.dart: unsafe local image candidates paste their original text

Warning: A call to tap() with finder "Found 1 widget with type "TextField": [
  TextField(controller: BusyMarkSourceController#cae1c(TextEditingValue(text: ┤Target├, selection: TextSelection.collapsed(offset: 6, affinity: TextAffinity.downstream, isDirectional: false), composing: TextRange(start: -1, end: -1))), focusNode: FocusNode#d5390, undoController: UndoHistoryController#ca014(UndoHistoryValue(canUndo: false, canRedo: false)), decoration: InputDecoration(contentPadding: EdgeInsets(12.0, 16.0, 16.0, 16.0), isCollapsed: true, fillColor: Color(alpha: 0.0000, red: 0.0000, green: 0.0000, blue: 0.0000, colorSpace: ColorSpace.sRGB), focusColor: Color(alpha: 0.0000, red: 0.0000, green: 0.0000, blue: 0.0000, colorSpace: ColorSpace.sRGB), hoverColor: Color(alpha: 0.0000, red: 0.0000, green: 0.0000, blue: 0.0000, colorSpace: ColorSpace.sRGB), focusedBorder: _NoInputBorder(), enabledBorder: _NoInputBorder(), border: _NoInputBorder()), keyboardType: TextInputType(name: TextInputType.multiline, signed: null, decimal: null), style: TextStyle(inherit: true, family: Ubuntu Mono, familyFallback: [Noto Sans Arabic, Noto Sans Mono, DejaVu Sans Mono, DejaVu Sans], size: 14.0, height: 1.6x, leadingDistribution: even), autocorrect: false, smartDashesType: disabled, smartQuotesType: disabled, enableSuggestions: false, maxLines: null, expands: true, textAlignVertical: TextAlignVertical(y: -1.0), textDirection: ltr, cursorWidth: 1.4, cursorHeight: 18.8, cursorColor: Color(alpha: 0.8200, red: 0.9686, green: 0.9686, blue: 0.9686, colorSpace: ColorSpace.sRGB), scrollController: ScrollController#24f57(one client, offset 0.0), dirty, dependencies: [DefaultSelectionStyle, InheritedCupertinoTheme, MediaQuery, UnmanagedRestorationScope, _InheritedTheme, _LocalizationsScope-[GlobalKey#12455]], state: _TextFieldState#5a3dc),
]" derived an Offset (Offset(425.5, 300.0)) that would not hit test on the specified widget.
Maybe the widget is actually off-screen, or another widget is obscuring it, or the widget cannot receive pointer events.
The finder corresponds to this RenderBox: RenderMouseRegion#995d0
The hit test result at that offset is: HitTestResult(RenderMouseRegion#82178@Offset(425.5, 300.0), RenderSemanticsAnnotations#3377b@Offset(425.5, 300.0), RenderPointerListener#c73e3@Offset(425.5, 300.0), RenderSemanticsGestureHandler#f01d2@Offset(425.5, 300.0), RenderExcludeSemantics#1f273@Offset(425.5, 300.0), RenderBlockSemantics#f3ad1@Offset(425.5, 300.0), RenderIgnorePointer#7d21e@Offset(425.5, 300.0), RenderSemanticsAnnotations#9252b@Offset(425.5, 300.0), _RenderTheater#f9bbe@Offset(425.5, 300.0), RenderAbsorbPointer#d849a@Offset(425.5, 300.0), RenderPointerListener#a63a8@Offset(425.5, 300.0), RenderSemanticsAnnotations#9dff5@Offset(425.5, 300.0), RenderCustomPaint#6b37d@Offset(425.5, 300.0), RenderSemanticsAnnotations#eca88@Offset(425.5, 300.0), RenderSemanticsAnnotations#2d4d2@Offset(425.5, 300.0), RenderSemanticsAnnotations#c4f1c@Offset(425.5, 300.0), RenderTapRegionSurface#572e7@Offset(425.5, 300.0), RenderSemanticsAnnotations#d940f@Offset(425.5, 300.0), RenderSemanticsAnnotations#582d8@Offset(425.5, 300.0), HitTestEntry<HitTestTarget>#2b388(_ReusableRenderView#fce4f), HitTestEntry<HitTestTarget>#56192(<AutomatedTestWidgetsFlutterBinding>))
#0      WidgetController._getElementPoint (package:flutter_test/src/controller.dart:2165:25)
#1      WidgetController.getCenter (package:flutter_test/src/controller.dart:1947:12)
#2      WidgetController.tap (package:flutter_test/src/controller.dart:1080:7)
#3      _pumpClipboardSourceEditor (file:///home/albert/busystack/busymark/test/src/source_editor_widget_test.dart:9400:16)
<asynchronous suspension>
#4      main.<anonymous closure> (file:///home/albert/busystack/busymark/test/src/source_editor_widget_test.dart:9010:26)
<asynchronous suspension>
#5      testWidgets.<anonymous closure>.<anonymous closure> (package:flutter_test/src/widget_tester.dart:192:15)
<asynchronous suspension>
#6      TestWidgetsFlutterBinding._runTestBody (package:flutter_test/src/binding.dart:1953:5)
<asynchronous suspension>
#7      StackZoneSpecification._registerCallback.<anonymous closure> (package:stack_trace/src/stack_zone_specification.dart:114:42)
<asynchronous suspension>
To silence this warning, pass "warnIfMissed: false" to "tap()".
To make this warning fatal, set WidgetController.hitTestWarningShouldBeFatal to true.

04:22 +1075: /home/albert/busystack/busymark/test/src/source_editor_widget_test.dart: image history asks to save an untitled Source document
04:22 +1076: /home/albert/busystack/busymark/test/src/source_editor_widget_test.dart: generic XML does not invent Writerside image syntax
04:22 +1077: loading /home/albert/busystack/busymark/test/src/gtk_animation_settings_service_test.dart
04:22 +1077: /home/albert/busystack/busymark/test/src/gtk_animation_settings_service_test.dart: reads the initial GTK animation setting
04:22 +1078: /home/albert/busystack/busymark/test/src/gtk_animation_settings_service_test.dart: animation stream follows GTK setting changes
04:22 +1079: /home/albert/busystack/busymark/test/src/gtk_animation_settings_service_test.dart: provider exposes the preloaded value before native events
04:22 +1080: /home/albert/busystack/busymark/test/src/gtk_animation_settings_service_test.dart: missing GTK integration falls back without disabling motion
04:22 +1081: /home/albert/busystack/busymark/test/src/gtk_animation_settings_service_test.dart: native GTK bridge observes and tears down animation preference state
04:22 +1082: loading /home/albert/busystack/busymark/test/src/nextcloud_notes/notes_creation_policy_test.dart
04:26 +1082: /home/albert/busystack/busymark/test/src/nextcloud_notes/notes_creation_policy_test.dart: exact discovery across refresh reconnect and restart cannot bind or mutate draft
04:26 +1083: /home/albert/busystack/busymark/test/src/nextcloud_notes/notes_creation_policy_test.dart: sanitized discovery across refresh reconnect and restart cannot bind or mutate draft
04:27 +1084: /home/albert/busystack/busymark/test/src/nextcloud_notes/notes_creation_policy_test.dart: multiple discovery across refresh reconnect and restart cannot bind or mutate draft
04:27 +1085: /home/albert/busystack/busymark/test/src/nextcloud_notes/notes_creation_policy_test.dart: none discovery across refresh reconnect and restart cannot bind or mutate draft
04:27 +1086: /home/albert/busystack/busymark/test/src/nextcloud_notes/notes_creation_policy_test.dart: empty discovery across refresh reconnect and restart cannot bind or mutate draft
04:28 +1087: /home/albert/busystack/busymark/test/src/nextcloud_notes/notes_creation_policy_test.dart: other actor discovery across refresh reconnect and restart cannot bind or mutate draft
04:28 +1088: /home/albert/busystack/busymark/test/src/nextcloud_notes/notes_creation_policy_test.dart: confirmation rejects content candidate and retains unresolved work
04:28 +1089: /home/albert/busystack/busymark/test/src/nextcloud_notes/notes_creation_policy_test.dart: confirmation rejects readonly candidate and retains unresolved work
04:28 +1090: /home/albert/busystack/busymark/test/src/nextcloud_notes/notes_creation_policy_test.dart: confirmation rejects error candidate and retains unresolved work
04:28 +1091: /home/albert/busystack/busymark/test/src/nextcloud_notes/notes_creation_policy_test.dart: confirmation rejects deleted candidate and retains unresolved work
04:28 +1092: /home/albert/busystack/busymark/test/src/nextcloud_notes/notes_creation_policy_test.dart: confirmation rejects unavailable candidate and retains unresolved work
04:28 +1093: /home/albert/busystack/busymark/test/src/nextcloud_notes/notes_creation_policy_test.dart: confirmation revalidates local edit during authenticated GET
04:29 +1094: /home/albert/busystack/busymark/test/src/nextcloud_notes/notes_creation_policy_test.dart: confirmation revalidates account removal during authenticated GET
04:29 +1095: /home/albert/busystack/busymark/test/src/nextcloud_notes/notes_creation_policy_test.dart: confirmation revalidates repeat confirmation during authenticated GET
04:29 +1096: /home/albert/busystack/busymark/test/src/nextcloud_notes/notes_creation_policy_test.dart: binding protects downloaded candidate with durable edit
04:29 +1097: /home/albert/busystack/busymark/test/src/nextcloud_notes/notes_creation_policy_test.dart: binding protects downloaded candidate with pending attachment
04:29 +1098: /home/albert/busystack/busymark/test/src/nextcloud_notes/notes_creation_policy_test.dart: binding protects downloaded candidate with open editor
04:29 +1099: /home/albert/busystack/busymark/test/src/nextcloud_notes/notes_creation_policy_test.dart: failed adoption transaction rolls back binding and downloaded identity
04:29 +1100: /home/albert/busystack/busymark/test/src/nextcloud_notes/notes_creation_policy_test.dart: separate-note decision is durable and repeated confirmation makes one replacement
04:29 +1101: loading /home/albert/busystack/busymark/test/src/nextcloud_notes/notes_repository_test.dart
04:30 +1101: /home/albert/busystack/busymark/test/src/nextcloud_notes/notes_repository_test.dart: v1 data migrates without losing pending content or inventing an attempt
04:31 +1102: /home/albert/busystack/busymark/test/src/nextcloud_notes/notes_repository_test.dart: uncertain creation discovery preserves later edits until deliberate adoption
04:31 +1103: /home/albert/busystack/busymark/test/src/nextcloud_notes/notes_repository_test.dart: unsupported attachment cleanup queues nothing and core updates still sync
04:31 +1104: /home/albert/busystack/busymark/test/src/nextcloud_notes/notes_repository_test.dart: lost create response requires deliberate adoption for ordinary
04:31 +1105: /home/albert/busystack/busymark/test/src/nextcloud_notes/notes_repository_test.dart: lost create response requires deliberate adoption for attachment
04:31 +1106: /home/albert/busystack/busymark/test/src/nextcloud_notes/notes_repository_test.dart: lost create response requires deliberate adoption for sanitized title
04:32 +1107: /home/albert/busystack/busymark/test/src/nextcloud_notes/notes_repository_test.dart: lost create response requires deliberate adoption for sanitized category
04:32 +1108: /home/albert/busystack/busymark/test/src/nextcloud_notes/notes_repository_test.dart: lost create response requires deliberate adoption for sanitized attachment
04:32 +1109: /home/albert/busystack/busymark/test/src/nextcloud_notes/notes_repository_test.dart: lost create response requires deliberate adoption for restart
04:32 +1110: /home/albert/busystack/busymark/test/src/nextcloud_notes/notes_repository_test.dart: lost create response requires deliberate adoption for restart attachment
04:32 +1111: /home/albert/busystack/busymark/test/src/nextcloud_notes/notes_repository_test.dart: lost create response requires deliberate adoption for restart sanitized attachment
04:33 +1112: /home/albert/busystack/busymark/test/src/nextcloud_notes/notes_repository_test.dart: lost create response requires deliberate adoption for ambiguous
04:33 +1113: /home/albert/busystack/busymark/test/src/nextcloud_notes/notes_repository_test.dart: uncertain creation excludes preexisting IDs and empty weak matches
04:33 +1114: /home/albert/busystack/busymark/test/src/nextcloud_notes/notes_repository_test.dart: an exact candidate is not auto-adopted by one of two plausible attempts
04:33 +1115: /home/albert/busystack/busymark/test/src/nextcloud_notes/notes_repository_test.dart: three-way merge preserves remote favorite and independent local edit
04:33 +1116: /home/albert/busystack/busymark/test/src/nextcloud_notes/notes_repository_test.dart: three-way merge preserves remote title and independent local edit
04:33 +1117: /home/albert/busystack/busymark/test/src/nextcloud_notes/notes_repository_test.dart: three-way merge preserves remote content and independent local edit
04:33 +1118: /home/albert/busystack/busymark/test/src/nextcloud_notes/notes_repository_test.dart: divergent NotesMergeAttribute.title requires explicit choice
04:33 +1119: /home/albert/busystack/busymark/test/src/nextcloud_notes/notes_repository_test.dart: divergent NotesMergeAttribute.category requires explicit choice
04:33 +1120: /home/albert/busystack/busymark/test/src/nextcloud_notes/notes_repository_test.dart: 412 merge keeps remote protected fields and local favorite on readonly note
04:34 +1121: /home/albert/busystack/busymark/test/src/nextcloud_notes/notes_repository_test.dart: readonly conflict accepts an explicit favorite choice when base is absent
04:34 +1122: /home/albert/busystack/busymark/test/src/nextcloud_notes/notes_repository_test.dart: schema migration, foreign-key transaction rollback and Linux permissions
04:34 +1123: /home/albert/busystack/busymark/test/src/nextcloud_notes/notes_repository_test.dart: durable new note survives restart before any HTTP request
04:34 +1124: /home/albert/busystack/busymark/test/src/nextcloud_notes/notes_repository_test.dart: older capture cannot overwrite a newer durable editor revision
04:34 +1125: /home/albert/busystack/busymark/test/src/nextcloud_notes/notes_repository_test.dart: metadata revision does not invalidate a new editor capture
04:34 +1126: /home/albert/busystack/busymark/test/src/nextcloud_notes/notes_repository_test.dart: account failure is visible even with only synchronized cached notes
04:34 +1127: /home/albert/busystack/busymark/test/src/nextcloud_notes/notes_repository_test.dart: attachment delete operation survives offline restart and retains history bytes
04:34 +1128: /home/albert/busystack/busymark/test/src/nextcloud_notes/notes_repository_test.dart: taking remote cannot discard a local edit made while fresh GET is pending
04:34 +1129: /home/albert/busystack/busymark/test/src/nextcloud_notes/notes_repository_test.dart: revision 10 acknowledgment leaves edit 11 pending during flight
04:35 +1130: /home/albert/busystack/busymark/test/src/nextcloud_notes/notes_repository_test.dart: 412 preserves base/local/current remote without overwrite
04:35 +1131: /home/albert/busystack/busymark/test/src/nextcloud_notes/notes_repository_test.dart: locked note does not block unrelated synchronization
04:35 +1132: /home/albert/busystack/busymark/test/src/nextcloud_notes/notes_repository_test.dart: interrupted chunks preserve notes and previous checkpoint atomically
04:35 +1133: /home/albert/busystack/busymark/test/src/nextcloud_notes/notes_repository_test.dart: complete remote disappearance retains dirty content for recovery
04:35 +1134: /home/albert/busystack/busymark/test/src/nextcloud_notes/notes_repository_test.dart: server error-state content never replaces known good cached content
04:35 +1135: /home/albert/busystack/busymark/test/src/nextcloud_notes/notes_repository_test.dart: pretransition editor capture remains durable when server becomes readonly
04:35 +1136: /home/albert/busystack/busymark/test/src/nextcloud_notes/notes_repository_test.dart: uncertain creation never blindly repeats POST after restart
04:35 +1137: /home/albert/busystack/busymark/test/src/nextcloud_notes/notes_repository_test.dart: crash-marked create is recovered as uncertain without POST
04:35 +1138: /home/albert/busystack/busymark/test/src/nextcloud_notes/notes_repository_test.dart: delete checks fresh state; failed DELETE retains durable content
04:36 +1139: /home/albert/busystack/busymark/test/src/nextcloud_notes/notes_repository_test.dart: new offline attachment restart creates/uploads/publishes authoritative path
04:36 +1140: /home/albert/busystack/busymark/test/src/nextcloud_notes/notes_repository_test.dart: uploaded attachment stage survives restart and is not uploaded twice
04:36 +1141: /home/albert/busystack/busymark/test/src/nextcloud_notes/notes_repository_test.dart: concurrent contexts share one cache owner and deletion invalidates all media
04:36 +1142: /home/albert/busystack/busymark/test/src/nextcloud_notes/notes_repository_test.dart: a deliberate re-upload can reuse a deleted attachment filename
04:36 +1143: /home/albert/busystack/busymark/test/src/nextcloud_notes/notes_repository_test.dart: own upload acknowledgment does not stale a newer editor capture
04:37 +1144: /home/albert/busystack/busymark/test/src/nextcloud_notes/notes_repository_test.dart: media rejects invalid logical IDs and symbolic-link parent
04:37 +1145: /home/albert/busystack/busymark/test/src/nextcloud_notes/notes_repository_test.dart: recovery clones durable pending attachments without rewriting prose or code
04:37 +1146: /home/albert/busystack/busymark/test/src/nextcloud_notes/notes_repository_test.dart: recovery rewrites shared attachment definitions and refuses unavailable bytes atomically
04:37 +1147: /home/albert/busystack/busymark/test/src/nextcloud_notes/notes_repository_test.dart: discard after confirmed remote deletion retains tombstone content and cached bytes
04:37 +1148: /home/albert/busystack/busymark/test/src/nextcloud_notes/notes_repository_test.dart: history restoration restages deleted bytes before editing and survives restart
04:37 +1149: /home/albert/busystack/busymark/test/src/nextcloud_notes/notes_repository_test.dart: readonly attachment deletion preserves content and attachment bytes
04:37 +1150: /home/albert/busystack/busymark/test/src/nextcloud_notes/notes_repository_test.dart: ordinary Save atomically restages a deleted attachment restored by undo
04:38 +1151: /home/albert/busystack/busymark/test/src/nextcloud_notes/notes_repository_test.dart: unrelated edits preserve explicit attachment deletion; newly restored links restage
04:38 +1152: /home/albert/busystack/busymark/test/src/nextcloud_notes/notes_repository_test.dart: explicit unpublished deletion can retain recovery bytes without uploading
04:38 +1153: /home/albert/busystack/busymark/test/src/nextcloud_notes/notes_repository_test.dart: literal private namespace in a new note does not create pending publication
04:38 +1154: /home/albert/busystack/busymark/test/src/nextcloud_notes/notes_repository_test.dart: merge and keep-local reject a local edit made during fresh GET
04:38 +1155: /home/albert/busystack/busymark/test/src/nextcloud_notes/notes_repository_test.dart: conflict overwrite requires review again when remote changes after comparison
04:38 +1156: /home/albert/busystack/busymark/test/src/nextcloud_notes/notes_repository_test.dart: uncertain creation adoption preserves a durably edited downloaded twin
04:39 +1157: /home/albert/busystack/busymark/test/src/nextcloud_notes/notes_repository_test.dart: list checkpoint preserves account capabilities refreshed during HTTP
04:39 +1158: /home/albert/busystack/busymark/test/src/nextcloud_notes/notes_repository_test.dart: readonly acknowledgment exposes recovery for a newer in-flight local edit
04:39 +1159: /home/albert/busystack/busymark/test/src/nextcloud_notes/notes_repository_test.dart: same-ETag readonly transition preserves base/local and exposes recovery
04:39 +1160: /home/albert/busystack/busymark/test/src/nextcloud_notes/notes_repository_test.dart: readonly transition still synchronizes a favorite-only pending change
04:39 +1161: loading /home/albert/busystack/busymark/test/src/nextcloud_notes/notes_conflict_test.dart
04:40 +1161: /home/albert/busystack/busymark/test/src/nextcloud_notes/notes_conflict_test.dart: identical changes do not need a choice
04:40 +1162: /home/albert/busystack/busymark/test/src/nextcloud_notes/notes_conflict_test.dart: boolean three-way truth table preserves all independent changes
04:40 +1163: /home/albert/busystack/busymark/test/src/nextcloud_notes/notes_conflict_test.dart: favorite without a known base requires an explicit choice
04:40 +1164: loading /home/albert/busystack/busymark/test/src/nextcloud_notes/notes_attachment_stream_test.dart
04:41 +1164: /home/albert/busystack/busymark/test/src/nextcloud_notes/notes_attachment_stream_test.dart: streams attachment with content length null including empty
04:42 +1165: /home/albert/busystack/busymark/test/src/nextcloud_notes/notes_attachment_stream_test.dart: streams attachment with content length 3 including empty
04:42 +1166: /home/albert/busystack/busymark/test/src/nextcloud_notes/notes_attachment_stream_test.dart: streams attachment with content length 0 including empty
04:42 +1167: /home/albert/busystack/busymark/test/src/nextcloud_notes/notes_attachment_stream_test.dart: rejects oversized advertised length before consuming body
04:42 +1168: /home/albert/busystack/busymark/test/src/nextcloud_notes/notes_attachment_stream_test.dart: counts bytes beyond limit with absent/dishonest length null
04:42 +1169: /home/albert/busystack/busymark/test/src/nextcloud_notes/notes_attachment_stream_test.dart: counts bytes beyond limit with absent/dishonest length 1
04:43 +1170: /home/albert/busystack/busymark/test/src/nextcloud_notes/notes_attachment_stream_test.dart: network leaves neither valid attachment nor partial file
04:43 +1171: /home/albert/busystack/busymark/test/src/nextcloud_notes/notes_attachment_stream_test.dart: truncated leaves neither valid attachment nor partial file
04:43 +1172: /home/albert/busystack/busymark/test/src/nextcloud_notes/notes_attachment_stream_test.dart: dishonest leaves neither valid attachment nor partial file
04:43 +1173: /home/albert/busystack/busymark/test/src/nextcloud_notes/notes_attachment_stream_test.dart: cancel leaves neither valid attachment nor partial file
04:43 +1174: /home/albert/busystack/busymark/test/src/nextcloud_notes/notes_attachment_stream_test.dart: cancellation before request makes no HTTP call
04:43 +1175: /home/albert/busystack/busymark/test/src/nextcloud_notes/notes_attachment_stream_test.dart: authenticated attachment redirect never follows another origin
04:43 +1176: /home/albert/busystack/busymark/test/src/nextcloud_notes/notes_attachment_stream_test.dart: symlink destination remains untouched
04:43 +1177: loading /home/albert/busystack/busymark/test/src/nextcloud_notes/notes_attachment_references_test.dart
04:43 +1177: /home/albert/busystack/busymark/test/src/nextcloud_notes/notes_attachment_references_test.dart: attachment recovery finds positioned inline and reference destinations
04:44 +1178: /home/albert/busystack/busymark/test/src/nextcloud_notes/notes_attachment_references_test.dart: authored HTML attachments retain exact attribute positions
04:44 +1179: /home/albert/busystack/busymark/test/src/nextcloud_notes/notes_attachment_references_test.dart: literal code, comments and prose do not become attachment operations
04:44 +1180: loading /home/albert/busystack/busymark/test/src/nextcloud_notes/notes_api_test.dart
04:45 +1180: /home/albert/busystack/busymark/test/src/nextcloud_notes/notes_api_test.dart: API 1.4 uploads/downloads on 6.0.0; DELETE independently gated
04:46 +1181: /home/albert/busystack/busymark/test/src/nextcloud_notes/notes_api_test.dart: API 1.4 uploads/downloads on 6.0.1; DELETE independently gated
04:46 +1182: /home/albert/busystack/busymark/test/src/nextcloud_notes/notes_api_test.dart: API 1.4 uploads/downloads on 6.1.0; DELETE independently gated
04:46 +1183: /home/albert/busystack/busymark/test/src/nextcloud_notes/notes_api_test.dart: API 1.4 uploads/downloads on 6.1.4; DELETE independently gated
04:46 +1184: /home/albert/busystack/busymark/test/src/nextcloud_notes/notes_api_test.dart: API 1.4 uploads/downloads on ; DELETE independently gated
04:46 +1185: /home/albert/busystack/busymark/test/src/nextcloud_notes/notes_api_test.dart: API 1.4 uploads/downloads on unknown; DELETE independently gated
04:46 +1186: /home/albert/busystack/busymark/test/src/nextcloud_notes/notes_api_test.dart: API 1.4 uploads/downloads on 6.1.0-rc1; DELETE independently gated
04:46 +1187: /home/albert/busystack/busymark/test/src/nextcloud_notes/notes_api_test.dart: API 1.4 uploads/downloads on 999999999999999999999.0.0; DELETE independently gated
04:46 +1188: /home/albert/busystack/busymark/test/src/nextcloud_notes/notes_api_test.dart: persisted HTTP account cannot issue an authenticated request
04:46 +1189: /home/albert/busystack/busymark/test/src/nextcloud_notes/notes_api_test.dart: pruned IDs tolerate future fields and filename URI escaping is reversible
04:46 +1190: /home/albert/busystack/busymark/test/src/nextcloud_notes/notes_api_test.dart: decodes future fields/read-only/error without exception text as content
04:46 +1191: /home/albert/busystack/busymark/test/src/nextcloud_notes/notes_api_test.dart: CRUD preserves installation prefix and sends exactly quoted If-Match
04:46 +1192: /home/albert/busystack/busymark/test/src/nextcloud_notes/notes_api_test.dart: canonical title/category write response is adopted
04:46 +1193: /home/albert/busystack/busymark/test/src/nextcloud_notes/notes_api_test.dart: 412 carries complete fresh remote conflict state
04:46 +1194: /home/albert/busystack/busymark/test/src/nextcloud_notes/notes_api_test.dart: classifies HTTP 401 preserving future-code compatibility
04:46 +1195: /home/albert/busystack/busymark/test/src/nextcloud_notes/notes_api_test.dart: classifies HTTP 403 preserving future-code compatibility
04:46 +1196: /home/albert/busystack/busymark/test/src/nextcloud_notes/notes_api_test.dart: classifies HTTP 404 preserving future-code compatibility
04:46 +1197: /home/albert/busystack/busymark/test/src/nextcloud_notes/notes_api_test.dart: classifies HTTP 423 preserving future-code compatibility
04:46 +1198: /home/albert/busystack/busymark/test/src/nextcloud_notes/notes_api_test.dart: classifies HTTP 507 preserving future-code compatibility
04:46 +1199: /home/albert/busystack/busymark/test/src/nextcloud_notes/notes_api_test.dart: classifies HTTP 500 preserving future-code compatibility
04:46 +1200: /home/albert/busystack/busymark/test/src/nextcloud_notes/notes_api_test.dart: classifies HTTP 429 preserving future-code compatibility
04:46 +1201: /home/albert/busystack/busymark/test/src/nextcloud_notes/notes_api_test.dart: classifies HTTP 599 preserving future-code compatibility
04:46 +1202: /home/albert/busystack/busymark/test/src/nextcloud_notes/notes_api_test.dart: never follows cross-origin authenticated redirects
04:46 +1203: /home/albert/busystack/busymark/test/src/nextcloud_notes/notes_api_test.dart: incremental chunk list uses server Last-Modified and final complete ids
04:46 +1204: /home/albert/busystack/busymark/test/src/nextcloud_notes/notes_api_test.dart: 304 returns unchanged checkpoint outcome without parsing a body
04:46 +1205: /home/albert/busystack/busymark/test/src/nextcloud_notes/notes_api_test.dart: interrupted chunks do not return partial deletion evidence
04:46 +1206: /home/albert/busystack/busymark/test/src/nextcloud_notes/notes_api_test.dart: attachment upload uses authoritative renamed relative path
04:46 +1207: /home/albert/busystack/busymark/test/src/nextcloud_notes/notes_api_test.dart: attachment upload rejects a filename outside the current note
04:46 +1208: /home/albert/busystack/busymark/test/src/nextcloud_notes/notes_api_test.dart: attachment fetch rejects URLs and traversal without sending credentials
04:46 +1209: /home/albert/busystack/busymark/test/src/nextcloud_notes/notes_api_test.dart: attachment delete gates app version independently of API 1.4
04:46 +1210: /home/albert/busystack/busymark/test/src/nextcloud_notes/notes_api_test.dart: create does not publish private staging references
04:46 +1211: /home/albert/busystack/busymark/test/src/nextcloud_notes/notes_api_test.dart: update never publishes an unresolved private attachment reference
04:46 +1212: /home/albert/busystack/busymark/test/src/nextcloud_notes/notes_api_test.dart: private namespace text in prose and code is preserved by create and update
04:46 +1213: loading /home/albert/busystack/busymark/test/src/pdf_export_options_render_test.dart
04:47 +1213: /home/albert/busystack/busymark/test/src/pdf_export_options_render_test.dart: bundled Typst compiles default-a4 and preserves document data
04:48 +1214: /home/albert/busystack/busymark/test/src/pdf_export_options_render_test.dart: bundled Typst compiles letter-landscape and preserves document data
04:48 +1215: /home/albert/busystack/busymark/test/src/pdf_export_options_render_test.dart: bundled Typst compiles legal-serif and preserves document data
04:48 +1216: /home/albert/busystack/busymark/test/src/pdf_export_options_render_test.dart: bundled Typst compiles custom-sans and preserves document data
04:48 +1217: /home/albert/busystack/busymark/test/src/pdf_export_options_render_test.dart: bundled Typst compiles no-numbers and preserves document data
04:49 +1218: /home/albert/busystack/busymark/test/src/pdf_export_options_render_test.dart: bundled Typst compiles numbered-no-outline and preserves document data
04:49 +1219: /home/albert/busystack/busymark/test/src/pdf_export_options_render_test.dart: bundled Typst compiles narrow-title-bottomLeft and preserves document data
04:49 +1220: /home/albert/busystack/busymark/test/src/pdf_export_options_render_test.dart: bundled Typst compiles narrow-title-bottomCenter and preserves document data
04:49 +1221: /home/albert/busystack/busymark/test/src/pdf_export_options_render_test.dart: bundled Typst compiles narrow-title-bottomRight and preserves document data
04:50 +1222: loading /home/albert/busystack/busymark/test/src/app_smoke_test.dart
04:51 +1222: /home/albert/busystack/busymark/test/src/app_smoke_test.dart: editor shortcuts use documented cross-editor defaults
04:51 +1223: /home/albert/busystack/busymark/test/src/app_smoke_test.dart: workspace resize retains the sidebar and leaves room for header controls
04:53 +1224: /home/albert/busystack/busymark/test/src/app_smoke_test.dart: document view shortcuts are distinct from existing commands
04:53 +1225: /home/albert/busystack/busymark/test/src/app_smoke_test.dart: workspace routes paste shortcuts only to editable document views
04:56 +1226: /home/albert/busystack/busymark/test/src/app_smoke_test.dart: workspace source history restores a pasted URL suffix through undo and redo
04:57 +1227: /home/albert/busystack/busymark/test/src/app_smoke_test.dart: app wires generated localization delegates and locales
04:57 +1228: /home/albert/busystack/busymark/test/src/app_smoke_test.dart: app boots to BusyMark welcome screen without login UI
04:57 +1229: /home/albert/busystack/busymark/test/src/app_smoke_test.dart: recovery shows one actionable notice and preserves damage warnings (0)
04:57 +1230: /home/albert/busystack/busymark/test/src/app_smoke_test.dart: recovery shows one actionable notice and preserves damage warnings (1)
04:58 +1231: /home/albert/busystack/busymark/test/src/app_smoke_test.dart: Welcome creates a fresh Markdown workspace after leaving basic.md (close tab: false)
04:58 +1232: /home/albert/busystack/busymark/test/src/app_smoke_test.dart: Welcome creates a fresh Markdown workspace after leaving basic.md (close tab: true)
04:59 +1233: /home/albert/busystack/busymark/test/src/app_smoke_test.dart: main menu and F11 toggle full-screen mode
04:59 +1234: /home/albert/busystack/busymark/test/src/app_smoke_test.dart: Alt+Left activates the header Back command
05:00 +1235: /home/albert/busystack/busymark/test/src/app_smoke_test.dart: restored capture failure stays owned across Back create discard create
05:01 +1236: /home/albert/busystack/busymark/test/src/app_smoke_test.dart: Escape closes header popup menus
05:01 +1237: /home/albert/busystack/busymark/test/src/app_smoke_test.dart: report issue is in the shared main menu, not Settings content
05:01 +1238: /home/albert/busystack/busymark/test/src/app_smoke_test.dart: global reference and settings shortcuts open targets
05:02 +1239: /home/albert/busystack/busymark/test/src/app_smoke_test.dart: settings screen opens
05:04 +1240: /home/albert/busystack/busymark/test/src/app_smoke_test.dart: settings uses the regular split sidebar at desktop width
05:04 +1241: /home/albert/busystack/busymark/test/src/app_smoke_test.dart: Spelling Dictionaries page groups downloadable and custom data
05:04 +1242: /home/albert/busystack/busymark/test/src/app_smoke_test.dart: import dictionary prompt uses native controls and submits a trimmed ID
05:10 +1243: /home/albert/busystack/busymark/test/src/app_smoke_test.dart: import dictionary prompt cancels and saves without redesign
05:16 +1244: /home/albert/busystack/busymark/test/src/app_smoke_test.dart: cancelling a default-language install keeps the previous selection
05:16 +1245: /home/albert/busystack/busymark/test/src/app_smoke_test.dart: default language persists only after dictionary installation succeeds
05:23 +1246: /home/albert/busystack/busymark/test/src/app_smoke_test.dart: failed dictionary install keeps the default language
05:25 +1247: /home/albert/busystack/busymark/test/src/app_smoke_test.dart: cancelling a project-language install keeps the previous selection
05:27 +1248: /home/albert/busystack/busymark/test/src/app_smoke_test.dart: settings main surface matches the headerbar in light and dark
05:28 +1249: /home/albert/busystack/busymark/test/src/app_smoke_test.dart: stored language override localizes app text
05:28 +1250: /home/albert/busystack/busymark/test/src/app_smoke_test.dart: European Portuguese system locale renders the completed base catalog
05:28 +1251: /home/albert/busystack/busymark/test/src/app_smoke_test.dart: language-only Chinese system locale renders the completed base catalog
05:28 +1252: /home/albert/busystack/busymark/test/src/app_smoke_test.dart: Writerside project dialog syncs generated fields until edited
05:29 +1253: /home/albert/busystack/busymark/test/src/app_smoke_test.dart: keyboard shortcuts dialog opens from the header
05:30 +1254: /home/albert/busystack/busymark/test/src/app_smoke_test.dart: syntax reference categories expose supported authoring forms
05:31 +1255: /home/albert/busystack/busymark/test/src/app_smoke_test.dart: Ctrl+Alt+M opens and Escape closes the syntax reference
05:31 +1256: /home/albert/busystack/busymark/test/src/app_smoke_test.dart: syntax reference remains usable in constrained RTL layout
05:31 +1257: /home/albert/busystack/busymark/test/src/app_smoke_test.dart: keyboard shortcuts tabs section title is localized
05:32 +1258: /home/albert/busystack/busymark/test/src/app_smoke_test.dart: about dialog shows the BusyMark logo
unhandled element <filter/>; Picture key: Svg loader
05:32 +1259: /home/albert/busystack/busymark/test/src/app_smoke_test.dart: Ctrl+N chooses between Markdown and Writerside creation
05:32 +1260: /home/albert/busystack/busymark/test/src/app_smoke_test.dart: Ctrl+N keeps unsaved documents in independent tabs
05:33 +1261: /home/albert/busystack/busymark/test/src/app_smoke_test.dart: Ctrl+N creates real CommonMark inside a Writerside workspace
05:35 +1262: /home/albert/busystack/busymark/test/src/app_smoke_test.dart: Table of Contents creates from selection and exposes nested Writerside actions
05:43 +1263: /home/albert/busystack/busymark/test/src/app_smoke_test.dart: Table of Contents creates from selection and exposes nested Writerside actions with an available native host
05:48 +1264: /home/albert/busystack/busymark/test/src/app_smoke_test.dart: Writerside topic rename uses Preview, Do Refactor, and shared entry points
05:49 +1265: /home/albert/busystack/busymark/test/src/app_smoke_test.dart: topic rename saves every dirty Writerside project source before planning
05:50 +1266: /home/albert/busystack/busymark/test/src/app_smoke_test.dart: tab keyboard shortcuts move and close editor tabs
05:51 +1267: /home/albert/busystack/busymark/test/src/app_smoke_test.dart: Git diff files are shown as separate editor tabs
05:52 +1268: /home/albert/busystack/busymark/test/src/app_smoke_test.dart: File History comparison selector shares its row with match navigation
05:52 +1269: /home/albert/busystack/busymark/test/src/app_smoke_test.dart: file tree disables Git file actions without a repository
05:52 +1270: /home/albert/busystack/busymark/test/src/app_smoke_test.dart: sidebar view shortcuts select workspace sidebar tabs
05:55 +1271: /home/albert/busystack/busymark/test/src/app_smoke_test.dart: real Source edits reach the visible Local History list on the fixed deadline
05:55 +1272: /home/albert/busystack/busymark/test/src/app_smoke_test.dart: selected WYSIWYG formatting reaches Local History through workspace callbacks
05:55 +1273: /home/albert/busystack/busymark/test/src/app_smoke_test.dart: Writerside sidebar shortcuts survive document view changes
05:58 +1274: /home/albert/busystack/busymark/test/src/app_smoke_test.dart: Files view colors entries by Git status
05:58 +1275: /home/albert/busystack/busymark/test/src/app_smoke_test.dart: Files view shows hidden, empty, and unsupported entries
05:58 +1276: /home/albert/busystack/busymark/test/src/app_smoke_test.dart: workspace sidebar is on the right in Arabic
05:58 +1277: /home/albert/busystack/busymark/test/src/app_smoke_test.dart: workspace sidebar is on the right in Persian
05:59 +1278: /home/albert/busystack/busymark/test/src/app_smoke_test.dart: Arabic untitled workspace stays RTL and diagnostic metadata stays LTR
05:59 +1279: /home/albert/busystack/busymark/test/src/app_smoke_test.dart: RTL topic copy keeps bidi controls out of clipboard data
05:59 +1280: /home/albert/busystack/busymark/test/src/app_smoke_test.dart: TOC Copy uses an inactive origin topic open buffer
06:00 +1281: /home/albert/busystack/busymark/test/src/app_smoke_test.dart: TOC Paste reviews an inactive dirty tree before moving
06:01 +1282: /home/albert/busystack/busymark/test/src/app_smoke_test.dart: source undo cannot restore saved text from previous tab
06:01 +1283: /home/albert/busystack/busymark/test/src/app_smoke_test.dart: Source groups typing and deletion undo with historical carets
06:01 +1284: /home/albert/busystack/busymark/test/src/app_smoke_test.dart: Source remount starts a distinct undo group
06:01 +1285: /home/albert/busystack/busymark/test/src/app_smoke_test.dart: source view supports editor formatting shortcuts
06:01 +1286: /home/albert/busystack/busymark/test/src/app_smoke_test.dart: Tab and Shift+Tab update indentation in source view
06:02 +1287: /home/albert/busystack/busymark/test/src/app_smoke_test.dart: editing toolbar context menu changes persisted layout without toggling
06:02 +1288: /home/albert/busystack/busymark/test/src/app_smoke_test.dart: Editor and Preview share a frame while Split stays fluid
06:02 +1289: /home/albert/busystack/busymark/test/src/app_smoke_test.dart: rendered views ignore redundant blanks while Source preserves them
06:03 +1290: /home/albert/busystack/busymark/test/src/app_smoke_test.dart: standalone HTML breaks preserve one blank line in every document view
06:03 +1291: /home/albert/busystack/busymark/test/src/app_smoke_test.dart: Editor and Preview share task-list presentation and wrapping
06:03 +1292: /home/albert/busystack/busymark/test/src/app_smoke_test.dart: Editor and Preview reuse the same quote shell geometry
06:03 +1293: /home/albert/busystack/busymark/test/src/app_smoke_test.dart: Editor and Preview reuse the same code block presentation
06:04 +1294: /home/albert/busystack/busymark/test/src/app_smoke_test.dart: Editor and Preview share professional heading hierarchy
06:04 +1295: /home/albert/busystack/busymark/test/src/app_smoke_test.dart: Editor and Preview share admonition and image presentation
06:04 +1296: /home/albert/busystack/busymark/test/src/app_smoke_test.dart: Preview renders structured formatted and nested quotes
06:04 +1297: /home/albert/busystack/busymark/test/src/app_smoke_test.dart: editor undo cannot restore saved text from previous tab
06:05 +1298: /home/albert/busystack/busymark/test/src/app_smoke_test.dart: Tab inserts a tab character in editor view paragraphs
06:05 +1299: /home/albert/busystack/busymark/test/src/app_smoke_test.dart: window close still warns when active changes are unsaved
06:05 +1300: /home/albert/busystack/busymark/test/src/app_smoke_test.dart: window close flushes autosave for saved files
06:05 +1301: /home/albert/busystack/busymark/test/src/app_smoke_test.dart: startup path opens a Markdown file workspace
06:05 +1302: /home/albert/busystack/busymark/test/src/app_smoke_test.dart: outline follows unsaved source headings without live validation
06:06 +1303: /home/albert/busystack/busymark/test/src/app_smoke_test.dart: outline context menu edits complete heading sections
06:06 +1304: /home/albert/busystack/busymark/test/src/app_smoke_test.dart: outline highlights the heading at the document viewport
06:09 +1305: /home/albert/busystack/busymark/test/src/app_smoke_test.dart: outline navigates to a renamed unsaved editor heading
06:11 +1306: /home/albert/busystack/busymark/test/src/app_smoke_test.dart: untitled outline navigates before the first save
06:11 +1307: /home/albert/busystack/busymark/test/src/app_smoke_test.dart: preview tolerates duplicate heading anchors
06:11 +1308: /home/albert/busystack/busymark/test/src/app_smoke_test.dart: Reading opens an unindexed sibling document link
06:11 +1309: /home/albert/busystack/busymark/test/src/app_smoke_test.dart: Reading linked block and inline images open their targets
06:11 +1310: /home/albert/busystack/busymark/test/src/app_smoke_test.dart: new empty document leaves remembered preview mode for editor
06:11 +1311: /home/albert/busystack/busymark/test/src/app_smoke_test.dart: blocked remote image prompt allows the current workspace
06:12 +1312: /home/albert/busystack/busymark/test/src/app_smoke_test.dart: Ctrl+O open chooser lists recent workspaces
06:12 +1313: /home/albert/busystack/busymark/test/src/app_smoke_test.dart: recent workspace menus support pointer and keyboard actions
06:12 +1314: /home/albert/busystack/busymark/test/src/app_smoke_test.dart: shared Markdown image renderer resolves local images
06:12 +1315: /home/albert/busystack/busymark/test/src/app_smoke_test.dart: shared Markdown image renderer blocks remote images by default
06:12 +1316: /home/albert/busystack/busymark/test/src/app_smoke_test.dart: shared Markdown image renderer resolves absolute paths with spaces
06:12 +1317: /home/albert/busystack/busymark/test/src/app_smoke_test.dart: shared Markdown image renderer resolves absolute paths outside workspace
06:12 +1318: /home/albert/busystack/busymark/test/src/app_smoke_test.dart: shared Markdown image renderer resolves Snap real-home paths
06:12 +1319: /home/albert/busystack/busymark/test/src/app_smoke_test.dart: shared Markdown image renderer resolves local SVG images
06:13 +1320: /home/albert/busystack/busymark/test/src/app_smoke_test.dart: shared Markdown image renderer rejects oversized local SVGs
06:13 +1321: /home/albert/busystack/busymark/test/src/app_smoke_test.dart: shared Markdown image renderer sanitizes embedded SVG image data
06:13 +1322: /home/albert/busystack/busymark/test/src/app_smoke_test.dart: shared Markdown image renderer renders generated SVG badges
06:13 +1323: /home/albert/busystack/busymark/test/src/app_smoke_test.dart: header Search button toggles the expanded search field
06:14 +1324: /home/albert/busystack/busymark/test/src/app_smoke_test.dart: native header Search action toggles search and Back visibility
06:14 +1325: /home/albert/busystack/busymark/test/src/app_smoke_test.dart: workspace search awaits non-active file reads without blocking builds
06:15 +1326: /home/albert/busystack/busymark/test/src/app_smoke_test.dart: workspace search native submit uses exact payload and selected sidebar occurrence
06:16 +1327: /home/albert/busystack/busymark/test/src/app_smoke_test.dart: workspace search preserves query and lands on unopened destination
06:16 +1328: /home/albert/busystack/busymark/test/src/app_smoke_test.dart: workspace search observes edits to inactive buffers
06:17 +1329: /home/albert/busystack/busymark/test/src/app_smoke_test.dart: workspace search reports limits and continues into later files
06:18 +1330: /home/albert/busystack/busymark/test/src/app_smoke_test.dart: workspace search exposes skipped files and regex diagnostics
06:19 +1331: /home/albert/busystack/busymark/test/src/app_smoke_test.dart: workspace search cancels expensive regex while UI keeps building
06:20 +1332: /home/albert/busystack/busymark/test/src/app_smoke_test.dart: workspace search replacement review loads an asynchronous plan
06:21 +1333: /home/albert/busystack/busymark/test/src/app_smoke_test.dart: preview search highlights preserve Unicode offsets
06:21 +1334: /home/albert/busystack/busymark/test/src/app_smoke_test.dart: literal workspace search bounds malformed Markdown snippets around the match
06:22 +1335: /home/albert/busystack/busymark/test/src/app_smoke_test.dart: preview search result clicks move preview scroll repeatedly
06:22 +1336: /home/albert/busystack/busymark/test/src/app_smoke_test.dart: preview lazily builds large documents
06:23 +1337: /home/albert/busystack/busymark/test/src/app_smoke_test.dart: preview search result clicks scroll to code block matches
06:23 +1338: /home/albert/busystack/busymark/test/src/app_smoke_test.dart: preview search result click lands on paragraph after lists
06:24 +1339: /home/albert/busystack/busymark/test/src/app_smoke_test.dart: Editor and Preview share ordered list styling and geometry
06:24 +1340: /home/albert/busystack/busymark/test/src/app_smoke_test.dart: preview renders nested list children
06:24 +1341: /home/albert/busystack/busymark/test/src/app_smoke_test.dart: preview renders raw HTML table as table cells
06:24 +1342: /home/albert/busystack/busymark/test/src/app_smoke_test.dart: Reading applies Markdown table column alignment
06:24 +1343: /home/albert/busystack/busymark/test/src/app_smoke_test.dart: preview search result click lands on code block line
06:25 +1344: /home/albert/busystack/busymark/test/src/app_smoke_test.dart: Ctrl+S runs Save for the active workspace
06:25 +1345: /home/albert/busystack/busymark/test/src/app_smoke_test.dart: Ctrl+S saves source edits from an untitled Markdown document
06:26 +1346: loading /home/albert/busystack/busymark/test/src/validation_problems_ui_test.dart
06:27 +1346: /home/albert/busystack/busymark/test/src/validation_problems_ui_test.dart: Problems reveals the source and dismisses from preview
06:31 +1347: /home/albert/busystack/busymark/test/src/validation_problems_ui_test.dart: Problems reveals the source and dismisses from editor
06:33 +1348: /home/albert/busystack/busymark/test/src/validation_problems_ui_test.dart: an open Problems dialog updates its count and math rows
06:34 +1349: /home/albert/busystack/busymark/test/src/validation_problems_ui_test.dart: manual Validate supersedes queued automatic validation and presents once
06:36 +1350: /home/albert/busystack/busymark/test/src/validation_problems_ui_test.dart: failed and stale validation do not show Problems; concurrent clicks publish once
06:39 +1351: loading /home/albert/busystack/busymark/test/src/writerside_math_diagram_test.dart
06:39 +1351: /home/albert/busystack/busymark/test/src/writerside_math_diagram_test.dart: Writerside math forms use semantic math nodes and round-trip
06:40 +1352: /home/albert/busystack/busymark/test/src/writerside_math_diagram_test.dart: ordinary Markdown does not reinterpret Writerside TeX forms
06:40 +1353: /home/albert/busystack/busymark/test/src/writerside_math_diagram_test.dart: Writerside semantic and fenced diagrams share visualizers
06:40 +1354: /home/albert/busystack/busymark/test/src/writerside_math_diagram_test.dart: referenced diagram source is constrained to the Writerside root
06:40 +1355: /home/albert/busystack/busymark/test/src/writerside_math_diagram_test.dart: Writerside topic XML exposes TeX and diagrams to shared preview
06:40 +1356: loading /home/albert/busystack/busymark/test/src/busymark_motion_widgets_test.dart
06:42 +1356: /home/albert/busystack/busymark/test/src/busymark_motion_widgets_test.dart: view changes fade one live editor while ordinary data changes do not
06:44 +1357: /home/albert/busystack/busymark/test/src/busymark_motion_widgets_test.dart: retained destinations settle immediately under reduced motion
06:44 +1358: /home/albert/busystack/busymark/test/src/busymark_motion_widgets_test.dart: retained crossfade keeps two live pages and hides outgoing UI
06:44 +1359: /home/albert/busystack/busymark/test/src/busymark_motion_widgets_test.dart: keyed crossfade retains three semantic destinations
06:44 +1360: loading /home/albert/busystack/busymark/test/src/preview_builder_test.dart
06:45 +1360: /home/albert/busystack/busymark/test/src/preview_builder_test.dart: preview uses one generic label and no compatibility banner
06:45 +1361: /home/albert/busystack/busymark/test/src/preview_builder_test.dart: preview ignores redundant blank lines between blocks
06:45 +1362: /home/albert/busystack/busymark/test/src/preview_builder_test.dart: preview preserves an explicit blank line encoded with HTML breaks
06:45 +1363: /home/albert/busystack/busymark/test/src/preview_builder_test.dart: preview headings carry parser anchors for outline navigation
06:45 +1364: /home/albert/busystack/busymark/test/src/preview_builder_test.dart: preview blocks carry source locations for search navigation
06:45 +1365: /home/albert/busystack/busymark/test/src/preview_builder_test.dart: preview source locations survive adjacent list items and code fences
06:46 +1366: /home/albert/busystack/busymark/test/src/preview_builder_test.dart: preview list text removes Markdown markers
06:46 +1367: /home/albert/busystack/busymark/test/src/preview_builder_test.dart: preview preserves links inside list items
06:46 +1368: /home/albert/busystack/busymark/test/src/preview_builder_test.dart: preview preserves nested list children
06:46 +1369: /home/albert/busystack/busymark/test/src/preview_builder_test.dart: preview keeps ordered list numbering independent at each depth
06:46 +1370: /home/albert/busystack/busymark/test/src/preview_builder_test.dart: preview preserves inline Markdown semantics
06:46 +1371: /home/albert/busystack/busymark/test/src/preview_builder_test.dart: inline autolinks only support launchable URI schemes
06:46 +1372: /home/albert/busystack/busymark/test/src/preview_builder_test.dart: preview renders quote characters as text instead of HTML entities
06:46 +1373: /home/albert/busystack/busymark/test/src/preview_builder_test.dart: preview preserves pasted local image destinations with spaces
06:46 +1374: /home/albert/busystack/busymark/test/src/preview_builder_test.dart: preview renders quote characters as text instead of HTML entities
06:46 +1375: /home/albert/busystack/busymark/test/src/preview_builder_test.dart: preview preserves pasted local image destinations with spaces
06:46 +1376: /home/albert/busystack/busymark/test/src/preview_builder_test.dart: preview treats single newlines inside paragraphs as soft breaks
06:46 +1377: /home/albert/busystack/busymark/test/src/preview_builder_test.dart: preview supports common Markdown block variants
06:46 +1378: /home/albert/busystack/busymark/test/src/preview_builder_test.dart: preview preserves structured and formatted quote children
06:46 +1379: /home/albert/busystack/busymark/test/src/preview_builder_test.dart: preview preserves source order for code and images
06:46 +1380: /home/albert/busystack/busymark/test/src/preview_builder_test.dart: preview parses Writerside image attributes
06:46 +1381: /home/albert/busystack/busymark/test/src/preview_builder_test.dart: front matter is skipped only at the top of the document
06:46 +1382: /home/albert/busystack/busymark/test/src/preview_builder_test.dart: preview renders raw HTML paragraph without literal tags
06:46 +1383: /home/albert/busystack/busymark/test/src/preview_builder_test.dart: preview renders raw HTML table sections and inline cell formatting
06:46 +1384: /home/albert/busystack/busymark/test/src/preview_builder_test.dart: preview renders direct rows under raw HTML table
06:46 +1385: /home/albert/busystack/busymark/test/src/preview_builder_test.dart: preview renders raw HTML table captions before the table
06:46 +1386: /home/albert/busystack/busymark/test/src/preview_builder_test.dart: preview renders inline raw HTML safely
06:46 +1387: /home/albert/busystack/busymark/test/src/preview_builder_test.dart: preview does not make raw HTML links active without href
06:46 +1388: /home/albert/busystack/busymark/test/src/preview_builder_test.dart: preview rejects absolute local image paths in raw HTML
06:46 +1389: /home/albert/busystack/busymark/test/src/preview_builder_test.dart: preview rejects deeply nested raw HTML before conversion
06:46 +1390: /home/albert/busystack/busymark/test/src/preview_builder_test.dart: preview renders safe raw HTML containers as child content
06:46 +1391: /home/albert/busystack/busymark/test/src/preview_builder_test.dart: preview renders top-level raw HTML image as image block
06:46 +1392: /home/albert/busystack/busymark/test/src/preview_builder_test.dart: preview preserves raw HTML figure caption relationship
06:46 +1393: /home/albert/busystack/busymark/test/src/preview_builder_test.dart: preview allows safe remote raw HTML links images and citations
06:46 +1394: /home/albert/busystack/busymark/test/src/preview_builder_test.dart: preview keeps unsafe raw HTML literal
06:46 +1395: /home/albert/busystack/busymark/test/src/preview_builder_test.dart: preview does not parse Markdown inside raw HTML blocks
06:46 +1396: /home/albert/busystack/busymark/test/src/preview_builder_test.dart: preview keeps paired raw HTML blocks together across blank lines
06:46 +1397: loading /home/albert/busystack/busymark/test/src/nextcloud_capabilities_test.dart
06:47 +1397: /home/albert/busystack/busymark/test/src/nextcloud_capabilities_test.dart: accepts stable baseline and ignores future capability fields
06:47 +1398: /home/albert/busystack/busymark/test/src/nextcloud_capabilities_test.dart: API 1.4 accepted independently of app version 6.0.0
06:47 +1399: /home/albert/busystack/busymark/test/src/nextcloud_capabilities_test.dart: API 1.4 accepted independently of app version 6.0.1
06:47 +1400: /home/albert/busystack/busymark/test/src/nextcloud_capabilities_test.dart: API 1.4 accepted independently of app version 6.1.0
06:47 +1401: /home/albert/busystack/busymark/test/src/nextcloud_capabilities_test.dart: API 1.4 accepted independently of app version 6.1.2
06:47 +1402: /home/albert/busystack/busymark/test/src/nextcloud_capabilities_test.dart: API 1.4 accepted independently of app version null
06:47 +1403: /home/albert/busystack/busymark/test/src/nextcloud_capabilities_test.dart: API 1.4 accepted independently of app version 
06:47 +1404: /home/albert/busystack/busymark/test/src/nextcloud_capabilities_test.dart: API 1.4 accepted independently of app version malformed
06:47 +1405: /home/albert/busystack/busymark/test/src/nextcloud_capabilities_test.dart: API 1.4 accepted independently of app version 42
06:47 +1406: /home/albert/busystack/busymark/test/src/nextcloud_capabilities_test.dart: rejects missing Notes and unavailable/old API accurately
06:47 +1407: /home/albert/busystack/busymark/test/src/nextcloud_capabilities_test.dart: requests OCS capabilities under prefix with proper Basic and headers
06:47 +1408: /home/albert/busystack/busymark/test/src/nextcloud_capabilities_test.dart: authenticated redirects are rejected without following another origin
06:47 +1409: /home/albert/busystack/busymark/test/src/nextcloud_capabilities_test.dart: revocation uses documented DELETE and is best effort on non-200
06:47 +1410: loading /home/albert/busystack/busymark/test/src/writerside_topic_file_editor_test.dart
06:49 +1410: /home/albert/busystack/busymark/test/src/writerside_topic_file_editor_test.dart: rename planning rejects a topic skipped by file-size limits
06:49 +1411: /home/albert/busystack/busymark/test/src/writerside_topic_file_editor_test.dart: rename planning rejects a topic skipped by document limits
06:49 +1412: /home/albert/busystack/busymark/test/src/writerside_topic_file_editor_test.dart: rename planning rejects topic discovery truncated by tree limits
06:49 +1413: /home/albert/busystack/busymark/test/src/writerside_topic_file_editor_test.dart: rename planning rejects a topic-root directory listing failure
06:49 +1414: /home/albert/busystack/busymark/test/src/writerside_topic_file_editor_test.dart: topic discovery traverses excluded and hidden directories but not VCS metadata
06:49 +1415: /home/albert/busystack/busymark/test/src/writerside_topic_file_editor_test.dart: rename updates and resolves a Markdown reference under build
06:50 +1416: /home/albert/busystack/busymark/test/src/writerside_topic_file_editor_test.dart: rename updates and resolves an XML reference under a hidden directory
06:50 +1417: /home/albert/busystack/busymark/test/src/writerside_topic_file_editor_test.dart: rename planning rejects a discovered unreadable topic source
06:50 +1418: /home/albert/busystack/busymark/test/src/writerside_topic_file_editor_test.dart: rename updates topic and start-page references in every tree
06:51 +1419: /home/albert/busystack/busymark/test/src/writerside_topic_file_editor_test.dart: rename refactors links, includes, ref entries, and leaves unrelated text
06:51 +1420: /home/albert/busystack/busymark/test/src/writerside_topic_file_editor_test.dart: rename ignores link-shaped text in image titles and HTML attributes
06:51 +1421: /home/albert/busystack/busymark/test/src/writerside_topic_file_editor_test.dart: rename binds reference links outside image titles and HTML attributes
06:51 +1422: /home/albert/busystack/busymark/test/src/writerside_topic_file_editor_test.dart: rename binds exact HTML hrefs outside Markdown link and image titles
06:51 +1423: /home/albert/busystack/busymark/test/src/writerside_topic_file_editor_test.dart: rename follows origin across modules without touching a local namesake
06:52 +1424: /home/albert/busystack/busymark/test/src/writerside_topic_file_editor_test.dart: project-wide rename includes an origin reference in a build module
06:52 +1425: /home/albert/busystack/busymark/test/src/writerside_topic_file_editor_test.dart: renaming a local namesake preserves origin-qualified Markdown XML links
06:52 +1426: /home/albert/busystack/busymark/test/src/writerside_topic_file_editor_test.dart: rename supports unquoted origin-qualified raw HTML links
06:52 +1427: /home/albert/busystack/busymark/test/src/writerside_topic_file_editor_test.dart: rename keeps decoded whitespace safe in unquoted HTML hrefs
06:52 +1428: /home/albert/busystack/busymark/test/src/writerside_topic_file_editor_test.dart: rename updates shared Markdown reference definitions once
06:53 +1429: /home/albert/busystack/busymark/test/src/writerside_topic_file_editor_test.dart: rename preserves escapes required by a Markdown destination
06:53 +1430: /home/albert/busystack/busymark/test/src/writerside_topic_file_editor_test.dart: rename rewrites an XML-encoded topic destination
06:53 +1431: /home/albert/busystack/busymark/test/src/writerside_topic_file_editor_test.dart: rename escapes decoded XML attribute replacements
06:53 +1432: /home/albert/busystack/busymark/test/src/writerside_topic_file_editor_test.dart: rename updates a matching XML topic root id
06:53 +1433: /home/albert/busystack/busymark/test/src/writerside_topic_file_editor_test.dart: missing or mismatched XML root IDs block rename atomically
06:53 +1434: /home/albert/busystack/busymark/test/src/writerside_topic_file_editor_test.dart: prepared rename is read-only and applies its exact captured changes
06:53 +1435: /home/albert/busystack/busymark/test/src/writerside_topic_file_editor_test.dart: stale prepared rename fails before any partial write
06:53 +1436: /home/albert/busystack/busymark/test/src/writerside_topic_file_editor_test.dart: rename preflights collisions only in publishing instances
06:53 +1437: /home/albert/busystack/busymark/test/src/writerside_topic_file_editor_test.dart: origin topic collisions block a project-wide prepared rename
06:54 +1438: /home/albert/busystack/busymark/test/src/writerside_topic_file_editor_test.dart: Unicode Markdown and XML topic filenames rename safely
06:54 +1439: /home/albert/busystack/busymark/test/src/writerside_topic_file_editor_test.dart: rename supports Writerside .markdown topics
06:54 +1440: /home/albert/busystack/busymark/test/src/writerside_topic_file_editor_test.dart: rename rejects duplicate targets and extension changes
06:54 +1441: /home/albert/busystack/busymark/test/src/writerside_topic_file_editor_test.dart: rename preserves a target created concurrently before exclusive create
06:54 +1442: /home/albert/busystack/busymark/test/src/writerside_topic_file_editor_test.dart: delete reloads newly configured instances before start-page checks
06:54 +1443: /home/albert/busystack/busymark/test/src/writerside_topic_file_editor_test.dart: rename does not claim a new same-basename nested reference
06:54 +1444: /home/albert/busystack/busymark/test/src/writerside_topic_file_editor_test.dart: rename aborts when a concurrent topic changes basename resolution
06:54 +1445: /home/albert/busystack/busymark/test/src/writerside_topic_file_editor_test.dart: delete aborts when a concurrent topic changes basename resolution
06:54 +1446: /home/albert/busystack/busymark/test/src/writerside_topic_file_editor_test.dart: rename retains target when an applied tree cannot be rolled back
06:54 +1447: /home/albert/busystack/busymark/test/src/writerside_topic_file_editor_test.dart: cross-module rollback retains a target after another module changes
06:55 +1448: /home/albert/busystack/busymark/test/src/writerside_topic_file_editor_test.dart: clean rollback removes the harmless newly created target
06:55 +1449: /home/albert/busystack/busymark/test/src/writerside_topic_file_editor_test.dart: rename preserves topic and instance tree file modes
06:55 +1450: /home/albert/busystack/busymark/test/src/writerside_topic_file_editor_test.dart: delete removes every TOC entry and promotes children in place
06:55 +1451: /home/albert/busystack/busymark/test/src/writerside_topic_file_editor_test.dart: delete rejects a topic used as any instance start page
06:55 +1452: /home/albert/busystack/busymark/test/src/writerside_topic_file_editor_test.dart: rename rejects unsafe path components before writing
06:55 +1453: /home/albert/busystack/busymark/test/src/writerside_topic_file_editor_test.dart: delete rejects a topic replaced by a symlink without touching its target
06:55 +1454: loading /home/albert/busystack/busymark/test/src/source_gutter_diagnostics_test.dart
06:56 +1454: /home/albert/busystack/busymark/test/src/source_gutter_diagnostics_test.dart: diagnostic maps to full and visible line without folds
06:56 +1455: /home/albert/busystack/busymark/test/src/source_gutter_diagnostics_test.dart: diagnostic inside folded region is aggregated onto its fold header
06:56 +1456: /home/albert/busystack/busymark/test/src/source_gutter_diagnostics_test.dart: folded layout geometry is reused for equal collapsed sets
06:56 +1457: /home/albert/busystack/busymark/test/src/source_gutter_diagnostics_test.dart: incremental gutter layout matches a full measured layout
06:56 +1458: loading /home/albert/busystack/busymark/test/src/native_writerside_dialog_service_test.dart
07:00 +1458: /home/albert/busystack/busymark/test/src/native_writerside_dialog_service_test.dart: Duplicate Topic is serialized to the native dialog host
07:00 +1459: /home/albert/busystack/busymark/test/src/native_writerside_dialog_service_test.dart: Edit Title returns all native field values
07:00 +1460: /home/albert/busystack/busymark/test/src/native_writerside_dialog_service_test.dart: native cancellation remains distinct from an unavailable host
07:00 +1461: loading /home/albert/busystack/busymark/test/src/wysiwyg_ai_test.dart
07:00 +1461: /home/albert/busystack/busymark/test/src/wysiwyg_ai_test.dart: WYSIWYG AI maps a nested Writerside block to its source block
07:02 +1462: /home/albert/busystack/busymark/test/src/wysiwyg_ai_test.dart: WYSIWYG AI maps selected text when unsourced editor blocks exist
07:02 +1463: /home/albert/busystack/busymark/test/src/wysiwyg_ai_test.dart: WYSIWYG AI applies through canonical Markdown source
07:02 +1464: loading /home/albert/busystack/busymark/test/src/document_status_bar_test.dart
07:04 +1464: /home/albert/busystack/busymark/test/src/document_status_bar_test.dart: places interactive spelling at start and format at end
07:05 +1465: /home/albert/busystack/busymark/test/src/document_status_bar_test.dart: keeps passive format when spelling is unsupported
07:05 +1466: /home/albert/busystack/busymark/test/src/document_status_bar_test.dart: truncates a long one-line language without displacing format
07:05 +1467: /home/albert/busystack/busymark/test/src/document_status_bar_test.dart: uses directional start and end placement in RTL
07:05 +1468: loading /home/albert/busystack/busymark/test/src/text_format_metadata_test.dart
07:06 +1468: /home/albert/busystack/busymark/test/src/text_format_metadata_test.dart: detects and preserves UTF-8 BOM, CRLF, and final newline
07:06 +1469: /home/albert/busystack/busymark/test/src/text_format_metadata_test.dart: preserves a missing final newline when saving edited text
07:06 +1470: /home/albert/busystack/busymark/test/src/text_format_metadata_test.dart: requires an explicit normalization for mixed line endings
07:06 +1471: /home/albert/busystack/busymark/test/src/text_format_metadata_test.dart: rejects invalid UTF-8 instead of replacing bytes
07:06 +1472: loading /home/albert/busystack/busymark/test/src/source_autocomplete_test.dart
07:08 +1472: /home/albert/busystack/busymark/test/src/source_autocomplete_test.dart: autocomplete prioritizes Writerside Markdown authoring suggestions
07:08 +1473: /home/albert/busystack/busymark/test/src/source_autocomplete_test.dart: completion derives XML caret context and consumes the project index
07:08 +1474: /home/albert/busystack/busymark/test/src/source_autocomplete_test.dart: completion suggests attributes legal for the element at the caret
07:08 +1475: loading /home/albert/busystack/busymark/test/src/ai_secret_store_test.dart
07:12 +1475: /home/albert/busystack/busymark/test/src/ai_secret_store_test.dart: reads the provider key through the native credential channel
07:12 +1476: /home/albert/busystack/busymark/test/src/ai_secret_store_test.dart: trims a key before securely storing it
07:12 +1477: /home/albert/busystack/busymark/test/src/ai_secret_store_test.dart: deletes only the selected provider key
07:12 +1478: /home/albert/busystack/busymark/test/src/ai_secret_store_test.dart: surfaces the native credential-service failure
07:12 +1479: loading /home/albert/busystack/busymark/test/src/local_history_workspace_test.dart
07:14 +1479: /home/albert/busystack/busymark/test/src/local_history_workspace_test.dart: pristine empty draft discards without protective storage
07:14 +1480: /home/albert/busystack/busymark/test/src/local_history_workspace_test.dart: workspace replacement retires settled bindings and retains failed baselines
07:14 +1481: /home/albert/busystack/busymark/test/src/local_history_workspace_test.dart: discard still protects nonempty content when history is unavailable
07:14 +1482: /home/albert/busystack/busymark/test/src/local_history_workspace_test.dart: discard still protects whitespace content when history is unavailable
07:14 +1483: /home/albert/busystack/busymark/test/src/local_history_workspace_test.dart: discard still protects edited-empty content when history is unavailable
07:14 +1484: /home/albert/busystack/busymark/test/src/local_history_workspace_test.dart: discard still protects recovered content when history is unavailable
07:14 +1485: /home/albert/busystack/busymark/test/src/local_history_workspace_test.dart: discard still protects file content when history is unavailable
07:14 +1486: /home/albert/busystack/busymark/test/src/local_history_workspace_test.dart: background protective retry cannot execute a previously rejected discard
07:14 +1487: /home/albert/busystack/busymark/test/src/local_history_workspace_test.dart: restored promotion reconciles only the saved lineage (file=false external=false)
07:14 +1488: /home/albert/busystack/busymark/test/src/local_history_workspace_test.dart: restored promotion reconciles only the saved lineage (file=false external=true)
07:14 +1489: /home/albert/busystack/busymark/test/src/local_history_workspace_test.dart: restored promotion reconciles only the saved lineage (file=true external=false)
07:14 +1490: /home/albert/busystack/busymark/test/src/local_history_workspace_test.dart: restored promotion reconciles only the saved lineage (file=true external=true)
07:15 +1491: /home/albert/busystack/busymark/test/src/local_history_workspace_test.dart: first save cannot adopt a deleted path lineage
07:15 +1492: /home/albert/busystack/busymark/test/src/local_history_workspace_test.dart: vacant first save retires a stale active history owner
07:15 +1493: /home/albert/busystack/busymark/test/src/local_history_workspace_test.dart: first save promotes an established untitled lineage over deleted history
07:15 +1494: /home/albert/busystack/busymark/test/src/local_history_workspace_test.dart: comparison uses unsaved editor source and whole restore is one undo step
07:15 +1495: /home/albert/busystack/busymark/test/src/local_history_workspace_test.dart: Clear Document cancels queued restore protection
07:15 +1496: /home/albert/busystack/busymark/test/src/local_history_workspace_test.dart: Clear All cancels queued restore protection
07:15 +1497: /home/albert/busystack/busymark/test/src/local_history_workspace_test.dart: region restore is exact, undoable, and rejects stale ranges
07:15 +1498: /home/albert/busystack/busymark/test/src/local_history_workspace_test.dart: failed protective capture leaves current document unchanged
07:15 +1499: /home/albert/busystack/busymark/test/src/local_history_workspace_test.dart: restoration rejects a revision from another history document
07:15 +1500: /home/albert/busystack/busymark/test/src/local_history_workspace_test.dart: untitled history compares and restores through stable identity
07:15 +1501: /home/albert/busystack/busymark/test/src/local_history_workspace_test.dart: editing during a delayed reload cancels the stale replacement
07:15 +1502: /home/albert/busystack/busymark/test/src/local_history_workspace_test.dart: reload reparse cannot publish after another buffer becomes active
07:15 +1503: /home/albert/busystack/busymark/test/src/local_history_workspace_test.dart: delete skips binary and excluded history descendants
07:15 +1504: /home/albert/busystack/busymark/test/src/local_history_workspace_test.dart: deleted document restores through normal create flow without overwriting
07:15 +1505: /home/albert/busystack/busymark/test/src/local_history_workspace_test.dart: missing history restores over an existing file without touching disk and undoes to its real source
07:15 +1506: /home/albert/busystack/busymark/test/src/local_history_workspace_test.dart: existing open destination protects unsaved source as the restore undo baseline
07:15 +1507: /home/albert/busystack/busymark/test/src/local_history_workspace_test.dart: existing destination restore stops when protection fails or the target changes
07:15 +1508: /home/albert/busystack/busymark/test/src/local_history_workspace_test.dart: autosaved existing-destination recovery never publishes an empty file
07:15 +1509: /home/albert/busystack/busymark/test/src/local_history_workspace_test.dart: delayed explicit save records exactly the source that was written
07:15 +1510: /home/albert/busystack/busymark/test/src/local_history_workspace_test.dart: history failure cannot turn a successful save into a failure
07:15 +1511: /home/albert/busystack/busymark/test/src/local_history_workspace_test.dart: external move keeps edits made during history remap on the destination
07:15 +1512: /home/albert/busystack/busymark/test/src/local_history_workspace_test.dart: external move reparse cannot publish after a newer edit
07:15 +1513: /home/albert/busystack/busymark/test/src/local_history_workspace_test.dart: external move cannot remap a replacement created while loading target
07:15 +1514: /home/albert/busystack/busymark/test/src/local_history_workspace_test.dart: external move completion cannot publish into a replacement workspace
07:15 +1515: /home/albert/busystack/busymark/test/src/local_history_workspace_test.dart: monitor event emitted after invalidation cannot enter reopened workspace
07:15 +1516: /home/albert/busystack/busymark/test/src/local_history_workspace_test.dart: file monitor lifecycle recovers after a failed stop
07:15 +1517: /home/albert/busystack/busymark/test/src/local_history_workspace_test.dart: editing while monitor start is pending still enables workspace events
07:15 +1518: /home/albert/busystack/busymark/test/src/local_history_workspace_test.dart: folder refresh while monitor start is pending still enables events
07:15 +1519: /home/albert/busystack/busymark/test/src/local_history_workspace_test.dart: disposed workspace ignores a delayed monitor start completion
07:15 +1520: /home/albert/busystack/busymark/test/src/local_history_workspace_test.dart: disposed file monitor cannot resume an overtaken start
07:15 +1521: /home/albert/busystack/busymark/test/src/local_history_workspace_test.dart: deferred monitor move cannot enter a replacement workspace
07:16 +1522: /home/albert/busystack/busymark/test/src/local_history_workspace_test.dart: external move retains reconciliation when another process checkpoints the old identity
07:16 +1523: /home/albert/busystack/busymark/test/src/local_history_workspace_test.dart: external move with no bound identity cannot remap replacement history
07:16 +1524: /home/albert/busystack/busymark/test/src/local_history_workspace_test.dart: external deletion with no bound identity cannot delete replacement history
07:16 +1525: /home/albert/busystack/busymark/test/src/local_history_workspace_test.dart: failed external-delete protection retries into the deleted lineage
07:16 +1526: /home/albert/busystack/busymark/test/src/local_history_workspace_test.dart: failed external-delete protection survives restart as detached work
07:16 +1527: /home/albert/busystack/busymark/test/src/local_history_workspace_test.dart: external directory move remaps nested open history
07:16 +1528: /home/albert/busystack/busymark/test/src/local_history_workspace_test.dart: external directory move publishes every buffer after one decode failure
07:16 +1529: /home/albert/busystack/busymark/test/src/local_history_workspace_test.dart: closing a tab during an external directory move settles its journal
07:16 +1530: /home/albert/busystack/busymark/test/src/local_history_workspace_test.dart: external directory deletion marks nested open history deleted
07:16 +1531: /home/albert/busystack/busymark/test/src/local_history_workspace_test.dart: failed recursive-delete protection survives restart on its lineage
07:16 +1532: /home/albert/busystack/busymark/test/src/local_history_workspace_test.dart: external move reconciles closed file history
07:16 +1533: /home/albert/busystack/busymark/test/src/local_history_workspace_test.dart: external deletion reconciles closed file history
07:16 +1534: /home/albert/busystack/busymark/test/src/local_history_workspace_test.dart: external chained moves coalesce before history reconciliation
07:16 +1535: /home/albert/busystack/busymark/test/src/local_history_workspace_test.dart: external chained moves coalesce across an unrelated queued event
07:16 +1536: /home/albert/busystack/busymark/test/src/local_history_workspace_test.dart: closed source move cannot steal an open destination lineage
07:16 +1537: /home/albert/busystack/busymark/test/src/local_history_workspace_test.dart: external file move includes identity established by source settlement
07:16 +1538: /home/albert/busystack/busymark/test/src/local_history_workspace_test.dart: external directory move includes identity established by source settlement
07:16 +1539: /home/albert/busystack/busymark/test/src/local_history_workspace_test.dart: cancelled named Save As detaches source history and reopens separately
07:16 +1540: /home/albert/busystack/busymark/test/src/local_history_workspace_test.dart: recording disabled after first-save publication preserves untitled lineage
07:17 +1541: /home/albert/busystack/busymark/test/src/local_history_workspace_test.dart: first-save pre-promotion cancellation: disable, completed pending capture
07:17 +1542: /home/albert/busystack/busymark/test/src/local_history_workspace_test.dart: first-save pre-promotion cancellation: disable, failed pending capture
07:17 +1543: /home/albert/busystack/busymark/test/src/local_history_workspace_test.dart: first-save pre-promotion cancellation: clear document, completed pending capture
07:17 +1544: /home/albert/busystack/busymark/test/src/local_history_workspace_test.dart: first-save pre-promotion cancellation: clear document, failed pending capture
07:17 +1545: /home/albert/busystack/busymark/test/src/local_history_workspace_test.dart: first-save pre-promotion cancellation: clear all, completed pending capture
07:18 +1546: /home/albert/busystack/busymark/test/src/local_history_workspace_test.dart: first-save pre-promotion cancellation: clear all, failed pending capture
07:18 +1547: /home/albert/busystack/busymark/test/src/local_history_workspace_test.dart: Save As keeps edits made during destination capture out of source history
07:18 +1548: /home/albert/busystack/busymark/test/src/local_history_workspace_test.dart: Save As cannot claim a dirty open buffer at a missing destination
07:18 +1549: /home/albert/busystack/busymark/test/src/local_history_workspace_test.dart: rejected Discard protection remains with the Save As source (existing=false)
07:18 +1550: /home/albert/busystack/busymark/test/src/local_history_workspace_test.dart: rejected Discard protection remains with the Save As source (existing=true)
07:18 +1551: /home/albert/busystack/busymark/test/src/local_history_workspace_test.dart: rename remaps a failed unbound baseline to the committed destination
07:19 +1552: /home/albert/busystack/busymark/test/src/local_history_workspace_test.dart: disposed prepared rename never reaches the filesystem without an execution journal
07:19 +1553: /home/albert/busystack/busymark/test/src/local_history_workspace_test.dart: Clear Document cancels a prepared rename before filesystem publication
07:19 +1554: /home/albert/busystack/busymark/test/src/local_history_workspace_test.dart: Clear Document retains an executing rename journal across a crash
07:19 +1555: /home/albert/busystack/busymark/test/src/local_history_workspace_test.dart: Clear All retains an executing rename journal across a crash
07:19 +1556: /home/albert/busystack/busymark/test/src/local_history_workspace_test.dart: targetless executing rename owner survives an ambiguous restart
07:19 +1557: /home/albert/busystack/busymark/test/src/local_history_workspace_test.dart: move remaps a deferred first-save destination before baseline recovery
07:19 +1558: /home/albert/busystack/busymark/test/src/local_history_workspace_test.dart: recursive folder move remaps retained baselines for every open descendant
07:19 +1559: /home/albert/busystack/busymark/test/src/local_history_workspace_test.dart: pending unrelated remap permits workspace Save As (existing=false)
07:19 +1560: /home/albert/busystack/busymark/test/src/local_history_workspace_test.dart: pending unrelated remap permits workspace Save As (existing=true)
07:19 +1561: /home/albert/busystack/busymark/test/src/local_history_workspace_test.dart: committed move retries a failed history path reconciliation
07:20 +1562: /home/albert/busystack/busymark/test/src/local_history_workspace_test.dart: shutdown retries first-save promotion without requiring another edit
07:20 +1563: /home/albert/busystack/busymark/test/src/local_history_workspace_test.dart: second Save As preserves a failed first-save association as the source
07:20 +1564: /home/albert/busystack/busymark/test/src/local_history_workspace_test.dart: untitled overwrite Save As partitions a failed source checkpoint
07:20 +1565: /home/albert/busystack/busymark/test/src/local_history_workspace_test.dart: untitled overwrite Save As source checkpoint survives process restart
07:20 +1566: /home/albert/busystack/busymark/test/src/local_history_workspace_test.dart: Save As journals its source before the filesystem commit returns
07:20 +1567: /home/albert/busystack/busymark/test/src/local_history_workspace_test.dart: Save As cannot publish a second owner when its destination opens in flight
07:20 +1568: /home/albert/busystack/busymark/test/src/local_history_workspace_test.dart: first Save As rechecks destination ownership after opening its workspace
07:20 +1569: /home/albert/busystack/busymark/test/src/local_history_workspace_test.dart: first Save As waits for an unbound live destination history owner
07:20 +1570: /home/albert/busystack/busymark/test/src/local_history_workspace_test.dart: disposed Save As cannot publish after losing its prepared journal owner
07:20 +1571: /home/albert/busystack/busymark/test/src/local_history_workspace_test.dart: Save As published after disposal leaves a committed recoverable journal
07:20 +1572: /home/albert/busystack/busymark/test/src/local_history_workspace_test.dart: Save As commit write failure after disposal uses the session fallback
07:20 +1573: /home/albert/busystack/busymark/test/src/local_history_workspace_test.dart: Save As publishes destination after a post-publish callback failure
07:20 +1574: /home/albert/busystack/busymark/test/src/local_history_workspace_test.dart: failed rename reconciliation survives shutdown and restart
07:20 +1575: /home/albert/busystack/busymark/test/src/local_history_workspace_test.dart: live owner keeps committed remap journal until its recovery can follow
07:21 +1576: /home/albert/busystack/busymark/test/src/local_history_workspace_test.dart: prepared rename journal repairs a crash after filesystem commit
07:21 +1577: /home/albert/busystack/busymark/test/src/local_history_workspace_test.dart: committed deletion detaches recovery newer than stored history
07:21 +1578: /home/albert/busystack/busymark/test/src/local_history_workspace_test.dart: recursive deletion evidence cannot consume a sibling recovery
07:21 +1579: /home/albert/busystack/busymark/test/src/local_history_workspace_test.dart: Clear All durably removes a previously persisted path journal
07:21 +1580: /home/albert/busystack/busymark/test/src/local_history_workspace_test.dart: startup applies committed destination cleanup before Save As recovery
07:21 +1581: /home/albert/busystack/busymark/test/src/local_history_workspace_test.dart: startup keeps untitled first-save source when another tab owns destination
07:21 +1582: /home/albert/busystack/busymark/test/src/local_history_workspace_test.dart: committed Save As recovery cannot claim another process tab with the same buffer id
07:21 +1583: /home/albert/busystack/busymark/test/src/local_history_workspace_test.dart: session restore selects recovery by process owner before shared buffer id
07:21 +1584: /home/albert/busystack/busymark/test/src/local_history_workspace_test.dart: failed startup reconstruction releases adopted recovery ownership
07:21 +1585: /home/albert/busystack/busymark/test/src/local_history_workspace_test.dart: history retry during slow failed startup cannot erase adopted recovery
07:22 +1586: /home/albert/busystack/busymark/test/src/local_history_workspace_test.dart: session identity restore waits for the authoritative history snapshot
07:22 +1587: /home/albert/busystack/busymark/test/src/local_history_workspace_test.dart: renamed adopted recovery still honors its original path-operation owner
07:22 +1588: /home/albert/busystack/busymark/test/src/local_history_workspace_test.dart: replayed durable Clear All preserves newer history
07:22 +1589: /home/albert/busystack/busymark/test/src/local_history_workspace_test.dart: startup aborts until replayed clear refresh is authoritative
07:22 +1590: /home/albert/busystack/busymark/test/src/local_history_workspace_test.dart: prepared deletion journal repairs a crash after filesystem commit
07:22 +1591: /home/albert/busystack/busymark/test/src/local_history_workspace_test.dart: failed deletion reconciliation survives shutdown and restart
07:22 +1592: /home/albert/busystack/busymark/test/src/local_history_workspace_test.dart: reopened tab adopts its unresolved first-save history association
07:22 +1593: /home/albert/busystack/busymark/test/src/local_history_workspace_test.dart: unresolved shutdown promotion survives in session and retries on startup
07:22 +1594: /home/albert/busystack/busymark/test/src/local_history_workspace_test.dart: workspace rename settles a failed first-save promotion
07:22 +1595: /home/albert/busystack/busymark/test/src/local_history_workspace_test.dart: workspace directory move settles a nested failed first-save promotion
07:22 +1596: /home/albert/busystack/busymark/test/src/local_history_workspace_test.dart: comparison renders styled intraline spans without framework errors
07:23 +1597: /home/albert/busystack/busymark/test/src/local_history_workspace_test.dart: comparison restore actions wait for the current replacement result
07:23 +1598: /home/albert/busystack/busymark/test/src/local_history_workspace_test.dart: workspace refresh invalidates a completed comparison by source content
07:23 +1599: loading /home/albert/busystack/busymark/test/src/visualization_card_test.dart
07:24 +1599: /home/albert/busystack/busymark/test/src/visualization_card_test.dart: full-screen diagram coordinates its modal and preserves pan/zoom
07:25 +1600: /home/albert/busystack/busymark/test/src/visualization_card_test.dart: retains the last valid diagram and navigates new diagnostics
07:26 +1601: /home/albert/busystack/busymark/test/src/visualization_card_test.dart: fits a small Mermaid diagram to the preview width
07:26 +1602: /home/albert/busystack/busymark/test/src/visualization_card_test.dart: keeps a wide Mermaid diagram readable until fit is requested
07:26 +1603: /home/albert/busystack/busymark/test/src/visualization_card_test.dart: shows searchable OpenAPI operations and opens the native reference
07:26 +1604: loading /home/albert/busystack/busymark/test/src/wysiwyg_visualization_diagnostic_test.dart
07:27 +1604: /home/albert/busystack/busymark/test/src/wysiwyg_visualization_diagnostic_test.dart: computes the diagnostic offset within fenced source
07:27 +1605: /home/albert/busystack/busymark/test/src/wysiwyg_visualization_diagnostic_test.dart: WYSIWYG diagnostic selects its actual source line
07:28 +1606: loading /home/albert/busystack/busymark/test/src/nextcloud_notes_ui_test.dart
07:30 +1606: /home/albert/busystack/busymark/test/src/nextcloud_notes_ui_test.dart: Nextcloud settings route selects its dedicated page
07:32 +1607: /home/albert/busystack/busymark/test/src/nextcloud_notes_ui_test.dart: remote editor tabs retain note titles through metadata rename
07:35 +1608: /home/albert/busystack/busymark/test/src/nextcloud_notes_ui_test.dart: cached note list searches content and excludes clean deletion tombstones
07:36 +1609: /home/albert/busystack/busymark/test/src/nextcloud_notes_ui_test.dart: favorites and ancestor category filtering operate on cached notes
07:37 +1610: /home/albert/busystack/busymark/test/src/nextcloud_notes_ui_test.dart: moving the last selected category note clears its filter
07:37 +1611: /home/albert/busystack/busymark/test/src/nextcloud_notes_ui_test.dart: the final category can disappear without hiding uncategorized notes
07:38 +1612: /home/albert/busystack/busymark/test/src/nextcloud_notes_ui_test.dart: uncertain attachment controls remain available with fetched remote state
07:38 +1613: /home/albert/busystack/busymark/test/src/nextcloud_notes_ui_test.dart: read-only metadata stays read-only while favorite is writable and export is explicit
07:38 +1614: /home/albert/busystack/busymark/test/src/nextcloud_notes_ui_test.dart: attachment deletion warns about links and cancellation retains the file
07:39 +1615: /home/albert/busystack/busymark/test/src/nextcloud_notes_ui_test.dart: remote deletion offers explicit discard with a second confirmation
07:39 +1616: /home/albert/busystack/busymark/test/src/nextcloud_notes_ui_test.dart: merge requires explicit choices for divergent scalar metadata
07:40 +1617: /home/albert/busystack/busymark/test/src/nextcloud_notes_ui_test.dart: read-only favorite conflict offers a safe merge
07:40 +1618: /home/albert/busystack/busymark/test/src/nextcloud_notes_ui_test.dart: uncertain creation lets the user select a candidate
07:40 +1619: /home/albert/busystack/busymark/test/src/nextcloud_notes_ui_test.dart: selecting and confirming candidate binds draft and retains newer edits
07:41 +1620: /home/albert/busystack/busymark/test/src/nextcloud_notes_ui_test.dart: forbidden pending changes offer recovery without overwrite
07:41 +1621: /home/albert/busystack/busymark/test/src/nextcloud_notes_ui_test.dart: unavailable pending changes offer recovery without overwrite
07:41 +1622: loading /home/albert/busystack/busymark/test/src/authored_html_diagnostics_test.dart
07:42 +1622: /home/albert/busystack/busymark/test/src/authored_html_diagnostics_test.dart: escaped table pipes cannot bind across subsequent cells
07:42 +1623: /home/albert/busystack/busymark/test/src/authored_html_diagnostics_test.dart: escaped table normalization preserves a later HTML cell: a\|b | a|b
07:42 +1624: /home/albert/busystack/busymark/test/src/authored_html_diagnostics_test.dart: escaped table normalization preserves a later HTML cell: | a\|b\|c | a|b|c |
07:42 +1625: /home/albert/busystack/busymark/test/src/authored_html_diagnostics_test.dart: escaped table normalization preserves a later HTML cell: | a\\\|b | a\\|b |
07:42 +1626: /home/albert/busystack/busymark/test/src/authored_html_diagnostics_test.dart: escaped table normalization preserves a later HTML cell: | a\|b | a|b\
07:42 +1627: /home/albert/busystack/busymark/test/src/authored_html_diagnostics_test.dart: escaped table normalization preserves a later HTML cell: | a\|b |
07:42 +1628: /home/albert/busystack/busymark/test/src/authored_html_diagnostics_test.dart: escaped table normalization preserves a later HTML cell: | `a\|b` | a|b |
07:42 +1629: /home/albert/busystack/busymark/test/src/authored_html_diagnostics_test.dart: escaped pipes in the table header retain diagnostic positions
07:42 +1630: /home/albert/busystack/busymark/test/src/authored_html_diagnostics_test.dart: escaped table cells retain HTML positions: | a\|<script>alert(1)</script>b | a|<script>alert(1)</script>b |
07:42 +1631: /home/albert/busystack/busymark/test/src/authored_html_diagnostics_test.dart: escaped table cells retain HTML positions: | `<script>alert(1)</script>` a\|b | a|<script>alert(1)</script> |
07:42 +1632: /home/albert/busystack/busymark/test/src/authored_html_diagnostics_test.dart: table HTML attributes are checked in block context
07:42 +1633: /home/albert/busystack/busymark/test/src/authored_html_diagnostics_test.dart: table HTML attributes are checked in inline context
07:42 +1634: /home/albert/busystack/busymark/test/src/authored_html_diagnostics_test.dart: inline caption attributes are checked before tree construction
07:42 +1635: /home/albert/busystack/busymark/test/src/authored_html_diagnostics_test.dart: inline colgroup attributes are checked before tree construction
07:42 +1636: /home/albert/busystack/busymark/test/src/authored_html_diagnostics_test.dart: inline col attributes are checked before tree construction
07:42 +1637: /home/albert/busystack/busymark/test/src/authored_html_diagnostics_test.dart: inline thead attributes are checked before tree construction
07:42 +1638: /home/albert/busystack/busymark/test/src/authored_html_diagnostics_test.dart: inline tbody attributes are checked before tree construction
07:42 +1639: /home/albert/busystack/busymark/test/src/authored_html_diagnostics_test.dart: inline tfoot attributes are checked before tree construction
07:42 +1640: /home/albert/busystack/busymark/test/src/authored_html_diagnostics_test.dart: inline th attributes are checked before tree construction
07:42 +1641: /home/albert/busystack/busymark/test/src/authored_html_diagnostics_test.dart: inline td attributes are checked before tree construction
07:42 +1642: /home/albert/busystack/busymark/test/src/authored_html_diagnostics_test.dart: inline URL attributes use HTML entity decoding
07:42 +1643: /home/albert/busystack/busymark/test/src/authored_html_diagnostics_test.dart: table HTML remains literal or safe: Text `<table><tr onclick="example()"><td>Cell</td></tr></table>`
07:42 +1644: /home/albert/busystack/busymark/test/src/authored_html_diagnostics_test.dart: table HTML remains literal or safe: Text \<table>\<tr onclick="example()">\<td>Cell\</td>\</tr>\</table>
07:42 +1645: /home/albert/busystack/busymark/test/src/authored_html_diagnostics_test.dart: table HTML remains literal or safe: ```html
07:42 +1646: /home/albert/busystack/busymark/test/src/authored_html_diagnostics_test.dart: table HTML remains literal or safe:     <table><tr onclick="example()"><td>Cell</td></tr></table>
07:42 +1647: /home/albert/busystack/busymark/test/src/authored_html_diagnostics_test.dart: table HTML remains literal or safe: Text <table><tr title="onclick=example()"><td>Cell</td></tr></table>
07:42 +1648: /home/albert/busystack/busymark/test/src/authored_html_diagnostics_test.dart: HTML location follows parsed source: ```html
07:42 +1649: /home/albert/busystack/busymark/test/src/authored_html_diagnostics_test.dart: HTML location follows parsed source:     <script>alert(1)</script>
07:42 +1650: /home/albert/busystack/busymark/test/src/authored_html_diagnostics_test.dart: HTML location follows parsed source: <div>
07:42 +1651: /home/albert/busystack/busymark/test/src/authored_html_diagnostics_test.dart: HTML location follows parsed source: <div>
07:42 +1652: /home/albert/busystack/busymark/test/src/authored_html_diagnostics_test.dart: HTML location follows parsed source: [^unused]: <script>alert(1)</script>
07:42 +1653: /home/albert/busystack/busymark/test/src/authored_html_diagnostics_test.dart: HTML location follows parsed source: [^used]: <script>alert(1)</script>
07:42 +1654: /home/albert/busystack/busymark/test/src/authored_html_diagnostics_test.dart: HTML location follows parsed source: - ```html
07:42 +1655: /home/albert/busystack/busymark/test/src/authored_html_diagnostics_test.dart: HTML location follows parsed source: `<script>alert(1)</script>` then <script>alert(1)</script>
07:42 +1656: /home/albert/busystack/busymark/test/src/authored_html_diagnostics_test.dart: HTML location follows parsed source: `` <script>alert(1)</script> ``
07:42 +1657: /home/albert/busystack/busymark/test/src/authored_html_diagnostics_test.dart: HTML location follows parsed source: > ```html
07:42 +1658: /home/albert/busystack/busymark/test/src/authored_html_diagnostics_test.dart: HTML location follows parsed source: - Example
07:42 +1659: /home/albert/busystack/busymark/test/src/authored_html_diagnostics_test.dart: HTML location follows parsed source: > - `<script>alert(1)</script>` then <script>alert(1)</script>
07:42 +1660: /home/albert/busystack/busymark/test/src/authored_html_diagnostics_test.dart: HTML location follows parsed source: ---
07:42 +1661: /home/albert/busystack/busymark/test/src/authored_html_diagnostics_test.dart: HTML location follows parsed source: ```html
07:42 +1662: /home/albert/busystack/busymark/test/src/authored_html_diagnostics_test.dart: HTML location follows parsed source: | Code | HTML |
07:42 +1663: /home/albert/busystack/busymark/test/src/authored_html_diagnostics_test.dart: HTML location follows parsed source: | One |
07:42 +1664: /home/albert/busystack/busymark/test/src/authored_html_diagnostics_test.dart: HTML location follows parsed source: `a  <script>alert(1)</script>`
07:42 +1665: /home/albert/busystack/busymark/test/src/authored_html_diagnostics_test.dart: unsafe Markdown URLs are located at the link, after literal examples
07:42 +1666: loading /home/albert/busystack/busymark/test/src/window_control_service_test.dart
07:44 +1666: /home/albert/busystack/busymark/test/src/window_control_service_test.dart: button and native close requests share one pending confirmation
07:44 +1667: /home/albert/busystack/busymark/test/src/window_control_service_test.dart: initializes prevent-close interception
07:44 +1668: /home/albert/busystack/busymark/test/src/window_control_service_test.dart: toggles full screen and tracks native window-state changes
07:44 +1669: /home/albert/busystack/busymark/test/src/window_control_service_test.dart: no dirty documents closes without dialog
07:44 +1670: /home/albert/busystack/busymark/test/src/window_control_service_test.dart: dirty documents with confirmation enabled show dialog
07:44 +1671: /home/albert/busystack/busymark/test/src/window_control_service_test.dart: dirty documents with confirmation disabled close directly
07:44 +1672: /home/albert/busystack/busymark/test/src/window_control_service_test.dart: discard closes after disabling prevent-close
07:44 +1673: /home/albert/busystack/busymark/test/src/window_control_service_test.dart: save closes only when saving succeeds
07:44 +1674: /home/albert/busystack/busymark/test/src/window_control_service_test.dart: save failure keeps the app open
07:44 +1675: loading /home/albert/busystack/busymark/test/src/wysiwyg_code_block_editing_test.dart
07:48 +1675: /home/albert/busystack/busymark/test/src/wysiwyg_code_block_editing_test.dart: terminal code block gets a non-serializing trailing paragraph
07:48 +1676: /home/albert/busystack/busymark/test/src/wysiwyg_code_block_editing_test.dart: Enter inserts a newline within one code block
07:48 +1677: /home/albert/busystack/busymark/test/src/wysiwyg_code_block_editing_test.dart: a code block created by editing also retains a trailing paragraph
07:48 +1678: /home/albert/busystack/busymark/test/src/wysiwyg_code_block_editing_test.dart: third terminal Enter exits code and removes the two empty lines
07:48 +1679: /home/albert/busystack/busymark/test/src/wysiwyg_code_block_editing_test.dart: exiting before existing content inserts a transient paragraph
07:48 +1680: /home/albert/busystack/busymark/test/src/wysiwyg_code_block_editing_test.dart: Enter in the trailing paragraph records an intentional blank
07:48 +1681: /home/albert/busystack/busymark/test/src/wysiwyg_code_block_editing_test.dart: code Enter stays in the multiline code field
07:49 +1682: /home/albert/busystack/busymark/test/src/wysiwyg_code_block_editing_test.dart: Ctrl+Enter exits into the trailing paragraph
07:50 +1683: /home/albert/busystack/busymark/test/src/wysiwyg_code_block_editing_test.dart: Arrow Down exits a terminal code block
07:50 +1684: loading /home/albert/busystack/busymark/test/src/document_format_indicator_test.dart
07:52 +1684: /home/albert/busystack/busymark/test/src/document_format_indicator_test.dart: shows only a compact line-ending label
07:53 +1685: /home/albert/busystack/busymark/test/src/document_format_indicator_test.dart: makes BOM visible and keeps final-newline detail compact
07:53 +1686: /home/albert/busystack/busymark/test/src/document_format_indicator_test.dart: uses a compact technical label for mixed line endings
07:53 +1687: loading /home/albert/busystack/busymark/test/src/spelling_editor_integration_test.dart
07:54 +1687: /home/albert/busystack/busymark/test/src/spelling_editor_integration_test.dart: ordinary WYSIWYG selection never suppresses spelling underlines
07:54 +1688: /home/albert/busystack/busymark/test/src/spelling_editor_integration_test.dart: source spelling correction is one exact transaction
07:55 +1689: /home/albert/busystack/busymark/test/src/spelling_editor_integration_test.dart: formatted rich correction preserves structure and publishes once
07:56 +1690: /home/albert/busystack/busymark/test/src/spelling_editor_integration_test.dart: rich image spelling preserves source and one undo step
07:57 +1691: /home/albert/busystack/busymark/test/src/spelling_editor_integration_test.dart: rich nested code and math spelling preserves source and undo
07:57 +1692: /home/albert/busystack/busymark/test/src/spelling_editor_integration_test.dart: rich nested address and math spelling preserves source and undo
07:58 +1693: /home/albert/busystack/busymark/test/src/spelling_editor_integration_test.dart: rich table image spelling preserves authored cell syntax
07:58 +1694: /home/albert/busystack/busymark/test/src/spelling_editor_integration_test.dart: delayed rich image preparation refuses a newer revision
07:58 +1695: /home/albert/busystack/busymark/test/src/spelling_editor_integration_test.dart: delayed math image preparation refuses a newer revision
07:58 +1696: /home/albert/busystack/busymark/test/src/spelling_editor_integration_test.dart: rich correction preserves entities and translates later anchors
07:59 +1697: /home/albert/busystack/busymark/test/src/spelling_editor_integration_test.dart: rich hard-break correction keeps later source anchor
07:59 +1698: /home/albert/busystack/busymark/test/src/spelling_editor_integration_test.dart: rich table correction preserves encoded cell source
07:59 +1699: /home/albert/busystack/busymark/test/src/spelling_editor_integration_test.dart: rich table-cell correction preserves link and publishes sessions once
07:59 +1700: /home/albert/busystack/busymark/test/src/spelling_editor_integration_test.dart: rich underline painter keeps confirmed helo visible at caret
07:59 +1701: /home/albert/busystack/busymark/test/src/spelling_editor_integration_test.dart: table cell underline uses the live cell composing range
07:59 +1702: loading /home/albert/busystack/busymark/test/src/generated_svg_normalizer_test.dart
08:00 +1702: /home/albert/busystack/busymark/test/src/generated_svg_normalizer_test.dart: inlines safe generated CSS into a vector-only SVG
08:00 +1703: /home/albert/busystack/busymark/test/src/generated_svg_normalizer_test.dart: keeps sanitized foreignObject only in the browser raster input
08:00 +1704: /home/albert/busystack/busymark/test/src/generated_svg_normalizer_test.dart: removes SVG and CSS animations
08:00 +1705: /home/albert/busystack/busymark/test/src/generated_svg_normalizer_test.dart: rejects remote, executable, and escaped CSS URLs
08:00 +1706: /home/albert/busystack/busymark/test/src/generated_svg_normalizer_test.dart: allows embedded D2-style fonts but rejects remote image attributes
08:00 +1707: /home/albert/busystack/busymark/test/src/generated_svg_normalizer_test.dart: requires rasterization for CSS the vector inliner cannot preserve
08:00 +1708: /home/albert/busystack/busymark/test/src/generated_svg_normalizer_test.dart: preserves safe browser-only inline CSS and rasterizes it
08:00 +1709: /home/albert/busystack/busymark/test/src/generated_svg_normalizer_test.dart: removes unsafe URLs from inline CSS
08:00 +1710: /home/albert/busystack/busymark/test/src/generated_svg_normalizer_test.dart: does not claim a vector result when CSS cascade resolution is needed
08:00 +1711: /home/albert/busystack/busymark/test/src/generated_svg_normalizer_test.dart: rejects declarations, excessive complexity, and invalid dimensions
08:00 +1712: /home/albert/busystack/busymark/test/src/generated_svg_normalizer_test.dart: applies the size limit to UTF-8 bytes
08:00 +1713: loading /home/albert/busystack/busymark/test/src/openapi_dependency_resolver_test.dart
08:02 +1713: /home/albert/busystack/busymark/test/src/openapi_dependency_resolver_test.dart: remote requests reject existing local references before reading dependencies
08:03 +1714: /home/albert/busystack/busymark/test/src/openapi_dependency_resolver_test.dart: resolves local files, hashes them, and terminates circular schemas
08:03 +1715: /home/albert/busystack/busymark/test/src/openapi_dependency_resolver_test.dart: keeps internal-only references independent of a saved path
08:03 +1716: /home/albert/busystack/busymark/test/src/openapi_dependency_resolver_test.dart: rejects remote, absolute, malformed, and unsupported references
08:03 +1717: /home/albert/busystack/busymark/test/src/openapi_dependency_resolver_test.dart: reports an unsaved document that contains a local reference
08:03 +1718: /home/albert/busystack/busymark/test/src/openapi_dependency_resolver_test.dart: converts traversal and symlink escapes into typed diagnostics
08:03 +1719: /home/albert/busystack/busymark/test/src/openapi_dependency_resolver_test.dart: enforces dependency count and byte limits
08:03 +1720: loading /home/albert/busystack/busymark/test/src/writerside_video_player_host_test.dart
08:04 +1720: /home/albert/busystack/busymark/test/src/writerside_video_player_host_test.dart: platform host sends reduced source and geometry over one channel
08:04 +1721: /home/albert/busystack/busymark/test/src/writerside_video_player_host_test.dart: Linux player keeps interactive media in a restricted WebKit host
08:05 +1722: loading /home/albert/busystack/busymark/test/src/export_options_test.dart
08:09 +1722: /home/albert/busystack/busymark/test/src/export_options_test.dart: defaults retain PDF geometry and independent HTML reading appearance
08:09 +1723: /home/albert/busystack/busymark/test/src/export_options_test.dart: every option persists and copies without losing unrelated fields
08:09 +1724: /home/albert/busystack/busymark/test/src/export_options_test.dart: absent and malformed persisted values fall back per field
08:09 +1725: /home/albert/busystack/busymark/test/src/export_options_test.dart: geometry resolves dimensions, orientation and four independent margins
08:09 +1726: /home/albert/busystack/busymark/test/src/export_options_test.dart: payload contains resolved geometry and every renderer option as data
08:09 +1727: loading /home/albert/busystack/busymark/test/src/nextcloud_workspace_test.dart
08:10 +1727: /home/albert/busystack/busymark/test/src/nextcloud_workspace_test.dart: unsaved draft edits during confirmation require another review
08:11 +1728: /home/albert/busystack/busymark/test/src/nextcloud_workspace_test.dart: an unsaved independently opened candidate blocks consolidation without orphaning its tab
08:11 +1729: /home/albert/busystack/busymark/test/src/nextcloud_workspace_test.dart: Save, Save All, autosave and shutdown durably retain offline notes
08:11 +1730: /home/albert/busystack/busymark/test/src/nextcloud_workspace_test.dart: immediate persistence cannot deadlock a remote save
08:11 +1731: /home/albert/busystack/busymark/test/src/nextcloud_workspace_test.dart: unsaved editor base survives refresh (in flight: false)
08:11 +1732: /home/albert/busystack/busymark/test/src/nextcloud_workspace_test.dart: unsaved editor base survives refresh (in flight: true)
08:11 +1733: /home/albert/busystack/busymark/test/src/nextcloud_workspace_test.dart: removed active note activates remaining tab (explicit: false)
08:11 +1734: /home/albert/busystack/busymark/test/src/nextcloud_workspace_test.dart: removed active note activates remaining tab (explicit: true)
08:12 +1735: /home/albert/busystack/busymark/test/src/nextcloud_workspace_test.dart: remote session restores content and pending sync from SQLite after restart
08:12 +1736: /home/albert/busystack/busymark/test/src/nextcloud_workspace_test.dart: remote Save As keeps account, buffer identity and pending operation
08:12 +1737: /home/albert/busystack/busymark/test/src/nextcloud_workspace_test.dart: closing the final remote tab leaves its Notes workspace and outbox
08:12 +1738: /home/albert/busystack/busymark/test/src/nextcloud_workspace_test.dart: remote history restore is a durable new local edit
08:12 +1739: /home/albert/busystack/busymark/test/src/nextcloud_workspace_test.dart: removing an open remote account clears its session
08:12 +1740: loading /home/albert/busystack/busymark/test/src/source_folding_test.dart
08:13 +1740: /home/albert/busystack/busymark/test/src/source_folding_test.dart: line starts map to the following source line
08:13 +1741: /home/albert/busystack/busymark/test/src/source_folding_test.dart: markdown folding detects sections lists quotes and code blocks
08:13 +1742: /home/albert/busystack/busymark/test/src/source_folding_test.dart: markdown folding keeps shorter fence runs inside dynamic fences
08:13 +1743: /home/albert/busystack/busymark/test/src/source_folding_test.dart: markdown structures inside fences do not create fold regions
08:13 +1744: /home/albert/busystack/busymark/test/src/source_folding_test.dart: xml folding ignores tags inside multiline comments and CDATA
08:13 +1745: /home/albert/busystack/busymark/test/src/source_folding_test.dart: xml folding ignores greater-than signs inside quoted attributes
08:13 +1746: /home/albert/busystack/busymark/test/src/source_folding_test.dart: xml folding scans opening tags across source lines
08:13 +1747: /home/albert/busystack/busymark/test/src/source_folding_test.dart: xml folding skips processing instructions and declarations
08:13 +1748: /home/albert/busystack/busymark/test/src/source_folding_test.dart: markdown folding does not join separate indented code blocks
08:13 +1749: /home/albert/busystack/busymark/test/src/source_folding_test.dart: collapsed gutter entries preserve source line numbers
08:13 +1750: /home/albert/busystack/busymark/test/src/source_folding_test.dart: collapsing one repeated markdown subsection keeps peer sections visible
08:13 +1751: /home/albert/busystack/busymark/test/src/source_folding_test.dart: xml folding detects simple multiline tag blocks
08:13 +1752: /home/albert/busystack/busymark/test/src/source_folding_test.dart: markdown folding detects nested headings task lists and blockquotes
08:13 +1753: /home/albert/busystack/busymark/test/src/source_folding_test.dart: xml folding handles nested same-name tags with a stack
08:13 +1754: /home/albert/busystack/busymark/test/src/source_folding_test.dart: malformed xml does not create unsafe fold ranges
08:13 +1755: /home/albert/busystack/busymark/test/src/source_folding_test.dart: line info supports CRLF endings
08:13 +1756: loading /home/albert/busystack/busymark/test/src/spelling_packaging_audit_test.dart
08:16 +1756: /home/albert/busystack/busymark/test/src/spelling_packaging_audit_test.dart: shipped spelling catalog is metadata-only and revision pinned
08:16 +1757: /home/albert/busystack/busymark/test/src/spelling_packaging_audit_test.dart: ordinary Linux release does not prepare all-language pairs
08:16 +1758: /home/albert/busystack/busymark/test/src/spelling_packaging_audit_test.dart: committed spelling checksum inventory matches exact shipped bytes
08:16 +1759: /home/albert/busystack/busymark/test/src/spelling_packaging_audit_test.dart: native spelling notices are explicit installed artifacts
08:16 +1760: /home/albert/busystack/busymark/test/src/spelling_packaging_audit_test.dart: strict Snap smoke performs and verifies a local revision transition
08:16 +1761: loading /home/albert/busystack/busymark/test/src/writerside_instance_service_test.dart
08:16 +1761: /home/albert/busystack/busymark/test/src/writerside_instance_service_test.dart: creates and registers an empty instance with build settings
08:17 +1762: /home/albert/busystack/busymark/test/src/writerside_instance_service_test.dart: creates a non-publishing TOC library instance
08:17 +1763: /home/albert/busystack/busymark/test/src/writerside_instance_service_test.dart: imports selected Markdown and its referenced local media
08:17 +1764: /home/albert/busystack/busymark/test/src/writerside_instance_service_test.dart: renames an instance and refactors documented project references
08:17 +1765: /home/albert/busystack/busymark/test/src/writerside_instance_service_test.dart: first topic added to an empty instance becomes its home page
08:17 +1766: /home/albert/busystack/busymark/test/src/writerside_instance_service_test.dart: invalid project XML blocks an instance ID refactor without changing files
08:17 +1767: /home/albert/busystack/busymark/test/src/writerside_instance_service_test.dart: concurrent config change prevents every instance publication
08:18 +1768: /home/albert/busystack/busymark/test/src/writerside_instance_service_test.dart: existing-instance Markdown topic import copies selected topics, media, and inserts root entries in order
08:18 +1769: /home/albert/busystack/busymark/test/src/writerside_instance_service_test.dart: existing-instance Markdown topic import inserts several siblings after the exact reference in list order
08:18 +1770: /home/albert/busystack/busymark/test/src/writerside_instance_service_test.dart: existing-instance Markdown topic import initializes only the first imported topic as the start page
08:18 +1771: /home/albert/busystack/busymark/test/src/writerside_instance_service_test.dart: existing-instance Markdown topic import rejects batch, existing-ID, target, and invalid-name conflicts
08:18 +1772: /home/albert/busystack/busymark/test/src/writerside_instance_service_test.dart: existing-instance Markdown topic import accepts a Unicode topic filename
08:18 +1773: /home/albert/busystack/busymark/test/src/writerside_instance_service_test.dart: existing-instance Markdown topic import rejects a stale reference identity without publishing files
08:18 +1774: /home/albert/busystack/busymark/test/src/writerside_instance_service_test.dart: existing-instance Markdown topic import discovered-but-unparsed topic basename blocks import
08:18 +1775: /home/albert/busystack/busymark/test/src/writerside_instance_service_test.dart: existing-instance Markdown topic import fails closed when semantic topic discovery is incomplete
08:18 +1776: /home/albert/busystack/busymark/test/src/writerside_instance_service_test.dart: existing-instance Markdown topic import revalidates IDs before publishing and leaves no partial import
08:18 +1777: /home/albert/busystack/busymark/test/src/writerside_instance_service_test.dart: existing-instance Markdown topic import allows an unrelated topic created before publication
08:18 +1778: /home/albert/busystack/busymark/test/src/writerside_instance_service_test.dart: new-instance import rejects existing and selected-batch topic IDs
08:18 +1779: /home/albert/busystack/busymark/test/src/writerside_instance_service_test.dart: new-instance import rejects an invalid topic filename
08:18 +1780: /home/albert/busystack/busymark/test/src/writerside_instance_service_test.dart: new-instance import fails closed on incomplete discovery
08:18 +1781: loading /home/albert/busystack/busymark/test/src/validation_consistency_test.dart
08:19 +1781: /home/albert/busystack/busymark/test/src/validation_consistency_test.dart: module load, topic validation, and config validation agree and clear fixes
08:20 +1782: /home/albert/busystack/busymark/test/src/validation_consistency_test.dart: editing a target refreshes diagnostics in the referencing topic
08:20 +1783: /home/albert/busystack/busymark/test/src/validation_consistency_test.dart: local variables, comments, interpolation controls and optional includes agree
08:20 +1784: /home/albert/busystack/busymark/test/src/validation_consistency_test.dart: interpolated includes agree across load, topic and config validation
08:20 +1785: /home/albert/busystack/busymark/test/src/validation_consistency_test.dart: local variable scope identity includes its declaring topic
08:20 +1786: /home/albert/busystack/busymark/test/src/validation_consistency_test.dart: cross-module includes refresh when their target changes
08:20 +1787: /home/albert/busystack/busymark/test/src/validation_consistency_test.dart: malformed glossary and keymap XML report the supporting file and clear after repair
08:20 +1788: /home/albert/busystack/busymark/test/src/validation_consistency_test.dart: Markdown validation preserves other files and scan warnings while clearing active errors
08:20 +1789: /home/albert/busystack/busymark/test/src/validation_consistency_test.dart: linked anchors use dirty buffers and canonical self-links, caching targets
08:20 +1790: /home/albert/busystack/busymark/test/src/validation_consistency_test.dart: large buffered targets parse asynchronously and missing saved targets use their buffers
08:20 +1791: /home/albert/busystack/busymark/test/src/validation_consistency_test.dart: front matter requires complete delimiter lines with LF and CRLF
08:20 +1792: /home/albert/busystack/busymark/test/src/validation_consistency_test.dart: HTML diagnostics exclude prose and literal code without relaxing rendering policy
08:20 +1793: /home/albert/busystack/busymark/test/src/validation_consistency_test.dart: location maps are reused within a parse and released between parses
08:20 +1794: loading /home/albert/busystack/busymark/test/src/nextcloud_login_flow_test.dart
08:21 +1794: /home/albert/busystack/busymark/test/src/nextcloud_login_flow_test.dart: Nextcloud installation URLs normalizes the root URL and preserves installation prefixes
08:21 +1795: /home/albert/busystack/busymark/test/src/nextcloud_login_flow_test.dart: Nextcloud installation URLs rejects malformed and unsafe installation URLs
08:21 +1796: /home/albert/busystack/busymark/test/src/nextcloud_login_flow_test.dart: Nextcloud installation URLs routes cannot reset a prefix or change origin
08:21 +1797: /home/albert/busystack/busymark/test/src/nextcloud_login_flow_test.dart: Login Flow v2 anonymous start, browser, pending poll and canonical exact success
08:21 +1798: /home/albert/busystack/busymark/test/src/nextcloud_login_flow_test.dart: Login Flow v2 production login rejects HTTP before network or browser
08:21 +1799: /home/albert/busystack/busymark/test/src/nextcloud_login_flow_test.dart: Login Flow v2 token expires at twenty minutes without extra poll
08:21 +1800: /home/albert/busystack/busymark/test/src/nextcloud_login_flow_test.dart: Login Flow v2 user can cancel while waiting without another poll
08:21 +1801: /home/albert/busystack/busymark/test/src/nextcloud_login_flow_test.dart: Login Flow v2 cancel racing a success revokes the returned app password
08:21 +1802: /home/albert/busystack/busymark/test/src/nextcloud_login_flow_test.dart: Login Flow v2 failed external browser launch does not begin polling
08:21 +1803: /home/albert/busystack/busymark/test/src/nextcloud_login_flow_test.dart: Login Flow v2 rejects malformed responses and unsafe returned flow endpoints
08:21 +1804: /home/albert/busystack/busymark/test/src/nextcloud_login_flow_test.dart: Login Flow v2 pending status is only 404; other status and redirects are errors
08:21 +1805: /home/albert/busystack/busymark/test/src/nextcloud_login_flow_test.dart: Login Flow v2 malformed credentials never become an account
08:21 +1806: /home/albert/busystack/busymark/test/src/nextcloud_login_flow_test.dart: Login Flow v2 network failures have sanitized diagnostics
08:21 +1807: loading /home/albert/busystack/busymark/test/src/writerside_collapsible_test.dart
08:23 +1807: /home/albert/busystack/busymark/test/src/writerside_collapsible_test.dart: Writerside Markdown collapsible chapter owns its section
08:23 +1808: /home/albert/busystack/busymark/test/src/writerside_collapsible_test.dart: ordinary Markdown keeps Writerside collapse syntax literal
08:23 +1809: /home/albert/busystack/busymark/test/src/writerside_collapsible_test.dart: ordinary Markdown does not assign semantic Writerside collapse
08:23 +1810: /home/albert/busystack/busymark/test/src/writerside_collapsible_test.dart: Writerside fenced code consumes its collapsible attribute line
08:23 +1811: /home/albert/busystack/busymark/test/src/writerside_collapsible_test.dart: edited collapsible blocks serialize valid Writerside attributes
08:23 +1812: /home/albert/busystack/busymark/test/src/writerside_collapsible_test.dart: ordinary fenced code does not consume a collapse attribute line
08:23 +1813: /home/albert/busystack/busymark/test/src/writerside_collapsible_test.dart: semantic collapsible elements become structured preview content
08:23 +1814: /home/albert/busystack/busymark/test/src/writerside_collapsible_test.dart: Writerside XML topic preview keeps collapsible content nested
08:23 +1815: /home/albert/busystack/busymark/test/src/writerside_collapsible_test.dart: shared collapse control honors default state and toggles
08:24 +1816: /home/albert/busystack/busymark/test/src/writerside_collapsible_test.dart: WYSIWYG collapses only Writerside chapter content
08:25 +1817: loading /home/albert/busystack/busymark/test/src/export_review_regression_test.dart
08:25 +1817: /home/albert/busystack/busymark/test/src/export_review_regression_test.dart: Writerside PDF retains percent-encoded non-ASCII footnote labels
08:26 +1818: /home/albert/busystack/busymark/test/src/export_review_regression_test.dart: included footnotes use separate document-occurrence namespaces
08:26 +1819: /home/albert/busystack/busymark/test/src/export_review_regression_test.dart: Writerside diagram and paragraph collisions retain each occurrence (XML=false)
08:26 +1820: /home/albert/busystack/busymark/test/src/export_review_regression_test.dart: Writerside diagram and paragraph collisions retain each occurrence (XML=true)
08:26 +1821: /home/albert/busystack/busymark/test/src/export_review_regression_test.dart: repeated includes receive distinct nested occurrence IDs
08:26 +1822: /home/albert/busystack/busymark/test/src/export_review_regression_test.dart: mapper cannot substitute a diagram for a colliding paragraph
08:26 +1823: /home/albert/busystack/busymark/test/src/export_review_regression_test.dart: Writerside rejects outside file URIs and symlinks while staging shared-module images
08:26 +1824: /home/albert/busystack/busymark/test/src/export_review_regression_test.dart: cross-instance navigation is not published (reference only=false)
08:26 +1825: /home/albert/busystack/busymark/test/src/export_review_regression_test.dart: cross-instance navigation is not published (reference only=true)
08:26 +1826: /home/albert/busystack/busymark/test/src/export_review_regression_test.dart: explicit raw anchor is reserved (first=true)
08:26 +1827: /home/albert/busystack/busymark/test/src/export_review_regression_test.dart: explicit inline anchor is reserved (first=true)
08:26 +1828: /home/albert/busystack/busymark/test/src/export_review_regression_test.dart: explicit raw anchor is reserved (first=false)
08:26 +1829: /home/albert/busystack/busymark/test/src/export_review_regression_test.dart: explicit inline anchor is reserved (first=false)
08:26 +1830: /home/albert/busystack/busymark/test/src/export_review_regression_test.dart: collapsible headings keep numbering and actual outline order
08:27 +1831: /home/albert/busystack/busymark/test/src/export_review_regression_test.dart: malformed encoded link becomes a source warning (false #%FF)
08:27 +1832: /home/albert/busystack/busymark/test/src/export_review_regression_test.dart: malformed encoded link becomes a source warning (false %FF.md)
08:27 +1833: /home/albert/busystack/busymark/test/src/export_review_regression_test.dart: malformed encoded link becomes a source warning (false file%FF.txt)
08:27 +1834: /home/albert/busystack/busymark/test/src/export_review_regression_test.dart: malformed encoded link becomes a source warning (true #%FF)
08:27 +1835: /home/albert/busystack/busymark/test/src/export_review_regression_test.dart: malformed encoded link becomes a source warning (true %FF.md)
08:27 +1836: /home/albert/busystack/busymark/test/src/export_review_regression_test.dart: malformed encoded link becomes a source warning (true file%FF.txt)
08:27 +1837: /home/albert/busystack/busymark/test/src/export_review_regression_test.dart: combined Writerside PDF keeps diagrams and scoped notes without reading an outside image
08:27 +1838: /home/albert/busystack/busymark/test/src/export_review_regression_test.dart: ordinary Markdown footnotes compile with retained definitions and repeated references
08:27 +1839: loading /home/albert/busystack/busymark/test/src/wysiwyg_selection_lifecycle_test.dart
08:28 +1839: /home/albert/busystack/busymark/test/src/wysiwyg_selection_lifecycle_test.dart: table-only committed newline and continued typing replace a table-ended selection
08:29 +1840: /home/albert/busystack/busymark/test/src/wysiwyg_selection_lifecycle_test.dart: leading table committed newline and continued typing replace a table-ended selection
08:30 +1841: /home/albert/busystack/busymark/test/src/wysiwyg_selection_lifecycle_test.dart: trailing table committed newline and continued typing replace a table-ended selection
08:30 +1842: /home/albert/busystack/busymark/test/src/wysiwyg_selection_lifecycle_test.dart: consecutive tables committed newline and continued typing replace a table-ended selection
08:31 +1843: /home/albert/busystack/busymark/test/src/wysiwyg_selection_lifecycle_test.dart: table-only reverse=false collapse Arrow Left control=false
08:31 +1844: /home/albert/busystack/busymark/test/src/wysiwyg_selection_lifecycle_test.dart: table-only reverse=false collapse Arrow Up control=false
08:31 +1845: /home/albert/busystack/busymark/test/src/wysiwyg_selection_lifecycle_test.dart: table-only reverse=false collapse Arrow Right control=false
08:32 +1846: /home/albert/busystack/busymark/test/src/wysiwyg_selection_lifecycle_test.dart: table-only reverse=false collapse Arrow Down control=false
08:32 +1847: /home/albert/busystack/busymark/test/src/wysiwyg_selection_lifecycle_test.dart: table-only reverse=false collapse Arrow Left control=true
08:32 +1848: /home/albert/busystack/busymark/test/src/wysiwyg_selection_lifecycle_test.dart: table-only reverse=false collapse Arrow Right control=true
08:33 +1849: /home/albert/busystack/busymark/test/src/wysiwyg_selection_lifecycle_test.dart: table-only reverse=false composing commit uses real input
08:33 +1850: /home/albert/busystack/busymark/test/src/wysiwyg_selection_lifecycle_test.dart: table-only reverse=false composing cancel uses real input
08:33 +1851: /home/albert/busystack/busymark/test/src/wysiwyg_selection_lifecycle_test.dart: table-only reverse=true collapse Arrow Left control=false
08:33 +1852: /home/albert/busystack/busymark/test/src/wysiwyg_selection_lifecycle_test.dart: table-only reverse=true collapse Arrow Up control=false
08:34 +1853: /home/albert/busystack/busymark/test/src/wysiwyg_selection_lifecycle_test.dart: table-only reverse=true collapse Arrow Right control=false
08:34 +1854: /home/albert/busystack/busymark/test/src/wysiwyg_selection_lifecycle_test.dart: table-only reverse=true collapse Arrow Down control=false
08:34 +1855: /home/albert/busystack/busymark/test/src/wysiwyg_selection_lifecycle_test.dart: table-only reverse=true collapse Arrow Left control=true
08:34 +1856: /home/albert/busystack/busymark/test/src/wysiwyg_selection_lifecycle_test.dart: table-only reverse=true collapse Arrow Right control=true
08:35 +1857: /home/albert/busystack/busymark/test/src/wysiwyg_selection_lifecycle_test.dart: table-only reverse=true composing commit uses real input
08:35 +1858: /home/albert/busystack/busymark/test/src/wysiwyg_selection_lifecycle_test.dart: table-only reverse=true composing cancel uses real input
08:35 +1859: /home/albert/busystack/busymark/test/src/wysiwyg_selection_lifecycle_test.dart: leading table reverse=false collapse Arrow Left control=false
08:35 +1860: /home/albert/busystack/busymark/test/src/wysiwyg_selection_lifecycle_test.dart: leading table reverse=false collapse Arrow Up control=false
08:36 +1861: /home/albert/busystack/busymark/test/src/wysiwyg_selection_lifecycle_test.dart: leading table reverse=false collapse Arrow Right control=false
08:36 +1862: /home/albert/busystack/busymark/test/src/wysiwyg_selection_lifecycle_test.dart: leading table reverse=false collapse Arrow Down control=false
08:36 +1863: /home/albert/busystack/busymark/test/src/wysiwyg_selection_lifecycle_test.dart: leading table reverse=false collapse Arrow Left control=true
08:37 +1864: /home/albert/busystack/busymark/test/src/wysiwyg_selection_lifecycle_test.dart: leading table reverse=false collapse Arrow Right control=true
08:37 +1865: /home/albert/busystack/busymark/test/src/wysiwyg_selection_lifecycle_test.dart: leading table reverse=true collapse Arrow Left control=false
08:37 +1866: /home/albert/busystack/busymark/test/src/wysiwyg_selection_lifecycle_test.dart: leading table reverse=true collapse Arrow Up control=false
08:37 +1867: /home/albert/busystack/busymark/test/src/wysiwyg_selection_lifecycle_test.dart: leading table reverse=true collapse Arrow Right control=false
08:37 +1868: /home/albert/busystack/busymark/test/src/wysiwyg_selection_lifecycle_test.dart: leading table reverse=true collapse Arrow Down control=false
08:38 +1869: /home/albert/busystack/busymark/test/src/wysiwyg_selection_lifecycle_test.dart: leading table reverse=true collapse Arrow Left control=true
08:38 +1870: /home/albert/busystack/busymark/test/src/wysiwyg_selection_lifecycle_test.dart: leading table reverse=true collapse Arrow Right control=true
08:38 +1871: /home/albert/busystack/busymark/test/src/wysiwyg_selection_lifecycle_test.dart: leading table reverse=true composing commit uses real input
08:39 +1872: /home/albert/busystack/busymark/test/src/wysiwyg_selection_lifecycle_test.dart: leading table reverse=true composing cancel uses real input
08:39 +1873: /home/albert/busystack/busymark/test/src/wysiwyg_selection_lifecycle_test.dart: trailing table reverse=false collapse Arrow Left control=false
08:39 +1874: /home/albert/busystack/busymark/test/src/wysiwyg_selection_lifecycle_test.dart: trailing table reverse=false collapse Arrow Up control=false
08:39 +1875: /home/albert/busystack/busymark/test/src/wysiwyg_selection_lifecycle_test.dart: trailing table reverse=false collapse Arrow Right control=false
08:39 +1876: /home/albert/busystack/busymark/test/src/wysiwyg_selection_lifecycle_test.dart: trailing table reverse=false collapse Arrow Down control=false
08:40 +1877: /home/albert/busystack/busymark/test/src/wysiwyg_selection_lifecycle_test.dart: trailing table reverse=false collapse Arrow Left control=true
08:40 +1878: /home/albert/busystack/busymark/test/src/wysiwyg_selection_lifecycle_test.dart: trailing table reverse=false collapse Arrow Right control=true
08:40 +1879: /home/albert/busystack/busymark/test/src/wysiwyg_selection_lifecycle_test.dart: trailing table reverse=false composing commit uses real input
08:40 +1880: /home/albert/busystack/busymark/test/src/wysiwyg_selection_lifecycle_test.dart: trailing table reverse=false composing cancel uses real input
08:40 +1881: /home/albert/busystack/busymark/test/src/wysiwyg_selection_lifecycle_test.dart: trailing table reverse=true collapse Arrow Left control=false
08:41 +1882: /home/albert/busystack/busymark/test/src/wysiwyg_selection_lifecycle_test.dart: trailing table reverse=true collapse Arrow Up control=false
08:41 +1883: /home/albert/busystack/busymark/test/src/wysiwyg_selection_lifecycle_test.dart: trailing table reverse=true collapse Arrow Right control=false
08:41 +1884: /home/albert/busystack/busymark/test/src/wysiwyg_selection_lifecycle_test.dart: trailing table reverse=true collapse Arrow Down control=false
08:41 +1885: /home/albert/busystack/busymark/test/src/wysiwyg_selection_lifecycle_test.dart: trailing table reverse=true collapse Arrow Left control=true
08:41 +1886: /home/albert/busystack/busymark/test/src/wysiwyg_selection_lifecycle_test.dart: trailing table reverse=true collapse Arrow Right control=true
08:42 +1887: /home/albert/busystack/busymark/test/src/wysiwyg_selection_lifecycle_test.dart: consecutive tables reverse=false collapse Arrow Left control=false
08:42 +1888: /home/albert/busystack/busymark/test/src/wysiwyg_selection_lifecycle_test.dart: consecutive tables reverse=false collapse Arrow Up control=false
08:42 +1889: /home/albert/busystack/busymark/test/src/wysiwyg_selection_lifecycle_test.dart: consecutive tables reverse=false collapse Arrow Right control=false
08:42 +1890: /home/albert/busystack/busymark/test/src/wysiwyg_selection_lifecycle_test.dart: consecutive tables reverse=false collapse Arrow Down control=false
08:43 +1891: /home/albert/busystack/busymark/test/src/wysiwyg_selection_lifecycle_test.dart: consecutive tables reverse=false collapse Arrow Left control=true
08:43 +1892: /home/albert/busystack/busymark/test/src/wysiwyg_selection_lifecycle_test.dart: consecutive tables reverse=false collapse Arrow Right control=true
08:43 +1893: /home/albert/busystack/busymark/test/src/wysiwyg_selection_lifecycle_test.dart: consecutive tables reverse=false composing commit uses real input
08:43 +1894: /home/albert/busystack/busymark/test/src/wysiwyg_selection_lifecycle_test.dart: consecutive tables reverse=false composing cancel uses real input
08:44 +1895: /home/albert/busystack/busymark/test/src/wysiwyg_selection_lifecycle_test.dart: consecutive tables reverse=true collapse Arrow Left control=false
08:44 +1896: /home/albert/busystack/busymark/test/src/wysiwyg_selection_lifecycle_test.dart: consecutive tables reverse=true collapse Arrow Up control=false
08:44 +1897: /home/albert/busystack/busymark/test/src/wysiwyg_selection_lifecycle_test.dart: consecutive tables reverse=true collapse Arrow Right control=false
08:44 +1898: /home/albert/busystack/busymark/test/src/wysiwyg_selection_lifecycle_test.dart: consecutive tables reverse=true collapse Arrow Down control=false
08:45 +1899: /home/albert/busystack/busymark/test/src/wysiwyg_selection_lifecycle_test.dart: consecutive tables reverse=true collapse Arrow Left control=true
08:45 +1900: /home/albert/busystack/busymark/test/src/wysiwyg_selection_lifecycle_test.dart: consecutive tables reverse=true collapse Arrow Right control=true
08:45 +1901: /home/albert/busystack/busymark/test/src/wysiwyg_selection_lifecycle_test.dart: consecutive tables reverse=true composing commit uses real input
08:46 +1902: /home/albert/busystack/busymark/test/src/wysiwyg_selection_lifecycle_test.dart: consecutive tables reverse=true composing cancel uses real input
08:46 +1903: /home/albert/busystack/busymark/test/src/wysiwyg_selection_lifecycle_test.dart: text control reverse=false collapse Arrow Left control=false
08:46 +1904: /home/albert/busystack/busymark/test/src/wysiwyg_selection_lifecycle_test.dart: text control reverse=false collapse Arrow Up control=false
08:46 +1905: /home/albert/busystack/busymark/test/src/wysiwyg_selection_lifecycle_test.dart: text control reverse=false collapse Arrow Right control=false
08:46 +1906: /home/albert/busystack/busymark/test/src/wysiwyg_selection_lifecycle_test.dart: text control reverse=false collapse Arrow Down control=false
08:46 +1907: /home/albert/busystack/busymark/test/src/wysiwyg_selection_lifecycle_test.dart: text control reverse=false collapse Arrow Left control=true
08:46 +1908: /home/albert/busystack/busymark/test/src/wysiwyg_selection_lifecycle_test.dart: text control reverse=false collapse Arrow Right control=true
08:47 +1909: /home/albert/busystack/busymark/test/src/wysiwyg_selection_lifecycle_test.dart: text control reverse=true collapse Arrow Left control=false
08:47 +1910: /home/albert/busystack/busymark/test/src/wysiwyg_selection_lifecycle_test.dart: text control reverse=true collapse Arrow Up control=false
08:47 +1911: /home/albert/busystack/busymark/test/src/wysiwyg_selection_lifecycle_test.dart: text control reverse=true collapse Arrow Right control=false
08:47 +1912: /home/albert/busystack/busymark/test/src/wysiwyg_selection_lifecycle_test.dart: text control reverse=true collapse Arrow Down control=false
08:47 +1913: /home/albert/busystack/busymark/test/src/wysiwyg_selection_lifecycle_test.dart: text control reverse=true collapse Arrow Left control=true
08:47 +1914: /home/albert/busystack/busymark/test/src/wysiwyg_selection_lifecycle_test.dart: text control reverse=true collapse Arrow Right control=true
08:47 +1915: /home/albert/busystack/busymark/test/src/wysiwyg_selection_lifecycle_test.dart: keyboard extension includes consecutive tables and returns to a selected table: (next: LogicalKeyboardKey#857a2(keyId: "0x100000303", keyLabel: "Arrow Right", debugName: "Arrow Right"), previous: LogicalKeyboardKey#860f3(keyId: "0x100000302", keyLabel: "Arrow Left", debugName: "Arrow Left"), word: false)
08:48 +1916: /home/albert/busystack/busymark/test/src/wysiwyg_selection_lifecycle_test.dart: keyboard extension includes consecutive tables and returns to a selected table: (next: LogicalKeyboardKey#857a2(keyId: "0x100000303", keyLabel: "Arrow Right", debugName: "Arrow Right"), previous: LogicalKeyboardKey#860f3(keyId: "0x100000302", keyLabel: "Arrow Left", debugName: "Arrow Left"), word: true)
08:48 +1917: /home/albert/busystack/busymark/test/src/wysiwyg_selection_lifecycle_test.dart: keyboard extension includes consecutive tables and returns to a selected table: (next: LogicalKeyboardKey#80d00(keyId: "0x100000301", keyLabel: "Arrow Down", debugName: "Arrow Down"), previous: LogicalKeyboardKey#88515(keyId: "0x100000304", keyLabel: "Arrow Up", debugName: "Arrow Up"), word: false)
08:49 +1918: /home/albert/busystack/busymark/test/src/wysiwyg_selection_lifecycle_test.dart: old table input client is rejected after selection
08:49 +1919: /home/albert/busystack/busymark/test/src/wysiwyg_selection_lifecycle_test.dart: old table input client is rejected after document
08:49 +1920: /home/albert/busystack/busymark/test/src/wysiwyg_selection_lifecycle_test.dart: old table input client is rejected after same document source
08:49 +1921: /home/albert/busystack/busymark/test/src/wysiwyg_selection_lifecycle_test.dart: old table input client is rejected after disposal
08:50 +1922: /home/albert/busystack/busymark/test/src/wysiwyg_selection_lifecycle_test.dart: empty table copy deletion undo externalHistory=false
08:50 +1923: /home/albert/busystack/busymark/test/src/wysiwyg_selection_lifecycle_test.dart: empty table copy deletion undo externalHistory=true
08:50 +1924: /home/albert/busystack/busymark/test/src/wysiwyg_selection_lifecycle_test.dart: clipboard history replaces selected table through document range
08:51 +1925: /home/albert/busystack/busymark/test/src/wysiwyg_selection_lifecycle_test.dart: partial paragraph to table to paragraph replacement preserves outside text and undo
08:51 +1926: /home/albert/busystack/busymark/test/src/wysiwyg_selection_lifecycle_test.dart: cell-local input cut paste and Tab remain local
08:51 +1927: /home/albert/busystack/busymark/test/src/wysiwyg_selection_lifecycle_test.dart: scrolling owned drag terminates safely by up (variant: TargetPlatform.linux)
08:52 +1928: /home/albert/busystack/busymark/test/src/wysiwyg_selection_lifecycle_test.dart: scrolling owned drag terminates safely by cancel (variant: TargetPlatform.linux)
08:53 +1929: /home/albert/busystack/busymark/test/src/wysiwyg_selection_lifecycle_test.dart: scrolling owned drag terminates safely by document (variant: TargetPlatform.linux)
08:54 +1930: /home/albert/busystack/busymark/test/src/wysiwyg_selection_lifecycle_test.dart: scrolling owned drag terminates safely by disposal (variant: TargetPlatform.linux)
08:54 +1931: /home/albert/busystack/busymark/test/src/wysiwyg_selection_lifecycle_test.dart: restored direct input paragraphs reverse=false lifecycle=recreate external=false
08:55 +1932: /home/albert/busystack/busymark/test/src/wysiwyg_selection_lifecycle_test.dart: restored direct input paragraphs reverse=false lifecycle=recreate external=true
08:55 +1933: /home/albert/busystack/busymark/test/src/wysiwyg_selection_lifecycle_test.dart: restored direct input paragraphs reverse=false lifecycle=reuse external=false
08:55 +1934: /home/albert/busystack/busymark/test/src/wysiwyg_selection_lifecycle_test.dart: restored direct input paragraphs reverse=false lifecycle=reuse external=true
08:56 +1935: /home/albert/busystack/busymark/test/src/wysiwyg_selection_lifecycle_test.dart: restored direct input paragraphs reverse=true lifecycle=recreate external=false
08:56 +1936: /home/albert/busystack/busymark/test/src/wysiwyg_selection_lifecycle_test.dart: restored direct input paragraphs reverse=true lifecycle=recreate external=true
08:56 +1937: /home/albert/busystack/busymark/test/src/wysiwyg_selection_lifecycle_test.dart: restored direct input paragraphs reverse=true lifecycle=reuse external=false
08:57 +1938: /home/albert/busystack/busymark/test/src/wysiwyg_selection_lifecycle_test.dart: restored direct input paragraphs reverse=true lifecycle=reuse external=true
08:57 +1939: /home/albert/busystack/busymark/test/src/wysiwyg_selection_lifecycle_test.dart: restored direct input mixed paragraph reverse=false lifecycle=recreate external=false
08:57 +1940: /home/albert/busystack/busymark/test/src/wysiwyg_selection_lifecycle_test.dart: restored direct input mixed paragraph reverse=false lifecycle=recreate external=true
08:58 +1941: /home/albert/busystack/busymark/test/src/wysiwyg_selection_lifecycle_test.dart: restored direct input mixed paragraph reverse=false lifecycle=reuse external=false
08:58 +1942: /home/albert/busystack/busymark/test/src/wysiwyg_selection_lifecycle_test.dart: restored direct input mixed paragraph reverse=false lifecycle=reuse external=true
08:58 +1943: /home/albert/busystack/busymark/test/src/wysiwyg_selection_lifecycle_test.dart: restored direct input mixed paragraph reverse=true lifecycle=recreate external=false
08:59 +1944: /home/albert/busystack/busymark/test/src/wysiwyg_selection_lifecycle_test.dart: restored direct input mixed paragraph reverse=true lifecycle=recreate external=true
08:59 +1945: /home/albert/busystack/busymark/test/src/wysiwyg_selection_lifecycle_test.dart: restored direct input mixed paragraph reverse=true lifecycle=reuse external=false
09:00 +1946: /home/albert/busystack/busymark/test/src/wysiwyg_selection_lifecycle_test.dart: restored direct input mixed paragraph reverse=true lifecycle=reuse external=true
09:00 +1947: /home/albert/busystack/busymark/test/src/wysiwyg_selection_lifecycle_test.dart: restored direct input list extent reverse=false lifecycle=recreate external=false
09:00 +1948: /home/albert/busystack/busymark/test/src/wysiwyg_selection_lifecycle_test.dart: restored direct input list extent reverse=false lifecycle=recreate external=true
09:01 +1949: /home/albert/busystack/busymark/test/src/wysiwyg_selection_lifecycle_test.dart: restored direct input list extent reverse=false lifecycle=reuse external=false
09:01 +1950: /home/albert/busystack/busymark/test/src/wysiwyg_selection_lifecycle_test.dart: restored direct input list extent reverse=false lifecycle=reuse external=true
09:01 +1951: /home/albert/busystack/busymark/test/src/wysiwyg_selection_lifecycle_test.dart: restored direct input list extent reverse=true lifecycle=recreate external=false
09:02 +1952: /home/albert/busystack/busymark/test/src/wysiwyg_selection_lifecycle_test.dart: restored direct input list extent reverse=true lifecycle=recreate external=true
09:02 +1953: /home/albert/busystack/busymark/test/src/wysiwyg_selection_lifecycle_test.dart: restored direct input list extent reverse=true lifecycle=reuse external=false
09:02 +1954: /home/albert/busystack/busymark/test/src/wysiwyg_selection_lifecycle_test.dart: restored direct input list extent reverse=true lifecycle=reuse external=true
09:03 +1955: /home/albert/busystack/busymark/test/src/wysiwyg_selection_lifecycle_test.dart: restored direct input table extent control reverse=false lifecycle=recreate external=false
09:03 +1956: /home/albert/busystack/busymark/test/src/wysiwyg_selection_lifecycle_test.dart: restored direct input table extent control reverse=false lifecycle=recreate external=true
09:03 +1957: /home/albert/busystack/busymark/test/src/wysiwyg_selection_lifecycle_test.dart: restored direct input table extent control reverse=false lifecycle=reuse external=false
09:04 +1958: /home/albert/busystack/busymark/test/src/wysiwyg_selection_lifecycle_test.dart: restored direct input table extent control reverse=false lifecycle=reuse external=true
09:04 +1959: /home/albert/busystack/busymark/test/src/wysiwyg_selection_lifecycle_test.dart: restored direct input table extent control reverse=true lifecycle=recreate external=false
09:04 +1960: /home/albert/busystack/busymark/test/src/wysiwyg_selection_lifecycle_test.dart: restored direct input table extent control reverse=true lifecycle=recreate external=true
09:05 +1961: /home/albert/busystack/busymark/test/src/wysiwyg_selection_lifecycle_test.dart: restored direct input table extent control reverse=true lifecycle=reuse external=false
09:05 +1962: /home/albert/busystack/busymark/test/src/wysiwyg_selection_lifecycle_test.dart: restored direct input table extent control reverse=true lifecycle=reuse external=true
09:06 +1963: /home/albert/busystack/busymark/test/src/wysiwyg_selection_lifecycle_test.dart: restored ordinary composition matches fresh mixed=false reverse=false cancel=false
09:06 +1964: /home/albert/busystack/busymark/test/src/wysiwyg_selection_lifecycle_test.dart: restored ordinary composition matches fresh mixed=false reverse=false cancel=true
09:07 +1965: /home/albert/busystack/busymark/test/src/wysiwyg_selection_lifecycle_test.dart: restored ordinary composition matches fresh mixed=false reverse=true cancel=false
09:07 +1966: /home/albert/busystack/busymark/test/src/wysiwyg_selection_lifecycle_test.dart: restored ordinary composition matches fresh mixed=false reverse=true cancel=true
09:08 +1967: /home/albert/busystack/busymark/test/src/wysiwyg_selection_lifecycle_test.dart: restored ordinary composition matches fresh mixed=true reverse=false cancel=false
09:09 +1968: /home/albert/busystack/busymark/test/src/wysiwyg_selection_lifecycle_test.dart: restored ordinary composition matches fresh mixed=true reverse=false cancel=true
09:10 +1969: /home/albert/busystack/busymark/test/src/wysiwyg_selection_lifecycle_test.dart: restored ordinary composition matches fresh mixed=true reverse=true cancel=false
09:10 +1970: /home/albert/busystack/busymark/test/src/wysiwyg_selection_lifecycle_test.dart: restored ordinary composition matches fresh mixed=true reverse=true cancel=true
09:11 +1971: /home/albert/busystack/busymark/test/src/wysiwyg_selection_lifecycle_test.dart: restored local paragraph accepts immediate Unicode input
09:11 +1972: /home/albert/busystack/busymark/test/src/wysiwyg_selection_lifecycle_test.dart: restored local cell accepts immediate Unicode input
09:12 +1973: /home/albert/busystack/busymark/test/src/wysiwyg_selection_lifecycle_test.dart: restored input focus is superseded by caret before handoff
09:12 +1974: /home/albert/busystack/busymark/test/src/wysiwyg_selection_lifecycle_test.dart: restored input focus is superseded by range before handoff
09:12 +1975: /home/albert/busystack/busymark/test/src/wysiwyg_selection_lifecycle_test.dart: restored input focus is superseded by document before handoff
09:12 +1976: /home/albert/busystack/busymark/test/src/wysiwyg_selection_lifecycle_test.dart: restored input focus is superseded by tab replacement before handoff
09:12 +1977: /home/albert/busystack/busymark/test/src/wysiwyg_selection_lifecycle_test.dart: restored input focus is superseded by disposal before handoff
09:13 +1978: /home/albert/busystack/busymark/test/src/wysiwyg_selection_lifecycle_test.dart: restored ordinary input retains a scrolled viewport
09:14 +1979: /home/albert/busystack/busymark/test/src/wysiwyg_selection_lifecycle_test.dart: restored ordinary input uses clamped session offsets
09:14 +1980: /home/albert/busystack/busymark/test/src/wysiwyg_selection_lifecycle_test.dart: table preedit owns Backspace until committed input
09:14 +1981: /home/albert/busystack/busymark/test/src/wysiwyg_selection_lifecycle_test.dart: table preedit owns Delete until committed input
09:14 +1982: /home/albert/busystack/busymark/test/src/wysiwyg_selection_lifecycle_test.dart: table preedit owns Enter until committed input
09:15 +1983: /home/albert/busystack/busymark/test/src/wysiwyg_selection_lifecycle_test.dart: table preedit owns Arrow Left until committed input
09:15 +1984: /home/albert/busystack/busymark/test/src/wysiwyg_selection_lifecycle_test.dart: table preedit owns Arrow Right until committed input
09:15 +1985: /home/albert/busystack/busymark/test/src/wysiwyg_selection_lifecycle_test.dart: table preedit owns Arrow Up until committed input
09:16 +1986: /home/albert/busystack/busymark/test/src/wysiwyg_selection_lifecycle_test.dart: table preedit owns Arrow Down until committed input
09:16 +1987: /home/albert/busystack/busymark/test/src/wysiwyg_selection_lifecycle_test.dart: table preedit owns Home until committed input
09:16 +1988: /home/albert/busystack/busymark/test/src/wysiwyg_selection_lifecycle_test.dart: table preedit owns End until committed input
09:16 +1989: /home/albert/busystack/busymark/test/src/wysiwyg_selection_lifecycle_test.dart: a new pointer gesture supersedes deferred table caret start=false
09:16 +1990: /home/albert/busystack/busymark/test/src/wysiwyg_selection_lifecycle_test.dart: a new pointer gesture supersedes deferred table caret start=true
09:17 +1991: /home/albert/busystack/busymark/test/src/wysiwyg_selection_lifecycle_test.dart: paragraph-ended drag up retains committed text input
09:17 +1992: /home/albert/busystack/busymark/test/src/wysiwyg_selection_lifecycle_test.dart: paragraph-ended drag cancel retains committed text input
09:17 +1993: /home/albert/busystack/busymark/test/src/wysiwyg_selection_lifecycle_test.dart: a table context menu cannot follow a changed document during clipboard preparation
09:17 +1994: /home/albert/busystack/busymark/test/src/wysiwyg_selection_lifecycle_test.dart: a table context menu cannot follow a changed document during open menu
09:18 +1995: /home/albert/busystack/busymark/test/src/wysiwyg_selection_lifecycle_test.dart: structured table fragment replaces selected table surrounded=false
09:18 +1996: /home/albert/busystack/busymark/test/src/wysiwyg_selection_lifecycle_test.dart: structured table fragment replaces selected table surrounded=true
09:19 +1997: /home/albert/busystack/busymark/test/src/wysiwyg_selection_lifecycle_test.dart: table-only reverse=false switching a reused editor captures outgoing document selection
09:19 +1998: /home/albert/busystack/busymark/test/src/wysiwyg_selection_lifecycle_test.dart: table-only reverse=true switching a reused editor captures outgoing document selection
09:19 +1999: /home/albert/busystack/busymark/test/src/wysiwyg_selection_lifecycle_test.dart: leading table reverse=false switching a reused editor captures outgoing document selection
09:20 +2000: /home/albert/busystack/busymark/test/src/wysiwyg_selection_lifecycle_test.dart: leading table reverse=true switching a reused editor captures outgoing document selection
09:20 +2001: /home/albert/busystack/busymark/test/src/wysiwyg_selection_lifecycle_test.dart: trailing table reverse=false switching a reused editor captures outgoing document selection
09:20 +2002: /home/albert/busystack/busymark/test/src/wysiwyg_selection_lifecycle_test.dart: trailing table reverse=true switching a reused editor captures outgoing document selection
09:21 +2003: /home/albert/busystack/busymark/test/src/wysiwyg_selection_lifecycle_test.dart: consecutive tables reverse=false switching a reused editor captures outgoing document selection
09:21 +2004: /home/albert/busystack/busymark/test/src/wysiwyg_selection_lifecycle_test.dart: consecutive tables reverse=true switching a reused editor captures outgoing document selection
09:21 +2005: /home/albert/busystack/busymark/test/src/wysiwyg_selection_lifecycle_test.dart: surrounded reverse=false switching a reused editor captures outgoing document selection
09:21 +2006: /home/albert/busystack/busymark/test/src/wysiwyg_selection_lifecycle_test.dart: surrounded reverse=true switching a reused editor captures outgoing document selection
09:22 +2007: /home/albert/busystack/busymark/test/src/wysiwyg_selection_lifecycle_test.dart: document context menu Cut edits only the selected table
09:23 +2008: /home/albert/busystack/busymark/test/src/wysiwyg_selection_lifecycle_test.dart: document context menu Paste edits only the selected table
09:23 +2009: /home/albert/busystack/busymark/test/src/wysiwyg_selection_lifecycle_test.dart: document context menu Paste as Plain Text edits only the selected table
09:24 +2010: /home/albert/busystack/busymark/test/src/wysiwyg_selection_lifecycle_test.dart: undo table deletion restores a real cell caret surrounded=false
09:24 +2011: /home/albert/busystack/busymark/test/src/wysiwyg_selection_lifecycle_test.dart: undo table deletion restores a real cell caret surrounded=true
09:25 +2012: /home/albert/busystack/busymark/test/src/wysiwyg_selection_lifecycle_test.dart: returning to an ordinary collapsed endpoint up restores real typing
09:25 +2013: /home/albert/busystack/busymark/test/src/wysiwyg_selection_lifecycle_test.dart: returning to an ordinary collapsed endpoint cancel restores real typing
09:25 +2014: /home/albert/busystack/busymark/test/src/wysiwyg_selection_lifecycle_test.dart: table-only real Select All survives workspace session JSON and editor recreation
09:26 +2015: /home/albert/busystack/busymark/test/src/wysiwyg_selection_lifecycle_test.dart: table-only real reverse drag survives workspace session JSON and editor recreation
09:26 +2016: /home/albert/busystack/busymark/test/src/wysiwyg_selection_lifecycle_test.dart: leading table real Select All survives workspace session JSON and editor recreation
09:27 +2017: /home/albert/busystack/busymark/test/src/wysiwyg_selection_lifecycle_test.dart: leading table real reverse drag survives workspace session JSON and editor recreation
09:27 +2018: /home/albert/busystack/busymark/test/src/wysiwyg_selection_lifecycle_test.dart: trailing table real Select All survives workspace session JSON and editor recreation
09:27 +2019: /home/albert/busystack/busymark/test/src/wysiwyg_selection_lifecycle_test.dart: trailing table real reverse drag survives workspace session JSON and editor recreation
09:28 +2020: /home/albert/busystack/busymark/test/src/wysiwyg_selection_lifecycle_test.dart: consecutive tables real Select All survives workspace session JSON and editor recreation
09:28 +2021: /home/albert/busystack/busymark/test/src/wysiwyg_selection_lifecycle_test.dart: consecutive tables real reverse drag survives workspace session JSON and editor recreation
09:29 +2022: /home/albert/busystack/busymark/test/src/wysiwyg_selection_lifecycle_test.dart: paragraph local reverse selection restores locally
09:29 +2023: /home/albert/busystack/busymark/test/src/wysiwyg_selection_lifecycle_test.dart: cell local reverse selection restores locally
09:29 +2024: /home/albert/busystack/busymark/test/src/wysiwyg_selection_lifecycle_test.dart: saved table target removed uses current-document fallback
09:29 +2025: /home/albert/busystack/busymark/test/src/wysiwyg_selection_lifecycle_test.dart: saved table target changed kind uses current-document fallback
09:30 +2026: /home/albert/busystack/busymark/test/src/wysiwyg_selection_lifecycle_test.dart: saved table target changed text uses current-document fallback
09:30 +2027: /home/albert/busystack/busymark/test/src/wysiwyg_selection_lifecycle_test.dart: unrelated move and cancel preserve owned block drag
09:31 +2028: /home/albert/busystack/busymark/test/src/wysiwyg_selection_lifecycle_test.dart: unrelated move and cancel preserve owned cell drag
09:31 +2029: /home/albert/busystack/busymark/test/src/wysiwyg_selection_lifecycle_test.dart: ordinary caret navigation preserves table traversal forward=false control=false
09:31 +2030: /home/albert/busystack/busymark/test/src/wysiwyg_selection_lifecycle_test.dart: ordinary caret navigation preserves table traversal forward=false control=true
09:31 +2031: /home/albert/busystack/busymark/test/src/wysiwyg_selection_lifecycle_test.dart: ordinary caret navigation preserves table traversal forward=true control=false
09:31 +2032: /home/albert/busystack/busymark/test/src/wysiwyg_selection_lifecycle_test.dart: ordinary caret navigation preserves table traversal forward=true control=true
09:31 +2033: /home/albert/busystack/busymark/test/src/wysiwyg_selection_lifecycle_test.dart: table drag: Delete replaces the selected structured block and undoes
09:32 +2034: /home/albert/busystack/busymark/test/src/wysiwyg_selection_lifecycle_test.dart: table drag: Backspace replaces the selected structured block and undoes
09:32 +2035: /home/albert/busystack/busymark/test/src/wysiwyg_selection_lifecycle_test.dart: table drag: Cut replaces the selected structured block and undoes
09:33 +2036: /home/albert/busystack/busymark/test/src/wysiwyg_selection_lifecycle_test.dart: table drag: Enter replaces the selected structured block and undoes
09:33 +2037: /home/albert/busystack/busymark/test/src/wysiwyg_selection_lifecycle_test.dart: table drag: plain paste replaces the selected structured block and undoes
09:33 +2038: /home/albert/busystack/busymark/test/src/wysiwyg_selection_lifecycle_test.dart: table drag: structured paste replaces the selected structured block and undoes
09:33 +2039: /home/albert/busystack/busymark/test/src/wysiwyg_selection_lifecycle_test.dart: table Select All: Delete replaces the selected structured block and undoes
09:34 +2040: /home/albert/busystack/busymark/test/src/wysiwyg_selection_lifecycle_test.dart: table Select All: Backspace replaces the selected structured block and undoes
09:34 +2041: /home/albert/busystack/busymark/test/src/wysiwyg_selection_lifecycle_test.dart: table Select All: Cut replaces the selected structured block and undoes
09:34 +2042: /home/albert/busystack/busymark/test/src/wysiwyg_selection_lifecycle_test.dart: table Select All: Enter replaces the selected structured block and undoes
09:35 +2043: /home/albert/busystack/busymark/test/src/wysiwyg_selection_lifecycle_test.dart: table Select All: plain paste replaces the selected structured block and undoes
09:35 +2044: /home/albert/busystack/busymark/test/src/wysiwyg_selection_lifecycle_test.dart: table Select All: structured paste replaces the selected structured block and undoes
09:35 +2045: /home/albert/busystack/busymark/test/src/wysiwyg_selection_lifecycle_test.dart: surrounded drag: Delete replaces the selected structured block and undoes
09:36 +2046: /home/albert/busystack/busymark/test/src/wysiwyg_selection_lifecycle_test.dart: surrounded drag: Backspace replaces the selected structured block and undoes
09:36 +2047: /home/albert/busystack/busymark/test/src/wysiwyg_selection_lifecycle_test.dart: surrounded drag: Cut replaces the selected structured block and undoes
09:36 +2048: /home/albert/busystack/busymark/test/src/wysiwyg_selection_lifecycle_test.dart: surrounded drag: Enter replaces the selected structured block and undoes
09:37 +2049: /home/albert/busystack/busymark/test/src/wysiwyg_selection_lifecycle_test.dart: surrounded drag: plain paste replaces the selected structured block and undoes
09:37 +2050: /home/albert/busystack/busymark/test/src/wysiwyg_selection_lifecycle_test.dart: surrounded drag: structured paste replaces the selected structured block and undoes
09:37 +2051: /home/albert/busystack/busymark/test/src/wysiwyg_selection_lifecycle_test.dart: table endpoint arrow collapse: true false LogicalKeyboardKey#860f3(keyId: "0x100000302", keyLabel: "Arrow Left", debugName: "Arrow Left")
09:37 +2052: /home/albert/busystack/busymark/test/src/wysiwyg_selection_lifecycle_test.dart: table endpoint arrow collapse: true false LogicalKeyboardKey#857a2(keyId: "0x100000303", keyLabel: "Arrow Right", debugName: "Arrow Right")
09:37 +2053: /home/albert/busystack/busymark/test/src/wysiwyg_selection_lifecycle_test.dart: table endpoint arrow collapse: true true LogicalKeyboardKey#860f3(keyId: "0x100000302", keyLabel: "Arrow Left", debugName: "Arrow Left")
09:38 +2054: /home/albert/busystack/busymark/test/src/wysiwyg_selection_lifecycle_test.dart: table endpoint arrow collapse: true true LogicalKeyboardKey#857a2(keyId: "0x100000303", keyLabel: "Arrow Right", debugName: "Arrow Right")
09:38 +2055: /home/albert/busystack/busymark/test/src/wysiwyg_selection_lifecycle_test.dart: table endpoint arrow collapse: false false LogicalKeyboardKey#860f3(keyId: "0x100000302", keyLabel: "Arrow Left", debugName: "Arrow Left")
09:38 +2056: /home/albert/busystack/busymark/test/src/wysiwyg_selection_lifecycle_test.dart: table endpoint arrow collapse: false false LogicalKeyboardKey#857a2(keyId: "0x100000303", keyLabel: "Arrow Right", debugName: "Arrow Right")
09:38 +2057: /home/albert/busystack/busymark/test/src/wysiwyg_selection_lifecycle_test.dart: table-ended selection accepts actual committed Unicode input once
09:38 +2058: /home/albert/busystack/busymark/test/src/wysiwyg_selection_lifecycle_test.dart: captured table selection restores highlighting copy and mutation
09:39 +2059: /home/albert/busystack/busymark/test/src/wysiwyg_selection_lifecycle_test.dart: cancel releases cross-block drag without changing its endpoint
09:39 +2060: /home/albert/busystack/busymark/test/src/wysiwyg_selection_lifecycle_test.dart: cancel releases cross-cell drag without changing its endpoint
09:39 +2061: /home/albert/busystack/busymark/test/src/wysiwyg_selection_lifecycle_test.dart: unrelated pointer cannot complete an owned document drag
09:39 +2062: /home/albert/busystack/busymark/test/src/wysiwyg_selection_lifecycle_test.dart: rejected protected document Delete cannot edit a local fallback
09:39 +2063: /home/albert/busystack/busymark/test/src/wysiwyg_selection_lifecycle_test.dart: rejected protected document Enter cannot edit a local fallback
09:39 +2064: /home/albert/busystack/busymark/test/src/wysiwyg_selection_lifecycle_test.dart: rejected protected document plain paste cannot edit a local fallback
09:39 +2065: /home/albert/busystack/busymark/test/src/wysiwyg_selection_lifecycle_test.dart: rejected protected document structured paste cannot edit a local fallback
09:39 +2066: /home/albert/busystack/busymark/test/src/wysiwyg_selection_lifecycle_test.dart: rejected protected document typing cannot edit a local fallback
09:40 +2067: /home/albert/busystack/busymark/test/src/wysiwyg_selection_lifecycle_test.dart: failed document deletion preserves redo history
09:40 +2068: /home/albert/busystack/busymark/test/src/wysiwyg_selection_lifecycle_test.dart: delayed table paste is safe after failure
09:40 +2069: /home/albert/busystack/busymark/test/src/wysiwyg_selection_lifecycle_test.dart: delayed table paste is safe after selection
09:40 +2070: /home/albert/busystack/busymark/test/src/wysiwyg_selection_lifecycle_test.dart: delayed table paste is safe after document
09:40 +2071: /home/albert/busystack/busymark/test/src/wysiwyg_selection_lifecycle_test.dart: delayed table paste is safe after disposal
09:40 +2072: /home/albert/busystack/busymark/test/src/wysiwyg_selection_lifecycle_test.dart: delayed table cut is safe after failure
09:41 +2073: /home/albert/busystack/busymark/test/src/wysiwyg_selection_lifecycle_test.dart: delayed table cut is safe after selection
09:41 +2074: /home/albert/busystack/busymark/test/src/wysiwyg_selection_lifecycle_test.dart: delayed table cut is safe after document
09:42 +2075: /home/albert/busystack/busymark/test/src/wysiwyg_selection_lifecycle_test.dart: delayed table cut is safe after disposal
09:42 +2076: loading /home/albert/busystack/busymark/test/src/busymark_toast_test.dart
09:42 +2076: /home/albert/busystack/busymark/test/src/busymark_toast_test.dart: toast works when hosted above the Navigator
09:43 +2077: /home/albert/busystack/busymark/test/src/busymark_toast_test.dart: toast appears at the bottom center and dismisses itself
09:43 +2078: /home/albert/busystack/busymark/test/src/busymark_toast_test.dart: toast action runs and dismisses the toast
09:43 +2079: /home/albert/busystack/busymark/test/src/busymark_toast_test.dart: toasts queue instead of covering each other
09:43 +2080: loading /home/albert/busystack/busymark/test/src/writerside_web_file_name_test.dart
09:45 +2080: /home/albert/busystack/busymark/test/src/writerside_web_file_name_test.dart: canonical Writerside web filenames normalizes runs, edges, case, and Unicode once
09:45 +2081: /home/albert/busystack/busymark/test/src/writerside_web_file_name_test.dart: canonical Writerside web filenames disabled preprocessing preserves established safe characters
09:45 +2082: /home/albert/busystack/busymark/test/src/writerside_web_file_name_test.dart: canonical Writerside web filenames resolves exact custom values per instance for Markdown and XML
09:45 +2083: /home/albert/busystack/busymark/test/src/writerside_web_file_name_test.dart: project instance URL diagnostics diagnoses default/default collision
09:45 +2084: /home/albert/busystack/busymark/test/src/writerside_web_file_name_test.dart: project instance URL diagnostics diagnoses default/custom collision
09:45 +2085: /home/albert/busystack/busymark/test/src/writerside_web_file_name_test.dart: project instance URL diagnostics diagnoses custom/custom collision
09:45 +2086: /home/albert/busystack/busymark/test/src/writerside_web_file_name_test.dart: project instance URL diagnostics allows the same output name in disjoint instances
09:45 +2087: /home/albert/busystack/busymark/test/src/writerside_web_file_name_test.dart: project instance URL diagnostics deduplicates repeated publication of one physical topic
09:45 +2088: /home/albert/busystack/busymark/test/src/writerside_web_file_name_test.dart: project instance URL diagnostics diagnoses a collision with an origin module topic
09:45 +2089: /home/albert/busystack/busymark/test/src/writerside_web_file_name_test.dart: project instance URL diagnostics resolves conditioned names independently in each instance
09:45 +2090: /home/albert/busystack/busymark/test/src/writerside_web_file_name_test.dart: project instance URL diagnostics diagnoses invalid custom filenames before export
09:45 +2091: loading /home/albert/busystack/busymark/test/src/pdf_title_page_test.dart
09:46 +2091: /home/albert/busystack/busymark/test/src/pdf_title_page_test.dart: cover preference defaults off, serializes and copies independently
09:46 +2092: /home/albert/busystack/busymark/test/src/pdf_title_page_test.dart: cover title and authors use the established metadata precedence
09:46 +2093: /home/albert/busystack/busymark/test/src/pdf_title_page_test.dart: snapshot metadata, display text, explicit clears and plain JSON remain independent
09:46 +2094: /home/albert/busystack/busymark/test/src/pdf_title_page_test.dart: instance title uses its display name and only known project metadata
09:46 +2095: loading /home/albert/busystack/busymark/test/src/path_utils_test.dart
09:48 +2095: /home/albert/busystack/busymark/test/src/path_utils_test.dart: maxTreeEntries cancels a wide directory listing at the limit
09:48 +2096: /home/albert/busystack/busymark/test/src/path_utils_test.dart: maxTreeEntries counts directories against the scan budget
09:48 +2097: /home/albert/busystack/busymark/test/src/path_utils_test.dart: directory listing failure marks traversal incomplete
09:48 +2098: /home/albert/busystack/busymark/test/src/path_utils_test.dart: display scan includes hidden and unsupported entries but not VCS data
09:48 +2099: loading /home/albert/busystack/busymark/test/src/git/git_log_parser_test.dart
09:50 +2099: /home/albert/busystack/busymark/test/src/git/git_log_parser_test.dart: parses multiple commits
09:50 +2100: /home/albert/busystack/busymark/test/src/git/git_log_parser_test.dart: parses merge commit with multiple parents
09:50 +2101: /home/albert/busystack/busymark/test/src/git/git_log_parser_test.dart: preserves author punctuation and separator-like subject text
09:50 +2102: /home/albert/busystack/busymark/test/src/git/git_log_parser_test.dart: parses empty history
09:50 +2103: loading /home/albert/busystack/busymark/test/src/git/git_status_parser_test.dart
09:52 +2103: /home/albert/busystack/busymark/test/src/git/git_status_parser_test.dart: parses clean repository status
09:52 +2104: /home/albert/busystack/busymark/test/src/git/git_status_parser_test.dart: parses modified tracked file
09:52 +2105: /home/albert/busystack/busymark/test/src/git/git_status_parser_test.dart: parses staged modification
09:52 +2106: /home/albert/busystack/busymark/test/src/git/git_status_parser_test.dart: parses unstaged modification
09:52 +2107: /home/albert/busystack/busymark/test/src/git/git_status_parser_test.dart: parses staged and unstaged same file
09:52 +2108: /home/albert/busystack/busymark/test/src/git/git_status_parser_test.dart: keeps staged addition and working-tree deletion separate
09:52 +2109: /home/albert/busystack/busymark/test/src/git/git_status_parser_test.dart: tracks rename state independently in each status column
09:52 +2110: /home/albert/busystack/busymark/test/src/git/git_status_parser_test.dart: parses untracked file
09:52 +2111: /home/albert/busystack/busymark/test/src/git/git_status_parser_test.dart: parses deleted file
09:52 +2112: /home/albert/busystack/busymark/test/src/git/git_status_parser_test.dart: parses renamed file
09:52 +2113: /home/albert/busystack/busymark/test/src/git/git_status_parser_test.dart: parses copied file
09:52 +2114: /home/albert/busystack/busymark/test/src/git/git_status_parser_test.dart: parses conflicted files
09:52 +2115: /home/albert/busystack/busymark/test/src/git/git_status_parser_test.dart: parses branch header and ahead behind counts
09:52 +2116: /home/albert/busystack/busymark/test/src/git/git_status_parser_test.dart: parses detached head header
09:52 +2117: /home/albert/busystack/busymark/test/src/git/git_status_parser_test.dart: preserves spaces, unicode, quotes, and newlines in filenames
09:52 +2118: loading /home/albert/busystack/busymark/test/src/git/git_cli_gateway_integration_test.dart
09:55 +2118: /home/albert/busystack/busymark/test/src/git/git_cli_gateway_integration_test.dart: process-backed Git gateway requires workspace trust
09:55 +2119: /home/albert/busystack/busymark/test/src/git/git_cli_gateway_integration_test.dart: configures a repository author identity without terminal setup
09:58 +2120: /home/albert/busystack/busymark/test/src/git/git_cli_gateway_integration_test.dart: runs core workflow in a temporary Git repository
09:58 +2121: /home/albert/busystack/busymark/test/src/git/git_cli_gateway_integration_test.dart: status lists every non-ignored hidden untracked file
09:58 +2122: /home/albert/busystack/busymark/test/src/git/git_cli_gateway_integration_test.dart: resets the current branch with each explicit Git reset mode
09:59 +2123: /home/albert/busystack/busymark/test/src/git/git_cli_gateway_integration_test.dart: refuses to reset while HEAD is detached
10:00 +2124: /home/albert/busystack/busymark/test/src/git/git_cli_gateway_integration_test.dart: keeps staged and unstaged comparisons separate
10:00 +2125: /home/albert/busystack/busymark/test/src/git/git_cli_gateway_integration_test.dart: staged rename diff and unstage preserve both paths
10:00 +2126: /home/albert/busystack/busymark/test/src/git/git_cli_gateway_integration_test.dart: rollback restores both sides of a staged rename to HEAD
10:01 +2127: /home/albert/busystack/busymark/test/src/git/git_cli_gateway_integration_test.dart: staged addition deleted from the working tree keeps separate diffs
10:01 +2128: /home/albert/busystack/busymark/test/src/git/git_cli_gateway_integration_test.dart: preserves complete deleted content and restores a deleted version
10:02 +2129: /home/albert/busystack/busymark/test/src/git/git_cli_gateway_integration_test.dart: failed historical blob read cannot delete the working file
10:02 +2130: /home/albert/busystack/busymark/test/src/git/git_cli_gateway_integration_test.dart: constructs complete text and binary comparisons for untracked files
10:02 +2131: /home/albert/busystack/busymark/test/src/git/git_cli_gateway_integration_test.dart: direct working-tree operations reject intermediate symlink escapes
10:03 +2132: /home/albert/busystack/busymark/test/src/git/git_cli_gateway_integration_test.dart: fetch updates remote-tracking status without changing files
10:03 +2133: /home/albert/busystack/busymark/test/src/git/git_cli_gateway_integration_test.dart: follows renames, compares complete versions, and restores one file
10:04 +2134: /home/albert/busystack/busymark/test/src/git/git_cli_gateway_integration_test.dart: compares a merge commit with its first parent
10:04 +2135: /home/albert/busystack/busymark/test/src/git/git_cli_gateway_integration_test.dart: switch treats an option-like branch name as an operand
10:05 +2136: /home/albert/busystack/busymark/test/src/git/git_cli_gateway_integration_test.dart: diff and commit details preserve C-quoted UTF-8 paths
10:05 +2137: /home/albert/busystack/busymark/test/src/git/git_cli_gateway_integration_test.dart: pushSetUpstream does not broaden an option-like branch to --all
10:05 +2138: /home/albert/busystack/busymark/test/src/git/git_cli_gateway_integration_test.dart: detects conflicted files in a temporary Git repository
10:06 +2139: /home/albert/busystack/busymark/test/src/git/git_cli_gateway_integration_test.dart: status does not run a repository-configured filesystem monitor
10:06 +2140: /home/albert/busystack/busymark/test/src/git/git_cli_gateway_integration_test.dart: diff APIs do not run a repository-configured textconv
10:07 +2141: /home/albert/busystack/busymark/test/src/git/git_cli_gateway_integration_test.dart: commit details do not run a repository-configured textconv
10:07 +2142: loading /home/albert/busystack/busymark/test/src/git/git_process_runner_test.dart
10:08 +2142: /home/albert/busystack/busymark/test/src/git/git_process_runner_test.dart: runner closes child stdin so commands waiting for EOF can finish
10:08 +2143: /home/albert/busystack/busymark/test/src/git/git_process_runner_test.dart: runner terminates commands that exceed the combined output limit
10:08 +2144: /home/albert/busystack/busymark/test/src/git/git_process_runner_test.dart: normal gateway commands always receive a finite timeout
10:08 +2145: /home/albert/busystack/busymark/test/src/git/git_process_runner_test.dart: gateway classifies a missing commit author identity
10:08 +2146: /home/albert/busystack/busymark/test/src/git/git_process_runner_test.dart: snap packages the Linux process-group launcher
10:08 +2147: /home/albert/busystack/busymark/test/src/git/git_process_runner_test.dart: snap Git uses bundled helpers, templates, and SSH
10:08 +2148: /home/albert/busystack/busymark/test/src/git/git_process_runner_test.dart: snap launcher never falls back to the confined host setsid
10:08 +2149: /home/albert/busystack/busymark/test/src/git/git_process_runner_test.dart: Git locator preserves process launcher failures
10:08 +2150: /home/albert/busystack/busymark/test/src/git/git_process_runner_test.dart: Git locator preserves a failed version probe result
10:08 +2151: /home/albert/busystack/busymark/test/src/git/git_process_runner_test.dart: Git locator reports not found for a genuinely missing command
10:08 +2152: /home/albert/busystack/busymark/test/src/git/git_process_runner_test.dart: runner terminates descendant processes when a command times out
10:10 +2153: /home/albert/busystack/busymark/test/src/git/git_process_runner_test.dart: timeout covers descendants that outlive the direct child and hold stdio
10:11 +2154: loading /home/albert/busystack/busymark/test/src/git/git_widget_test.dart
10:12 +2154: /home/albert/busystack/busymark/test/src/git/git_widget_test.dart: hunk range text hides raw unified diff markers
10:12 +2155: /home/albert/busystack/busymark/test/src/git/git_widget_test.dart: changes are grouped correctly
10:13 +2156: /home/albert/busystack/busymark/test/src/git/git_widget_test.dart: file checkboxes select files for commit
10:13 +2157: /home/albert/busystack/busymark/test/src/git/git_widget_test.dart: a path with staged and unstaged changes appears in both groups
10:14 +2158: /home/albert/busystack/busymark/test/src/git/git_widget_test.dart: AD path shows staged addition and unstaged deletion without open action
10:14 +2159: /home/albert/busystack/busymark/test/src/git/git_widget_test.dart: staged rename preserves both paths and workspace scope
10:14 +2160: /home/albert/busystack/busymark/test/src/git/git_widget_test.dart: rename paths follow the selected Git status column
10:14 +2161: /home/albert/busystack/busymark/test/src/git/git_widget_test.dart: commit panel reports staged count and unsaved editor state
10:14 +2162: /home/albert/busystack/busymark/test/src/git/git_widget_test.dart: commit message uses the grouped multiline form surface
10:14 +2163: /home/albert/busystack/busymark/test/src/git/git_widget_test.dart: AI commit draft is a secondary button immediately before Commit
10:15 +2164: /home/albert/busystack/busymark/test/src/git/git_widget_test.dart: AI commit draft replaces text, trims it, and moves the cursor
10:15 +2165: /home/albert/busystack/busymark/test/src/git/git_widget_test.dart: file history requires an active Markdown file
10:15 +2166: /home/albert/busystack/busymark/test/src/git/git_widget_test.dart: file action menu does not contain commit selection actions
10:15 +2167: /home/albert/busystack/busymark/test/src/git/git_widget_test.dart: untracked file menu uses an explicit delete action
10:15 +2168: /home/albert/busystack/busymark/test/src/git/git_widget_test.dart: unsupported untracked files remain stageable but cannot open
10:15 +2169: /home/albert/busystack/busymark/test/src/git/git_widget_test.dart: commit section colors files by Git status
10:16 +2170: /home/albert/busystack/busymark/test/src/git/git_widget_test.dart: changes view commit panel commits staged files with message
10:16 +2171: /home/albert/busystack/busymark/test/src/git/git_widget_test.dart: commit remains disabled without staged files
10:16 +2172: /home/albert/busystack/busymark/test/src/git/git_widget_test.dart: multiline commit message is retained and committed verbatim
10:16 +2173: /home/albert/busystack/busymark/test/src/git/git_widget_test.dart: failed commit preserves the commit message
10:16 +2174: /home/albert/busystack/busymark/test/src/git/git_widget_test.dart: committing disables actions and retains text until success
10:16 +2175: /home/albert/busystack/busymark/test/src/git/git_widget_test.dart: commit message clears when repository or workspace changes
10:16 +2176: /home/albert/busystack/busymark/test/src/git/git_widget_test.dart: conflict group is visible
10:17 +2177: /home/albert/busystack/busymark/test/src/git/git_widget_test.dart: Git unavailable empty state is shown
10:17 +2178: /home/albert/busystack/busymark/test/src/git/git_widget_test.dart: untrusted workspace shows repository trust prompt
10:17 +2179: /home/albert/busystack/busymark/test/src/git/git_widget_test.dart: commit view shows no repository sync strip when clean
10:17 +2180: /home/albert/busystack/busymark/test/src/git/git_widget_test.dart: commit view does not show branch dropdown
10:17 +2181: /home/albert/busystack/busymark/test/src/git/git_widget_test.dart: commit view does not describe branch sync state
10:17 +2182: /home/albert/busystack/busymark/test/src/git/git_widget_test.dart: file history keeps comparison controls out of the sidebar
10:17 +2183: /home/albert/busystack/busymark/test/src/git/git_widget_test.dart: project history file rows show selected file diff
10:17 +2184: /home/albert/busystack/busymark/test/src/git/git_widget_test.dart: project history reset requires an explicit reset mode
10:17 +2185: /home/albert/busystack/busymark/test/src/git/git_widget_test.dart: dirty editor banner appears in diff viewer
10:17 +2186: /home/albert/busystack/busymark/test/src/git/git_widget_test.dart: embedded diff hides duplicate file header but keeps open action
10:17 +2187: /home/albert/busystack/busymark/test/src/git/git_widget_test.dart: diff open action requires an explicit working-tree target
10:17 +2188: /home/albert/busystack/busymark/test/src/git/git_widget_test.dart: diff open action uses the explicit current path
10:17 +2189: /home/albert/busystack/busymark/test/src/git/git_widget_test.dart: embedded diff keeps rename paths visible
10:17 +2190: /home/albert/busystack/busymark/test/src/git/git_widget_test.dart: diff viewer renders patch rows with shared source view
10:18 +2191: /home/albert/busystack/busymark/test/src/git/git_widget_test.dart: embedded diff can hide hunk headers and file action
10:18 +2192: /home/albert/busystack/busymark/test/src/git/git_widget_test.dart: diff viewer source uses full file snapshot when available
10:18 +2193: /home/albert/busystack/busymark/test/src/git/git_widget_test.dart: deleted diff shows the complete removed file snapshot
10:18 +2194: /home/albert/busystack/busymark/test/src/git/git_widget_test.dart: diff viewer scrolls to the first source change on open
10:18 +2195: /home/albert/busystack/busymark/test/src/git/git_widget_test.dart: diff viewer source rows use configured editor font size
10:18 +2196: /home/albert/busystack/busymark/test/src/git/git_widget_test.dart: diff context lines show old and new number columns
10:18 +2197: /home/albert/busystack/busymark/test/src/git/git_widget_test.dart: diff line numbers use source gutter geometry
10:18 +2198: loading /home/albert/busystack/busymark/test/src/git/git_controller_test.dart
10:19 +2198: /home/albert/busystack/busymark/test/src/git/git_controller_test.dart: diff open target follows the current working-tree context
10:19 +2199: /home/albert/busystack/busymark/test/src/git/git_controller_test.dart: refreshes after workspace attach
10:20 +2200: /home/albert/busystack/busymark/test/src/git/git_controller_test.dart: does not expose repository Git for a single Markdown file
10:20 +2201: /home/albert/busystack/busymark/test/src/git/git_controller_test.dart: trust-required gateway does not inspect workspace before trust
10:20 +2202: /home/albert/busystack/busymark/test/src/git/git_controller_test.dart: clearing trust immediately revokes repository access
10:20 +2203: /home/albert/busystack/busymark/test/src/git/git_controller_test.dart: status failure after trust retains the detected repository
10:20 +2204: /home/albert/busystack/busymark/test/src/git/git_controller_test.dart: trust is scoped to the attached workspace
10:20 +2205: /home/albert/busystack/busymark/test/src/git/git_controller_test.dart: Git executes with the canonical path that was trusted
10:20 +2206: /home/albert/busystack/busymark/test/src/git/git_controller_test.dart: stage and unstage update state
10:20 +2207: /home/albert/busystack/busymark/test/src/git/git_controller_test.dart: loads only the selected change comparison and reconciles after stage
10:20 +2208: /home/albert/busystack/busymark/test/src/git/git_controller_test.dart: routes untracked selections to the untracked comparison
10:20 +2209: /home/albert/busystack/busymark/test/src/git/git_controller_test.dart: staged rename comparison preserves the original path
10:20 +2210: /home/albert/busystack/busymark/test/src/git/git_controller_test.dart: rollback forwards every validated rename path
10:20 +2211: /home/albert/busystack/busymark/test/src/git/git_controller_test.dart: reactivates an open change comparison tab
10:20 +2212: /home/albert/busystack/busymark/test/src/git/git_controller_test.dart: commit blocks empty message
10:20 +2213: /home/albert/busystack/busymark/test/src/git/git_controller_test.dart: commit blocks when no files are staged
10:20 +2214: /home/albert/busystack/busymark/test/src/git/git_controller_test.dart: configures author identity through the active repository
10:20 +2215: /home/albert/busystack/busymark/test/src/git/git_controller_test.dart: AI staged-diff fingerprint rejects obsolete commit context
10:20 +2216: /home/albert/busystack/busymark/test/src/git/git_controller_test.dart: branch switch requires clean BusyMark editor state
10:20 +2217: /home/albert/busystack/busymark/test/src/git/git_controller_test.dart: restore is blocked while the active editor has unsaved content
10:20 +2218: /home/albert/busystack/busymark/test/src/git/git_controller_test.dart: restore is blocked while the current file is staged
10:20 +2219: /home/albert/busystack/busymark/test/src/git/git_controller_test.dart: restore protects a repository-relative file against the repository root
10:20 +2220: /home/albert/busystack/busymark/test/src/git/git_controller_test.dart: project history reset uses the selected commit and mode
10:20 +2221: /home/albert/busystack/busymark/test/src/git/git_controller_test.dart: project history reset is blocked by unsaved editor content
10:20 +2222: /home/albert/busystack/busymark/test/src/git/git_controller_test.dart: fetch refreshes repository status
10:20 +2223: /home/albert/busystack/busymark/test/src/git/git_controller_test.dart: reports Git unavailable state
10:20 +2224: /home/albert/busystack/busymark/test/src/git/git_controller_test.dart: stores operation failure state
10:20 +2225: /home/albert/busystack/busymark/test/src/git/git_controller_test.dart: exposes conflict state
10:20 +2226: /home/albert/busystack/busymark/test/src/git/git_controller_test.dart: clears previous workspace Git state immediately on attach
10:20 +2227: /home/albert/busystack/busymark/test/src/git/git_controller_test.dart: ignores stale refresh results after workspace switch
10:20 +2228: /home/albert/busystack/busymark/test/src/git/git_controller_test.dart: cancels set-upstream push when the workspace changes during remote lookup
10:20 +2229: /home/albert/busystack/busymark/test/src/git/git_controller_test.dart: ignores stale history after a workspace switch
10:20 +2230: /home/albert/busystack/busymark/test/src/git/git_controller_test.dart: history tab reloads project history after workspace switch
10:20 +2231: /home/albert/busystack/busymark/test/src/git/git_controller_test.dart: current file history scopes selected commit details to the file
10:20 +2232: /home/albert/busystack/busymark/test/src/git/git_controller_test.dart: file history switches between commit and working-tree comparisons
10:20 +2233: /home/albert/busystack/busymark/test/src/git/git_controller_test.dart: project history loads selected commit details without a file scope
10:20 +2234: /home/albert/busystack/busymark/test/src/git/git_controller_test.dart: project commit details display the first changed file by default
10:20 +2235: /home/albert/busystack/busymark/test/src/git/git_controller_test.dart: selected commit file opens a project commit diff tab
10:20 +2236: /home/albert/busystack/busymark/test/src/git/git_controller_test.dart: closing a commit diff file tab activates the neighboring tab
10:20 +2237: /home/albert/busystack/busymark/test/src/git/git_controller_test.dart: deactivating a diff file keeps open diff tabs
10:20 +2238: /home/albert/busystack/busymark/test/src/git/git_controller_test.dart: file and project history paginate and retain separate selections
10:21 +2239: loading /home/albert/busystack/busymark/test/src/git/git_author_identity_dialog_test.dart
10:21 +2239: /home/albert/busystack/busymark/test/src/git/git_author_identity_dialog_test.dart: Enter submits Git identity and preserves global scope
10:23 +2240: /home/albert/busystack/busymark/test/src/git/git_author_identity_dialog_test.dart: failed commit saves identity and retries the same commit
10:24 +2241: loading /home/albert/busystack/busymark/test/src/git/git_diff_parser_test.dart
10:24 +2241: /home/albert/busystack/busymark/test/src/git/git_diff_parser_test.dart: parses added file
10:24 +2242: /home/albert/busystack/busymark/test/src/git/git_diff_parser_test.dart: parses deleted file
10:24 +2243: /home/albert/busystack/busymark/test/src/git/git_diff_parser_test.dart: parses modified file with line numbers
10:24 +2244: /home/albert/busystack/busymark/test/src/git/git_diff_parser_test.dart: parses renamed file
10:24 +2245: /home/albert/busystack/busymark/test/src/git/git_diff_parser_test.dart: decodes C-quoted UTF-8 paths emitted by Git
10:24 +2246: /home/albert/busystack/busymark/test/src/git/git_diff_parser_test.dart: decodes C-quoted rename metadata emitted by Git
10:24 +2247: /home/albert/busystack/busymark/test/src/git/git_diff_parser_test.dart: parses binary file marker
10:24 +2248: /home/albert/busystack/busymark/test/src/git/git_diff_parser_test.dart: parses multiple hunks
10:24 +2249: /home/albert/busystack/busymark/test/src/git/git_diff_parser_test.dart: keeps no newline marker as header line
10:24 +2250: /home/albert/busystack/busymark/test/src/git/git_diff_parser_test.dart: tolerates unknown diff header lines
10:25 +2251: loading /home/albert/busystack/busymark/test/src/markdown_pdf_export_test.dart
10:27 +2251: /home/albert/busystack/busymark/test/src/markdown_pdf_export_test.dart: PDF export failure dialog exposes actionable detail
10:27 +2252: /home/albert/busystack/busymark/test/src/markdown_pdf_export_test.dart: PDF export eligibility is limited to active regular Markdown
10:28 +2253: /home/albert/busystack/busymark/test/src/markdown_pdf_export_test.dart: workspace PDF export accepts a Writerside module instance
10:28 +2254: /home/albert/busystack/busymark/test/src/markdown_pdf_export_test.dart: atomic PDF publication never replaces without confirmation
10:28 +2255: /home/albert/busystack/busymark/test/src/markdown_pdf_export_test.dart: service rejects compiler output that is not a PDF
10:28 +2256: /home/albert/busystack/busymark/test/src/markdown_pdf_export_test.dart: compiler locator prefers the explicit development override
10:28 +2257: /home/albert/busystack/busymark/test/src/markdown_pdf_export_test.dart: compiler cancellation force-stops an unresponsive process
10:29 +2258: /home/albert/busystack/busymark/test/src/markdown_pdf_export_test.dart: asset staging accepts passive SVG and rejects external content
10:29 +2259: /home/albert/busystack/busymark/test/src/markdown_pdf_export_test.dart: Linux packaging pins and installs the bundled Typst compiler
10:29 +2260: loading /home/albert/busystack/busymark/test/src/source_search_test.dart
10:29 +2260: /home/albert/busystack/busymark/test/src/source_search_test.dart: regex uses Unicode code points and diagnoses zero-length matches
10:29 +2261: /home/albert/busystack/busymark/test/src/source_search_test.dart: workspace-style bounded matching stops after the sentinel match
10:29 +2262: /home/albert/busystack/busymark/test/src/source_search_test.dart: search worker terminates a running backtracking expression
10:29 +2263: /home/albert/busystack/busymark/test/src/source_search_test.dart: plain search finds case-insensitive matches by default
10:29 +2264: /home/albert/busystack/busymark/test/src/source_search_test.dart: case-sensitive and whole-word options constrain matches
10:29 +2265: /home/albert/busystack/busymark/test/src/source_search_test.dart: whole-word boundaries recognize Unicode letters and marks
10:29 +2266: /home/albert/busystack/busymark/test/src/source_search_test.dart: regex search and invalid regex are safe
10:29 +2267: /home/albert/busystack/busymark/test/src/source_search_test.dart: navigation tracks current index and wraps
10:29 +2268: /home/albert/busystack/busymark/test/src/source_search_test.dart: matches inside folded content are marked hidden and revealable
10:29 +2269: /home/albert/busystack/busymark/test/src/source_search_test.dart: workspace search groups authoring content by file
10:29 +2270: /home/albert/busystack/busymark/test/src/source_search_test.dart: source search worker cancels stale requests
10:29 +2271: /home/albert/busystack/busymark/test/src/source_search_test.dart: source search worker bounds transferred high-match results
10:29 +2272: loading /home/albert/busystack/busymark/test/src/source_commands_test.dart
10:31 +2272: /home/albert/busystack/busymark/test/src/source_commands_test.dart: tab inserts spaces
10:31 +2273: /home/albert/busystack/busymark/test/src/source_commands_test.dart: tab indents selected lines without replacing their text
10:31 +2274: /home/albert/busystack/busymark/test/src/source_commands_test.dart: indent and outdent selected lines
10:31 +2275: /home/albert/busystack/busymark/test/src/source_commands_test.dart: smart Enter continues unordered ordered task and blockquote lines
10:31 +2276: /home/albert/busystack/busymark/test/src/source_commands_test.dart: smart Enter exits empty list item
10:31 +2277: /home/albert/busystack/busymark/test/src/source_commands_test.dart: ordered list numbering restarts for nested source lines
10:31 +2278: /home/albert/busystack/busymark/test/src/source_commands_test.dart: ordered list numbering restarts beneath each source parent
10:31 +2279: /home/albert/busystack/busymark/test/src/source_commands_test.dart: inline commands toggle bold italic code and links
10:31 +2280: /home/albert/busystack/busymark/test/src/source_commands_test.dart: code fence and image insertion keep source-specific placeholders
10:31 +2281: /home/albert/busystack/busymark/test/src/source_commands_test.dart: block insertion accepts localized default content
10:31 +2282: loading /home/albert/busystack/busymark/test/src/source_highlighter_test.dart
10:33 +2282: /home/albert/busystack/busymark/test/src/source_highlighter_test.dart: source highlighting bounds high-match span composition
10:34 +2283: /home/albert/busystack/busymark/test/src/source_highlighter_test.dart: markdown source highlighter colors editor syntax
10:34 +2284: /home/albert/busystack/busymark/test/src/source_highlighter_test.dart: markdown source highlighter formats fenced code
10:35 +2285: /home/albert/busystack/busymark/test/src/source_highlighter_test.dart: markdown highlighter tracks dynamic fence delimiters
10:35 +2286: /home/albert/busystack/busymark/test/src/source_highlighter_test.dart: markdown highlighter does not open on indented code
10:35 +2287: /home/albert/busystack/busymark/test/src/source_highlighter_test.dart: xml source highlighter colors tags attributes and strings
10:35 +2288: /home/albert/busystack/busymark/test/src/source_highlighter_test.dart: plain source highlighter keeps normal editor text color
10:35 +2289: /home/albert/busystack/busymark/test/src/source_highlighter_test.dart: controller can keep editable text transparent for custom render
10:35 +2290: /home/albert/busystack/busymark/test/src/source_highlighter_test.dart: transparent editing layout matches rendered Markdown layout
10:35 +2291: /home/albert/busystack/busymark/test/src/source_highlighter_test.dart: folded regions project body lines out of editable text
10:35 +2292: /home/albert/busystack/busymark/test/src/source_highlighter_test.dart: rendered folded regions hide collapsed header text
10:35 +2293: /home/albert/busystack/busymark/test/src/source_highlighter_test.dart: folded regions collapse measured editor height
10:35 +2294: /home/albert/busystack/busymark/test/src/source_highlighter_test.dart: visual markdown editor keeps syntax markers visible while styling content
10:35 +2295: /home/albert/busystack/busymark/test/src/source_highlighter_test.dart: visual markdown tracks dynamic fence delimiters
10:35 +2296: /home/albert/busystack/busymark/test/src/source_highlighter_test.dart: markdown highlighter merges nested emphasis inside links
10:35 +2297: /home/albert/busystack/busymark/test/src/source_highlighter_test.dart: markdown highlighter keeps inline code inside list items
10:35 +2298: /home/albert/busystack/busymark/test/src/source_highlighter_test.dart: markdown highlighter merges bold and italic nesting
10:35 +2299: /home/albert/busystack/busymark/test/src/source_highlighter_test.dart: markdown highlighter merges links inside blockquotes
10:35 +2300: /home/albert/busystack/busymark/test/src/source_highlighter_test.dart: markdown highlighter keeps emphasis inside table cells
10:35 +2301: /home/albert/busystack/busymark/test/src/source_highlighter_test.dart: markdown highlighter recognizes math without damaging code
10:36 +2302: loading /home/albert/busystack/busymark/test/src/html_export_options_test.dart
10:36 +2302: /home/albert/busystack/busymark/test/src/html_export_options_test.dart: TOC and numbering use the semantic hierarchy and preserve anchor IDs
10:38 +2303: /home/albert/busystack/busymark/test/src/html_export_options_test.dart: HtmlExportTheme.light emits complete color variables, responsive width and metadata
10:38 +2304: /home/albert/busystack/busymark/test/src/html_export_options_test.dart: HtmlExportTheme.dark emits complete color variables, responsive width and metadata
10:38 +2305: /home/albert/busystack/busymark/test/src/html_export_options_test.dart: HtmlExportTheme.automatic emits complete color variables, responsive width and metadata
10:38 +2306: /home/albert/busystack/busymark/test/src/html_export_options_test.dart: custom CSS follows generated rules and is captured before processing
10:38 +2307: /home/albert/busystack/busymark/test/src/html_export_options_test.dart: LF CSS hashes the text seen by the HTML parser
10:38 +2308: /home/albert/busystack/busymark/test/src/html_export_options_test.dart: LF custom and built-in CSS apply in Chromium
10:45 +2309: /home/albert/busystack/busymark/test/src/html_export_options_test.dart: CRLF CSS hashes the text seen by the HTML parser
10:45 +2310: /home/albert/busystack/busymark/test/src/html_export_options_test.dart: CRLF custom and built-in CSS apply in Chromium
10:47 +2311: /home/albert/busystack/busymark/test/src/html_export_options_test.dart: CR CSS hashes the text seen by the HTML parser
10:47 +2312: /home/albert/busystack/busymark/test/src/html_export_options_test.dart: CR custom and built-in CSS apply in Chromium
10:50 +2313: /home/albert/busystack/busymark/test/src/html_export_options_test.dart: single-file attachments retain download names and reject source data URLs
10:50 +2314: /home/albert/busystack/busymark/test/src/html_export_options_test.dart: CSS rejects unsafe URLs, imports, HTML, unreadable and oversized files
10:50 +2315: /home/albert/busystack/busymark/test/src/html_export_options_test.dart: repeated embedded assets are bounded before publication and keep old output
10:50 +2316: /home/albert/busystack/busymark/test/src/html_export_options_test.dart: HtmlPackaging.singleFile packages validated assets without source paths or fetching
10:50 +2317: /home/albert/busystack/busymark/test/src/html_export_options_test.dart: HtmlPackaging.assetsDirectory packages validated assets without source paths or fetching
10:50 +2318: loading /home/albert/busystack/busymark/test/src/rtl_glyphs_test.dart
10:53 +2318: /home/albert/busystack/busymark/test/src/rtl_glyphs_test.dart: navigation glyphs resolve for both reading directions
10:53 +2319: /home/albert/busystack/busymark/test/src/rtl_glyphs_test.dart: editing glyphs resolve for both reading directions
10:53 +2320: /home/albert/busystack/busymark/test/src/rtl_glyphs_test.dart: Git branch glyph does not mirror with reading direction
10:53 +2321: /home/albert/busystack/busymark/test/src/rtl_glyphs_test.dart: Git action glyphs have native menu equivalents
10:53 +2322: /home/albert/busystack/busymark/test/src/rtl_glyphs_test.dart: Arabic and Persian font fallbacks are available in the snap
10:53 +2323: loading /home/albert/busystack/busymark/test/src/source_comparison_test.dart
10:54 +2323: /home/albert/busystack/busymark/test/src/source_comparison_test.dart: keeps separated edits as exact separate changes
10:54 +2324: /home/albert/busystack/busymark/test/src/source_comparison_test.dart: handles repeated lines without losing exact offsets
10:54 +2325: /home/albert/busystack/busymark/test/src/source_comparison_test.dart: refines Unicode intraline ranges on UTF-16 boundaries
10:54 +2326: /home/albert/busystack/busymark/test/src/source_comparison_test.dart: distinguishes whitespace, final newline, empty, and XML changes
10:54 +2327: /home/albert/busystack/busymark/test/src/source_comparison_test.dart: labels an unanchored expensive comparison as simplified
10:54 +2328: /home/albert/busystack/busymark/test/src/source_comparison_test.dart: version identity detects stale comparison inputs
10:54 +2329: loading /home/albert/busystack/busymark/test/src/writerside_project_test.dart
10:57 +2329: /home/albert/busystack/busymark/test/src/writerside_project_test.dart: discovers modules, indexes symbols, and resolves origin references
10:57 +2330: /home/albert/busystack/busymark/test/src/writerside_project_test.dart: discovers and loads a module under build
10:57 +2331: /home/albert/busystack/busymark/test/src/writerside_project_test.dart: discovers and loads a module under a hidden directory
10:57 +2332: /home/albert/busystack/busymark/test/src/writerside_project_test.dart: module discovery hard-excludes VCS metadata directories
10:57 +2333: /home/albert/busystack/busymark/test/src/writerside_project_test.dart: topic ownership is project-wide and prefers the nested module
10:57 +2334: /home/albert/busystack/busymark/test/src/writerside_project_test.dart: workspace promotes a parent directory to a multi-module project
10:58 +2335: /home/albert/busystack/busymark/test/src/writerside_project_test.dart: topic symbols cannot be renamed independently of their files
10:58 +2336: /home/albert/busystack/busymark/test/src/writerside_project_test.dart: workspace module and instance selection changes active context
10:58 +2337: /home/albert/busystack/busymark/test/src/writerside_project_test.dart: reparse overlays indexed symbols and preserves unrelated diagnostics
10:58 +2338: /home/albert/busystack/busymark/test/src/writerside_project_test.dart: reparse of variables updates completion and resolution without reopening
10:58 +2339: /home/albert/busystack/busymark/test/src/writerside_project_test.dart: reparse of an instance tree updates active project context
10:58 +2340: /home/albert/busystack/busymark/test/src/writerside_project_test.dart: BusyMark matches the official builder semantic snapshot for the fixture
10:58 +2341: /home/albert/busystack/busymark/test/src/writerside_project_test.dart: conformance fixture preserves source and resolves semantic content
10:58 +2342: loading /home/albert/busystack/busymark/test/src/math_renderer_test.dart
10:59 +2342: /home/albert/busystack/busymark/test/src/math_renderer_test.dart: renders multiple expressions in one batch and isolates failure
11:00 +2343: /home/albert/busystack/busymark/test/src/math_renderer_test.dart: coalesces a large page, caches successes, and rebases local IDs
11:00 +2344: /home/albert/busystack/busymark/test/src/math_renderer_test.dart: deduplicates identical formulas pending in the same batch
11:00 +2345: /home/albert/busystack/busymark/test/src/math_renderer_test.dart: discards an obsolete block revision
11:00 +2346: /home/albert/busystack/busymark/test/src/math_renderer_test.dart: cancels WebKit work after a sole request is superseded
11:00 +2347: /home/albert/busystack/busymark/test/src/math_renderer_test.dart: maps timeout and unavailable hosts to local math failures
11:00 +2348: /home/albert/busystack/busymark/test/src/math_renderer_test.dart: rejects oversized input before invoking WebKit
11:00 +2349: /home/albert/busystack/busymark/test/src/math_renderer_test.dart: extracts baseline style and preserves vector-safe MathJax SVG
11:00 +2350: /home/albert/busystack/busymark/test/src/math_renderer_test.dart: resolves currentColor without flattening explicit SVG colors
11:00 +2351: /home/albert/busystack/busymark/test/src/math_renderer_test.dart: rebases wide MathJax coordinates before secure normalization
11:00 +2352: loading /home/albert/busystack/busymark/test/src/markdown_visualization_export_test.dart
11:04 +2352: /home/albert/busystack/busymark/test/src/markdown_visualization_export_test.dart: stages vector/raster assets, maps OpenAPI, and preserves failed source
11:04 +2353: /home/albert/busystack/busymark/test/src/markdown_visualization_export_test.dart: enforces the export block count without failing the document
11:04 +2354: /home/albert/busystack/busymark/test/src/markdown_visualization_export_test.dart: loads a Writerside referenced diagram before PDF rendering
11:04 +2355: /home/albert/busystack/busymark/test/src/markdown_visualization_export_test.dart: static OpenAPI export contains selectable reference sections
11:04 +2356: /home/albert/busystack/busymark/test/src/markdown_visualization_export_test.dart: Typst exports generated vector/raster assets and falls back on failure
11:04 +2357: loading /home/albert/busystack/busymark/test/src/gtk_window_preferences_service_test.dart
11:05 +2357: /home/albert/busystack/busymark/test/src/gtk_window_preferences_service_test.dart: parses every GTK 3 decoration token in physical order
11:05 +2358: /home/albert/busystack/busymark/test/src/gtk_window_preferences_service_test.dart: ignores unknown controls and actions safely
11:05 +2359: /home/albert/busystack/busymark/test/src/gtk_window_preferences_service_test.dart: loads preferences and delegates the narrowly scoped lower action
11:05 +2360: /home/albert/busystack/busymark/test/src/gtk_window_preferences_service_test.dart: window preference values have stable equality
11:05 +2361: /home/albert/busystack/busymark/test/src/gtk_window_preferences_service_test.dart: null decoration layout uses the documented GTK 3 default
11:05 +2362: loading /home/albert/busystack/busymark/test/src/visualization_release_smoke_test.dart
11:08 +2362: /home/albert/busystack/busymark/test/src/visualization_release_smoke_test.dart: release smoke report path requires an explicit nonempty argument
11:08 +2363: loading /home/albert/busystack/busymark/test/src/spelling_release_smoke_test.dart
11:12 +2363: /home/albert/busystack/busymark/test/src/spelling_release_smoke_test.dart: spelling release smoke requires an explicit guarded report path
11:12 +2364: loading /home/albert/busystack/busymark/test/src/system_accent_test.dart
11:14 +2364: /home/albert/busystack/busymark/test/src/system_accent_test.dart: uses the native Yaru orange accent as the offline fallback
11:14 +2365: /home/albert/busystack/busymark/test/src/system_accent_test.dart: keeps exact RGB portal accent color values authoritative
11:14 +2366: /home/albert/busystack/busymark/test/src/system_accent_test.dart: maps Ubuntu accent names when RGB portal value is unavailable
11:14 +2367: /home/albert/busystack/busymark/test/src/system_accent_test.dart: falls back to RGB when the Ubuntu accent is unavailable
11:14 +2368: /home/albert/busystack/busymark/test/src/system_accent_test.dart: Yaru accent wins over a different generic portal RGB
11:14 +2369: /home/albert/busystack/busymark/test/src/system_accent_test.dart: a Yaru accent signal remains authoritative over generic RGB
11:14 +2370: /home/albert/busystack/busymark/test/src/system_accent_test.dart: an unavailable named accent releases the current generic RGB
11:14 +2371: /home/albert/busystack/busymark/test/src/system_accent_test.dart: portal subscribes before both reads and retains changes during reads
11:14 +2372: /home/albert/busystack/busymark/test/src/system_accent_test.dart: missing portal keys, malformed signals, cancellation and resubscription
11:14 +2373: /home/albert/busystack/busymark/test/src/system_accent_test.dart: generic portal initialization cannot overwrite a newer generic change
11:14 +2374: /home/albert/busystack/busymark/test/src/system_accent_test.dart: GTK wins with gtkFirst=true; unavailability selects current portal
11:14 +2375: /home/albert/busystack/busymark/test/src/system_accent_test.dart: GTK wins with gtkFirst=false; unavailability selects current portal
11:14 +2376: /home/albert/busystack/busymark/test/src/system_accent_test.dart: source errors remain independent and healthy native updates continue
11:14 +2377: /home/albert/busystack/busymark/test/src/system_accent_test.dart: startup changes supersede native snapshots, including unavailable changes
11:14 +2378: /home/albert/busystack/busymark/test/src/system_accent_test.dart: disposal completes pending startup and cancels each owned source once
11:14 +2379: /home/albert/busystack/busymark/test/src/system_accent_test.dart: valid GTK releases startup while portal reads stay pending
11:14 +2380: /home/albert/busystack/busymark/test/src/system_accent_test.dart: generic signal cannot resolve startup before pending named read
11:15 +2381: /home/albert/busystack/busymark/test/src/system_accent_test.dart: valid named portal releases startup without pending RGB
11:15 +2382: /home/albert/busystack/busymark/test/src/system_accent_test.dart: pending GTK blocks ready portal until GTK arrives before deadline
11:15 +2383: /home/albert/busystack/busymark/test/src/system_accent_test.dart: pending named releases retained RGB on unavailable
11:15 +2384: /home/albert/busystack/busymark/test/src/system_accent_test.dart: pending named releases retained RGB on failure
11:15 +2385: /home/albert/busystack/busymark/test/src/system_accent_test.dart: pending named releases retained RGB on deadline
11:15 +2386: /home/albert/busystack/busymark/test/src/system_accent_test.dart: all silent sources time out to orange and late sources recover
11:15 +2387: /home/albert/busystack/busymark/test/src/system_accent_test.dart: pending initialization disposal cancels timers and portal session once
11:15 +2388: loading /home/albert/busystack/busymark/test/src/pdf_front_matter_render_test.dart
11:17 +2388: /home/albert/busystack/busymark/test/src/pdf_front_matter_render_test.dart: Markdown: cover=false toc=false section order and native links
11:18 +2389: /home/albert/busystack/busymark/test/src/pdf_front_matter_render_test.dart: Markdown: cover=false toc=true section order and native links
11:18 +2390: /home/albert/busystack/busymark/test/src/pdf_front_matter_render_test.dart: Markdown: cover=true toc=false section order and native links
11:19 +2391: /home/albert/busystack/busymark/test/src/pdf_front_matter_render_test.dart: Markdown: cover=true toc=true section order and native links
11:19 +2392: /home/albert/busystack/busymark/test/src/pdf_front_matter_render_test.dart: Writerside: cover=false toc=false section order and native links
11:19 +2393: /home/albert/busystack/busymark/test/src/pdf_front_matter_render_test.dart: Writerside: cover=false toc=true section order and native links
11:19 +2394: /home/albert/busystack/busymark/test/src/pdf_front_matter_render_test.dart: Writerside: cover=true toc=false section order and native links
11:19 +2395: /home/albert/busystack/busymark/test/src/pdf_front_matter_render_test.dart: Writerside: cover=true toc=true section order and native links
11:19 +2396: /home/albert/busystack/busymark/test/src/pdf_front_matter_render_test.dart: multipage native outline ends before any body paragraphs; links and page references stay correct
11:20 +2397: /home/albert/busystack/busymark/test/src/pdf_front_matter_render_test.dart: cover suppresses running text, physical first=false numbers=bottomCenter
11:20 +2398: /home/albert/busystack/busymark/test/src/pdf_front_matter_render_test.dart: cover suppresses running text, physical first=false numbers=off
11:20 +2399: /home/albert/busystack/busymark/test/src/pdf_front_matter_render_test.dart: cover suppresses running text, physical first=true numbers=bottomCenter
11:20 +2400: /home/albert/busystack/busymark/test/src/pdf_front_matter_render_test.dart: cover suppresses running text, physical first=true numbers=off
11:20 +2401: /home/albert/busystack/busymark/test/src/pdf_front_matter_render_test.dart: cover wraps Unicode and multiline metadata within sansSerif portrait margins
11:21 +2402: /home/albert/busystack/busymark/test/src/pdf_front_matter_render_test.dart: cover wraps Unicode and multiline metadata within sansSerif landscape margins
11:21 +2403: /home/albert/busystack/busymark/test/src/pdf_front_matter_render_test.dart: cover wraps Unicode and multiline metadata within serif portrait margins
11:21 +2404: /home/albert/busystack/busymark/test/src/pdf_front_matter_render_test.dart: cover wraps Unicode and multiline metadata within serif landscape margins
11:21 +2405: /home/albert/busystack/busymark/test/src/pdf_front_matter_render_test.dart: request defaults come from source metadata and native outline title stays localized
11:22 +2406: /home/albert/busystack/busymark/test/src/pdf_front_matter_render_test.dart: an oversized cover fails clearly and leaves the existing PDF untouched
11:22 +2407: /home/albert/busystack/busymark/test/src/pdf_front_matter_render_test.dart: Chinese cover without spaces wraps onto two lines in sansSerif
11:22 +2408: /home/albert/busystack/busymark/test/src/pdf_front_matter_render_test.dart: Chinese cover without spaces wraps onto two lines in serif
11:22 +2409: /home/albert/busystack/busymark/test/src/pdf_front_matter_render_test.dart: CJK non-breaking sequence U+a0 fails without replacing the PDF
11:23 +2410: /home/albert/busystack/busymark/test/src/pdf_front_matter_render_test.dart: CJK non-breaking sequence U+2060 fails without replacing the PDF
11:23 +2411: /home/albert/busystack/busymark/test/src/pdf_front_matter_render_test.dart: unbroken title stays within A4 cover bounds or fails without replacing the PDF
11:23 +2412: /home/albert/busystack/busymark/test/src/pdf_front_matter_render_test.dart: unbroken subtitle stays within A4 cover bounds or fails without replacing the PDF
11:23 +2413: /home/albert/busystack/busymark/test/src/pdf_front_matter_render_test.dart: unbroken author stays within A4 cover bounds or fails without replacing the PDF
11:24 +2414: /home/albert/busystack/busymark/test/src/pdf_front_matter_render_test.dart: unbroken organization stays within A4 cover bounds or fails without replacing the PDF
11:24 +2415: /home/albert/busystack/busymark/test/src/pdf_front_matter_render_test.dart: unbroken version stays within A4 cover bounds or fails without replacing the PDF
11:24 +2416: /home/albert/busystack/busymark/test/src/pdf_front_matter_render_test.dart: unbroken date stays within A4 cover bounds or fails without replacing the PDF
11:24 +2417: /home/albert/busystack/busymark/test/src/pdf_front_matter_render_test.dart: unbroken title stays within narrow custom cover bounds or fails without replacing the PDF
11:24 +2418: /home/albert/busystack/busymark/test/src/pdf_front_matter_render_test.dart: unbroken subtitle stays within narrow custom cover bounds or fails without replacing the PDF
11:25 +2419: /home/albert/busystack/busymark/test/src/pdf_front_matter_render_test.dart: unbroken author stays within narrow custom cover bounds or fails without replacing the PDF
11:25 +2420: /home/albert/busystack/busymark/test/src/pdf_front_matter_render_test.dart: unbroken organization stays within narrow custom cover bounds or fails without replacing the PDF
11:25 +2421: /home/albert/busystack/busymark/test/src/pdf_front_matter_render_test.dart: unbroken version stays within narrow custom cover bounds or fails without replacing the PDF
11:25 +2422: /home/albert/busystack/busymark/test/src/pdf_front_matter_render_test.dart: unbroken date stays within narrow custom cover bounds or fails without replacing the PDF
11:25 +2423: loading /home/albert/busystack/busymark/test/src/spelling_workspace_test.dart
11:27 +2423: /home/albert/busystack/busymark/test/src/spelling_workspace_test.dart: workspace spelling UI has no obsolete floating or Material chooser
11:27 +2424: /home/albert/busystack/busymark/test/src/spelling_workspace_test.dart: Writerside nested TOC and comment retain rich spelling through correction
11:32 +2425: /home/albert/busystack/busymark/test/src/spelling_workspace_test.dart: rich image review preserves authored source through undo and redo
11:34 +2426: /home/albert/busystack/busymark/test/src/spelling_workspace_test.dart: rich review preserves nested code image beside math through undo and redo
11:37 +2427: /home/albert/busystack/busymark/test/src/spelling_workspace_test.dart: rich review preserves nested address image beside math through undo and redo
11:39 +2428: /home/albert/busystack/busymark/test/src/spelling_workspace_test.dart: Ctrl+N typing paints live spelling targets and corrects with undo
11:41 +2429: /home/albert/busystack/busymark/test/src/spelling_workspace_test.dart: confirmed spelling underline survives continued typing
11:42 +2430: /home/albert/busystack/busymark/test/src/spelling_workspace_test.dart: real rich review retains later visits after serialization: helo caf&#233;

wrld

11:45 +2431: /home/albert/busystack/busymark/test/src/spelling_workspace_test.dart: real rich review retains later visits after serialization: helo  
world

wrld

11:47 +2432: /home/albert/busystack/busymark/test/src/spelling_workspace_test.dart: real rich review retains later visits after serialization: | helo caf&#233; |
| --- |
| hello |

wrld

11:50 +2433: /home/albert/busystack/busymark/test/src/spelling_workspace_test.dart: missing dictionary uses one integrated banner in editor
11:51 +2434: /home/albert/busystack/busymark/test/src/spelling_workspace_test.dart: missing dictionary uses one integrated banner in split
11:51 +2435: /home/albert/busystack/busymark/test/src/spelling_workspace_test.dart: language-required state uses compact document status instead of a banner
11:53 +2436: /home/albert/busystack/busymark/test/src/spelling_workspace_test.dart: general Markdown fixture finishes automatic rich spelling
11:58 +2437: /home/albert/busystack/busymark/test/src/spelling_workspace_test.dart: pasted formatted job finishes automatic spelling in editor
11:59 +2438: /home/albert/busystack/busymark/test/src/spelling_workspace_test.dart: pasted formatted job finishes automatic spelling in source
12:00 +2439: /home/albert/busystack/busymark/test/src/spelling_workspace_test.dart: new rich document checks spelling after choosing its language
12:01 +2440: /home/albert/busystack/busymark/test/src/spelling_workspace_test.dart: new source document checks spelling after choosing its language
12:02 +2441: /home/albert/busystack/busymark/test/src/spelling_workspace_test.dart: uses one document status strip in editor mode
12:03 +2442: /home/albert/busystack/busymark/test/src/spelling_workspace_test.dart: uses one document status strip in source mode
12:04 +2443: /home/albert/busystack/busymark/test/src/spelling_workspace_test.dart: uses one document status strip in preview mode
12:04 +2444: /home/albert/busystack/busymark/test/src/spelling_workspace_test.dart: uses one document status strip in split mode
12:05 +2445: /home/albert/busystack/busymark/test/src/spelling_workspace_test.dart: spelling-off status remains an actionable language control
12:07 +2446: /home/albert/busystack/busymark/test/src/spelling_workspace_test.dart: status initializes the chooser when automatic spelling is off
12:08 +2447: /home/albert/busystack/busymark/test/src/spelling_workspace_test.dart: banner installs the required dictionary and then conceals
12:10 +2448: /home/albert/busystack/busymark/test/src/spelling_workspace_test.dart: failed banner installation keeps the unresolved state
12:11 +2449: /home/albert/busystack/busymark/test/src/spelling_workspace_test.dart: routine checking does not create persistent editor chrome
12:11 +2450: /home/albert/busystack/busymark/test/src/spelling_workspace_test.dart: automatic spelling failure is visible in the compact banner
12:12 +2451: /home/albert/busystack/busymark/test/src/spelling_workspace_test.dart: automatic incomplete projection is visible in the compact banner
12:13 +2452: /home/albert/busystack/busymark/test/src/spelling_workspace_test.dart: native spelling submenu applies immediate language choices
12:14 +2453: /home/albert/busystack/busymark/test/src/spelling_workspace_test.dart: cancelling document dictionary install preserves override
12:15 +2454: /home/albert/busystack/busymark/test/src/spelling_workspace_test.dart: document language changes only after dictionary installation
12:17 +2455: /home/albert/busystack/busymark/test/src/spelling_workspace_test.dart: failed document dictionary install preserves override
12:18 +2456: loading /home/albert/busystack/busymark/test/src/wysiwyg_clipboard_test.dart
12:20 +2456: /home/albert/busystack/busymark/test/src/wysiwyg_clipboard_test.dart: native fragment preserves formatting and structured blocks through JSON
12:21 +2457: /home/albert/busystack/busymark/test/src/wysiwyg_clipboard_test.dart: single rich paragraphs preserve list descendants through source
12:21 +2458: /home/albert/busystack/busymark/test/src/wysiwyg_clipboard_test.dart: fragment rejects invalid versions, ranges, kinds, and excessive nesting
12:21 +2459: /home/albert/busystack/busymark/test/src/wysiwyg_clipboard_test.dart: relative links are rebased for another document
12:21 +2460: /home/albert/busystack/busymark/test/src/wysiwyg_clipboard_test.dart: inline images retain their source media path between projects
12:21 +2461: /home/albert/busystack/busymark/test/src/wysiwyg_clipboard_test.dart: Writerside structure survives the fragment and insertion
12:21 +2462: /home/albert/busystack/busymark/test/src/wysiwyg_clipboard_test.dart: styled table-cell insertion preserves emphasis and table structure
12:21 +2463: /home/albert/busystack/busymark/test/src/wysiwyg_clipboard_test.dart: clipboard service serializes writes and reads the latest result
12:21 +2464: /home/albert/busystack/busymark/test/src/wysiwyg_clipboard_test.dart: clipboard HTML carries headings, emphasis, tasks, tables, and code
12:21 +2465: /home/albert/busystack/busymark/test/src/wysiwyg_clipboard_test.dart: external HTML blockquotes survive Editor serialization
12:21 +2466: /home/albert/busystack/busymark/test/src/wysiwyg_clipboard_test.dart: clipboard fragment serializes its selected structure as Markdown
12:21 +2467: /home/albert/busystack/busymark/test/src/wysiwyg_clipboard_test.dart: HTML normalization preserves supported CSS and checkbox state safely
12:21 +2468: /home/albert/busystack/busymark/test/src/wysiwyg_clipboard_test.dart: Editor clipboard text-only URL paste then ordinary Enter recognizes a live link (plainText=false)
12:23 +2469: /home/albert/busystack/busymark/test/src/wysiwyg_clipboard_test.dart: Editor clipboard text-only URL paste then ordinary Enter recognizes a live link (plainText=true)
12:23 +2470: /home/albert/busystack/busymark/test/src/wysiwyg_clipboard_test.dart: Editor clipboard text-only URL suffix < survives Enter, source reload and label edit
12:23 +2471: /home/albert/busystack/busymark/test/src/wysiwyg_clipboard_test.dart: Editor clipboard text-only URL suffix *< survives Enter, source reload and label edit
12:24 +2472: /home/albert/busystack/busymark/test/src/wysiwyg_clipboard_test.dart: Editor clipboard text-only URL suffix * survives Enter, source reload and label edit
12:24 +2473: /home/albert/busystack/busymark/test/src/wysiwyg_clipboard_test.dart: Editor clipboard text-only URL character-reference suffix survives Enter and reopening: &copy;
12:24 +2474: /home/albert/busystack/busymark/test/src/wysiwyg_clipboard_test.dart: Editor clipboard text-only URL character-reference suffix survives Enter and reopening: &amp;
12:24 +2475: /home/albert/busystack/busymark/test/src/wysiwyg_clipboard_test.dart: Editor clipboard text-only URL character-reference suffix survives Enter and reopening: &amp;*<tag>
12:25 +2476: /home/albert/busystack/busymark/test/src/wysiwyg_clipboard_test.dart: Editor clipboard formatting only a pasted URL suffix preserves the boundary (nested=false)
12:25 +2477: /home/albert/busystack/busymark/test/src/wysiwyg_clipboard_test.dart: Editor clipboard formatting only a pasted URL suffix preserves the boundary (nested=true)
12:25 +2478: /home/albert/busystack/busymark/test/src/wysiwyg_clipboard_test.dart: Editor clipboard pasted URL retains live link coverage through split, Backspace and suffix formatting
12:25 +2479: /home/albert/busystack/busymark/test/src/wysiwyg_clipboard_test.dart: Editor clipboard fresh Editor restores system clipboard formatting and undo
12:26 +2480: /home/albert/busystack/busymark/test/src/wysiwyg_clipboard_test.dart: Editor clipboard Editor pastes a web layout table as a complete document
12:26 +2481: /home/albert/busystack/busymark/test/src/wysiwyg_clipboard_test.dart: Editor clipboard complete heading list and code blocks retain structure at every paragraph position
12:27 +2482: /home/albert/busystack/busymark/test/src/wysiwyg_clipboard_test.dart: Editor clipboard complete blocks in list items preserve descendants and undo tree
12:29 +2483: /home/albert/busystack/busymark/test/src/wysiwyg_clipboard_test.dart: Editor clipboard single rich paragraph field replacement preserves every list subtree
12:30 +2484: /home/albert/busystack/busymark/test/src/wysiwyg_clipboard_test.dart: Editor clipboard history rich paste keeps the committed caret and typing position
12:30 +2485: /home/albert/busystack/busymark/test/src/wysiwyg_clipboard_test.dart: Editor clipboard rich paste in math fields uses source coordinates
12:31 +2486: /home/albert/busystack/busymark/test/src/wysiwyg_clipboard_test.dart: Editor clipboard math structural paste returns the committed block caret
12:31 +2487: /home/albert/busystack/busymark/test/src/wysiwyg_clipboard_test.dart: Editor clipboard math structural paste preserves list descendants through Undo and Redo
12:31 +2488: /home/albert/busystack/busymark/test/src/wysiwyg_clipboard_test.dart: Editor clipboard plain paste persists intentional whitespace through history
12:31 +2489: /home/albert/busystack/busymark/test/src/wysiwyg_clipboard_test.dart: Editor clipboard whole-document paste preserves whitespace and heading replacement scope
12:32 +2490: /home/albert/busystack/busymark/test/src/wysiwyg_clipboard_test.dart: Editor clipboard history rich paste restores table-cell focus and committed caret
12:32 +2491: /home/albert/busystack/busymark/test/src/wysiwyg_clipboard_test.dart: Editor clipboard history multi-paragraph paste focuses the committed last paragraph
12:32 +2492: /home/albert/busystack/busymark/test/src/wysiwyg_clipboard_test.dart: Editor clipboard copy all does not duplicate nested list children
12:33 +2493: /home/albert/busystack/busymark/test/src/wysiwyg_clipboard_test.dart: Editor clipboard whole-document copy preserves a structured blockquote
12:33 +2494: /home/albert/busystack/busymark/test/src/wysiwyg_clipboard_test.dart: Editor clipboard right-click opens the menu for a whole-document selection
12:33 +2495: /home/albert/busystack/busymark/test/src/wysiwyg_clipboard_test.dart: Editor clipboard image-only clipboard context menu offers only normal Paste
12:33 +2496: /home/albert/busystack/busymark/test/src/wysiwyg_clipboard_test.dart: Editor clipboard Copy Plain Text strips formatting in another Editor
12:34 +2497: /home/albert/busystack/busymark/test/src/wysiwyg_clipboard_test.dart: Editor clipboard document selection menu can copy plain text
12:34 +2498: /home/albert/busystack/busymark/test/src/wysiwyg_clipboard_test.dart: Editor clipboard partial inline copy keeps formatting inside another paragraph
12:34 +2499: /home/albert/busystack/busymark/test/src/wysiwyg_clipboard_test.dart: Editor clipboard cut transfers formatting before deleting the selection
12:34 +2500: /home/albert/busystack/busymark/test/src/wysiwyg_clipboard_test.dart: Editor clipboard malformed native fragment falls back to HTML
12:35 +2501: /home/albert/busystack/busymark/test/src/wysiwyg_clipboard_test.dart: Editor clipboard HTML-only clipboard imports into a fresh Editor
12:35 +2502: /home/albert/busystack/busymark/test/src/wysiwyg_clipboard_test.dart: Editor clipboard HTML clipboard plain paste inserts only its text
12:35 +2503: /home/albert/busystack/busymark/test/src/wysiwyg_clipboard_test.dart: Editor clipboard retained external HTML preserves structure on history paste
12:35 +2504: /home/albert/busystack/busymark/test/src/wysiwyg_clipboard_test.dart: Editor clipboard current HTML-only and malformed HTML use ordinary importer fallbacks
12:35 +2505: /home/albert/busystack/busymark/test/src/wysiwyg_clipboard_test.dart: Editor clipboard external image history retains the bytes ingested before its dialog
12:39 +2506: /home/albert/busystack/busymark/test/src/wysiwyg_clipboard_test.dart: Editor clipboard history panel path paste has one editor-owned retention write
12:42 +2507: /home/albert/busystack/busymark/test/src/wysiwyg_clipboard_test.dart: Editor clipboard copied local video can be pasted from history in Editor
12:43 +2508: /home/albert/busystack/busymark/test/src/wysiwyg_clipboard_test.dart: Editor clipboard image paste cancellation is terminal and cleans new assets
12:47 +2509: /home/albert/busystack/busymark/test/src/wysiwyg_clipboard_test.dart: Editor clipboard image picker alternatives stay provisional until acceptance
12:59 +2510: /home/albert/busystack/busymark/test/src/wysiwyg_clipboard_test.dart: Editor clipboard image finalization failure preserves the inserted reference and file
13:00 +2511: /home/albert/busystack/busymark/test/src/wysiwyg_clipboard_test.dart: Editor clipboard native and history image filesystem failures are handled outcomes
13:00 +2512: /home/albert/busystack/busymark/test/src/wysiwyg_clipboard_test.dart: Editor clipboard plain history paste replaces a document selection ending at a non-field block
13:00 +2513: /home/albert/busystack/busymark/test/src/wysiwyg_clipboard_test.dart: Editor clipboard image history follows table and multi-block destinations
13:03 +2514: /home/albert/busystack/busymark/test/src/wysiwyg_clipboard_test.dart: Editor clipboard Ctrl+Shift+V pastes only interoperable plain text
13:03 +2515: /home/albert/busystack/busymark/test/src/wysiwyg_clipboard_test.dart: Editor clipboard plain paste never probes or ingests an existing image path
13:04 +2516: /home/albert/busystack/busymark/test/src/wysiwyg_clipboard_test.dart: Editor clipboard failed clipboard write leaves cut selection intact
13:04 +2517: /home/albert/busystack/busymark/test/src/wysiwyg_clipboard_test.dart: Editor clipboard paste does not edit a destination changed during the read
13:04 +2518: /home/albert/busystack/busymark/test/src/wysiwyg_clipboard_test.dart: Editor clipboard Editor paste preserves composition before and during reads
13:04 +2519: /home/albert/busystack/busymark/test/src/wysiwyg_clipboard_test.dart: Editor clipboard table-cell paste shortcut is consumed during composition
13:04 +2520: /home/albert/busystack/busymark/test/src/wysiwyg_clipboard_test.dart: Editor clipboard composition starting during image ingestion invalidates and cleans paste
13:05 +2521: /home/albert/busystack/busymark/test/src/wysiwyg_clipboard_test.dart: Editor clipboard cut does not delete a selection changed during the write
13:05 +2522: /home/albert/busystack/busymark/test/src/wysiwyg_clipboard_test.dart: Editor clipboard paste is cancelled when the destination Editor is replaced
13:05 +2523: loading /home/albert/busystack/busymark/test/src/surface_palette_render_test.dart
13:07 +2523: /home/albert/busystack/busymark/test/src/surface_palette_render_test.dart: renders the reviewed light surface palette
13:08 +2524: /home/albert/busystack/busymark/test/src/surface_palette_render_test.dart: renders the reviewed dark surface palette
13:08 +2525: loading /home/albert/busystack/busymark/test/src/writerside_title_regressions_test.dart
13:11 +2525: /home/albert/busystack/busymark/test/src/writerside_title_regressions_test.dart: title edit preserves the resolved topic owner across modules
13:11 +2526: /home/albert/busystack/busymark/test/src/writerside_title_regressions_test.dart: multiline quoted titles change and clear safely (1, ")
13:12 +2527: /home/albert/busystack/busymark/test/src/writerside_title_regressions_test.dart: clearing a multiline TOC override removes the existing attribute (1, ")
13:12 +2528: /home/albert/busystack/busymark/test/src/writerside_title_regressions_test.dart: multiline quoted titles change and clear safely (1, ')
13:12 +2529: /home/albert/busystack/busymark/test/src/writerside_title_regressions_test.dart: clearing a multiline TOC override removes the existing attribute (1, ')
13:12 +2530: /home/albert/busystack/busymark/test/src/writerside_title_regressions_test.dart: multiline quoted titles change and clear safely (2, ")
13:12 +2531: /home/albert/busystack/busymark/test/src/writerside_title_regressions_test.dart: clearing a multiline TOC override removes the existing attribute (2, ")
13:12 +2532: /home/albert/busystack/busymark/test/src/writerside_title_regressions_test.dart: multiline quoted titles change and clear safely (2, ')
13:13 +2533: /home/albert/busystack/busymark/test/src/writerside_title_regressions_test.dart: clearing a multiline TOC override removes the existing attribute (2, ')
13:13 +2534: /home/albert/busystack/busymark/test/src/writerside_title_regressions_test.dart: normalized title identity still rejects changed content and raw matching stays exact
13:13 +2535: /home/albert/busystack/busymark/test/src/writerside_title_regressions_test.dart: title transaction rejects missing attribute ranges before publication
13:13 +2536: /home/albert/busystack/busymark/test/src/writerside_title_regressions_test.dart: title transaction rejects corrupt attribute ranges before publication
13:13 +2537: /home/albert/busystack/busymark/test/src/writerside_title_regressions_test.dart: title publication rejects duplicate attributes in resulting XML
13:13 +2538: /home/albert/busystack/busymark/test/src/writerside_title_regressions_test.dart: semantic Markdown instance titles ignore fenced examples and decode once (")
13:13 +2539: /home/albert/busystack/busymark/test/src/writerside_title_regressions_test.dart: semantic Markdown instance titles ignore fenced examples and decode once (')
13:13 +2540: /home/albert/busystack/busymark/test/src/writerside_title_regressions_test.dart: instance title save, reopen, unchanged OK, and edit keep one escaping layer
13:15 +2541: /home/albert/busystack/busymark/test/src/writerside_title_regressions_test.dart: single-quoted Markdown override reopens decoded and edits without touching example
13:15 +2542: loading /home/albert/busystack/busymark/test/src/linux_accent_provider_test.dart
13:17 +2542: /home/albert/busystack/busymark/test/src/linux_accent_provider_test.dart: production provider consumes an older GTK accent without portals
13:17 +2543: /home/albert/busystack/busymark/test/src/linux_accent_provider_test.dart: non-Linux never creates platform listeners
13:17 +2544: /home/albert/busystack/busymark/test/src/linux_accent_provider_test.dart: missing native snapshot uses portal, then native events regain priority
13:17 +2545: /home/albert/busystack/busymark/test/src/linux_accent_provider_test.dart: first application frame and live light/dark themes: GTK with silent portals
13:18 +2546: /home/albert/busystack/busymark/test/src/linux_accent_provider_test.dart: first application frame and live light/dark themes: named with silent RGB
13:18 +2547: /home/albert/busystack/busymark/test/src/linux_accent_provider_test.dart: first application frame and live light/dark themes: pending GTK before deadline
13:18 +2548: /home/albert/busystack/busymark/test/src/linux_accent_provider_test.dart: first application frame and live light/dark themes: pending GTK at deadline
13:18 +2549: /home/albert/busystack/busymark/test/src/linux_accent_provider_test.dart: first application frame and live light/dark themes: pending named becomes valid
13:18 +2550: /home/albert/busystack/busymark/test/src/linux_accent_provider_test.dart: first application frame and live light/dark themes: pending named becomes unavailable
13:18 +2551: /home/albert/busystack/busymark/test/src/linux_accent_provider_test.dart: first application frame and live light/dark themes: pending named at deadline
13:18 +2552: /home/albert/busystack/busymark/test/src/linux_accent_provider_test.dart: first application frame and live light/dark themes: all silent at deadline
13:18 +2553: /home/albert/busystack/busymark/test/src/linux_accent_provider_test.dart: application scope teardown cancels unresolved startup deadlines
13:18 +2554: loading /home/albert/busystack/busymark/test/src/markdown_parser_test.dart
13:19 +2554: /home/albert/busystack/busymark/test/src/markdown_parser_test.dart: inline source mapping uses parsed formatting boundaries
13:19 +2555: /home/albert/busystack/busymark/test/src/markdown_parser_test.dart: inline source mapping locates partially consumed delimiter runs
13:19 +2556: /home/albert/busystack/busymark/test/src/markdown_parser_test.dart: inline source mapping retains escaped collapsed references
13:19 +2557: /home/albert/busystack/busymark/test/src/markdown_parser_test.dart: inline source mapping keeps original autolink semantics
13:19 +2558: /home/albert/busystack/busymark/test/src/markdown_parser_test.dart: inline source mapping preserves supported autolink variants
13:19 +2559: /home/albert/busystack/busymark/test/src/markdown_parser_test.dart: inline source mapping uses parser case folding for references
13:19 +2560: /home/albert/busystack/busymark/test/src/markdown_parser_test.dart: ordinary reference parsing retains pinned sharp-S folding behavior
13:19 +2561: /home/albert/busystack/busymark/test/src/markdown_parser_test.dart: invalid email-like text cannot orphan a later mapped link
13:19 +2562: /home/albert/busystack/busymark/test/src/markdown_parser_test.dart: block inline mapping projects logical content to container source
13:19 +2563: /home/albert/busystack/busymark/test/src/markdown_parser_test.dart: positioned block mapping accepts a trailing empty logical line
13:19 +2564: /home/albert/busystack/busymark/test/src/markdown_parser_test.dart: block inline mapping ignores title and code-span source breaks
13:19 +2565: /home/albert/busystack/busymark/test/src/markdown_parser_test.dart: block inline mapping keeps each hard-break occurrence range
13:19 +2566: /home/albert/busystack/busymark/test/src/markdown_parser_test.dart: block inline mapping matches standalone HTML break layout
13:19 +2567: /home/albert/busystack/busymark/test/src/markdown_parser_test.dart: block inline mapping projects HTML break layout through containers
13:19 +2568: /home/albert/busystack/busymark/test/src/markdown_parser_test.dart: HTML break layout mapping preserves soft breaks and literal code
13:19 +2569: /home/albert/busystack/busymark/test/src/markdown_parser_test.dart: extracts title, outline, links, images, and code fences
13:20 +2570: /home/albert/busystack/busymark/test/src/markdown_parser_test.dart: extracts front matter title
13:20 +2571: /home/albert/busystack/busymark/test/src/markdown_parser_test.dart: Writerside Markdown title comes from H1, not front matter
13:20 +2572: /home/albert/busystack/busymark/test/src/markdown_parser_test.dart: Writerside front matter title does not satisfy missing H1
13:20 +2573: /home/albert/busystack/busymark/test/src/markdown_parser_test.dart: parseAsync handles documents above the background threshold
13:20 +2574: /home/albert/busystack/busymark/test/src/markdown_parser_test.dart: generates Unicode heading anchors for supported languages
13:20 +2575: /home/albert/busystack/busymark/test/src/markdown_parser_test.dart: deduplicates generated heading IDs in source order
13:20 +2576: /home/albert/busystack/busymark/test/src/markdown_parser_test.dart: generates heading IDs from semantic inline text
13:20 +2577: /home/albert/busystack/busymark/test/src/markdown_parser_test.dart: canonicalizes valid ATX and setext heading variants
13:20 +2578: /home/albert/busystack/busymark/test/src/markdown_parser_test.dart: retains Writerside title when complex list source needs fallback
13:20 +2579: /home/albert/busystack/busymark/test/src/markdown_parser_test.dart: detects unresolved links, missing images, and missing alt text
13:20 +2580: /home/albert/busystack/busymark/test/src/markdown_parser_test.dart: does not validate schemed URIs as local references
13:20 +2581: /home/albert/busystack/busymark/test/src/markdown_parser_test.dart: resolves home-relative local image references
13:20 +2582: /home/albert/busystack/busymark/test/src/markdown_parser_test.dart: derives diagnostic links and images from Markdown AST semantics
13:20 +2583: /home/albert/busystack/busymark/test/src/markdown_parser_test.dart: normal Markdown image diagnostics stay within the workspace root
13:20 +2584: /home/albert/busystack/busymark/test/src/markdown_parser_test.dart: local reference diagnostics allow absolute images but reject other escapes
13:20 +2585: /home/albert/busystack/busymark/test/src/markdown_parser_test.dart: cross-linked Markdown anchor validation does not recurse forever
13:20 +2586: /home/albert/busystack/busymark/test/src/markdown_parser_test.dart: local link validation stays inside the workspace root
13:20 +2587: /home/albert/busystack/busymark/test/src/markdown_parser_test.dart: local link validation does not read unsupported anchor targets
13:20 +2588: /home/albert/busystack/busymark/test/src/markdown_parser_test.dart: local link validation does not read oversized Markdown targets
13:20 +2589: /home/albert/busystack/busymark/test/src/markdown_parser_test.dart: detects unsafe raw HTML
13:20 +2590: /home/albert/busystack/busymark/test/src/markdown_parser_test.dart: safe raw HTML does not produce unsafe diagnostics
13:20 +2591: /home/albert/busystack/busymark/test/src/markdown_parser_test.dart: Markdown headings inside paired raw HTML are not outline headings
13:20 +2592: /home/albert/busystack/busymark/test/src/markdown_parser_test.dart: unsafe raw HTML tags produce unsafe diagnostics
13:20 +2593: /home/albert/busystack/busymark/test/src/markdown_parser_test.dart: unsafe raw HTML attributes produce unsafe diagnostics
13:20 +2594: /home/albert/busystack/busymark/test/src/markdown_parser_test.dart: unsafe raw HTML URLs produce unsafe diagnostics
13:20 +2595: /home/albert/busystack/busymark/test/src/markdown_parser_test.dart: deeply nested raw HTML produces unsafe diagnostic
13:20 +2596: /home/albert/busystack/busymark/test/src/markdown_parser_test.dart: safe HTML tags do not become Writerside XML blocks
13:20 +2597: /home/albert/busystack/busymark/test/src/markdown_parser_test.dart: extracts Writerside Markdown XML blocks and variables
13:20 +2598: /home/albert/busystack/busymark/test/src/markdown_parser_test.dart: emits deterministic Markdown accessibility diagnostics
13:20 +2599: /home/albert/busystack/busymark/test/src/markdown_parser_test.dart: does not report populated table headers as empty
13:20 +2600: loading /home/albert/busystack/busymark/test/src/feedback_submission_test.dart
13:22 +2600: /home/albert/busystack/busymark/test/src/feedback_submission_test.dart: FeedbackValidator requires category and enforces subject and message bounds
13:22 +2601: /home/albert/busystack/busymark/test/src/feedback_submission_test.dart: FeedbackValidator accepts inclusive subject and message boundaries
13:22 +2602: /home/albert/busystack/busymark/test/src/feedback_submission_test.dart: FeedbackValidator rejects oversized fields and invalid optional email
13:22 +2603: /home/albert/busystack/busymark/test/src/feedback_submission_test.dart: FeedbackValidator counts Unicode code points at subject and message boundaries
13:22 +2604: /home/albert/busystack/busymark/test/src/feedback_submission_test.dart: FeedbackValidator accepts practical valid email syntax
13:22 +2605: /home/albert/busystack/busymark/test/src/feedback_submission_test.dart: FeedbackValidator rejects malformed email syntax and length boundaries
13:22 +2606: /home/albert/busystack/busymark/test/src/feedback_submission_test.dart: FeedbackSubmission serializes required metadata and omits unapproved details
13:22 +2607: /home/albert/busystack/busymark/test/src/feedback_submission_test.dart: FeedbackSubmission serializes only explicitly approved technical details
13:22 +2608: /home/albert/busystack/busymark/test/src/feedback_submission_test.dart: FeedbackSubmission uses every declared category wire value
13:22 +2609: loading /home/albert/busystack/busymark/test/src/native_headerbar_audit_test.dart
13:24 +2609: /home/albert/busystack/busymark/test/src/native_headerbar_audit_test.dart: Flutter owns application chrome; native bridge carries no split geometry
13:24 +2610: /home/albert/busystack/busymark/test/src/native_headerbar_audit_test.dart: Workspace, Welcome and Settings use the shared full-height frame
13:24 +2611: /home/albert/busystack/busymark/test/src/native_headerbar_audit_test.dart: native clipboard, menus, Writerside media and rendering hosts remain registered
13:24 +2612: /home/albert/busystack/busymark/test/src/native_headerbar_audit_test.dart: Linux desktop identity uses the standard Snap launcher mapping
13:24 +2613: /home/albert/busystack/busymark/test/src/native_headerbar_audit_test.dart: strict Snap keeps the GTK SVG loader ABI-aligned with GNOME
13:24 +2614: /home/albert/busystack/busymark/test/src/native_headerbar_audit_test.dart: local snap builder stages bundled Git tools
13:24 +2615: /home/albert/busystack/busymark/test/src/native_headerbar_audit_test.dart: local repack replaces clean-snap font links with new bundle fonts
13:24 +2616: /home/albert/busystack/busymark/test/src/native_headerbar_audit_test.dart: confined dependency checks reject missing and wrong resolutions
13:25 +2617: /home/albert/busystack/busymark/test/src/native_headerbar_audit_test.dart: Snap reuses verified platform libraries and retains private tools
13:25 +2618: /home/albert/busystack/busymark/test/src/native_headerbar_audit_test.dart: local snap builder uses the project Flutter toolchain
13:25 +2619: /home/albert/busystack/busymark/test/src/native_headerbar_audit_test.dart: Snapcraft pins the same Flutter release as the project
13:25 +2620: /home/albert/busystack/busymark/test/src/native_headerbar_audit_test.dart: local snap builder keeps compiler output off the system tmpfs
13:25 +2621: /home/albert/busystack/busymark/test/src/native_headerbar_audit_test.dart: Flutter content menus use native GTK popup menu semantics
13:25 +2622: /home/albert/busystack/busymark/test/src/native_headerbar_audit_test.dart: native content menus clean up direct GTK popup sessions
13:25 +2623: /home/albert/busystack/busymark/test/src/native_headerbar_audit_test.dart: Snap packaging hooks consolidate resources and keep required fixes
13:25 +2624: /home/albert/busystack/busymark/test/src/native_headerbar_audit_test.dart: native GTK theme follows brightness without replacing a valid user theme
13:25 +2625: loading /home/albert/busystack/busymark/test/src/clipboard_paste_resolver_test.dart
13:26 +2625: /home/albert/busystack/busymark/test/src/clipboard_paste_resolver_test.dart: valid native fragment wins over HTML and text
13:26 +2626: /home/albert/busystack/busymark/test/src/clipboard_paste_resolver_test.dart: malformed native fragment falls through to valid HTML
13:26 +2627: /home/albert/busystack/busymark/test/src/clipboard_paste_resolver_test.dart: unusable HTML falls through to source and plain text
13:26 +2628: /home/albert/busystack/busymark/test/src/clipboard_paste_resolver_test.dart: HTML-only blockquotes are usable through descendant content
13:26 +2629: /home/albert/busystack/busymark/test/src/clipboard_paste_resolver_test.dart: mixed external HTML preserves every block for Editor and Markdown Source
13:26 +2630: /home/albert/busystack/busymark/test/src/clipboard_paste_resolver_test.dart: plain mode uses only interoperable text
13:26 +2631: /home/albert/busystack/busymark/test/src/clipboard_paste_resolver_test.dart: plain mode rejects source-only and image-only payloads
13:26 +2632: /home/albert/busystack/busymark/test/src/clipboard_paste_resolver_test.dart: whitespace text is valid and empty text is unavailable
13:26 +2633: /home/albert/busystack/busymark/test/src/clipboard_paste_resolver_test.dart: explicit image is first in normal mode
13:26 +2634: /home/albert/busystack/busymark/test/src/clipboard_paste_resolver_test.dart: Editor and Source use their required textual fallback order
13:26 +2635: /home/albert/busystack/busymark/test/src/clipboard_paste_resolver_test.dart: structured source serialization accepts the destination mode
13:26 +2636: /home/albert/busystack/busymark/test/src/clipboard_paste_resolver_test.dart: native inline serialization preserves whitespace without a newline
13:26 +2637: /home/albert/busystack/busymark/test/src/clipboard_paste_resolver_test.dart: table-cell fragment serialization escapes pipes and flattens lines
13:26 +2638: /home/albert/busystack/busymark/test/src/clipboard_paste_resolver_test.dart: local image path detection is safe and rejects altered URI meaning
13:26 +2639: loading /home/albert/busystack/busymark/test/src/uri_utils_test.dart
13:28 +2639: /home/albert/busystack/busymark/test/src/uri_utils_test.dart: external launch policy is an explicit safe-list
13:28 +2640: /home/albert/busystack/busymark/test/src/uri_utils_test.dart: scheme detection remains broader than launch policy
13:28 +2641: /home/albert/busystack/busymark/test/src/uri_utils_test.dart: remote resources only allow http and https
13:28 +2642: loading /home/albert/busystack/busymark/test/src/ai_usage_store_test.dart
13:30 +2642: /home/albert/busystack/busymark/test/src/ai_usage_store_test.dart: usage ledger aggregates locally by month and provider
13:30 +2643: /home/albert/busystack/busymark/test/src/ai_usage_store_test.dart: usage ledger starts a clean aggregate in a new month
13:30 +2644: /home/albert/busystack/busymark/test/src/ai_usage_store_test.dart: malformed ledger data is treated as empty, not surfaced
13:30 +2645: loading /home/albert/busystack/busymark/test/src/busymark_design_test.dart
13:31 +2645: /home/albert/busystack/busymark/test/src/busymark_design_test.dart: switch suppresses state halos and preserves focus borders
13:32 +2646: /home/albert/busystack/busymark/test/src/busymark_design_test.dart: checked switch follows blue track states in dark
13:32 +2647: /home/albert/busystack/busymark/test/src/busymark_design_test.dart: checked switch follows purple track states in dark
13:32 +2648: /home/albert/busystack/busymark/test/src/busymark_design_test.dart: checked switch follows blue track states in light
13:32 +2649: /home/albert/busystack/busymark/test/src/busymark_design_test.dart: checked switch follows purple track states in light
13:32 +2650: /home/albert/busystack/busymark/test/src/busymark_design_test.dart: disabled switch preserves inherited disabled styling
13:32 +2651: /home/albert/busystack/busymark/test/src/busymark_design_test.dart: switch row owns its control and activates exactly once
13:32 +2652: /home/albert/busystack/busymark/test/src/busymark_design_test.dart: switch preserves Yaru drag activation
13:32 +2653: /home/albert/busystack/busymark/test/src/busymark_design_test.dart: radio suppresses state halos and preserves focus borders
13:33 +2654: /home/albert/busystack/busymark/test/src/busymark_design_test.dart: selected radio follows blue accent states in dark
13:33 +2655: /home/albert/busystack/busymark/test/src/busymark_design_test.dart: selected radio follows purple accent states in dark
13:33 +2656: /home/albert/busystack/busymark/test/src/busymark_design_test.dart: selected radio follows blue accent states in light
13:33 +2657: /home/albert/busystack/busymark/test/src/busymark_design_test.dart: selected radio follows purple accent states in light
13:33 +2658: /home/albert/busystack/busymark/test/src/busymark_design_test.dart: informational dialog keeps the close control at the right edge
13:33 +2659: /home/albert/busystack/busymark/test/src/busymark_design_test.dart: Split Preview stays fluid without copying Source-only chrome
13:33 +2660: /home/albert/busystack/busymark/test/src/busymark_design_test.dart: document frame centers wide content and honors physical safe edges
13:33 +2661: /home/albert/busystack/busymark/test/src/busymark_design_test.dart: toolbar clearance is applied only to the toolbar edge
13:33 +2662: /home/albert/busystack/busymark/test/src/busymark_design_test.dart: sidebar header and list compose the shared vertical gap
13:33 +2663: /home/albert/busystack/busymark/test/src/busymark_design_test.dart: header controls delegate geometry and elevation to Yaru
13:33 +2664: /home/albert/busystack/busymark/test/src/busymark_design_test.dart: dark header menu delegates its tooltip to IconButton
13:33 +2665: /home/albert/busystack/busymark/test/src/busymark_design_test.dart: settings dropdowns use the framework tooltip
13:33 +2666: /home/albert/busystack/busymark/test/src/busymark_design_test.dart: desktop tooltips use one explicit natural-width geometry
13:34 +2667: /home/albert/busystack/busymark/test/src/busymark_design_test.dart: popup menu rows show shortcuts without redundant hover tooltips
13:34 +2668: /home/albert/busystack/busymark/test/src/busymark_design_test.dart: header popup sends shortcuts and separators to GTK and maps selection
13:34 +2669: /home/albert/busystack/busymark/test/src/busymark_design_test.dart: colored popup icons stay on the native menu path
13:34 +2670: /home/albert/busystack/busymark/test/src/busymark_design_test.dart: header popup preserves asynchronous menu loading
13:34 +2671: /home/albert/busystack/busymark/test/src/busymark_design_test.dart: semantic theme retains Yaru geometry, typography, and interaction
13:34 +2672: /home/albert/busystack/busymark/test/src/busymark_design_test.dart: accent controls use the native Yaru foreground and fill roles
13:34 +2673: /home/albert/busystack/busymark/test/src/busymark_design_test.dart: semantic surfaces use one modern neutral Linux role ladder
13:34 +2674: /home/albert/busystack/busymark/test/src/busymark_design_test.dart: equal-choice segmented selection stays neutral
13:34 +2675: /home/albert/busystack/busymark/test/src/busymark_design_test.dart: grouped cards use native boxed-list depth and roles
13:34 +2676: /home/albert/busystack/busymark/test/src/busymark_design_test.dart: grouped list headings use the native semantic heading style
13:34 +2677: /home/albert/busystack/busymark/test/src/busymark_design_test.dart: contextual banner uses semantic surfaces in light and dark
13:34 +2678: /home/albert/busystack/busymark/test/src/busymark_design_test.dart: contextual banner animates its mounted layout height
13:34 +2679: /home/albert/busystack/busymark/test/src/busymark_design_test.dart: contextual banner reveal honors reduced motion
13:34 +2680: /home/albert/busystack/busymark/test/src/busymark_design_test.dart: dialog grouped cards resolve the contextual native layer
13:34 +2681: /home/albert/busystack/busymark/test/src/busymark_design_test.dart: grouped rows use the native dark hover role
13:34 +2682: /home/albert/busystack/busymark/test/src/busymark_design_test.dart: grouped rows use the native light hover role
13:34 +2683: /home/albert/busystack/busymark/test/src/busymark_design_test.dart: grouped row subtitles use semantic native text roles
13:34 +2684: /home/albert/busystack/busymark/test/src/busymark_design_test.dart: dialog roles and popup selectors use real themed buttons
13:34 +2685: /home/albert/busystack/busymark/test/src/busymark_design_test.dart: WYSIWYG toolbar uses accent controls in dark
13:35 +2686: /home/albert/busystack/busymark/test/src/busymark_design_test.dart: WYSIWYG toolbar uses accent controls in light
13:36 +2687: /home/albert/busystack/busymark/test/src/busymark_design_test.dart: dialog actions wrap at narrow localized text widths
13:36 +2688: /home/albert/busystack/busymark/test/src/busymark_design_test.dart: action rows use semantic destructive foreground in light and dark themes
13:36 +2689: /home/albert/busystack/busymark/test/src/busymark_design_test.dart: shared text-entry group delegates fields to the framework
13:36 +2690: /home/albert/busystack/busymark/test/src/busymark_design_test.dart: grouped text entry uses the native row-owned form surface
13:36 +2691: /home/albert/busystack/busymark/test/src/busymark_design_test.dart: grouped text entry forwards readOnly without disabling input
13:36 +2692: /home/albert/busystack/busymark/test/src/busymark_design_test.dart: semantic standard icon button delegates to FilledButton.icon
13:36 +2693: /home/albert/busystack/busymark/test/src/busymark_design_test.dart: sidebar surface owns one directional semantic boundary
13:36 +2694: loading /home/albert/busystack/busymark/test/src/source_document_test.dart
13:37 +2694: /home/albert/busystack/busymark/test/src/source_document_test.dart: empty document mapping is stable
13:37 +2695: /home/albert/busystack/busymark/test/src/source_document_test.dart: no-fold mapping preserves offsets and ranges
13:37 +2696: /home/albert/busystack/busymark/test/src/source_document_test.dart: single fold projects visible text and maps offsets
13:37 +2697: /home/albert/busystack/busymark/test/src/source_document_test.dart: fold-boundary selection mapping preserves direction, not coverage
13:37 +2698: /home/albert/busystack/busymark/test/src/source_document_test.dart: multiple adjacent and overlapping ranges normalize safely
13:37 +2699: /home/albert/busystack/busymark/test/src/source_document_test.dart: full and visible ranges report hidden clipping
13:37 +2700: /home/albert/busystack/busymark/test/src/source_document_test.dart: CRLF line endings keep line starts and projection correct
13:37 +2701: /home/albert/busystack/busymark/test/src/source_document_test.dart: visible edits before and after folds preserve unrelated folds
13:37 +2702: /home/albert/busystack/busymark/test/src/source_document_test.dart: full editing values preserve composing through folded projection
13:37 +2703: /home/albert/busystack/busymark/test/src/source_document_test.dart: visible edits incrementally retain unaffected line entries
13:37 +2704: /home/albert/busystack/busymark/test/src/source_document_test.dart: incremental line indexes match full indexes across line-break edits
13:37 +2705: /home/albert/busystack/busymark/test/src/source_document_test.dart: visible edit intersecting a fold unfolds only affected region
13:37 +2706: /home/albert/busystack/busymark/test/src/source_document_test.dart: collapsed-boundary insertion preserves hidden folded content
13:37 +2707: /home/albert/busystack/busymark/test/src/source_document_test.dart: visible insertions before and after a fold keep hidden text
13:37 +2708: /home/albert/busystack/busymark/test/src/source_document_test.dart: visible deletions near a fold keep hidden text
13:37 +2709: /home/albert/busystack/busymark/test/src/source_document_test.dart: visible replacement spanning a fold replaces the hidden range
13:37 +2710: loading /home/albert/busystack/busymark/test/src/markdown_math_export_test.dart
13:38 +2710: /home/albert/busystack/busymark/test/src/markdown_math_export_test.dart: uses each heading level effective text size for inline math
13:40 +2711: /home/albert/busystack/busymark/test/src/markdown_math_export_test.dart: custom typography and four margins control actual math jobs
13:40 +2712: /home/albert/busystack/busymark/test/src/markdown_math_export_test.dart: prepares inline and display math as deterministic vector assets
13:40 +2713: /home/albert/busystack/busymark/test/src/markdown_math_export_test.dart: footnote inline and display math retain surrounding semantics
13:40 +2714: /home/albert/busystack/busymark/test/src/markdown_math_export_test.dart: Typst compiles footnote math through the math renderer
13:40 +2715: /home/albert/busystack/busymark/test/src/markdown_math_export_test.dart: Typst keeps MathJax SVG inline and exports failed math visibly
13:40 +2716: loading /home/albert/busystack/busymark/test/src/writerside_semantic_widgets_test.dart
13:41 +2716: /home/albert/busystack/busymark/test/src/writerside_semantic_widgets_test.dart: tabs synchronize and support arrow, Home and End keys
13:42 +2717: /home/albert/busystack/busymark/test/src/writerside_semantic_widgets_test.dart: table sorting is numeric and excludes disabled columns
13:42 +2718: /home/albert/busystack/busymark/test/src/writerside_semantic_widgets_test.dart: Markdown table keeps empty columns equal width
13:42 +2719: /home/albert/busystack/busymark/test/src/writerside_semantic_widgets_test.dart: Writerside table preserves declared column width
13:42 +2720: /home/albert/busystack/busymark/test/src/writerside_semantic_widgets_test.dart: table spans preserve geometry and sticky header position
13:42 +2721: loading /home/albert/busystack/busymark/test/src/clipboard_history_panel_test.dart
13:43 +2721: /home/albert/busystack/busymark/test/src/clipboard_history_panel_test.dart: records balance a two-line source preview with visible metadata
13:44 +2722: /home/albert/busystack/busymark/test/src/clipboard_history_panel_test.dart: large records use a short preview and do not create a tooltip
13:45 +2723: /home/albert/busystack/busymark/test/src/clipboard_history_panel_test.dart: actions menu is right of search and owns refresh and clear
13:45 +2724: /home/albert/busystack/busymark/test/src/clipboard_history_panel_test.dart: keyboard navigation keeps the selected history entry visible
13:46 +2725: /home/albert/busystack/busymark/test/src/clipboard_history_panel_test.dart: Delete edits the focused search without removing history
13:46 +2726: /home/albert/busystack/busymark/test/src/clipboard_history_panel_test.dart: unsupported payload disables paste for the destination
13:46 +2727: /home/albert/busystack/busymark/test/src/clipboard_history_panel_test.dart: double-clicking a shared history row pastes the item
13:46 +2728: /home/albert/busystack/busymark/test/src/clipboard_history_panel_test.dart: plain-text paste remains enabled when rich paste is unavailable
13:46 +2729: /home/albert/busystack/busymark/test/src/clipboard_history_panel_test.dart: source-only payload has no plain-text action
13:46 +2730: /home/albert/busystack/busymark/test/src/clipboard_history_panel_test.dart: image exposes plain paste only with real text
13:47 +2731: /home/albert/busystack/busymark/test/src/clipboard_history_panel_test.dart: failed insertion reports visible feedback
13:47 +2732: /home/albert/busystack/busymark/test/src/clipboard_history_panel_test.dart: cancelled insertion is terminal without an error toast
13:47 +2733: /home/albert/busystack/busymark/test/src/clipboard_history_panel_test.dart: current external HTML is transient until panel insertion and remains reusable
13:47 +2734: /home/albert/busystack/busymark/test/src/clipboard_history_panel_test.dart: failed current-item paste is not retained and plain paste stays explicit
13:47 +2735: /home/albert/busystack/busymark/test/src/clipboard_history_panel_test.dart: successful external paste retains after the panel is disposed
13:47 +2736: /home/albert/busystack/busymark/test/src/clipboard_history_panel_test.dart: plain source and Editor copies stay text and de-duplicate
13:47 +2737: loading /home/albert/busystack/busymark/test/src/feedback_metadata_test.dart
13:49 +2737: /home/albert/busystack/busymark/test/src/feedback_metadata_test.dart: loads version and build number from package metadata
13:49 +2738: /home/albert/busystack/busymark/test/src/feedback_metadata_test.dart: uses zero when package build metadata is absent
13:49 +2739: /home/albert/busystack/busymark/test/src/feedback_metadata_test.dart: rejects missing package version metadata
13:49 +2740: loading /home/albert/busystack/busymark/test/src/writerside_topic_creator_test.dart
13:49 +2740: /home/albert/busystack/busymark/test/src/writerside_topic_creator_test.dart: creates XML child topic and registers it under parent TOC node
13:50 +2741: /home/albert/busystack/busymark/test/src/writerside_topic_creator_test.dart: creates Unicode Markdown and XML topic filenames
13:50 +2742: /home/albert/busystack/busymark/test/src/writerside_topic_creator_test.dart: rejects custom XML source without a root ID before publication
13:50 +2743: /home/albert/busystack/busymark/test/src/writerside_topic_creator_test.dart: rejects custom XML source whose root ID differs from filename
13:50 +2744: /home/albert/busystack/busymark/test/src/writerside_topic_creator_test.dart: accepts custom XML source whose root ID matches filename
13:50 +2745: /home/albert/busystack/busymark/test/src/writerside_topic_creator_test.dart: requires a reference for every non-root placement
13:50 +2746: /home/albert/busystack/busymark/test/src/writerside_topic_creator_test.dart: creates a child under an exact topic-less TOC node path
13:50 +2747: /home/albert/busystack/busymark/test/src/writerside_topic_creator_test.dart: first real topic under an empty group becomes the home page
13:50 +2748: /home/albert/busystack/busymark/test/src/writerside_topic_creator_test.dart: exact TOC path disambiguates sibling insertion
13:50 +2749: /home/albert/busystack/busymark/test/src/writerside_topic_creator_test.dart: rejects an exact TOC path whose expected node has moved
13:50 +2750: /home/albert/busystack/busymark/test/src/writerside_topic_creator_test.dart: invalid exact TOC path does not fall back to topic reference
13:50 +2751: /home/albert/busystack/busymark/test/src/writerside_topic_creator_test.dart: rejects duplicate topic IDs before writing
13:50 +2752: /home/albert/busystack/busymark/test/src/writerside_topic_creator_test.dart: creates a missing nested topics directory
13:50 +2753: /home/albert/busystack/busymark/test/src/writerside_topic_creator_test.dart: rejects a symlinked topics directory without writing outside
13:50 +2754: /home/albert/busystack/busymark/test/src/writerside_topic_creator_test.dart: does not overwrite a concurrently changed tree or leave an orphan topic
13:50 +2755: /home/albert/busystack/busymark/test/src/writerside_topic_creator_test.dart: rollback preserves a created topic changed by another writer
13:50 +2756: /home/albert/busystack/busymark/test/src/writerside_topic_creator_test.dart: atomic tree publication preserves its POSIX mode
13:50 +2757: /home/albert/busystack/busymark/test/src/writerside_topic_creator_test.dart: final module-wide topic ID validation blocks a concurrent same ID with a different extension
13:50 +2758: /home/albert/busystack/busymark/test/src/writerside_topic_creator_test.dart: final module-wide topic ID validation blocks a concurrent same ID in a different directory
13:51 +2759: /home/albert/busystack/busymark/test/src/writerside_topic_creator_test.dart: final module-wide topic ID validation blocks a concurrent same ID in another configured root
13:51 +2760: /home/albert/busystack/busymark/test/src/writerside_topic_creator_test.dart: final module-wide topic ID validation allows an unrelated concurrent topic ID
13:51 +2761: loading /home/albert/busystack/busymark/test/src/writerside_template_dialogs_test.dart
13:51 +2761: /home/albert/busystack/busymark/test/src/writerside_template_dialogs_test.dart: creation selects real variants, validates and submits in TextDirection.rtl
13:55 +2762: /home/albert/busystack/busymark/test/src/writerside_template_dialogs_test.dart: creation selects real variants, validates and submits in TextDirection.ltr
13:57 +2763: /home/albert/busystack/busymark/test/src/writerside_template_dialogs_test.dart: creation uses native master-detail controls and filters
13:58 +2764: /home/albert/busystack/busymark/test/src/writerside_template_dialogs_test.dart: creation opens both template editor entry points
14:02 +2765: /home/albert/busystack/busymark/test/src/writerside_template_dialogs_test.dart: catalog failure keeps BusyMark status and retry controls
14:03 +2766: /home/albert/busystack/busymark/test/src/writerside_template_dialogs_test.dart: Files editor stages new content, cancels and persists on OK
14:06 +2767: /home/albert/busystack/busymark/test/src/writerside_template_dialogs_test.dart: source surface exposes its label and focus boundary
14:07 +2768: /home/albert/busystack/busymark/test/src/writerside_template_dialogs_test.dart: New toolbar command stages an editable draft and Cancel drops it
14:09 +2769: /home/albert/busystack/busymark/test/src/writerside_template_dialogs_test.dart: custom XML template cannot publish a mismatching root ID
14:11 +2770: /home/albert/busystack/busymark/test/src/writerside_template_dialogs_test.dart: save-as-template appears under Custom; edit, duplicate and delete preserve cancel
14:13 +2771: /home/albert/busystack/busymark/test/src/writerside_template_dialogs_test.dart: stale settings reject OK and retain draft for recovery
14:14 +2772: /home/albert/busystack/busymark/test/src/writerside_template_dialogs_test.dart: Internal reset is staged, cancellable, and publishable
14:17 +2773: /home/albert/busystack/busymark/test/src/writerside_template_dialogs_test.dart: Files and Internal Starter.md both save (custom first: true)
14:19 +2774: /home/albert/busystack/busymark/test/src/writerside_template_dialogs_test.dart: Files and Internal Starter.md both save (custom first: false)
14:20 +2775: loading /home/albert/busystack/busymark/test/src/writerside_toc_source_widget_test.dart
14:21 +2775: /home/albert/busystack/busymark/test/src/writerside_toc_source_widget_test.dart: tree exact reveal unfolds and line movement is one undoable full-source edit
14:22 +2776: loading /home/albert/busystack/busymark/test/src/math_parser_test.dart
14:23 +2776: /home/albert/busystack/busymark/test/src/math_parser_test.dart: parses several dollar formulas as semantic inline math
14:23 +2777: /home/albert/busystack/busymark/test/src/math_parser_test.dart: parses the GitHub dollar-backtick form without delimiters
14:23 +2778: /home/albert/busystack/busymark/test/src/math_parser_test.dart: parses single-line and multiline display math as blocks
14:23 +2779: /home/albert/busystack/busymark/test/src/math_parser_test.dart: math scanner stays aligned around every neighboring block kind
14:23 +2780: /home/albert/busystack/busymark/test/src/math_parser_test.dart: math and Writerside tex fences follow document compatibility
14:23 +2781: /home/albert/busystack/busymark/test/src/math_parser_test.dart: Writerside semantic math is inline and remains source-preserving
14:23 +2782: /home/albert/busystack/busymark/test/src/math_parser_test.dart: Writerside semantic math decodes XML entities but preserves source
14:23 +2783: /home/albert/busystack/busymark/test/src/math_parser_test.dart: escaped dollars, code, currency, empty and malformed forms stay text
14:23 +2784: /home/albert/busystack/busymark/test/src/math_parser_test.dart: inline math survives list, blockquote, and table structure
14:23 +2785: /home/albert/busystack/busymark/test/src/math_parser_test.dart: CRLF math input and every original form round-trip untouched
14:23 +2786: /home/albert/busystack/busymark/test/src/math_parser_test.dart: preview builder creates first-class inline and display math nodes
14:23 +2787: loading /home/albert/busystack/busymark/test/src/busymark_document_test.dart
14:26 +2787: /home/albert/busystack/busymark/test/src/busymark_document_test.dart: WYSIWYG hit testing includes shared document surface borders
14:26 +2788: /home/albert/busystack/busymark/test/src/busymark_document_test.dart: document image width resolution is bounded consistently
14:26 +2789: /home/albert/busystack/busymark/test/src/busymark_document_test.dart: package markdown AST imports into BusyDocument core blocks
14:26 +2790: /home/albert/busystack/busymark/test/src/busymark_document_test.dart: linked remote image paragraphs import as editable image blocks
14:26 +2791: /home/albert/busystack/busymark/test/src/busymark_document_test.dart: serializer emits Markdown source for edited semantic blocks
14:26 +2792: /home/albert/busystack/busymark/test/src/busymark_document_test.dart: serializer preserves unchanged raw blocks
14:26 +2793: /home/albert/busystack/busymark/test/src/busymark_document_test.dart: serializer preserves safe raw HTML source byte for byte
14:26 +2794: /home/albert/busystack/busymark/test/src/busymark_document_test.dart: serializer preserves unsafe raw HTML source while preview remains raw
14:26 +2795: /home/albert/busystack/busymark/test/src/busymark_document_test.dart: serializer patches dirty blocks without canonicalizing unchanged source
14:26 +2796: /home/albert/busystack/busymark/test/src/busymark_document_test.dart: WYSIWYG text edits preserve unrelated block instances
14:26 +2797: /home/albert/busystack/busymark/test/src/busymark_document_test.dart: unrelated edits preserve source-only reference definitions
14:26 +2798: /home/albert/busystack/busymark/test/src/busymark_document_test.dart: source-only definitions survive scanner and AST count mismatches
14:26 +2799: /home/albert/busystack/busymark/test/src/busymark_document_test.dart: preserved reference definitions still resolve after an edit
14:26 +2800: /home/albert/busystack/busymark/test/src/busymark_document_test.dart: unrelated edits preserve GFM footnote definitions
14:26 +2801: /home/albert/busystack/busymark/test/src/busymark_document_test.dart: containers with nested definitions are source-protected
14:26 +2802: /home/albert/busystack/busymark/test/src/busymark_document_test.dart: scanner mismatches conservatively protect nested definitions
14:26 +2803: /home/albert/busystack/busymark/test/src/busymark_document_test.dart: opaque source IDs cannot collide with semantic heading IDs
14:26 +2804: /home/albert/busystack/busymark/test/src/busymark_document_test.dart: full list serialization preserves reference definitions
14:26 +2805: /home/albert/busystack/busymark/test/src/busymark_document_test.dart: full serialization omits generated footnote output
14:26 +2806: /home/albert/busystack/busymark/test/src/busymark_document_test.dart: invalid reference-like prose remains a modeled block
14:26 +2807: /home/albert/busystack/busymark/test/src/busymark_document_test.dart: large inline-link documents do not create source-only blocks
14:26 +2808: /home/albert/busystack/busymark/test/src/busymark_document_test.dart: large adjacent definition sets stay distinct and preserved
14:27 +2809: /home/albert/busystack/busymark/test/src/busymark_document_test.dart: destructive selections reject read-only source endpoints
14:27 +2810: /home/albert/busystack/busymark/test/src/busymark_document_test.dart: list indentation cannot attach content to a protected item
14:27 +2811: /home/albert/busystack/busymark/test/src/busymark_document_test.dart: WYSIWYG nested list text edit updates Markdown source
14:27 +2812: /home/albert/busystack/busymark/test/src/busymark_document_test.dart: WYSIWYG ordered list edits preserve nested children
14:27 +2813: /home/albert/busystack/busymark/test/src/busymark_document_test.dart: WYSIWYG ordered task edits preserve marker and nested children
14:27 +2814: /home/albert/busystack/busymark/test/src/busymark_document_test.dart: WYSIWYG nested blockquote edit preserves surrounding source
14:27 +2815: /home/albert/busystack/busymark/test/src/busymark_document_test.dart: WYSIWYG cross-block deletion prunes an emptied blockquote
14:27 +2816: /home/albert/busystack/busymark/test/src/busymark_document_test.dart: WYSIWYG nested inline edit updates Markdown source
14:27 +2817: /home/albert/busystack/busymark/test/src/busymark_document_test.dart: WYSIWYG nested block removal updates Markdown source
14:27 +2818: /home/albert/busystack/busymark/test/src/busymark_document_test.dart: parser includes setext headings in heading metadata
14:27 +2819: /home/albert/busystack/busymark/test/src/busymark_document_test.dart: live document outline follows top-level generated heading order
14:27 +2820: /home/albert/busystack/busymark/test/src/busymark_document_test.dart: duplicate anchors retain distinct editor block identities
14:27 +2821: /home/albert/busystack/busymark/test/src/busymark_document_test.dart: preview and WYSIWYG use the same semantic document
14:27 +2822: /home/albert/busystack/busymark/test/src/busymark_document_test.dart: WYSIWYG text edit updates Markdown source
14:27 +2823: /home/albert/busystack/busymark/test/src/busymark_document_test.dart: WYSIWYG empty documents have one editable paragraph
14:27 +2824: /home/albert/busystack/busymark/test/src/busymark_document_test.dart: WYSIWYG editor accepts typing in an empty document
14:28 +2825: /home/albert/busystack/busymark/test/src/busymark_document_test.dart: WYSIWYG heading navigation skips across large documents
14:32 +2826: /home/albert/busystack/busymark/test/src/busymark_document_test.dart: WYSIWYG renders a blockquote around its editable text
14:32 +2827: /home/albert/busystack/busymark/test/src/busymark_document_test.dart: WYSIWYG uses one quote frame for multiple quote paragraphs
14:32 +2828: /home/albert/busystack/busymark/test/src/busymark_document_test.dart: WYSIWYG quote frame focuses its first editable child
14:32 +2829: /home/albert/busystack/busymark/test/src/busymark_document_test.dart: WYSIWYG inherits RTL indentation inside a blockquote
14:32 +2830: /home/albert/busystack/busymark/test/src/busymark_document_test.dart: WYSIWYG keeps a generated leaf blockquote editable
14:33 +2831: /home/albert/busystack/busymark/test/src/busymark_document_test.dart: WYSIWYG hides a definition-only source and preserves it
14:33 +2832: /home/albert/busystack/busymark/test/src/busymark_document_test.dart: WYSIWYG editor undo and redo restore document edits
14:33 +2833: /home/albert/busystack/busymark/test/src/busymark_document_test.dart: WYSIWYG editor replaces document when active file changes
14:33 +2834: /home/albert/busystack/busymark/test/src/busymark_document_test.dart: WYSIWYG editor applies heading keyboard shortcuts
14:34 +2835: /home/albert/busystack/busymark/test/src/busymark_document_test.dart: Ctrl+Shift+- inserts a thematic break
14:34 +2836: /home/albert/busystack/busymark/test/src/busymark_document_test.dart: WYSIWYG Tab nests eligible list items and Shift+Tab lifts them
14:34 +2837: /home/albert/busystack/busymark/test/src/busymark_document_test.dart: WYSIWYG arrow keys move focus between paragraphs
14:34 +2838: /home/albert/busystack/busymark/test/src/busymark_document_test.dart: WYSIWYG Ctrl+Arrow crosses paragraph boundaries
14:35 +2839: /home/albert/busystack/busymark/test/src/busymark_document_test.dart: WYSIWYG Ctrl+Shift+Arrow extends into the next paragraph
14:35 +2840: /home/albert/busystack/busymark/test/src/busymark_document_test.dart: WYSIWYG repeated arrow keys keep moving between paragraphs
14:35 +2841: /home/albert/busystack/busymark/test/src/busymark_document_test.dart: WYSIWYG Shift+Down selection continues character by character in the next paragraph
14:35 +2842: /home/albert/busystack/busymark/test/src/busymark_document_test.dart: WYSIWYG repeated Shift+Arrow extends one selection
14:36 +2843: /home/albert/busystack/busymark/test/src/busymark_document_test.dart: WYSIWYG horizontal selection continues vertically into the next paragraph
14:36 +2844: /home/albert/busystack/busymark/test/src/busymark_document_test.dart: WYSIWYG reverse Shift+Up selection continues left in the previous paragraph
14:36 +2845: /home/albert/busystack/busymark/test/src/busymark_document_test.dart: WYSIWYG ignores redundant source blank lines
14:36 +2846: /home/albert/busystack/busymark/test/src/busymark_document_test.dart: typing replaces a WYSIWYG selection across paragraphs
14:36 +2847: /home/albert/busystack/busymark/test/src/busymark_document_test.dart: deleting a selected paragraph boundary merges paragraphs
14:36 +2848: /home/albert/busystack/busymark/test/src/busymark_document_test.dart: WYSIWYG Shift+Down follows visual lines before paragraphs
14:36 +2849: /home/albert/busystack/busymark/test/src/busymark_document_test.dart: WYSIWYG Shift+Arrow selects whole grapheme clusters
14:36 +2850: /home/albert/busystack/busymark/test/src/busymark_document_test.dart: WYSIWYG drag selection can copy multiple paragraphs
14:36 +2851: /home/albert/busystack/busymark/test/src/busymark_document_test.dart: WYSIWYG click elsewhere clears previous block selection
14:37 +2852: /home/albert/busystack/busymark/test/src/busymark_document_test.dart: WYSIWYG Shift click selects text across paragraphs
14:37 +2853: /home/albert/busystack/busymark/test/src/busymark_document_test.dart: WYSIWYG Shift drag extends selection across paragraphs
14:37 +2854: /home/albert/busystack/busymark/test/src/busymark_document_test.dart: WYSIWYG Shift drag from heading end hides native selection
14:37 +2855: /home/albert/busystack/busymark/test/src/busymark_document_test.dart: WYSIWYG reverse drag updates selection on pointer up
14:37 +2856: /home/albert/busystack/busymark/test/src/busymark_document_test.dart: WYSIWYG reverse drag aligns wrapped trailing word highlight
14:38 +2857: /home/albert/busystack/busymark/test/src/busymark_document_test.dart: WYSIWYG Ctrl+X cuts block selection
14:38 +2858: /home/albert/busystack/busymark/test/src/busymark_document_test.dart: WYSIWYG cut paste preserves inline formatting
14:38 +2859: /home/albert/busystack/busymark/test/src/busymark_document_test.dart: WYSIWYG cut paste preserves whole block formatting
14:38 +2860: /home/albert/busystack/busymark/test/src/busymark_document_test.dart: WYSIWYG drag selection preserves partial paragraph boundaries
14:38 +2861: /home/albert/busystack/busymark/test/src/busymark_document_test.dart: WYSIWYG toolbar bold applies to selected paragraphs
14:38 +2862: /home/albert/busystack/busymark/test/src/busymark_document_test.dart: WYSIWYG toolbar toggle stays vertically aligned when collapsed
14:39 +2863: /home/albert/busystack/busymark/test/src/busymark_document_test.dart: editing toolbar reserves its document edge
14:39 +2864: /home/albert/busystack/busymark/test/src/busymark_document_test.dart: restoring the first block does not duplicate the Editor top inset
14:40 +2865: /home/albert/busystack/busymark/test/src/busymark_document_test.dart: vertical WYSIWYG toolbar is bounded and extends from its edge
14:40 +2866: /home/albert/busystack/busymark/test/src/busymark_document_test.dart: editing toolbar corners remain physical in LTR and RTL
14:40 +2867: /home/albert/busystack/busymark/test/src/busymark_document_test.dart: editing toolbar context menu changes placement and direction when shown or hidden
14:41 +2868: /home/albert/busystack/busymark/test/src/busymark_document_test.dart: WYSIWYG toolbar list applies to selected paragraphs
14:41 +2869: /home/albert/busystack/busymark/test/src/busymark_document_test.dart: WYSIWYG renders safe HTML blocks and edits raw source
14:41 +2870: /home/albert/busystack/busymark/test/src/busymark_document_test.dart: WYSIWYG toolbar inserts an HTML block
14:41 +2871: /home/albert/busystack/busymark/test/src/busymark_document_test.dart: WYSIWYG dialog submission is discarded after the active file changes
14:42 +2872: /home/albert/busystack/busymark/test/src/busymark_document_test.dart: WYSIWYG dialog submission is discarded after document generation changes
14:42 +2873: /home/albert/busystack/busymark/test/src/busymark_document_test.dart: WYSIWYG dialogs stop app-level tab navigation shortcuts
14:42 +2874: /home/albert/busystack/busymark/test/src/busymark_document_test.dart: WYSIWYG dialogs activate the native headerbar barrier
14:42 +2875: /home/albert/busystack/busymark/test/src/busymark_document_test.dart: WYSIWYG typing preserves existing inline formatting
14:42 +2876: /home/albert/busystack/busymark/test/src/busymark_document_test.dart: WYSIWYG Backspace at block start merges with previous block
14:42 +2877: /home/albert/busystack/busymark/test/src/busymark_document_test.dart: WYSIWYG Ctrl+A twice selects all text for deletion
14:42 +2878: /home/albert/busystack/busymark/test/src/busymark_document_test.dart: WYSIWYG select-all deletion preserves source-protected definitions
14:42 +2879: /home/albert/busystack/busymark/test/src/busymark_document_test.dart: WYSIWYG inline ranges do not duplicate formatted text
14:42 +2880: /home/albert/busystack/busymark/test/src/busymark_document_test.dart: WYSIWYG inline commands serialize bold italic and links
14:42 +2881: /home/albert/busystack/busymark/test/src/busymark_document_test.dart: WYSIWYG serializes italic nested at the end of bold text
14:42 +2882: /home/albert/busystack/busymark/test/src/busymark_document_test.dart: WYSIWYG text edits preserve inline ranges where possible
14:42 +2883: /home/albert/busystack/busymark/test/src/busymark_document_test.dart: WYSIWYG text edits preserve empty-alt inline images
14:42 +2884: /home/albert/busystack/busymark/test/src/busymark_document_test.dart: WYSIWYG edits preserve escaped literal punctuation semantics
14:42 +2885: /home/albert/busystack/busymark/test/src/busymark_document_test.dart: WYSIWYG link dialog submits with Enter
14:43 +2886: /home/albert/busystack/busymark/test/src/busymark_document_test.dart: WYSIWYG link dialog edits an existing link when caret is inside it
14:43 +2887: /home/albert/busystack/busymark/test/src/busymark_document_test.dart: WYSIWYG link dialog edits an existing link when its text is selected
14:43 +2888: /home/albert/busystack/busymark/test/src/busymark_document_test.dart: WYSIWYG inline command toggles selected mark without dropping links
14:43 +2889: /home/albert/busystack/busymark/test/src/busymark_document_test.dart: WYSIWYG inline code command serializes selected text
14:43 +2890: /home/albert/busystack/busymark/test/src/busymark_document_test.dart: serializer chooses inline code delimiters that preserve backticks
14:43 +2891: /home/albert/busystack/busymark/test/src/busymark_document_test.dart: link title backslashes use standards-safe character references
14:43 +2892: /home/albert/busystack/busymark/test/src/busymark_document_test.dart: inline serialization distinguishes every hard-break run boundary
14:43 +2893: /home/albert/busystack/busymark/test/src/busymark_document_test.dart: link titles round-trip decoded punctuation and line endings
14:43 +2894: /home/albert/busystack/busymark/test/src/busymark_document_test.dart: table link titles retain multiline values without physical rows
14:43 +2895: /home/albert/busystack/busymark/test/src/busymark_document_test.dart: serializer preserves fenced code delimiters and trailing whitespace
14:43 +2896: /home/albert/busystack/busymark/test/src/busymark_document_test.dart: parser preserves meaningful trailing fenced-code whitespace
14:43 +2897: /home/albert/busystack/busymark/test/src/busymark_document_test.dart: parser closes dynamic code fences only with a matching delimiter
14:43 +2898: /home/albert/busystack/busymark/test/src/busymark_document_test.dart: parser does not treat indented code as a fenced block
14:43 +2899: /home/albert/busystack/busymark/test/src/busymark_document_test.dart: WYSIWYG inline commands preserve existing sibling formatting
14:43 +2900: /home/albert/busystack/busymark/test/src/busymark_document_test.dart: WYSIWYG block commands apply to multiple selected blocks
14:43 +2901: /home/albert/busystack/busymark/test/src/busymark_document_test.dart: WYSIWYG inline commands apply to multiple selected blocks
14:43 +2902: /home/albert/busystack/busymark/test/src/busymark_document_test.dart: WYSIWYG image command serializes a real image block
14:43 +2903: /home/albert/busystack/busymark/test/src/busymark_document_test.dart: WYSIWYG editor renders Writerside images by basename
14:43 +2904: /home/albert/busystack/busymark/test/src/busymark_document_test.dart: WYSIWYG editor renders absolute local image paths
14:43 +2905: /home/albert/busystack/busymark/test/src/busymark_document_test.dart: WYSIWYG editor renders linked remote image blocks
14:43 +2906: /home/albert/busystack/busymark/test/src/busymark_document_test.dart: WYSIWYG Enter recognizes a pasted bare URL in commonMark
14:43 +2907: /home/albert/busystack/busymark/test/src/busymark_document_test.dart: WYSIWYG Enter recognizes a pasted bare URL in writersideMarkdown
14:43 +2908: /home/albert/busystack/busymark/test/src/busymark_document_test.dart: WYSIWYG Enter recognizes a pasted bare URL in gfm
14:43 +2909: /home/albert/busystack/busymark/test/src/busymark_document_test.dart: WYSIWYG Enter uses parser URL boundaries without parsing other syntax
14:43 +2910: /home/albert/busystack/busymark/test/src/busymark_document_test.dart: WYSIWYG Enter excludes code and keeps explicit equal-label links explicit
14:43 +2911: /home/albert/busystack/busymark/test/src/busymark_document_test.dart: bare URL destinations follow edits and splits while explicit destinations stay authored
14:43 +2912: /home/albert/busystack/busymark/test/src/busymark_document_test.dart: rejoining only extends existing bare URLs and preserves code and explicit links
14:43 +2913: /home/albert/busystack/busymark/test/src/busymark_document_test.dart: structural URL slices update derived destinations and link editing authors an explicit destination
14:43 +2914: /home/albert/busystack/busymark/test/src/busymark_document_test.dart: WYSIWYG Enter splits one block into separate Markdown paragraphs
14:43 +2915: /home/albert/busystack/busymark/test/src/busymark_document_test.dart: WYSIWYG reload ignores an empty paragraph represented only by blanks
14:43 +2916: /home/albert/busystack/busymark/test/src/busymark_document_test.dart: WYSIWYG reload ignores trailing blank lines
14:43 +2917: /home/albert/busystack/busymark/test/src/busymark_document_test.dart: WYSIWYG does not create blocks for redundant source whitespace
14:43 +2918: /home/albert/busystack/busymark/test/src/busymark_document_test.dart: WYSIWYG Enter in unordered list creates next item then exits list
14:43 +2919: /home/albert/busystack/busymark/test/src/busymark_document_test.dart: WYSIWYG Enter in ordered list creates next numbered item
14:43 +2920: /home/albert/busystack/busymark/test/src/busymark_document_test.dart: WYSIWYG thematic break inserts after current block
14:43 +2921: /home/albert/busystack/busymark/test/src/busymark_document_test.dart: WYSIWYG Enter key creates a new paragraph block
14:44 +2922: /home/albert/busystack/busymark/test/src/busymark_document_test.dart: WYSIWYG Enter carries active inline style to next paragraph
14:44 +2923: /home/albert/busystack/busymark/test/src/busymark_document_test.dart: WYSIWYG Enter at paragraph end preserves inner bold span
14:44 +2924: /home/albert/busystack/busymark/test/src/busymark_document_test.dart: WYSIWYG newline text edit preserves inner bold span
14:44 +2925: /home/albert/busystack/busymark/test/src/busymark_document_test.dart: WYSIWYG text input newlines become Markdown paragraphs
14:44 +2926: /home/albert/busystack/busymark/test/src/busymark_document_test.dart: WYSIWYG typing preserves an existing hard break
14:44 +2927: /home/albert/busystack/busymark/test/src/busymark_document_test.dart: hard-break toolbar command retains focus and advances caret
14:44 +2928: /home/albert/busystack/busymark/test/src/busymark_document_test.dart: formatting toolbar command retains editor focus and selection
14:44 +2929: /home/albert/busystack/busymark/test/src/busymark_document_test.dart: Shift+Enter retains focus and advances past the hard break
14:44 +2930: /home/albert/busystack/busymark/test/src/busymark_document_test.dart: blank-line toolbar command round-trips and remains one focused edit
14:44 +2931: /home/albert/busystack/busymark/test/src/busymark_document_test.dart: WYSIWYG editor lazily builds large documents
14:45 +2932: /home/albert/busystack/busymark/test/src/busymark_document_test.dart: WYSIWYG task checkbox toggles directly when clicked
14:45 +2933: /home/albert/busystack/busymark/test/src/busymark_document_test.dart: WYSIWYG block commands serialize headings and lists
14:45 +2934: /home/albert/busystack/busymark/test/src/busymark_document_test.dart: WYSIWYG extended toolbar commands serialize Markdown
14:45 +2935: /home/albert/busystack/busymark/test/src/busymark_document_test.dart: blank-line command keeps repeated terminal markers off the text line
14:45 +2936: /home/albert/busystack/busymark/test/src/busymark_document_test.dart: WYSIWYG table and code language commands serialize Markdown
14:45 +2937: /home/albert/busystack/busymark/test/src/busymark_document_test.dart: WYSIWYG table cell pipes round-trip without shifting columns
14:45 +2938: /home/albert/busystack/busymark/test/src/busymark_document_test.dart: table escaping protects pipes inside formatted cell content
14:45 +2939: /home/albert/busystack/busymark/test/src/busymark_document_test.dart: table code preserves a backslash immediately before a pipe
14:45 +2940: /home/albert/busystack/busymark/test/src/busymark_document_test.dart: WYSIWYG table row and column commands serialize Markdown
14:45 +2941: /home/albert/busystack/busymark/test/src/busymark_document_test.dart: WYSIWYG table dialog validates and synchronizes its size grid
14:46 +2942: /home/albert/busystack/busymark/test/src/busymark_document_test.dart: table alignment survives parsing, edits, and structural changes
14:46 +2943: /home/albert/busystack/busymark/test/src/busymark_document_test.dart: table column alignment command supports all Markdown alignments
14:46 +2944: /home/albert/busystack/busymark/test/src/busymark_document_test.dart: WYSIWYG table cells apply Markdown column alignment
14:46 +2945: /home/albert/busystack/busymark/test/src/busymark_document_test.dart: WYSIWYG table cells are formatted and editable
14:46 +2946: /home/albert/busystack/busymark/test/src/busymark_document_test.dart: WYSIWYG table overlay menus survive structural rebuilds
14:47 +2947: /home/albert/busystack/busymark/test/src/busymark_document_test.dart: Tab travels through WYSIWYG table cells and extends the table
14:47 +2948: /home/albert/busystack/busymark/test/src/busymark_document_test.dart: WYSIWYG list indent outdent and task toggle commands serialize
14:47 +2949: /home/albert/busystack/busymark/test/src/busymark_document_test.dart: WYSIWYG ordered indentation starts a nested list at one
14:47 +2950: /home/albert/busystack/busymark/test/src/busymark_document_test.dart: WYSIWYG ordered indentation preserves a top-level start value
14:47 +2951: /home/albert/busystack/busymark/test/src/busymark_document_test.dart: WYSIWYG ordered indentation numbers multiple nested siblings
14:47 +2952: /home/albert/busystack/busymark/test/src/busymark_document_test.dart: WYSIWYG ordered outdent continues the parent list numbering
14:47 +2953: /home/albert/busystack/busymark/test/src/busymark_document_test.dart: WYSIWYG converts an unordered item to a valid ordered marker
14:47 +2954: /home/albert/busystack/busymark/test/src/busymark_document_test.dart: WYSIWYG converts selected nested items at each list depth
14:47 +2955: loading /home/albert/busystack/busymark/test/src/source_paste_engine_test.dart
14:47 +2955: /home/albert/busystack/busymark/test/src/source_paste_engine_test.dart: single rich paragraph repairs independently surviving endpoints
14:47 +2956: /home/albert/busystack/busymark/test/src/source_paste_engine_test.dart: table cells repair independently formatted selection endpoints
14:48 +2957: /home/albert/busystack/busymark/test/src/source_paste_engine_test.dart: block insertion replaces only a heading own prefix at content start
14:48 +2958: /home/albert/busystack/busymark/test/src/source_paste_engine_test.dart: block insertion removes complete ATX and Setext heading syntax
14:48 +2959: /home/albert/busystack/busymark/test/src/source_paste_engine_test.dart: block insertion retains literal paragraph hashes
14:48 +2960: /home/albert/busystack/busymark/test/src/source_paste_engine_test.dart: whole heading replacement removes every authored marker
14:48 +2961: /home/albert/busystack/busymark/test/src/source_paste_engine_test.dart: heading insertion at middle and end preserves only the leading heading
14:48 +2962: /home/albert/busystack/busymark/test/src/source_paste_engine_test.dart: paragraph sequence removes nested heading marker at content start
14:48 +2963: /home/albert/busystack/busymark/test/src/source_paste_engine_test.dart: external HTML blockquotes remain structured in Source
14:48 +2964: /home/albert/busystack/busymark/test/src/source_paste_engine_test.dart: HTML break layout stays behind a caret after the semantic break
14:48 +2965: /home/albert/busystack/busymark/test/src/source_paste_engine_test.dart: caret immediately before an HTML break keeps the break after paste
14:48 +2966: /home/albert/busystack/busymark/test/src/source_paste_engine_test.dart: selection crossing an HTML break preserves both outside slices
14:48 +2967: /home/albert/busystack/busymark/test/src/source_paste_engine_test.dart: complete inline HTML survives rich link insertion as one fragment
14:48 +2968: /home/albert/busystack/busymark/test/src/source_paste_engine_test.dart: native rich trailing space survives inherited HTML insertion
14:48 +2969: /home/albert/busystack/busymark/test/src/source_paste_engine_test.dart: native incoming edge whitespace survives inherited HTML styles
14:48 +2970: /home/albert/busystack/busymark/test/src/source_paste_engine_test.dart: selection replacement retains native whitespace and link titles
14:48 +2971: /home/albert/busystack/busymark/test/src/source_paste_engine_test.dart: multiple native inline runs retain text styles links and spaces
14:48 +2972: /home/albert/busystack/busymark/test/src/source_paste_engine_test.dart: rich insertion maps collapsed HTML whitespace as content
14:48 +2973: /home/albert/busystack/busymark/test/src/source_paste_engine_test.dart: collapsed whitespace maps through supported raw HTML styles
14:48 +2974: /home/albert/busystack/busymark/test/src/source_paste_engine_test.dart: collapsed whitespace maps through a supported raw HTML link
14:48 +2975: /home/albert/busystack/busymark/test/src/source_paste_engine_test.dart: supported content corpus always plans a rich insertion
14:48 +2976: /home/albert/busystack/busymark/test/src/source_paste_engine_test.dart: repeated mapped siblings avoid fallback and preserve final paste
14:49 +2977: /home/albert/busystack/busymark/test/src/source_paste_engine_test.dart: complete blocks split and preserve enclosing inline contexts
14:49 +2978: /home/albert/busystack/busymark/test/src/source_paste_engine_test.dart: paragraph-only block sequences match Editor merge semantics
14:49 +2979: /home/albert/busystack/busymark/test/src/source_paste_engine_test.dart: block paste preserves independent formatted selection boundaries
14:49 +2980: /home/albert/busystack/busymark/test/src/source_paste_engine_test.dart: structured paste spans partial first and last destination blocks
14:49 +2981: /home/albert/busystack/busymark/test/src/source_paste_engine_test.dart: paragraph sequences retain destination block and container paths
14:49 +2982: /home/albert/busystack/busymark/test/src/source_paste_engine_test.dart: paste output is valid input for a second paste at returned caret
14:49 +2983: /home/albert/busystack/busymark/test/src/source_paste_engine_test.dart: CRLF blockquote projection retains its authored prefixes
14:49 +2984: /home/albert/busystack/busymark/test/src/source_paste_engine_test.dart: structured complete blocks generate only CRLF boundaries
14:49 +2985: /home/albert/busystack/busymark/test/src/source_paste_engine_test.dart: structured inline hard breaks use destination CRLF
14:49 +2986: /home/albert/busystack/busymark/test/src/source_paste_engine_test.dart: mapped and generated structured breaks retain CRLF and caret width
14:49 +2987: /home/albert/busystack/busymark/test/src/source_paste_engine_test.dart: protected Source context explicitly permits textual fallback
14:49 +2988: /home/albert/busystack/busymark/test/src/source_paste_engine_test.dart: syntax-only positions explicitly permit textual fallback
14:49 +2989: /home/albert/busystack/busymark/test/src/source_paste_engine_test.dart: unmappable destination links stop rather than permit fallback
14:49 +2990: loading /home/albert/busystack/busymark/test/src/visualization_coordinator_test.dart
14:52 +2990: /home/albert/busystack/busymark/test/src/visualization_coordinator_test.dart: rejects a superseded render even when its engine finishes last
14:52 +2991: /home/albert/busystack/busymark/test/src/visualization_coordinator_test.dart: retains the last successful render after invalid source
14:52 +2992: /home/albert/busystack/busymark/test/src/visualization_coordinator_test.dart: limits concurrency and gives export work queue priority
14:52 +2993: /home/albert/busystack/busymark/test/src/visualization_coordinator_test.dart: reuses a successful content-addressed cache entry
14:52 +2994: /home/albert/busystack/busymark/test/src/visualization_coordinator_test.dart: validates concurrency and returns a typed unavailable result
14:52 +2995: /home/albert/busystack/busymark/test/src/visualization_coordinator_test.dart: bounds last-successful render retention with LRU eviction
14:52 +2996: loading /home/albert/busystack/busymark/test/src/writerside_toc_actions_test.dart
14:52 +2996: /home/albert/busystack/busymark/test/src/writerside_toc_actions_test.dart: source navigation distinguishes repeated references on one line
14:53 +2997: /home/albert/busystack/busymark/test/src/writerside_toc_actions_test.dart: explicit synchronization follows installed breadth-first topic matching
14:53 +2998: /home/albert/busystack/busymark/test/src/writerside_toc_actions_test.dart: Markdown title edits preserve other instances, content and occurrence
14:53 +2999: /home/albert/busystack/busymark/test/src/writerside_toc_actions_test.dart: Markdown title edit changes H1 and preserves front matter title
14:53 +3000: /home/albert/busystack/busymark/test/src/writerside_toc_actions_test.dart: Markdown title round trip preserves ampersands and entity spellings
14:53 +3001: /home/albert/busystack/busymark/test/src/writerside_toc_actions_test.dart: unchanged inherited values do not add overrides
14:53 +3002: /home/albert/busystack/busymark/test/src/writerside_toc_actions_test.dart: XML title edits escape attributes and expand self-closing root
14:53 +3003: /home/albert/busystack/busymark/test/src/writerside_toc_actions_test.dart: clearing overrides removes only the selected instance and occurrence
14:53 +3004: /home/albert/busystack/busymark/test/src/writerside_toc_actions_test.dart: before-drop preserves complete subtrees and returns all moved paths
14:53 +3005: /home/albert/busystack/busymark/test/src/writerside_toc_actions_test.dart: grouping uses source order and rejects cross-parent selections
14:53 +3006: /home/albert/busystack/busymark/test/src/writerside_toc_actions_test.dart: line moves retain CRLF, caret, reversed selection and boundaries
14:53 +3007: loading /home/albert/busystack/busymark/test/src/markdown_section_editor_test.dart
14:55 +3007: /home/albert/busystack/busymark/test/src/markdown_section_editor_test.dart: section includes descendants and stops at the next sibling
14:55 +3008: /home/albert/busystack/busymark/test/src/markdown_section_editor_test.dart: move up and down swap complete sibling subtrees
14:55 +3009: /home/albert/busystack/busymark/test/src/markdown_section_editor_test.dart: promote and demote preserve descendant hierarchy
14:55 +3010: /home/albert/busystack/busymark/test/src/markdown_section_editor_test.dart: demote is unavailable when a descendant is already H6
14:55 +3011: /home/albert/busystack/busymark/test/src/markdown_section_editor_test.dart: level changes preserve and convert Setext headings
14:55 +3012: loading /home/albert/busystack/busymark/test/src/visualization_models_test.dart
14:57 +3012: /home/albert/busystack/busymark/test/src/visualization_models_test.dart: visualization fence classification recognizes canonical names and aliases without changing spelling
14:57 +3013: /home/albert/busystack/busymark/test/src/visualization_models_test.dart: preserves dependency diagnostic source locations
14:57 +3014: /home/albert/busystack/busymark/test/src/visualization_models_test.dart: visualization cache keys canonicalizes options and dependency order
14:57 +3015: /home/albert/busystack/busymark/test/src/visualization_models_test.dart: visualization cache keys invalidates on engine, source, theme, profile, option, and dependency
14:57 +3016: /home/albert/busystack/busymark/test/src/visualization_models_test.dart: visualization cache keys invalidates entries produced by the previous render pipeline
14:57 +3017: /home/albert/busystack/busymark/test/src/visualization_models_test.dart: visualization disk cache round-trips SVG, raster, and structured OpenAPI successes
14:58 +3018: /home/albert/busystack/busymark/test/src/visualization_models_test.dart: visualization disk cache does not persist failures and repairs malformed entries
14:58 +3019: /home/albert/busystack/busymark/test/src/visualization_models_test.dart: visualization disk cache derives the XDG cache path without changing the environment
14:58 +3020: loading /home/albert/busystack/busymark/test/src/writerside_video_test.dart
14:59 +3020: /home/albert/busystack/busymark/test/src/writerside_video_test.dart: Writerside Markdown models video and preserves its exact source
14:59 +3021: /home/albert/busystack/busymark/test/src/writerside_video_test.dart: video remains blocked raw HTML outside Writerside Markdown
14:59 +3022: /home/albert/busystack/busymark/test/src/writerside_video_test.dart: multiline Writerside video attributes remain one semantic block
14:59 +3023: /home/albert/busystack/busymark/test/src/writerside_video_test.dart: video markup inside an ordinary code fence is not interpreted
14:59 +3024: /home/albert/busystack/busymark/test/src/writerside_video_test.dart: Writerside topic parser exposes video attributes
14:59 +3025: /home/albert/busystack/busymark/test/src/writerside_video_test.dart: Writerside .topic preview creates a first-class video block
14:59 +3026: /home/albert/busystack/busymark/test/src/writerside_video_test.dart: safe video resolver accepts documented hosts and local media
14:59 +3027: /home/albert/busystack/busymark/test/src/writerside_video_test.dart: Writerside module reports invalid and incomplete video sources
14:59 +3028: /home/albert/busystack/busymark/test/src/writerside_video_test.dart: local poster defaults to matching PNG and can be overridden
14:59 +3029: /home/albert/busystack/busymark/test/src/writerside_video_test.dart: hosted video posters resolve from trusted provider sources
14:59 +3030: /home/albert/busystack/busymark/test/src/writerside_video_test.dart: Vimeo poster metadata cannot point images to another host
14:59 +3031: /home/albert/busystack/busymark/test/src/writerside_video_test.dart: PDF export carries a first-class linked video poster
14:59 +3032: loading /home/albert/busystack/busymark/test/src/app_router_test.dart
15:03 +3032: /home/albert/busystack/busymark/test/src/app_router_test.dart: settings return targets are explicit and validated
15:03 +3033: /home/albert/busystack/busymark/test/src/app_router_test.dart: opening Settings preserves a validated Settings origin
15:03 +3034: /home/albert/busystack/busymark/test/src/app_router_test.dart: settings page routes are explicit and validated
15:03 +3035: /home/albert/busystack/busymark/test/src/app_router_test.dart: Settings opened from Welcome returns to Welcome with a stale workspace
15:06 +3036: /home/albert/busystack/busymark/test/src/app_router_test.dart: returning to Welcome does not restore the session again
15:07 +3037: loading /home/albert/busystack/busymark/test/src/writerside_resolution_regression_test.dart
15:07 +3037: /home/albert/busystack/busymark/test/src/writerside_resolution_regression_test.dart: mixed Markdown protects fenced code and CDATA while preserving spans
15:08 +3038: /home/albert/busystack/busymark/test/src/writerside_resolution_regression_test.dart: lazy defaults respect caller arguments and percent escaping
15:08 +3039: /home/albert/busystack/busymark/test/src/writerside_resolution_regression_test.dart: empty links use the target title for the selected instance
15:08 +3040: /home/albert/busystack/busymark/test/src/writerside_resolution_regression_test.dart: conditional chapter content and links follow the selected instance
15:08 +3041: /home/albert/busystack/busymark/test/src/writerside_resolution_regression_test.dart: malformed markup and unresolved reuse stay visible with diagnostics
15:08 +3042: /home/albert/busystack/busymark/test/src/writerside_resolution_regression_test.dart: Markdown IDs include whole chapters and retain mixed-content spans
15:08 +3043: /home/albert/busystack/busymark/test/src/writerside_resolution_regression_test.dart: conditional globals and include arguments override snippet defaults
15:08 +3044: /home/albert/busystack/busymark/test/src/writerside_resolution_regression_test.dart: links resolve labels, separate anchors and nullable availability
15:08 +3045: /home/albert/busystack/busymark/test/src/writerside_resolution_regression_test.dart: included code uses its source topic and unsaved source overrides
15:08 +3046: /home/albert/busystack/busymark/test/src/writerside_resolution_regression_test.dart: summaries stay metadata and starting pages suppress outside content
15:08 +3047: /home/albert/busystack/busymark/test/src/writerside_resolution_regression_test.dart: configured shortcuts, glossary and binary resources have visible references
15:08 +3048: /home/albert/busystack/busymark/test/src/writerside_resolution_regression_test.dart: line and symbol selectors reject invalid selections
15:08 +3049: loading /home/albert/busystack/busymark/test/src/nextcloud_secret_store_test.dart
15:09 +3049: /home/albert/busystack/busymark/test/src/nextcloud_secret_store_test.dart: reads exact app password in dedicated stable account namespace
15:09 +3050: /home/albert/busystack/busymark/test/src/nextcloud_secret_store_test.dart: writes and deletes only the selected account secret
15:09 +3051: /home/albert/busystack/busymark/test/src/nextcloud_secret_store_test.dart: rejects app passwords that cannot be stored as an exact C string
15:09 +3052: /home/albert/busystack/busymark/test/src/nextcloud_secret_store_test.dart: rejects caller-controlled keys and non-random UUIDs before native calls
15:09 +3053: /home/albert/busystack/busymark/test/src/nextcloud_secret_store_test.dart: unavailable keyring fails safely without plaintext fallback
15:09 +3054: loading /home/albert/busystack/busymark/test/src/status_semantics_test.dart
15:12 +3054: /home/albert/busystack/busymark/test/src/status_semantics_test.dart: status colors stay semantic across accents and brightness
15:13 +3055: /home/albert/busystack/busymark/test/src/status_semantics_test.dart: workspace messages use semantic status roles
15:13 +3056: /home/albert/busystack/busymark/test/src/status_semantics_test.dart: Git failures use window-level toasts
15:13 +3057: /home/albert/busystack/busymark/test/src/status_semantics_test.dart: successful Git operations use window-level toasts
15:13 +3058: loading /home/albert/busystack/busymark/test/src/workspace_service_test.dart
15:14 +3058: /home/albert/busystack/busymark/test/src/workspace_service_test.dart: opens a single Markdown file workspace
15:14 +3059: /home/albert/busystack/busymark/test/src/workspace_service_test.dart: resolves an unindexed sibling document within the workspace
15:14 +3060: /home/albert/busystack/busymark/test/src/workspace_service_test.dart: opens a Markdown file from a file URI path
15:14 +3061: /home/albert/busystack/busymark/test/src/workspace_service_test.dart: opens a generic Markdown folder workspace
15:15 +3062: /home/albert/busystack/busymark/test/src/workspace_service_test.dart: canonicalizes a workspace opened through a directory symlink
15:15 +3063: /home/albert/busystack/busymark/test/src/workspace_service_test.dart: rejects a workspace root replaced by a symlink after opening
15:15 +3064: /home/albert/busystack/busymark/test/src/workspace_service_test.dart: opens a Writerside module workspace
15:15 +3065: /home/albert/busystack/busymark/test/src/workspace_service_test.dart: untitled Markdown in Writerside reparses, previews, and outlines as CommonMark
15:15 +3066: /home/albert/busystack/busymark/test/src/workspace_service_test.dart: genuine Writerside Markdown topic keeps Writerside semantics
15:15 +3067: /home/albert/busystack/busymark/test/src/workspace_service_test.dart: creates and opens a Writerside starter project
15:15 +3068: /home/albert/busystack/busymark/test/src/workspace_service_test.dart: reparses and previews Writerside Markdown without generic link validation
15:15 +3069: /home/albert/busystack/busymark/test/src/workspace_service_test.dart: creates a Writerside Markdown topic and registers it in the TOC
15:16 +3070: /home/albert/busystack/busymark/test/src/workspace_service_test.dart: imports Markdown topics into the selected instance and opens the first
15:16 +3071: /home/albert/busystack/busymark/test/src/workspace_service_test.dart: Markdown import reloads stale UI inventory before planning
15:16 +3072: /home/albert/busystack/busymark/test/src/workspace_service_test.dart: topic creation revalidates module IDs after its candidate is written
15:16 +3073: /home/albert/busystack/busymark/test/src/workspace_service_test.dart: creates a topic in the explicitly selected instance and TOC node
15:16 +3074: /home/albert/busystack/busymark/test/src/workspace_service_test.dart: unparsed topic basename reserves its module-wide topic ID for creation
15:16 +3075: /home/albert/busystack/busymark/test/src/workspace_service_test.dart: topic under build reserves its module-wide ID for creation
15:16 +3076: /home/albert/busystack/busymark/test/src/workspace_service_test.dart: topic under a hidden directory reserves its module-wide ID for creation
15:16 +3077: /home/albert/busystack/busymark/test/src/workspace_service_test.dart: duplicate topic cannot reuse an unparsed topic basename
15:16 +3078: /home/albert/busystack/busymark/test/src/workspace_service_test.dart: template source cannot reuse an unparsed topic basename
15:16 +3079: /home/albert/busystack/busymark/test/src/workspace_service_test.dart: topic creation refuses incomplete topic discovery
15:16 +3080: /home/albert/busystack/busymark/test/src/workspace_service_test.dart: rejects topic creation when the configured instance tree is outside the module
15:16 +3081: /home/albert/busystack/busymark/test/src/workspace_service_test.dart: prepared topic rename is stale when a new module is discovered
15:16 +3082: /home/albert/busystack/busymark/test/src/workspace_service_test.dart: topic rename planning rejects incomplete project module discovery
15:16 +3083: /home/albert/busystack/busymark/test/src/workspace_service_test.dart: prepared topic rename rejects incomplete module discovery on apply
15:16 +3084: /home/albert/busystack/busymark/test/src/workspace_service_test.dart: project module discovery reports directory listing failure
15:16 +3085: /home/albert/busystack/busymark/test/src/workspace_service_test.dart: ordinary directory creation does not stale a prepared rename
15:16 +3086: /home/albert/busystack/busymark/test/src/workspace_service_test.dart: normalizes portal-style document paths as filesystem paths
15:16 +3087: /home/albert/busystack/busymark/test/src/workspace_service_test.dart: saveText writes content and returns the saved file snapshot
15:17 +3088: /home/albert/busystack/busymark/test/src/workspace_service_test.dart: file change detection ignores timestamp-only changes
15:17 +3089: /home/albert/busystack/busymark/test/src/workspace_service_test.dart: saveNewText writes a missing file and returns its snapshot
15:17 +3090: /home/albert/busystack/busymark/test/src/workspace_service_test.dart: saveNewText refuses an existing file without changing it
15:17 +3091: /home/albert/busystack/busymark/test/src/workspace_service_test.dart: saveNewText does not replace a file arriving before publication
15:17 +3092: /home/albert/busystack/busymark/test/src/workspace_service_test.dart: saveNewText does not write inside a directory arriving before publication
15:17 +3093: /home/albert/busystack/busymark/test/src/workspace_service_test.dart: saveTextReplacingPath replaces a final symlink without following it
15:17 +3094: /home/albert/busystack/busymark/test/src/workspace_service_test.dart: conditional replacement cannot overwrite a post-validation writer
15:17 +3095: /home/albert/busystack/busymark/test/src/workspace_service_test.dart: conditional replacement validates a displaced relative symlink
15:17 +3096: /home/albert/busystack/busymark/test/src/workspace_service_test.dart: conditional replacement detects a changed relative symlink target
15:17 +3097: /home/albert/busystack/busymark/test/src/workspace_service_test.dart: conditional replacement restores a post-validation directory
15:17 +3098: /home/albert/busystack/busymark/test/src/workspace_service_test.dart: conditional replacement restores a post-validation FIFO without reading
15:17 +3099: /home/albert/busystack/busymark/test/src/workspace_service_test.dart: saveText follows file symlinks and preserves target permissions
15:17 +3100: /home/albert/busystack/busymark/test/src/workspace_service_test.dart: createFile rejects a directory reached through an intermediate symlink
15:17 +3101: /home/albert/busystack/busymark/test/src/workspace_service_test.dart: renameEntity rejects a source reached through an intermediate symlink
15:17 +3102: /home/albert/busystack/busymark/test/src/workspace_service_test.dart: moveEntity rejects a target reached through an intermediate symlink
15:17 +3103: /home/albert/busystack/busymark/test/src/workspace_service_test.dart: deleteEntity rejects a directory reached through an intermediate symlink
15:17 +3104: /home/albert/busystack/busymark/test/src/workspace_service_test.dart: deleteEntity removes a final symlink without deleting its target
15:17 +3105: /home/albert/busystack/busymark/test/src/workspace_service_test.dart: generic deletion rejects topics and containing folders in a non-active module
15:17 +3106: /home/albert/busystack/busymark/test/src/workspace_service_test.dart: an unparsed topic cannot bypass generic deletion
15:17 +3107: /home/albert/busystack/busymark/test/src/workspace_service_test.dart: missing nested mutation paths keep domain-specific errors
15:17 +3108: /home/albert/busystack/busymark/test/src/workspace_service_test.dart: fileChangedSince treats deleted files as changed
15:17 +3109: /home/albert/busystack/busymark/test/src/workspace_service_test.dart: fileChangedSince detects content changes with unchanged modified time
15:17 +3110: /home/albert/busystack/busymark/test/src/workspace_service_test.dart: folder workspace lists all content except version-control metadata
15:17 +3111: /home/albert/busystack/busymark/test/src/workspace_service_test.dart: folder workspace lists unsupported legacy Markdown extensions
15:17 +3112: /home/albert/busystack/busymark/test/src/workspace_service_test.dart: limited folder scan prefers shallow siblings before deep subtree
15:17 +3113: /home/albert/busystack/busymark/test/src/workspace_service_test.dart: invalid UTF-8 Markdown does not fail the whole workspace
15:17 +3114: /home/albert/busystack/busymark/test/src/workspace_service_test.dart: large Markdown files are listed but not parsed automatically
15:17 +3115: /home/albert/busystack/busymark/test/src/workspace_service_test.dart: large Writerside topics are listed but not parsed automatically
15:17 +3116: /home/albert/busystack/busymark/test/src/workspace_service_test.dart: Writerside topic loading honors the document limit
15:17 +3117: loading /home/albert/busystack/busymark/test/src/ai_policy_test.dart
15:20 +3117: /home/albert/busystack/busymark/test/src/ai_policy_test.dart: AI editing is enabled only for Markdown document kinds
15:20 +3118: /home/albert/busystack/busymark/test/src/ai_policy_test.dart: Markdown preservation accepts a prose-only replacement in the complete document
15:20 +3119: /home/albert/busystack/busymark/test/src/ai_policy_test.dart: Markdown preservation rejects swapped URL associations even when the URL set is equal
15:20 +3120: /home/albert/busystack/busymark/test/src/ai_policy_test.dart: Markdown preservation full-document validation catches edits made inside protected syntax
15:20 +3121: /home/albert/busystack/busymark/test/src/ai_policy_test.dart: Markdown preservation protects front matter, references, footnotes, tables, HTML and IDs
15:20 +3122: /home/albert/busystack/busymark/test/src/ai_policy_test.dart: Markdown preservation protects list and heading structure
15:20 +3123: /home/albert/busystack/busymark/test/src/ai_policy_test.dart: Markdown preservation protects implicit heading identifiers from prose rewrites
15:20 +3124: /home/albert/busystack/busymark/test/src/ai_policy_test.dart: the prompt contains only the context explicitly selected by the user
15:20 +3125: /home/albert/busystack/busymark/test/src/ai_policy_test.dart: instructions and direct prompts have explicit token budgets
15:20 +3126: /home/albert/busystack/busymark/test/src/ai_policy_test.dart: token estimates are independent from UTF-8 transport bytes
15:20 +3127: /home/albert/busystack/busymark/test/src/ai_policy_test.dart: generated-output byte limits are independent from provider tokens
15:20 +3128: /home/albert/busystack/busymark/test/src/ai_policy_test.dart: user-selected Markdown target and context selection target and block context remain independent
15:20 +3129: /home/albert/busystack/busymark/test/src/ai_policy_test.dart: user-selected Markdown target and context insert-after-block target can send no document context
15:20 +3130: /home/albert/busystack/busymark/test/src/ai_policy_test.dart: user-selected Markdown target and context current block can use complete-document context
15:20 +3131: /home/albert/busystack/busymark/test/src/ai_policy_test.dart: user-selected Markdown target and context current section includes descendants but not its sibling
15:20 +3132: /home/albert/busystack/busymark/test/src/ai_policy_test.dart: user-selected Markdown target and context complete-document target is explicit
15:20 +3133: /home/albert/busystack/busymark/test/src/ai_policy_test.dart: user-selected Markdown target and context partial protected selections are rejected instead of expanded
15:20 +3134: /home/albert/busystack/busymark/test/src/ai_policy_test.dart: user-selected Markdown target and context validation and application use the exact block insertion
15:20 +3135: /home/albert/busystack/busymark/test/src/ai_policy_test.dart: commit proposals require a bounded subject and blank separator
15:20 +3136: loading /home/albert/busystack/busymark/test/src/linux_window_host_test.dart
15:22 +3136: /home/albert/busystack/busymark/test/src/linux_window_host_test.dart: dialogs cover application header actions while system Close uses the guarded service
15:23 +3137: /home/albert/busystack/busymark/test/src/linux_window_host_test.dart: icon uses its physical GTK side and contributes to the inset
unhandled element <filter/>; Picture key: Svg loader
15:23 +3138: /home/albert/busystack/busymark/test/src/linux_window_host_test.dart: fallback application menu is absent while titlebar menu still works
15:23 +3139: /home/albert/busystack/busymark/test/src/linux_window_host_test.dart: window-state stream survives unrelated host rebuilds
15:23 +3140: /home/albert/busystack/busymark/test/src/linux_window_host_test.dart: normal maximize decoration has matching behavior
15:23 +3141: /home/albert/busystack/busymark/test/src/linux_window_host_test.dart: maximized maximize decoration has matching behavior
15:24 +3142: /home/albert/busystack/busymark/test/src/linux_window_host_test.dart: fullscreen maximize decoration has matching behavior
15:24 +3143: /home/albert/busystack/busymark/test/src/linux_window_host_test.dart: fullscreen titlebar double-click still restores
15:24 +3144: /home/albert/busystack/busymark/test/src/linux_window_host_test.dart: the document title itself handles titlebar double-click
15:24 +3145: /home/albert/busystack/busymark/test/src/linux_window_host_test.dart: live GTK layout removal retains each decoration identity
15:24 +3146: /home/albert/busystack/busymark/test/src/linux_window_host_test.dart: reduced motion settles maximize and restore icons (GTK=false)
15:24 +3147: /home/albert/busystack/busymark/test/src/linux_window_host_test.dart: reduced motion settles maximize and restore icons (GTK=true)
15:24 +3148: /home/albert/busystack/busymark/test/src/linux_window_host_test.dart: GTK reduced motion settles window-control hover immediately
15:24 +3149: /home/albert/busystack/busymark/test/src/linux_window_host_test.dart: enabling reduced motion settles an in-flight window icon morph
15:24 +3150: /home/albert/busystack/busymark/test/src/linux_window_host_test.dart: enabled motion retains the normal active-window fade
15:24 +3151: /home/albert/busystack/busymark/test/src/linux_window_host_test.dart: Flutter reduced motion settles the host fade immediately
15:24 +3152: /home/albert/busystack/busymark/test/src/linux_window_host_test.dart: GTK animation policy reaches the actual host overlay
15:24 +3153: /home/albert/busystack/busymark/test/src/linux_window_host_test.dart: enabling reduced motion stops a fade and later fades can run
15:24 +3154: loading /home/albert/busystack/busymark/test/src/editor_ui_primitives_audit_test.dart
15:25 +3154: /home/albert/busystack/busymark/test/src/editor_ui_primitives_audit_test.dart: source editor overlays use shared semantic surfaces
15:25 +3155: /home/albert/busystack/busymark/test/src/editor_ui_primitives_audit_test.dart: WYSIWYG content actions and table menus use shared controls
15:25 +3156: /home/albert/busystack/busymark/test/src/editor_ui_primitives_audit_test.dart: problems dialog delegates its list surface to shared grouping
15:25 +3157: loading /home/albert/busystack/busymark/test/src/writerside_document_test.dart
15:26 +3157: /home/albert/busystack/busymark/test/src/writerside_document_test.dart: complex Markdown retains semantic XML spans (protected=false)
15:26 +3158: /home/albert/busystack/busymark/test/src/writerside_document_test.dart: complex Markdown retains semantic XML spans (protected=true)
15:26 +3159: /home/albert/busystack/busymark/test/src/writerside_document_test.dart: Writerside heading aliases prefer exact IDs and reject ambiguity
15:26 +3160: /home/albert/busystack/busymark/test/src/writerside_document_test.dart: malformed semantic XML is still reported after a scanner mismatch
15:26 +3161: /home/albert/busystack/busymark/test/src/writerside_document_test.dart: lossless XML nodes preserve exact duplicate ranges and generic markup
15:26 +3162: /home/albert/busystack/busymark/test/src/writerside_document_test.dart: Writerside Markdown round-trips native and generic markup
15:26 +3163: /home/albert/busystack/busymark/test/src/writerside_document_test.dart: modified semantic XML reconstructs equivalent escaped markup
15:26 +3164: /home/albert/busystack/busymark/test/src/writerside_document_test.dart: modified conformance topic retains qualified namespace names
15:26 +3165: /home/albert/busystack/busymark/test/src/writerside_document_test.dart: resolver applies includes, filters, groups, variables, and cycles
15:27 +3166: /home/albert/busystack/busymark/test/src/writerside_document_test.dart: resolver negates the complete instance list
15:27 +3167: /home/albert/busystack/busymark/test/src/writerside_document_test.dart: XML list type is inherited by every list item
15:27 +3168: /home/albert/busystack/busymark/test/src/writerside_document_test.dart: XML lists retain numeric ordinals and their container identity
15:27 +3169: /home/albert/busystack/busymark/test/src/writerside_document_test.dart: repeated list includes have distinct occurrence IDs and original source spans
15:27 +3170: /home/albert/busystack/busymark/test/src/writerside_document_test.dart: workspace exposes resolver errors with exact source spans
15:28 +3171: loading /home/albert/busystack/busymark/test/src/writerside_api_test.dart
15:29 +3171: /home/albert/busystack/busymark/test/src/writerside_api_test.dart: platform-backed API model remains on the host path and transfers complete semantics
15:29 +3172: /home/albert/busystack/busymark/test/src/writerside_api_test.dart: API tags select operations through the existing OpenAPI parser
15:29 +3173: /home/albert/busystack/busymark/test/src/writerside_api_test.dart: API child selectors inherit the specification and preserve sample overrides
15:29 +3174: /home/albert/busystack/busymark/test/src/writerside_api_test.dart: API schemas resolve references and honor nesting depth
15:29 +3175: /home/albert/busystack/busymark/test/src/writerside_api_test.dart: schema and webhook elements are visible
15:30 +3176: /home/albert/busystack/busymark/test/src/writerside_api_test.dart: invalid API selection has a visible fallback and source diagnostic
15:30 +3177: loading /home/albert/busystack/busymark/test/src/local_history_store_test.dart
15:30 +3177: /home/albert/busystack/busymark/test/src/local_history_store_test.dart: capture commit guard rejects stale policy (memory=false)
15:31 +3178: /home/albert/busystack/busymark/test/src/local_history_store_test.dart: capture commit guard rejects stale policy (memory=true)
15:32 +3179: /home/albert/busystack/busymark/test/src/local_history_store_test.dart: real process contention waits and captures without a warning
15:37 +3180: /home/albert/busystack/busymark/test/src/local_history_store_test.dart: lock timeout closes acquisition and queues recover without late capture
15:42 +3181: /home/albert/busystack/busymark/test/src/local_history_store_test.dart: non-contention acquisition failure is prompt and closes the handle
15:42 +3182: /home/albert/busystack/busymark/test/src/local_history_store_test.dart: body contention-shaped error never replays the transaction
15:42 +3183: /home/albert/busystack/busymark/test/src/local_history_store_test.dart: independent production writers preserve both identities and revisions
15:49 +3184: /home/albert/busystack/busymark/test/src/local_history_store_test.dart: identity-targeted reconciliation cannot mutate process replacements
15:54 +3185: /home/albert/busystack/busymark/test/src/local_history_store_test.dart: identity-targeted reconciliation rejects an intervening process checkpoint
15:58 +3186: /home/albert/busystack/busymark/test/src/local_history_store_test.dart: promotion repair rechecks the stale owner atomically (memory=false)
15:58 +3187: /home/albert/busystack/busymark/test/src/local_history_store_test.dart: promotion repair rechecks the stale owner atomically (memory=true)
15:58 +3188: /home/albert/busystack/busymark/test/src/local_history_store_test.dart: persists full revisions and stable document identity across restart
15:58 +3189: /home/albert/busystack/busymark/test/src/local_history_store_test.dart: persists untitled first-save promotion without a new revision
15:58 +3190: /home/albert/busystack/busymark/test/src/local_history_store_test.dart: untitled promotion refuses an already-owned destination path
15:58 +3191: /home/albert/busystack/busymark/test/src/local_history_store_test.dart: deleted paths never own promotion, lookup, or remap
15:58 +3192: /home/albert/busystack/busymark/test/src/local_history_store_test.dart: deduplicates only adjacent ordinary captures and preserves A-B-A
15:58 +3193: /home/albert/busystack/busymark/test/src/local_history_store_test.dart: forced protective capture preserves an identical revision
15:58 +3194: /home/albert/busystack/busymark/test/src/local_history_store_test.dart: stable capture identity makes a protective retry idempotent
15:58 +3195: /home/albert/busystack/busymark/test/src/local_history_store_test.dart: idempotent capture stays complete after its lineage advances
15:58 +3196: /home/albert/busystack/busymark/test/src/local_history_store_test.dart: promotion retry accepts the same lineage after a later move
15:58 +3197: /home/albert/busystack/busymark/test/src/local_history_store_test.dart: atomic path preflight accepts the same target already reconciled elsewhere
15:58 +3198: /home/albert/busystack/busymark/test/src/local_history_store_test.dart: clearing one identity does not poison another identity capture
15:59 +3199: /home/albert/busystack/busymark/test/src/local_history_store_test.dart: repairs a damaged index from intact independently checksummed records
15:59 +3200: /home/albert/busystack/busymark/test/src/local_history_store_test.dart: repair rejects a record associated with a different document
15:59 +3201: /home/albert/busystack/busymark/test/src/local_history_store_test.dart: does not resurrect explicitly cleared revisions during repair
15:59 +3202: /home/albert/busystack/busymark/test/src/local_history_store_test.dart: rejects an unknown future index format without rewriting it
15:59 +3203: /home/albert/busystack/busymark/test/src/local_history_store_test.dart: age retention uses the injected capture time deterministically
15:59 +3204: /home/albert/busystack/busymark/test/src/local_history_store_test.dart: age retention is enforced when an idle store is reopened
15:59 +3205: /home/albert/busystack/busymark/test/src/local_history_store_test.dart: rename, directory move, delete, and per-document clearing retain lineage
15:59 +3206: /home/albert/busystack/busymark/test/src/local_history_store_test.dart: ID-bound captures cannot implicitly move document paths
15:59 +3207: /home/albert/busystack/busymark/test/src/local_history_store_test.dart: serializes concurrent captures without losing index entries
15:59 +3208: /home/albert/busystack/busymark/test/src/local_history_store_test.dart: oversized capture cannot evict the previous revision
16:00 +3209: /home/albert/busystack/busymark/test/src/local_history_store_test.dart: different paths with the same basename keep separate identities
16:00 +3210: /home/albert/busystack/busymark/test/src/local_history_store_test.dart: an intentional empty revision after content is retained
16:00 +3211: /home/albert/busystack/busymark/test/src/local_history_store_test.dart: missing and corrupt revision records do not damage intact entries
16:00 +3212: /home/albert/busystack/busymark/test/src/local_history_store_test.dart: incomplete staging artifacts are never discovered as revisions
16:00 +3213: /home/albert/busystack/busymark/test/src/local_history_store_test.dart: global clear tombstones prevent repair resurrection
16:00 +3214: /home/albert/busystack/busymark/test/src/local_history_store_test.dart: durable Clear All replay cannot erase post-clear history
16:00 +3215: /home/albert/busystack/busymark/test/src/local_history_store_test.dart: durable Clear Document replay cannot erase replacement history
16:00 +3216: /home/albert/busystack/busymark/test/src/local_history_store_test.dart: clear barrier rejects accepted pathless work from its lineage (memory=false)
16:00 +3217: /home/albert/busystack/busymark/test/src/local_history_store_test.dart: clear barrier retains a deleted document path without a replacement (memory=false)
16:01 +3218: /home/albert/busystack/busymark/test/src/local_history_store_test.dart: clear barrier rejects accepted pathless work from its lineage (memory=true)
16:01 +3219: /home/albert/busystack/busymark/test/src/local_history_store_test.dart: clear barrier retains a deleted document path without a replacement (memory=true)
16:01 +3220: /home/albert/busystack/busymark/test/src/local_history_store_test.dart: stable capture replay resolves identity before path checks (memory=false)
16:01 +3221: /home/albert/busystack/busymark/test/src/local_history_store_test.dart: stable capture replay resolves identity before path checks (memory=true)
16:01 +3222: /home/albert/busystack/busymark/test/src/local_history_store_test.dart: file capture rolls back cancellation during revision publication
16:01 +3223: /home/albert/busystack/busymark/test/src/local_history_store_test.dart: file dedup capture rolls back cancellation during index publication
16:01 +3224: /home/albert/busystack/busymark/test/src/local_history_store_test.dart: multiple store instances coordinate concurrent index publication
16:01 +3225: /home/albert/busystack/busymark/test/src/local_history_store_test.dart: storage permission failures surface without touching document data
16:01 +3226: /home/albert/busystack/busymark/test/src/local_history_store_test.dart: path exclusions use injected Windows path semantics
16:01 +3227: loading /home/albert/busystack/busymark/test/src/web_render_host_test.dart
16:02 +3227: /home/albert/busystack/busymark/test/src/web_render_host_test.dart: sends explicit request IDs and decodes a typed map response
16:02 +3228: /home/albert/busystack/busymark/test/src/web_render_host_test.dart: sends a MathJax batch in one cancellable host request
16:02 +3229: /home/albert/busystack/busymark/test/src/web_render_host_test.dart: scales the MathJax timeout for sequential batch conversion
16:02 +3230: /home/albert/busystack/busymark/test/src/web_render_host_test.dart: applies the scaled timeout to a maximum accepted batch
16:02 +3231: /home/albert/busystack/busymark/test/src/web_render_host_test.dart: cancels the matching native request and rejects a late success
16:02 +3232: /home/albert/busystack/busymark/test/src/web_render_host_test.dart: times out and requests native cancellation
16:02 +3233: /home/albert/busystack/busymark/test/src/web_render_host_test.dart: rejects an invalid native response shape
16:02 +3234: /home/albert/busystack/busymark/test/src/web_render_host_test.dart: decodes OpenAPI references with source locations
16:02 +3235: /home/albert/busystack/busymark/test/src/web_render_host_test.dart: sends PNG bytes to the native image clipboard
16:02 +3236: loading /home/albert/busystack/busymark/test/src/document_persistence_test.dart
16:04 +3236: /home/albert/busystack/busymark/test/src/document_persistence_test.dart: file-backed edits update final-newline metadata
16:04 +3237: /home/albert/busystack/busymark/test/src/document_persistence_test.dart: session store keeps tab state and pending history identity without text
16:04 +3238: /home/albert/busystack/busymark/test/src/document_persistence_test.dart: session merge keys first-save promotions by durable operation owner
16:04 +3239: /home/albert/busystack/busymark/test/src/document_persistence_test.dart: recovery store distinguishes clean and unclean runs
16:05 +3240: /home/albert/busystack/busymark/test/src/document_persistence_test.dart: recovery keeps valid entries when another record is malformed
16:05 +3241: /home/albert/busystack/busymark/test/src/document_persistence_test.dart: recovery ownership keeps same buffer IDs isolated by process
16:05 +3242: /home/albert/busystack/busymark/test/src/document_persistence_test.dart: restored dead-owner recovery is adopted and can be retired
16:06 +3243: /home/albert/busystack/busymark/test/src/document_persistence_test.dart: recovery state is written with private POSIX permissions
16:06 +3244: loading /home/albert/busystack/busymark/test/src/source_intrinsic_width_test.dart
16:06 +3244: /home/albert/busystack/busymark/test/src/source_intrinsic_width_test.dart: intrinsic width remeasures only edited source lines
16:07 +3245: /home/albert/busystack/busymark/test/src/source_intrinsic_width_test.dart: large source width uses a bounded estimate
16:07 +3246: loading /home/albert/busystack/busymark/test/src/search_replace_service_test.dart
16:10 +3246: /home/albert/busystack/busymark/test/src/search_replace_service_test.dart: Unicode regex replacement preserves complete characters
16:10 +3247: /home/albert/busystack/busymark/test/src/search_replace_service_test.dart: zero-length replacement limitation survives worker transfer
16:11 +3248: /home/albert/busystack/busymark/test/src/search_replace_service_test.dart: workspace replacement limit at 4999 actual matches
16:11 +3249: /home/albert/busystack/busymark/test/src/search_replace_service_test.dart: workspace replacement limit at 5000 actual matches
16:11 +3250: /home/albert/busystack/busymark/test/src/search_replace_service_test.dart: workspace replacement limit at 5001 actual matches
16:11 +3251: /home/albert/busystack/busymark/test/src/search_replace_service_test.dart: workspace replacement cancels a running expensive regex
16:11 +3252: /home/albert/busystack/busymark/test/src/search_replace_service_test.dart: workspace scope includes closed Writerside documents and ignores unrelated open files
16:11 +3253: /home/albert/busystack/busymark/test/src/search_replace_service_test.dart: previews and applies plain whole-word replacements
16:11 +3254: /home/albert/busystack/busymark/test/src/search_replace_service_test.dart: text replacement previews enforce their match limit
16:11 +3255: /home/albert/busystack/busymark/test/src/search_replace_service_test.dart: replacement worker expands one accepted regex match
16:11 +3256: /home/albert/busystack/busymark/test/src/search_replace_service_test.dart: replacement worker cancels stale plans
16:11 +3257: /home/albert/busystack/busymark/test/src/search_replace_service_test.dart: expands numbered and named regex capture groups
16:11 +3258: /home/albert/busystack/busymark/test/src/search_replace_service_test.dart: applies only selected preview matches
16:11 +3259: /home/albert/busystack/busymark/test/src/search_replace_service_test.dart: workspace preview uses dirty buffers and writes closed files
16:11 +3260: /home/albert/busystack/busymark/test/src/search_replace_service_test.dart: workspace apply skips stale dirty buffers
16:11 +3261: /home/albert/busystack/busymark/test/src/search_replace_service_test.dart: truncated workspace previews cannot be applied
16:11 +3262: /home/albert/busystack/busymark/test/src/search_replace_service_test.dart: stale later files abort before earlier files are changed
16:11 +3263: /home/albert/busystack/busymark/test/src/search_replace_service_test.dart: rollback preserves a concurrent edit and reports displaced content
16:11 +3264: /home/albert/busystack/busymark/test/src/search_replace_service_test.dart: workspace apply revalidates open buffers after disk writes
16:11 +3265: loading /home/albert/busystack/busymark/test/src/export_options_editor_test.dart
16:15 +3265: /home/albert/busystack/busymark/test/src/export_options_editor_test.dart: Escape closes Export before a control receives focus
16:16 +3266: /home/albert/busystack/busymark/test/src/export_options_editor_test.dart: Export keeps breathing room below its final option
16:17 +3267: /home/albert/busystack/busymark/test/src/export_options_editor_test.dart: Markdown PDF loads confirmed settings and shares controls
16:18 +3268: /home/albert/busystack/busymark/test/src/export_options_editor_test.dart: Writerside PDF loads confirmed settings and shares controls
16:18 +3269: /home/albert/busystack/busymark/test/src/export_options_editor_test.dart: Markdown HTML loads confirmed settings and shares controls
16:18 +3270: /home/albert/busystack/busymark/test/src/export_options_editor_test.dart: Writerside HTML loads confirmed settings and shares controls
16:19 +3271: /home/albert/busystack/busymark/test/src/export_options_editor_test.dart: one Export modal switches between PDF and HTML
16:19 +3272: /home/albert/busystack/busymark/test/src/export_options_editor_test.dart: custom geometry controls, TOC enablement and invalid input at minimum size
16:19 +3273: /home/albert/busystack/busymark/test/src/export_options_editor_test.dart: cancelling settings does not confirm or persist edits
16:19 +3274: /home/albert/busystack/busymark/test/src/export_options_editor_test.dart: JSON settings store retains both format settings across controllers
16:20 +3275: loading /home/albert/busystack/busymark/test/src/writerside_toc_menu_test.dart
16:20 +3275: /home/albert/busystack/busymark/test/src/writerside_toc_menu_test.dart: existing-topic picker filters names and selects by keyboard
16:21 +3276: /home/albert/busystack/busymark/test/src/writerside_toc_menu_test.dart: picker returns the supplied topic identity for duplicate names
16:22 +3277: /home/albert/busystack/busymark/test/src/writerside_toc_menu_test.dart: Group keeps raw input and Enter-only acceptance
16:22 +3278: /home/albert/busystack/busymark/test/src/writerside_toc_menu_test.dart: rename preserves validation and Preview/Refactor results
16:22 +3279: /home/albert/busystack/busymark/test/src/writerside_toc_menu_test.dart: nested menus use the native host in TextDirection.rtl
16:22 +3280: /home/albert/busystack/busymark/test/src/writerside_toc_menu_test.dart: unavailable-host fallback supports keyboard and Escape in TextDirection.rtl
16:23 +3281: /home/albert/busystack/busymark/test/src/writerside_toc_menu_test.dart: nested menus use the native host in TextDirection.ltr
16:23 +3282: /home/albert/busystack/busymark/test/src/writerside_toc_menu_test.dart: unavailable-host fallback supports keyboard and Escape in TextDirection.ltr
16:23 +3283: loading /home/albert/busystack/busymark/test/src/native_writerside_dialog_source_test.dart
16:24 +3283: /home/albert/busystack/busymark/test/src/native_writerside_dialog_source_test.dart: Linux Writerside title and duplicate dialogs are GTK-owned
16:24 +3284: /home/albert/busystack/busymark/test/src/native_writerside_dialog_source_test.dart: GTK Writerside contents follow application direction, filenames stay LTR
16:25 +3285: loading /home/albert/busystack/busymark/test/src/wysiwyg_rtl_test.dart
16:26 +3285: /home/albert/busystack/busymark/test/src/wysiwyg_rtl_test.dart: raw HTML preserves inherited and overridden block directions
16:26 +3286: /home/albert/busystack/busymark/test/src/wysiwyg_rtl_test.dart: preview model retains HTML direction for code and quotes
16:26 +3287: /home/albert/busystack/busymark/test/src/wysiwyg_rtl_test.dart: rendered HTML honors rtl, ltr, and auto directions
16:27 +3288: /home/albert/busystack/busymark/test/src/wysiwyg_rtl_test.dart: nested WYSIWYG blocks indent from the RTL start edge
16:28 +3289: /home/albert/busystack/busymark/test/src/wysiwyg_rtl_test.dart: English prose stays LTR in a Persian RTL UI and navigates LTR
16:28 +3290: /home/albert/busystack/busymark/test/src/wysiwyg_rtl_test.dart: Arabic prose stays RTL in an English UI and navigates RTL
16:28 +3291: /home/albert/busystack/busymark/test/src/wysiwyg_rtl_test.dart: raw Writerside technical blocks stay LTR with Arabic content
16:28 +3292: /home/albert/busystack/busymark/test/src/wysiwyg_rtl_test.dart: rendered Arabic HTML without dir follows its content
16:28 +3293: /home/albert/busystack/busymark/test/src/wysiwyg_rtl_test.dart: WYSIWYG technical dialog inputs stay LTR in an RTL UI
16:30 +3294: /home/albert/busystack/busymark/test/src/wysiwyg_rtl_test.dart: RTL horizontal arrows cross paragraph boundaries visually
16:30 +3295: /home/albert/busystack/busymark/test/src/wysiwyg_rtl_test.dart: RTL Ctrl+Shift+Arrow extends word selection across paragraphs
16:30 +3296: /home/albert/busystack/busymark/test/src/wysiwyg_rtl_test.dart: code blocks stay LTR and use LTR boundary arrows in RTL UI
16:30 +3297: /home/albert/busystack/busymark/test/src/wysiwyg_rtl_test.dart: rendered HTML pre is LTR unless dir overrides it
16:31 +3298: /home/albert/busystack/busymark/test/src/wysiwyg_rtl_test.dart: RTL prefix hit testing maps the text start at the right edge
16:31 +3299: loading /home/albert/busystack/busymark/test/src/ai_edit_ui_test.dart
16:33 +3299: /home/albert/busystack/busymark/test/src/ai_edit_ui_test.dart: remote source AI proposal applies with logical identity
16:35 +3300: /home/albert/busystack/busymark/test/src/ai_edit_ui_test.dart: remote WYSIWYG AI proposal applies with logical identity
16:36 +3301: /home/albert/busystack/busymark/test/src/ai_edit_ui_test.dart: document-only AI snapshot opens a usable configuration
16:36 +3302: /home/albert/busystack/busymark/test/src/ai_edit_ui_test.dart: AI configuration uses native rows without duplicate choices
16:37 +3303: /home/albert/busystack/busymark/test/src/ai_edit_ui_test.dart: Refine with AI sends the explicitly selected model
16:37 +3304: /home/albert/busystack/busymark/test/src/ai_edit_ui_test.dart: AI proposal uses an explicitly selected provider
16:37 +3305: /home/albert/busystack/busymark/test/src/ai_edit_ui_test.dart: provider chooser exposes only configured providers
16:37 +3306: /home/albert/busystack/busymark/test/src/ai_edit_ui_test.dart: configured local provider remains available when Gemini is default
16:37 +3307: /home/albert/busystack/busymark/test/src/ai_edit_ui_test.dart: fixed AI target cannot widen a sidebar selection
16:37 +3308: /home/albert/busystack/busymark/test/src/ai_edit_ui_test.dart: proposal Apply refuses stale external source content
16:38 +3309: loading /home/albert/busystack/busymark/test/src/writerside_input_snapshot_test.dart
16:38 +3309: /home/albert/busystack/busymark/test/src/writerside_input_snapshot_test.dart: remaining observations partial prefix grows compatibly
16:38 +3310: /home/albert/busystack/busymark/test/src/writerside_input_snapshot_test.dart: remaining observations partial becomes complete and clears marker
16:38 +3311: /home/albert/busystack/busymark/test/src/writerside_input_snapshot_test.dart: remaining observations identical complete listings remain consistent
16:38 +3312: /home/albert/busystack/busymark/test/src/writerside_input_snapshot_test.dart: remaining observations incompatible repeated listing rejects
16:38 +3313: /home/albert/busystack/busymark/test/src/writerside_input_snapshot_test.dart: remaining observations known failed prefix recovers completely
16:38 +3314: /home/albert/busystack/busymark/test/src/writerside_input_snapshot_test.dart: remaining observations failure without a known prefix cannot prove recovery
16:38 +3315: /home/albert/busystack/busymark/test/src/writerside_input_snapshot_test.dart: remaining observations successful listing followed by failure rejects
16:38 +3316: /home/albert/busystack/busymark/test/src/writerside_input_snapshot_test.dart: remaining observations real entry replacement between complete reads rejects
16:38 +3317: /home/albert/busystack/busymark/test/src/writerside_input_snapshot_test.dart: remaining observations real entry removal between complete reads rejects
16:38 +3318: /home/albert/busystack/busymark/test/src/writerside_input_snapshot_test.dart: remaining observations shorter compatible scan keeps stronger proof
16:38 +3319: /home/albert/busystack/busymark/test/src/writerside_input_snapshot_test.dart: remaining observations complete proof survives compatible limited rescan
16:38 +3320: /home/albert/busystack/busymark/test/src/writerside_input_snapshot_test.dart: remaining observations partial rescan cannot erase a previous failure
16:38 +3321: /home/albert/busystack/busymark/test/src/writerside_input_snapshot_test.dart: remaining observations complete recovery must retain failed-prefix entries
16:38 +3322: /home/albert/busystack/busymark/test/src/writerside_input_snapshot_test.dart: remaining observations shorter failed retry retains its consumed prefix
16:38 +3323: loading /home/albert/busystack/busymark/test/src/asset_ingestion_service_test.dart
16:40 +3323: /home/albert/busystack/busymark/test/src/asset_ingestion_service_test.dart: ingests workspace images with safe names and portable paths
16:40 +3324: /home/albert/busystack/busymark/test/src/asset_ingestion_service_test.dart: reuses identical assets and resolves name collisions
16:40 +3325: /home/albert/busystack/busymark/test/src/asset_ingestion_service_test.dart: overlapping identical publications keep the committed owner
16:40 +3326: /home/albert/busystack/busymark/test/src/asset_ingestion_service_test.dart: overlapping different publications keep the committed owner
16:40 +3327: /home/albert/busystack/busymark/test/src/asset_ingestion_service_test.dart: separate processes protect identical pending publications with equal filenames
16:47 +3328: /home/albert/busystack/busymark/test/src/asset_ingestion_service_test.dart: separate processes protect different pending publications with equal filenames
16:53 +3329: /home/albert/busystack/busymark/test/src/asset_ingestion_service_test.dart: failed publication releases only its own filesystem reservation
16:56 +3330: /home/albert/busystack/busymark/test/src/asset_ingestion_service_test.dart: terminated provisional owner remains reserved across processes
16:59 +3331: /home/albert/busystack/busymark/test/src/asset_ingestion_service_test.dart: rollback cannot delete an asset after its publication is committed
16:59 +3332: /home/albert/busystack/busymark/test/src/asset_ingestion_service_test.dart: uses the configured Writerside images directory
16:59 +3333: /home/albert/busystack/busymark/test/src/asset_ingestion_service_test.dart: restores retained Writerside video bytes without widening image paste
16:59 +3334: /home/albert/busystack/busymark/test/src/asset_ingestion_service_test.dart: requires saving untitled documents and rejects non-images
16:59 +3335: loading /home/albert/busystack/busymark/test/src/ai_test.dart
17:02 +3335: /home/albert/busystack/busymark/test/src/ai_test.dart: local endpoint policy allows literal loopback and localhost origins
17:02 +3336: /home/albert/busystack/busymark/test/src/ai_test.dart: local endpoint policy rejects remote, credential-bearing, and path endpoints
17:02 +3337: /home/albert/busystack/busymark/test/src/ai_test.dart: prompt serializes untrusted document data as a JSON field
17:02 +3338: /home/albert/busystack/busymark/test/src/ai_test.dart: plain-text edit prompts never request Markdown
17:02 +3339: /home/albert/busystack/busymark/test/src/ai_test.dart: Markdown proposal guard accepts prose edits that retain protected Markdown
17:02 +3340: /home/albert/busystack/busymark/test/src/ai_test.dart: Markdown proposal guard rejects changed links and fenced code
17:02 +3341: /home/albert/busystack/busymark/test/src/ai_test.dart: Markdown proposal guard protects fences with longer valid closing markers
17:02 +3342: /home/albert/busystack/busymark/test/src/ai_test.dart: NDJSON decoder handles UTF-8 and JSON split across arbitrary byte chunks
17:02 +3343: /home/albert/busystack/busymark/test/src/ai_test.dart: NDJSON decoder rejects malformed records and oversized responses
17:02 +3344: /home/albert/busystack/busymark/test/src/ai_test.dart: Ollama provider lists models and streams chat content and usage
17:02 +3345: /home/albert/busystack/busymark/test/src/ai_test.dart: Ollama provider stops at completion and ignores trailing stream records
17:02 +3346: /home/albert/busystack/busymark/test/src/ai_test.dart: Ollama provider uses the documented low thinking level for GPT-OSS
17:02 +3347: /home/albert/busystack/busymark/test/src/ai_test.dart: Ollama provider bounds the model-list response while reading it
17:02 +3348: /home/albert/busystack/busymark/test/src/ai_test.dart: Ollama provider rejects redirects without following them
17:02 +3349: /home/albert/busystack/busymark/test/src/ai_test.dart: Ollama provider does not list or run Ollama cloud models
17:02 +3350: /home/albert/busystack/busymark/test/src/ai_test.dart: Ollama provider cancellation interrupts a silent response stream
17:02 +3351: /home/albert/busystack/busymark/test/src/ai_test.dart: coordinator cancels the older request for the same target
17:02 +3352: /home/albert/busystack/busymark/test/src/ai_test.dart: coordinator rejects a provider stream without completion
17:02 +3353: loading /home/albert/busystack/busymark/test/src/wysiwyg_structured_regression_test.dart
17:04 +3353: /home/albert/busystack/busymark/test/src/wysiwyg_structured_regression_test.dart: formatting a URL suffix retains the complete live link and round trips
17:04 +3354: /home/albert/busystack/busymark/test/src/wysiwyg_structured_regression_test.dart: Enter URL recognition preserves formatting, literal syntax, anchors, breaks and descendants
17:04 +3355: /home/albert/busystack/busymark/test/src/wysiwyg_structured_regression_test.dart: Enter recognition preserves formatting within a URL and does not enter math fields
17:04 +3356: /home/albert/busystack/busymark/test/src/wysiwyg_structured_regression_test.dart: text whitespace preservation metadata follows pasted whitespace
17:04 +3357: /home/albert/busystack/busymark/test/src/wysiwyg_structured_regression_test.dart: paste-only whitespace keeps list descendants exactly once
17:04 +3358: /home/albert/busystack/busymark/test/src/wysiwyg_structured_regression_test.dart: plain whitespace paste keeps list descendants through Undo and Redo
17:07 +3359: /home/albert/busystack/busymark/test/src/wysiwyg_structured_regression_test.dart: replacement scope distinguishes a heading field from its document block
17:07 +3360: /home/albert/busystack/busymark/test/src/wysiwyg_structured_regression_test.dart: complete blocks inserted in list content retain every descendant
17:07 +3361: /home/albert/busystack/busymark/test/src/wysiwyg_structured_regression_test.dart: generic block commands cannot convert tables or preserved raw blocks
17:07 +3362: /home/albert/busystack/busymark/test/src/wysiwyg_structured_regression_test.dart: nested list-to-blockquote conversion preserves parent text
17:07 +3363: /home/albert/busystack/busymark/test/src/wysiwyg_structured_regression_test.dart: every admonition style preserves nested list parent text
17:07 +3364: /home/albert/busystack/busymark/test/src/wysiwyg_structured_regression_test.dart: Backspace merge preserves the current list item descendants
17:07 +3365: /home/albert/busystack/busymark/test/src/wysiwyg_structured_regression_test.dart: Backspace merge preserves descendants of an empty list item
17:07 +3366: /home/albert/busystack/busymark/test/src/wysiwyg_structured_regression_test.dart: Backspace rejects a merge that cannot represent descendants
17:07 +3367: /home/albert/busystack/busymark/test/src/wysiwyg_structured_regression_test.dart: complete clipboard snapshots reconstruct a table transactionally
17:07 +3368: /home/albert/busystack/busymark/test/src/wysiwyg_structured_regression_test.dart: same-editor cut and paste preserves complete tables
17:07 +3369: /home/albert/busystack/busymark/test/src/wysiwyg_structured_regression_test.dart: table cell edits normalize every newline form before updating
17:07 +3370: /home/albert/busystack/busymark/test/src/wysiwyg_structured_regression_test.dart: table cell edits preserve block-marker prefixes as literal text
17:07 +3371: /home/albert/busystack/busymark/test/src/wysiwyg_structured_regression_test.dart: ordinary table cell edits preserve formatting and links
17:07 +3372: /home/albert/busystack/busymark/test/src/wysiwyg_structured_regression_test.dart: ordinary cell edits retain toolbar-applied formatting
17:07 +3373: /home/albert/busystack/busymark/test/src/wysiwyg_structured_regression_test.dart: structural edits preserve empty-alt inline images
17:07 +3374: /home/albert/busystack/busymark/test/src/wysiwyg_structured_regression_test.dart: structural edits preserve existing hard line breaks
17:07 +3375: /home/albert/busystack/busymark/test/src/wysiwyg_structured_regression_test.dart: editing preserves a literal bang before an inline link
17:07 +3376: /home/albert/busystack/busymark/test/src/wysiwyg_structured_regression_test.dart: editing escapes block syntax at the start of a list item
17:07 +3377: /home/albert/busystack/busymark/test/src/wysiwyg_structured_regression_test.dart: table field edits preserve rendered formatting and links
17:08 +3378: /home/albert/busystack/busymark/test/src/wysiwyg_structured_regression_test.dart: table fields reject multiline input and reconcile the model
17:08 +3379: /home/albert/busystack/busymark/test/src/wysiwyg_structured_regression_test.dart: table fields preserve block-marker-prefixed cell values
17:08 +3380: /home/albert/busystack/busymark/test/src/wysiwyg_structured_regression_test.dart: exact source ranges select repeated text and table cells
17:08 +3381: /home/albert/busystack/busymark/test/src/wysiwyg_structured_regression_test.dart: exact source navigation rebases spans after earlier edits
17:09 +3382: /home/albert/busystack/busymark/test/src/wysiwyg_structured_regression_test.dart: source navigation expands collapsed Writerside ancestors
17:09 +3383: /home/albert/busystack/busymark/test/src/wysiwyg_structured_regression_test.dart: outline navigation expands a collapsed heading ancestor
17:09 +3384: /home/albert/busystack/busymark/test/src/wysiwyg_structured_regression_test.dart: table cells own shortcuts, formatting, and restored selection
17:09 +3385: /home/albert/busystack/busymark/test/src/wysiwyg_structured_regression_test.dart: external undo groups continuous typing but not transactions
17:09 +3386: /home/albert/busystack/busymark/test/src/wysiwyg_structured_regression_test.dart: external history coalesces editor typing without local copies
17:09 +3387: /home/albert/busystack/busymark/test/src/wysiwyg_structured_regression_test.dart: undo controllers are disposed when blocks disappear
17:09 +3388: loading /home/albert/busystack/busymark/test/src/ai_cloud_provider_test.dart
17:11 +3388: /home/albert/busystack/busymark/test/src/ai_cloud_provider_test.dart: SSE decoder handles split UTF-8 frames and multiline data
17:11 +3389: /home/albert/busystack/busymark/test/src/ai_cloud_provider_test.dart: OpenAI Responses adapter is stateless and maps text and usage
17:11 +3390: /home/albert/busystack/busymark/test/src/ai_cloud_provider_test.dart: Gemini Interactions adapter uses stable v1 and text deltas only
17:11 +3391: /home/albert/busystack/busymark/test/src/ai_cloud_provider_test.dart: cloud provider never includes a secret in surfaced failures
17:11 +3392: /home/albert/busystack/busymark/test/src/ai_cloud_provider_test.dart: cloud provider rejects malformed usage records
17:11 +3393: /home/albert/busystack/busymark/test/src/ai_cloud_provider_test.dart: Gemini rejects an incomplete status update
17:11 +3394: /home/albert/busystack/busymark/test/src/ai_cloud_provider_test.dart: cloud provider rejects EOF without a typed completion event
17:12 +3395: loading /home/albert/busystack/busymark/test/src/modal_barrier_test.dart
17:15 +3395: /home/albert/busystack/busymark/test/src/modal_barrier_test.dart: Brightness.light modal barriers use the semantic shade role
17:16 +3396: /home/albert/busystack/busymark/test/src/modal_barrier_test.dart: Brightness.dark modal barriers use the semantic shade role
17:17 +3397: loading /home/albert/busystack/busymark/test/src/native_menu_service_test.dart
17:17 +3397: /home/albert/busystack/busymark/test/src/native_menu_service_test.dart: show serializes native menu presentation and returns its selection
17:17 +3398: /home/albert/busystack/busymark/test/src/native_menu_service_test.dart: dismiss is scoped to the native menu session
17:17 +3399: /home/albert/busystack/busymark/test/src/native_menu_service_test.dart: missing native host reports unavailable for a themed fallback
17:17 +3400: loading /home/albert/busystack/busymark/test/src/workspace_controller_test.dart
17:20 +3400: /home/albert/busystack/busymark/test/src/workspace_controller_test.dart: Writerside tab preparation loads once and current activation loads zero
17:21 +3401: /home/albert/busystack/busymark/test/src/workspace_controller_test.dart: configuration preview does not reparse in a derived loop and closing all buffers relinquishes overlays
17:21 +3402: /home/albert/busystack/busymark/test/src/workspace_controller_test.dart: closing all Writerside tabs completes override relinquishment
17:21 +3403: /home/albert/busystack/busymark/test/src/workspace_controller_test.dart: closed-tab reconciliation rejects obsolete disk models and keeps tabs closed
17:21 +3404: /home/albert/busystack/busymark/test/src/workspace_controller_test.dart: Writerside preparation rejects obsolete full input state: active
17:21 +3405: /home/albert/busystack/busymark/test/src/workspace_controller_test.dart: Writerside preparation rejects obsolete full input state: inactive
17:21 +3406: /home/albert/busystack/busymark/test/src/workspace_controller_test.dart: Writerside preparation rejects obsolete full input state: closure
17:21 +3407: /home/albert/busystack/busymark/test/src/workspace_controller_test.dart: Writerside preparation rejects obsolete full input state: workspace
17:21 +3408: /home/albert/busystack/busymark/test/src/workspace_controller_test.dart: Writerside preparation rejects obsolete full input state: external
17:22 +3409: /home/albert/busystack/busymark/test/src/workspace_controller_test.dart: Writerside preparation rejects obsolete full input state: disposal
17:22 +3410: /home/albert/busystack/busymark/test/src/workspace_controller_test.dart: rapid Writerside activation keeps derived work bounded and publishes the latest request
17:23 +3411: /home/albert/busystack/busymark/test/src/workspace_controller_test.dart: covered creation notifications are acknowledged, external same-size writes remain visible
17:23 +3412: /home/albert/busystack/busymark/test/src/workspace_controller_test.dart: a failed mutation cannot acknowledge its write notifications
17:24 +3413: /home/albert/busystack/busymark/test/src/workspace_controller_test.dart: quarantine and duplicate delayed deletion events acknowledge incorporated absence
17:25 +3414: /home/albert/busystack/busymark/test/src/workspace_controller_test.dart: an external same-size write during acknowledgement invalidates the consumed fingerprint
17:25 +3415: /home/albert/busystack/busymark/test/src/workspace_controller_test.dart: disposal during covered notification verification is safe: anchor
17:26 +3416: /home/albert/busystack/busymark/test/src/workspace_controller_test.dart: disposal during covered notification verification is safe: disk
17:26 +3417: /home/albert/busystack/busymark/test/src/workspace_controller_test.dart: covered TOC removal notifications require no subsequent module processing
17:27 +3418: /home/albert/busystack/busymark/test/src/workspace_controller_test.dart: remaining removal replacement accepts clean navigation return=false
17:27 +3419: /home/albert/busystack/busymark/test/src/workspace_controller_test.dart: remaining removal replacement accepts clean navigation return=true
17:27 +3420: /home/albert/busystack/busymark/test/src/workspace_controller_test.dart: remaining removal quarantine accepts clean navigation return=false
17:27 +3421: /home/albert/busystack/busymark/test/src/workspace_controller_test.dart: remaining removal quarantine accepts clean navigation return=true
17:27 +3422: /home/albert/busystack/busymark/test/src/workspace_controller_test.dart: remaining removal final deletion accepts clean navigation return=false
17:27 +3423: /home/albert/busystack/busymark/test/src/workspace_controller_test.dart: remaining removal final deletion accepts clean navigation return=true
17:28 +3424: /home/albert/busystack/busymark/test/src/workspace_controller_test.dart: remaining removal replacement rejects inactive edit after clean navigation
17:28 +3425: /home/albert/busystack/busymark/test/src/workspace_controller_test.dart: remaining removal replacement rejects reopen after clean navigation
17:28 +3426: /home/albert/busystack/busymark/test/src/workspace_controller_test.dart: remaining removal replacement rejects close all after clean navigation
17:28 +3427: /home/albert/busystack/busymark/test/src/workspace_controller_test.dart: remaining removal replacement rejects dispose after clean navigation
17:28 +3428: /home/albert/busystack/busymark/test/src/workspace_controller_test.dart: remaining removal replacement rejects disk input after clean navigation
17:28 +3429: /home/albert/busystack/busymark/test/src/workspace_controller_test.dart: remaining removal quarantine rejects inactive edit after clean navigation
17:29 +3430: /home/albert/busystack/busymark/test/src/workspace_controller_test.dart: remaining removal quarantine rejects reopen after clean navigation
17:29 +3431: /home/albert/busystack/busymark/test/src/workspace_controller_test.dart: remaining removal quarantine rejects close all after clean navigation
17:29 +3432: /home/albert/busystack/busymark/test/src/workspace_controller_test.dart: remaining removal quarantine rejects dispose after clean navigation
17:29 +3433: /home/albert/busystack/busymark/test/src/workspace_controller_test.dart: remaining removal quarantine rejects disk input after clean navigation
17:29 +3434: /home/albert/busystack/busymark/test/src/workspace_controller_test.dart: remaining removal final deletion rejects inactive edit after clean navigation
17:29 +3435: /home/albert/busystack/busymark/test/src/workspace_controller_test.dart: remaining removal final deletion rejects reopen after clean navigation
17:29 +3436: /home/albert/busystack/busymark/test/src/workspace_controller_test.dart: remaining removal final deletion rejects close all after clean navigation
17:30 +3437: /home/albert/busystack/busymark/test/src/workspace_controller_test.dart: remaining removal final deletion rejects dispose after clean navigation
17:30 +3438: /home/albert/busystack/busymark/test/src/workspace_controller_test.dart: remaining removal final deletion rejects disk input after clean navigation
17:30 +3439: /home/albert/busystack/busymark/test/src/workspace_controller_test.dart: remaining resource discovery presents stable limited inputs
17:30 +3440: /home/albert/busystack/busymark/test/src/workspace_controller_test.dart: correction removal replacement rejects edit during verification
17:30 +3441: /home/albert/busystack/busymark/test/src/workspace_controller_test.dart: correction removal replacement rejects inactive edit during verification
17:30 +3442: /home/albert/busystack/busymark/test/src/workspace_controller_test.dart: correction removal replacement rejects workspace replacement during verification
17:31 +3443: /home/albert/busystack/busymark/test/src/workspace_controller_test.dart: correction removal replacement rejects same-project reopening during verification
17:31 +3444: /home/albert/busystack/busymark/test/src/workspace_controller_test.dart: correction removal quarantine rejects edit during verification
17:31 +3445: /home/albert/busystack/busymark/test/src/workspace_controller_test.dart: correction removal quarantine rejects inactive edit during verification
17:31 +3446: /home/albert/busystack/busymark/test/src/workspace_controller_test.dart: correction removal quarantine rejects workspace replacement during verification
17:31 +3447: /home/albert/busystack/busymark/test/src/workspace_controller_test.dart: correction removal quarantine rejects same-project reopening during verification
17:31 +3448: /home/albert/busystack/busymark/test/src/workspace_controller_test.dart: correction removal final deletion rejects edit during verification
17:31 +3449: /home/albert/busystack/busymark/test/src/workspace_controller_test.dart: correction removal final deletion rejects inactive edit during verification
17:32 +3450: /home/albert/busystack/busymark/test/src/workspace_controller_test.dart: correction removal final deletion rejects workspace replacement during verification
17:32 +3451: /home/albert/busystack/busymark/test/src/workspace_controller_test.dart: correction removal final deletion rejects same-project reopening during verification
17:32 +3452: /home/albert/busystack/busymark/test/src/workspace_controller_test.dart: correction deletion reconciliation preserves a newer accepted edit disk before refresh inactive=false
17:32 +3453: /home/albert/busystack/busymark/test/src/workspace_controller_test.dart: correction deletion reconciliation preserves a newer accepted edit disk before refresh inactive=true
17:32 +3454: /home/albert/busystack/busymark/test/src/workspace_controller_test.dart: correction deletion reconciliation preserves a newer accepted edit preparation after disk scan inactive=false
17:32 +3455: /home/albert/busystack/busymark/test/src/workspace_controller_test.dart: correction deletion reconciliation preserves a newer accepted edit preparation after disk scan inactive=true
17:32 +3456: /home/albert/busystack/busymark/test/src/workspace_controller_test.dart: correction initial open recovers model/read mismatch automatic=false
17:33 +3457: /home/albert/busystack/busymark/test/src/workspace_controller_test.dart: correction initial open recovers model/read mismatch automatic=true
17:33 +3458: /home/albert/busystack/busymark/test/src/workspace_controller_test.dart: correction initial creation recovers model/read mismatch automatic=false
17:33 +3459: /home/albert/busystack/busymark/test/src/workspace_controller_test.dart: correction initial creation recovers model/read mismatch automatic=true
17:33 +3460: /home/albert/busystack/busymark/test/src/workspace_controller_test.dart: correction limited preparation rejects superseded inactive edit
17:33 +3461: /home/albert/busystack/busymark/test/src/workspace_controller_test.dart: correction limited preparation rejects superseded configuration write
17:33 +3462: /home/albert/busystack/busymark/test/src/workspace_controller_test.dart: correction discovery refresh keeps the live selected instance through reconciliation
17:33 +3463: /home/albert/busystack/busymark/test/src/workspace_controller_test.dart: correction incomplete tree traversal publishes readable edited content and settles limit=4
17:34 +3464: /home/albert/busystack/busymark/test/src/workspace_controller_test.dart: correction incomplete tree traversal publishes readable edited content and settles limit=2
17:34 +3465: /home/albert/busystack/busymark/test/src/workspace_controller_test.dart: Welcome creation cannot overwrite an edit made during history flush
17:35 +3466: /home/albert/busystack/busymark/test/src/workspace_controller_test.dart: starting a Welcome workspace cannot discard a dirty buffer
17:35 +3467: /home/albert/busystack/busymark/test/src/workspace_controller_test.dart: Welcome replaces clean buffers but workspace New remains additive
17:35 +3468: /home/albert/busystack/busymark/test/src/workspace_controller_test.dart: Safe Delete closes the topic buffer, selects a survivor, and records history
17:35 +3469: /home/albert/busystack/busymark/test/src/workspace_controller_test.dart: Safe Delete journal removes the deleted tab after refresh failure restart
17:35 +3470: /home/albert/busystack/busymark/test/src/workspace_controller_test.dart: TOC writes reject an inactive dirty tree without discarding either buffer
17:35 +3471: /home/albert/busystack/busymark/test/src/workspace_controller_test.dart: TOC creation defers its monitor events until the new document is open
17:36 +3472: /home/albert/busystack/busymark/test/src/workspace_controller_test.dart: Markdown topic import opens its first topic in an editable buffer
17:36 +3473: /home/albert/busystack/busymark/test/src/workspace_controller_test.dart: failed Markdown import preserves the active document and workspace
17:36 +3474: /home/albert/busystack/busymark/test/src/workspace_controller_test.dart: Validate publishes a valid table containing an escaped pipe
17:36 +3475: /home/albert/busystack/busymark/test/src/workspace_controller_test.dart: validation reports stale, busy and failed outcomes without publishing old results
17:36 +3476: /home/albert/busystack/busymark/test/src/workspace_controller_test.dart: validation preserves the latest runtime diagnostic change: clear=false
17:36 +3477: /home/albert/busystack/busymark/test/src/workspace_controller_test.dart: validation preserves the latest runtime diagnostic change: clear=true
17:36 +3478: /home/albert/busystack/busymark/test/src/workspace_controller_test.dart: math callbacks from an older editor revision cannot republish errors
17:36 +3479: /home/albert/busystack/busymark/test/src/workspace_controller_test.dart: Markdown validation uses the unsaved linked tab snapshot
17:36 +3480: /home/albert/busystack/busymark/test/src/workspace_controller_test.dart: discarding an inactive Writerside tab restores disk dependencies: savedAnchor=true
17:36 +3481: /home/albert/busystack/busymark/test/src/workspace_controller_test.dart: discarding an inactive Writerside tab restores disk dependencies: savedAnchor=false
17:36 +3482: /home/albert/busystack/busymark/test/src/workspace_controller_test.dart: Writerside rename stages verified edits across unsaved tabs with undo
17:36 +3483: /home/albert/busystack/busymark/test/src/workspace_controller_test.dart: records opened Markdown files by file path in recent workspaces
17:36 +3484: /home/albert/busystack/busymark/test/src/workspace_controller_test.dart: records opened folders by folder path in recent workspaces
17:36 +3485: /home/albert/busystack/busymark/test/src/workspace_controller_test.dart: workspace file operations refresh and preserve active moved files
17:36 +3486: /home/albert/busystack/busymark/test/src/workspace_controller_test.dart: creates an unsaved Markdown file without adding it to recent
17:36 +3487: /home/albert/busystack/busymark/test/src/workspace_controller_test.dart: creates CommonMark inside Writerside without replacing project or dirty topic
17:37 +3488: /home/albert/busystack/busymark/test/src/workspace_controller_test.dart: identical untitled buffers remain distinct by buffer id
17:37 +3489: /home/albert/busystack/busymark/test/src/workspace_controller_test.dart: delayed untitled preview cannot publish into another untitled tab
17:37 +3490: /home/albert/busystack/busymark/test/src/workspace_controller_test.dart: new Markdown files leave preview mode for editor mode
17:37 +3491: /home/albert/busystack/busymark/test/src/workspace_controller_test.dart: new Markdown files preserve non-preview view modes
17:37 +3492: /home/albert/busystack/busymark/test/src/workspace_controller_test.dart: discarding an untitled Markdown file clears the workspace
17:37 +3493: /home/albert/busystack/busymark/test/src/workspace_controller_test.dart: discarding a saved file reloads disk text and clears dirty state
17:37 +3494: /home/albert/busystack/busymark/test/src/workspace_controller_test.dart: creates a Writerside project and records it as recent
17:37 +3495: /home/albert/busystack/busymark/test/src/workspace_controller_test.dart: creates a Writerside topic and opens it without changing recents
17:37 +3496: /home/albert/busystack/busymark/test/src/workspace_controller_test.dart: topic TOC actions refresh the workspace and preserve file state
17:37 +3497: /home/albert/busystack/busymark/test/src/workspace_controller_test.dart: reviewed topic rename is rejected after a project buffer becomes dirty
17:37 +3498: /home/albert/busystack/busymark/test/src/workspace_controller_test.dart: save as writes a new Markdown file and records it as recent
17:37 +3499: /home/albert/busystack/busymark/test/src/workspace_controller_test.dart: saving untitled Markdown in Writerside keeps ordinary files CommonMark
17:38 +3500: /home/albert/busystack/busymark/test/src/workspace_controller_test.dart: Writerside refresh preserves saved Markdown outside the workspace root
17:38 +3501: /home/albert/busystack/busymark/test/src/workspace_controller_test.dart: saving untitled Markdown into discovered topics reclassifies it
17:38 +3502: /home/albert/busystack/busymark/test/src/workspace_controller_test.dart: saving multiple untitled documents creates normal file buffers
17:38 +3503: /home/albert/busystack/busymark/test/src/workspace_controller_test.dart: save as refuses an existing file unless overwrite is explicit
17:38 +3504: /home/albert/busystack/busymark/test/src/workspace_controller_test.dart: save as explicit overwrite replaces the final symlink only
17:38 +3505: /home/albert/busystack/busymark/test/src/workspace_controller_test.dart: save as preserves source edits for an untitled Markdown file
17:38 +3506: /home/albert/busystack/busymark/test/src/workspace_controller_test.dart: save as preserves edits made while writing the file
17:38 +3507: /home/albert/busystack/busymark/test/src/workspace_controller_test.dart: save as completes against its buffer after switching tabs
17:38 +3508: /home/albert/busystack/busymark/test/src/workspace_controller_test.dart: save as preserves edits made while reopening the file
17:38 +3509: /home/albert/busystack/busymark/test/src/workspace_controller_test.dart: switching active files reparses outline for the new file
17:38 +3510: /home/albert/busystack/busymark/test/src/workspace_controller_test.dart: stale validation after save and tab switch does not restore previous file
17:38 +3511: /home/albert/busystack/busymark/test/src/workspace_controller_test.dart: validation completing after save preserves the saved snapshot
17:38 +3512: /home/albert/busystack/busymark/test/src/workspace_controller_test.dart: Source defers preview work until a preview mode is visible
17:38 +3513: /home/albert/busystack/busymark/test/src/workspace_controller_test.dart: Source-only validation still runs when validate-on-edit is enabled
17:38 +3514: /home/albert/busystack/busymark/test/src/workspace_controller_test.dart: stale text update from previous file cannot dirty active tab
17:38 +3515: /home/albert/busystack/busymark/test/src/workspace_controller_test.dart: folder workspaces track open file tabs without duplicates
17:38 +3516: /home/albert/busystack/busymark/test/src/workspace_controller_test.dart: Save All writes every dirty file-backed buffer
17:38 +3517: /home/albert/busystack/busymark/test/src/workspace_controller_test.dart: Save All can be scoped without saving unrelated dirty buffers
17:38 +3518: /home/albert/busystack/busymark/test/src/workspace_controller_test.dart: selected dirty buffers can be discarded without changing tabs
17:38 +3519: /home/albert/busystack/busymark/test/src/workspace_controller_test.dart: closing active file tabs selects a neighboring tab
17:39 +3520: /home/albert/busystack/busymark/test/src/workspace_controller_test.dart: activating sibling file tabs wraps around the open tabs
17:39 +3521: /home/albert/busystack/busymark/test/src/workspace_controller_test.dart: closing all file tabs clears the active editor state
17:39 +3522: /home/albert/busystack/busymark/test/src/workspace_controller_test.dart: closing all tabs aborts when a document changes during history flush
17:39 +3523: /home/albert/busystack/busymark/test/src/workspace_controller_test.dart: closing all tabs cannot clear workspace state replaced during flush
17:39 +3524: /home/albert/busystack/busymark/test/src/workspace_controller_test.dart: failed open clears stale workspace state
17:39 +3525: /home/albert/busystack/busymark/test/src/workspace_controller_test.dart: math renderer failures become source-linked runtime diagnostics
17:39 +3526: /home/albert/busystack/busymark/test/src/workspace_controller_test.dart: validate on edit setting controls live diagnostics only
17:39 +3527: /home/albert/busystack/busymark/test/src/workspace_controller_test.dart: auto save waits for an idle delay before writing
17:41 +3528: /home/albert/busystack/busymark/test/src/workspace_controller_test.dart: Undo and Redo reschedule autosave after the prior save settled
17:45 +3529: /home/albert/busystack/busymark/test/src/workspace_controller_test.dart: inactive document updates schedule autosave without changing tabs
17:47 +3530: /home/albert/busystack/busymark/test/src/workspace_controller_test.dart: failed workspace refresh restores eligible autosave scheduling
17:48 +3531: /home/albert/busystack/busymark/test/src/workspace_controller_test.dart: disabled autosave stays disabled after a failed refresh
17:50 +3532: /home/albert/busystack/busymark/test/src/workspace_controller_test.dart: auto save remains scheduled independently for inactive tabs
17:51 +3533: /home/albert/busystack/busymark/test/src/workspace_controller_test.dart: auto save preserves dirty state when edits happen during save
17:51 +3534: /home/albert/busystack/busymark/test/src/workspace_controller_test.dart: overlapping manual save writes the newer requested revision
17:51 +3535: /home/albert/busystack/busymark/test/src/workspace_controller_test.dart: manual save completes against its buffer after switching tabs
17:51 +3536: /home/albert/busystack/busymark/test/src/workspace_controller_test.dart: closing a buffer waits for its in-flight autosave
17:51 +3537: /home/albert/busystack/busymark/test/src/workspace_controller_test.dart: discard aborts when the document changes during protective history capture
17:51 +3538: /home/albert/busystack/busymark/test/src/workspace_controller_test.dart: discard waits for its buffer in-flight autosave
17:51 +3539: /home/albert/busystack/busymark/test/src/workspace_controller_test.dart: manual save waits for an in-flight autosave of the same buffer
17:51 +3540: /home/albert/busystack/busymark/test/src/workspace_controller_test.dart: Save All waits for an in-flight autosave of the same buffer
17:51 +3541: /home/albert/busystack/busymark/test/src/workspace_controller_test.dart: Save As waits for an in-flight autosave of the same buffer
17:51 +3542: /home/albert/busystack/busymark/test/src/workspace_controller_test.dart: clean shutdown waits for in-flight document writes
17:51 +3543: /home/albert/busystack/busymark/test/src/workspace_controller_test.dart: pending history from a closed clean tab prevents a clean shutdown marker
17:51 +3544: /home/albert/busystack/busymark/test/src/workspace_controller_test.dart: save refuses to overwrite external file changes without force
17:52 +3545: /home/albert/busystack/busymark/test/src/workspace_controller_test.dart: save treats a deleted active file as an external conflict
17:52 +3546: /home/albert/busystack/busymark/test/src/workspace_controller_test.dart: save detects external rewrites with unchanged modified time
17:52 +3547: /home/albert/busystack/busymark/test/src/workspace_controller_test.dart: saving preserves a manually removed final newline
17:52 +3548: /home/albert/busystack/busymark/test/src/workspace_controller_test.dart: WYSIWYG list edits preserve a missing final newline
17:52 +3549: /home/albert/busystack/busymark/test/src/workspace_controller_test.dart: spelling correction undo and redo restore source and rich selections
17:52 +3550: /home/albert/busystack/busymark/test/src/workspace_controller_test.dart: Keep Mine retains the conflict snapshot until explicit overwrite
17:52 +3551: /home/albert/busystack/busymark/test/src/workspace_controller_test.dart: monitor refresh waits for an active foreground refresh
17:52 +3552: /home/albert/busystack/busymark/test/src/workspace_controller_test.dart: workspace refresh preserves an active edit and editor history made during reparse
17:52 +3553: /home/albert/busystack/busymark/test/src/workspace_controller_test.dart: tab activation reconciles edits accepted while its reparse is pending
17:52 +3554: /home/albert/busystack/busymark/test/src/workspace_controller_test.dart: opening a new tab preserves live edits and editor history in the visible document
17:52 +3555: /home/albert/busystack/busymark/test/src/workspace_controller_test.dart: closing the active tab aborts if it changes during next-tab activation
17:52 +3556: /home/albert/busystack/busymark/test/src/workspace_controller_test.dart: aborted discard close preserves dirty state after an editor-only change
17:52 +3557: /home/albert/busystack/busymark/test/src/workspace_controller_test.dart: discard close autosave disposition: aborted
17:52 +3558: /home/albert/busystack/busymark/test/src/workspace_controller_test.dart: discard close autosave disposition: closed
17:52 +3559: /home/albert/busystack/busymark/test/src/workspace_controller_test.dart: discard close autosave disposition: disabled
17:52 +3560: /home/albert/busystack/busymark/test/src/workspace_controller_test.dart: discard close autosave disposition: shutdown
17:52 +3561: /home/albert/busystack/busymark/test/src/workspace_controller_test.dart: discard close autosave disposition: replaced
17:52 +3562: /home/albert/busystack/busymark/test/src/workspace_controller_test.dart: tab activation does not resurrect another tab closed while waiting
17:52 +3563: /home/albert/busystack/busymark/test/src/workspace_controller_test.dart: workspace refresh preserves inactive edits and does not resurrect a closed tab
17:53 +3564: /home/albert/busystack/busymark/test/src/workspace_controller_test.dart: workspace refresh rejects a disk load superseded by typing
17:54 +3565: /home/albert/busystack/busymark/test/src/workspace_controller_test.dart: external file moves remap the open document buffer
17:54 +3566: /home/albert/busystack/busymark/test/src/workspace_controller_test.dart: monitors saved standalone tabs outside the workspace root
17:54 +3567: /home/albert/busystack/busymark/test/src/workspace_controller_test.dart: standalone refresh preserves saved tabs in different directories
17:54 +3568: /home/albert/busystack/busymark/test/src/workspace_controller_test.dart: startup leaves a clean session closed unless reopening is enabled
17:54 +3569: /home/albert/busystack/busymark/test/src/workspace_controller_test.dart: startup restores an interrupted session without an opt-in
17:54 +3570: /home/albert/busystack/busymark/test/src/workspace_controller_test.dart: restored sessions retain tabs whose files are missing
17:54 +3571: /home/albert/busystack/busymark/test/src/workspace_controller_test.dart: restored standalone sessions retain a missing document
17:54 +3572: /home/albert/busystack/busymark/test/src/workspace_controller_test.dart: mixed untitled and saved session restores as a standalone workspace
17:54 +3573: /home/albert/busystack/busymark/test/src/workspace_controller_test.dart: Writerside session restores recovered untitled CommonMark active
17:54 +3574: /home/albert/busystack/busymark/test/src/workspace_controller_test.dart: Writerside session restores recovered untitled CommonMark inactive
17:54 +3575: /home/albert/busystack/busymark/test/src/workspace_controller_test.dart: clean marker cannot hide remaining recovery entries
17:54 +3576: /home/albert/busystack/busymark/test/src/workspace_controller_test.dart: recovery text remains restorable when the later session save fails
17:54 +3577: /home/albert/busystack/busymark/test/src/workspace_controller_test.dart: single-document session uses no workspace path after saved tabs close
17:54 +3578: loading /home/albert/busystack/busymark/test/src/markdown_source_map_test.dart
17:55 +3578: /home/albert/busystack/busymark/test/src/markdown_source_map_test.dart: mapped image-description text follows Markdown image alt semantics
17:55 +3579: /home/albert/busystack/busymark/test/src/markdown_source_map_test.dart: annotated parsing has ordinary semantics across supported corpus
17:55 +3580: /home/albert/busystack/busymark/test/src/markdown_source_map_test.dart: image ranges identify only resolved source occurrences
17:55 +3581: /home/albert/busystack/busymark/test/src/markdown_source_map_test.dart: positioned label breaks retain raw endings and container prefixes
17:55 +3582: /home/albert/busystack/busymark/test/src/markdown_source_map_test.dart: mapped link and image titles retain exact raw boundaries
17:55 +3583: /home/albert/busystack/busymark/test/src/markdown_source_map_test.dart: destination-only links and images have no mapped title
17:55 +3584: /home/albert/busystack/busymark/test/src/markdown_source_map_test.dart: position records do not change HTML or link semantics
17:55 +3585: /home/albert/busystack/busymark/test/src/markdown_source_map_test.dart: selection endpoints crossing HTML retain one semantic fragment
17:55 +3586: /home/albert/busystack/busymark/test/src/markdown_source_map_test.dart: supported HTML whitespace positions have complete position records
17:55 +3587: /home/albert/busystack/busymark/test/src/markdown_source_map_test.dart: only operation-local markers are ignored
17:55 +3588: /home/albert/busystack/busymark/test/src/markdown_source_map_test.dart: delimiter-only positions are explicitly incomplete
17:55 +3589: /home/albert/busystack/busymark/test/src/markdown_source_map_test.dart: syntax-boundary probes retain the ordinary semantic oracle
17:55 +3590: /home/albert/busystack/busymark/test/src/markdown_source_map_test.dart: deterministic inline combinations preserve annotated semantics
17:55 +3591: /home/albert/busystack/busymark/test/src/markdown_source_map_test.dart: standalone HTML break ownership uses one indexed lookup per break
17:55 +3592: /home/albert/busystack/busymark/test/src/markdown_source_map_test.dart: AST source boundary lookahead is linear and maps the final link
17:56 +3593: /home/albert/busystack/busymark/test/src/markdown_source_map_test.dart: fallback mapping is bounded for entities repetitions and code spans
17:56 +3594: /home/albert/busystack/busymark/test/src/markdown_source_map_test.dart: tag-looking attribute text does not claim break layout
17:56 +3595: loading /home/albert/busystack/busymark/test/src/wysiwyg_session_test.dart
17:57 +3595: /home/albert/busystack/busymark/test/src/wysiwyg_session_test.dart: restores WYSIWYG selection from document session state
17:58 +3596: /home/albert/busystack/busymark/test/src/wysiwyg_session_test.dart: reports the old document session before switching tabs
17:58 +3597: /home/albert/busystack/busymark/test/src/wysiwyg_session_test.dart: defers session provider updates until document rebuild ends
17:58 +3598: /home/albert/busystack/busymark/test/src/wysiwyg_session_test.dart: workspace mode delegates WYSIWYG undo to buffer history
17:58 +3599: loading /home/albert/busystack/busymark/test/src/writerside_identity_test.dart
17:59 +3599: /home/albert/busystack/busymark/test/src/writerside_identity_test.dart: anchor identity includes topic and all instances participate in usages
17:59 +3600: /home/albert/busystack/busymark/test/src/writerside_identity_test.dart: conditional globals and snippet variables have distinct scopes
18:00 +3601: /home/albert/busystack/busymark/test/src/writerside_identity_test.dart: completion filters context and target identity before limiting
18:00 +3602: /home/albert/busystack/busymark/test/src/writerside_identity_test.dart: validation uses relationships, typed values and current configuration syntax
18:00 +3603: loading /home/albert/busystack/busymark/test/src/html_export_ui_test.dart
18:01 +3603: /home/albert/busystack/busymark/test/src/html_export_ui_test.dart: one Export command retains Ctrl+Shift+E
18:01 +3604: /home/albert/busystack/busymark/test/src/html_export_ui_test.dart: Flutter Main menu exposes document export
18:02 +3605: /home/albert/busystack/busymark/test/src/html_export_ui_test.dart: untitled active text stays captured while destination picker is open
18:04 +3606: /home/albert/busystack/busymark/test/src/html_export_ui_test.dart: Writerside HTML follows Cancel handling before instance selection
18:04 +3607: /home/albert/busystack/busymark/test/src/html_export_ui_test.dart: Writerside HTML follows Discard handling before instance selection
18:05 +3608: /home/albert/busystack/busymark/test/src/html_export_ui_test.dart: Writerside HTML follows Save handling before instance selection
18:06 +3609: loading /home/albert/busystack/busymark/test/src/nextcloud_document_model_test.dart
18:07 +3609: /home/albert/busystack/busymark/test/src/nextcloud_document_model_test.dart: remote identity is independent of paths, title and publication
18:07 +3610: /home/albert/busystack/busymark/test/src/nextcloud_document_model_test.dart: remote context stays Markdown and has no disk root or disk path
18:07 +3611: /home/albert/busystack/busymark/test/src/nextcloud_document_model_test.dart: session v2 stores remote identity and editor state without content
18:07 +3612: /home/albert/busystack/busymark/test/src/nextcloud_document_model_test.dart: remote history binds reopened and renamed notes to one logical document
18:07 +3613: loading /home/albert/busystack/busymark/test/src/markdown_export_mapper_test.dart
18:12 +3613: /home/albert/busystack/busymark/test/src/markdown_export_mapper_test.dart: Writerside numeric list starts and container boundaries reach PDF
18:12 +3614: /home/albert/busystack/busymark/test/src/markdown_export_mapper_test.dart: list items and visualization replacements retain source anchors
18:12 +3615: /home/albert/busystack/busymark/test/src/markdown_export_mapper_test.dart: maps Markdown semantics into renderer-neutral export blocks
18:12 +3616: /home/albert/busystack/busymark/test/src/markdown_export_mapper_test.dart: omits reference definitions while preserving their resolved links
18:12 +3617: /home/albert/busystack/busymark/test/src/markdown_export_mapper_test.dart: Typst payload contains data but never raw local image paths
18:12 +3618: loading /home/albert/busystack/busymark/test/src/visualization_markdown_integration_test.dart
18:13 +3618: /home/albert/busystack/busymark/test/src/visualization_markdown_integration_test.dart: basic fixture uses a renderable OpenAPI fence
18:13 +3619: /home/albert/busystack/busymark/test/src/visualization_markdown_integration_test.dart: visualizer fences remain generic code and round-trip byte-for-byte
18:13 +3620: /home/albert/busystack/busymark/test/src/visualization_markdown_integration_test.dart: dedicated visualizer rules highlight comments, keys, and keywords
18:13 +3621: loading /home/albert/busystack/busymark/test/src/workspace_monitor_endpoints_test.dart
18:16 +3621: /home/albert/busystack/busymark/test/src/workspace_monitor_endpoints_test.dart: temporary-to-real move retains publication: /tmp/.guide.tree.busymark-topic-create-10-100-0
18:16 +3622: /home/albert/busystack/busymark/test/src/workspace_monitor_endpoints_test.dart: real-to-temporary move retains deletion: /tmp/.guide.tree.busymark-topic-create-10-100-0
18:16 +3623: /home/albert/busystack/busymark/test/src/workspace_monitor_endpoints_test.dart: temporary-to-real move retains publication: /tmp/.guide.tree.busymark-safe-delete-10-100-0
18:16 +3624: /home/albert/busystack/busymark/test/src/workspace_monitor_endpoints_test.dart: real-to-temporary move retains deletion: /tmp/.guide.tree.busymark-safe-delete-10-100-0
18:16 +3625: /home/albert/busystack/busymark/test/src/workspace_monitor_endpoints_test.dart: temporary-to-real move retains publication: /tmp/.topic.md.busymark-safe-delete-quarantine-10-100-0
18:16 +3626: /home/albert/busystack/busymark/test/src/workspace_monitor_endpoints_test.dart: real-to-temporary move retains deletion: /tmp/.topic.md.busymark-safe-delete-quarantine-10-100-0
18:16 +3627: /home/albert/busystack/busymark/test/src/workspace_monitor_endpoints_test.dart: external moves, missing destinations and authored hidden names stay visible
18:16 +3628: loading /home/albert/busystack/busymark/test/src/html_rich_export_test.dart
18:18 +3628: /home/albert/busystack/busymark/test/src/html_rich_export_test.dart: rendered mermaid retains a linked Writerside block ID
18:20 +3629: /home/albert/busystack/busymark/test/src/html_rich_export_test.dart: rendered openapi retains a linked Writerside block ID
18:20 +3630: /home/albert/busystack/busymark/test/src/html_rich_export_test.dart: HTML uses unique occurrence jobs, standalone math and diagram/static API engines
18:20 +3631: /home/albert/busystack/busymark/test/src/html_rich_export_test.dart: custom HTML metrics and embedded rich assets stay self-contained
18:20 +3632: /home/albert/busystack/busymark/test/src/html_rich_export_test.dart: all diagram dependencies are captured before rendering begins
18:20 +3633: /home/albert/busystack/busymark/test/src/html_rich_export_test.dart: cancelling an active render retains existing output and removes staging
18:20 +3634: /home/albert/busystack/busymark/test/src/html_rich_export_test.dart: render timeout is bounded and cancellation interrupts a pending job
18:20 +3635: loading /home/albert/busystack/busymark/test/src/writerside_html_reference_scanner_test.dart
18:21 +3635: /home/albert/busystack/busymark/test/src/writerside_html_reference_scanner_test.dart: finds exact href and body spans for every supported quote form
18:21 +3636: /home/albert/busystack/busymark/test/src/writerside_html_reference_scanner_test.dart: ignores comments, fenced code, and inline code but keeps containers
18:21 +3637: /home/albert/busystack/busymark/test/src/writerside_html_reference_scanner_test.dart: multiline anchors are exact and malformed anchors remain manual
18:21 +3638: All tests passed!
