00:00 +0: loading /home/albert/busystack/busymark/test/src/nextcloud_media_export_test.dart
00:00 +0: /home/albert/busystack/busymark/test/src/nextcloud_media_export_test.dart: remote authored absolute and file image paths never enter local resolver
00:00 +1: /home/albert/busystack/busymark/test/src/nextcloud_media_export_test.dart: managed attachment renderer resolves through provider
00:00 +2: /home/albert/busystack/busymark/test/src/nextcloud_media_export_test.dart: provider publication accepts a remote note with no file path and rolls back through provider
00:00 +3: /home/albert/busystack/busymark/test/src/nextcloud_media_export_test.dart: HTML and PDF remote assets cannot read authored machine files
00:00 +4: /home/albert/busystack/busymark/test/src/nextcloud_media_export_test.dart: Markdown local copy owns portable attachments and preserves code and ordinary text
00:00 +5: /home/albert/busystack/busymark/test/src/nextcloud_media_export_test.dart: Markdown export rewrites exact prefix-sharing destinations
00:00 +6: /home/albert/busystack/busymark/test/src/nextcloud_media_export_test.dart: generic attachment links are escaped and exported as portable HTML downloads
00:01 +7: /home/albert/busystack/busymark/test/src/nextcloud_media_export_test.dart: unavailable published attachment cannot silently export a broken copy
00:01 +8: /home/albert/busystack/busymark/test/src/nextcloud_media_export_test.dart: unavailable pending attachment cannot produce a broken local copy
00:01 +9: loading /home/albert/busystack/busymark/test/src/writerside_toc_editor_test.dart
00:01 +9: /home/albert/busystack/busymark/test/src/writerside_toc_editor_test.dart: moves a complete subtree as the last child of an exact node
00:02 +10: /home/albert/busystack/busymark/test/src/writerside_toc_editor_test.dart: moves a nested entry after a root sibling
00:02 +11: /home/albert/busystack/busymark/test/src/writerside_toc_editor_test.dart: moves a nested entry to the end of the TOC root
00:02 +12: /home/albert/busystack/busymark/test/src/writerside_toc_editor_test.dart: rejects moving an entry relative to itself without writing
00:02 +13: /home/albert/busystack/busymark/test/src/writerside_toc_editor_test.dart: rejects moving an entry into its descendant without writing
00:02 +14: /home/albert/busystack/busymark/test/src/writerside_toc_editor_test.dart: requires a destination for child and sibling placement
00:02 +15: /home/albert/busystack/busymark/test/src/writerside_toc_editor_test.dart: rejects invalid structural paths without writing
00:02 +16: /home/albert/busystack/busymark/test/src/writerside_toc_editor_test.dart: rejects stale paths whose expected TOC identities moved
00:02 +17: /home/albert/busystack/busymark/test/src/writerside_toc_editor_test.dart: removes a root entry and promotes its children in place
00:02 +18: /home/albert/busystack/busymark/test/src/writerside_toc_editor_test.dart: removes a nested entry and promotes its child before its sibling
00:02 +19: /home/albert/busystack/busymark/test/src/writerside_toc_editor_test.dart: removes multiple entries atomically against one tree snapshot
00:02 +20: /home/albert/busystack/busymark/test/src/writerside_toc_editor_test.dart: batch removal handles a selected descendant and ancestor
00:02 +21: /home/albert/busystack/busymark/test/src/writerside_toc_editor_test.dart: moves multiple subtrees as an ordered group
00:02 +22: /home/albert/busystack/busymark/test/src/writerside_toc_editor_test.dart: rejects a tree outside the guarded module root
00:02 +23: /home/albert/busystack/busymark/test/src/writerside_toc_editor_test.dart: rejects a symlinked tree without mutating its target
00:02 +24: /home/albert/busystack/busymark/test/src/writerside_toc_editor_test.dart: does not overwrite a tree changed before atomic publication
00:02 +25: /home/albert/busystack/busymark/test/src/writerside_toc_editor_test.dart: atomic replacement preserves the tree POSIX mode
00:02 +26: loading /home/albert/busystack/busymark/test/src/busymark_dialogs_test.dart
00:05 +26: /home/albert/busystack/busymark/test/src/busymark_dialogs_test.dart: modal dialogs stop app and editor shortcuts
00:06 +27: /home/albert/busystack/busymark/test/src/busymark_dialogs_test.dart: Escape closes a modal without an initially focused control
00:06 +28: /home/albert/busystack/busymark/test/src/busymark_dialogs_test.dart: modal fallback does not steal a child autofocus request
00:06 +29: /home/albert/busystack/busymark/test/src/busymark_dialogs_test.dart: overlapping dialogs synchronize native modal depth
00:06 +30: /home/albert/busystack/busymark/test/src/busymark_dialogs_test.dart: serializes rapid manual native barrier transitions
00:06 +31: /home/albert/busystack/busymark/test/src/busymark_dialogs_test.dart: failed native barrier acquisition rolls back and can retry
00:06 +32: /home/albert/busystack/busymark/test/src/busymark_dialogs_test.dart: modal coordinator resolves the service from ProviderScope
00:06 +33: /home/albert/busystack/busymark/test/src/busymark_dialogs_test.dart: open modal barrier follows live theme changes
00:06 +34: loading /home/albert/busystack/busymark/test/src/writerside_topic_removal_service_test.dart
00:10 +34: /home/albert/busystack/busymark/test/src/writerside_topic_removal_service_test.dart: analysis finds every tree, topic link, include, and start page
00:11 +35: /home/albert/busystack/busymark/test/src/writerside_topic_removal_service_test.dart: remove promotes children, updates usages, adds redirect, and keeps file
00:11 +36: /home/albert/busystack/busymark/test/src/writerside_topic_removal_service_test.dart: safe delete updates all usages and removes every TOC occurrence
00:11 +37: /home/albert/busystack/busymark/test/src/writerside_topic_removal_service_test.dart: redirect to a promoted child is written to the promoted copy
00:11 +38: /home/albert/busystack/busymark/test/src/writerside_topic_removal_service_test.dart: malformed XML topics make usage analysis fail closed
00:11 +39: /home/albert/busystack/busymark/test/src/writerside_topic_removal_service_test.dart: file-size-skipped topics make removal fail closed
00:11 +40: /home/albert/busystack/busymark/test/src/writerside_topic_removal_service_test.dart: document-count-skipped topics make removal fail closed
00:12 +41: /home/albert/busystack/busymark/test/src/writerside_topic_removal_service_test.dart: unreadable topic contents make removal fail closed
00:12 +42: /home/albert/busystack/busymark/test/src/writerside_topic_removal_service_test.dart: topic-root traversal truncation makes removal fail closed
00:12 +43: /home/albert/busystack/busymark/test/src/writerside_topic_removal_service_test.dart: incomplete project-module discovery makes removal fail closed
00:12 +44: /home/albert/busystack/busymark/test/src/writerside_topic_removal_service_test.dart: tree directory enumeration failure makes removal fail closed
00:12 +45: /home/albert/busystack/busymark/test/src/writerside_topic_removal_service_test.dart: single-quoted includes without element-id are found and removed
00:12 +46: /home/albert/busystack/busymark/test/src/writerside_topic_removal_service_test.dart: variable-expanded links are analyzed and the variables file is stale-checked
00:12 +47: /home/albert/busystack/busymark/test/src/writerside_topic_removal_service_test.dart: Safe Delete finds and unlinks authored HTML anchors without literal false positives
00:12 +48: /home/albert/busystack/busymark/test/src/writerside_topic_removal_service_test.dart: malformed authored HTML anchors are manual Safe Delete blockers
00:12 +49: /home/albert/busystack/busymark/test/src/writerside_topic_removal_service_test.dart: authored HTML variable hrefs are expanded and ambiguity blocks
00:12 +50: /home/albert/busystack/busymark/test/src/writerside_topic_removal_service_test.dart: authored HTML relevance follows its conditioned Markdown chapter
00:12 +51: /home/albert/busystack/busymark/test/src/writerside_topic_removal_service_test.dart: automatic HTML unlinking permits project-wide orphan status
00:13 +52: /home/albert/busystack/busymark/test/src/writerside_topic_removal_service_test.dart: a surviving authored HTML link suppresses orphan status
00:13 +53: /home/albert/busystack/busymark/test/src/writerside_topic_removal_service_test.dart: ambiguous references block deletion without changing any file
00:13 +54: /home/albert/busystack/busymark/test/src/writerside_topic_removal_service_test.dart: old web file names follow Writerside normalization and exact overrides
00:13 +55: /home/albert/busystack/busymark/test/src/writerside_topic_removal_service_test.dart: existing redirect rules block conflicting redirects
00:13 +56: /home/albert/busystack/busymark/test/src/writerside_topic_removal_service_test.dart: redirect preserves direct and rule-based accepted aliases
00:13 +57: /home/albert/busystack/busymark/test/src/writerside_topic_removal_service_test.dart: a transferred redirect alias collision fails before writes
00:13 +58: /home/albert/busystack/busymark/test/src/writerside_topic_removal_service_test.dart: redirect sources use each host instance web filename
00:13 +59: /home/albert/busystack/busymark/test/src/writerside_topic_removal_service_test.dart: remaining start-page and cross-instance usages prevent orphan status
00:13 +60: /home/albert/busystack/busymark/test/src/writerside_topic_removal_service_test.dart: remove-from-instance relevance respects document conditions
00:13 +61: /home/albert/busystack/busymark/test/src/writerside_topic_removal_service_test.dart: start-page and stale analyses fail closed without deleting the topic
00:13 +62: /home/albert/busystack/busymark/test/src/writerside_topic_removal_service_test.dart: generic Files deletion cannot bypass Writerside Safe Delete
00:13 +63: /home/albert/busystack/busymark/test/src/writerside_topic_removal_service_test.dart: project analysis finds origin links, includes, cards, and ref TOC nodes
00:13 +64: /home/albert/busystack/busymark/test/src/writerside_topic_removal_service_test.dart: authored Markdown HTML anchors resolve origin project-wide
00:14 +65: /home/albert/busystack/busymark/test/src/writerside_topic_removal_service_test.dart: safe delete updates automatic cross-module origin usages
00:14 +66: /home/albert/busystack/busymark/test/src/writerside_topic_removal_service_test.dart: selected ref node uses removal workflow and promotes its children
00:14 +67: /home/albert/busystack/busymark/test/src/writerside_topic_removal_service_test.dart: semantic tree scan includes hidden/build trees and excludes VCS metadata
00:14 +68: /home/albert/busystack/busymark/test/src/writerside_topic_removal_service_test.dart: a new module after analysis makes the reviewed plan stale
00:14 +69: /home/albert/busystack/busymark/test/src/writerside_topic_removal_service_test.dart: cross-module failure rolls back BusyMark edits without overwriting a concurrent edit
00:14 +70: loading /home/albert/busystack/busymark/test/src/wysiwyg_math_test.dart
00:16 +70: /home/albert/busystack/busymark/test/src/wysiwyg_math_test.dart: math source paste preserves incoming nested blocks and returns its caret
00:16 +71: /home/albert/busystack/busymark/test/src/wysiwyg_math_test.dart: inline math insertion preserves structural block kinds
00:16 +72: /home/albert/busystack/busymark/test/src/wysiwyg_math_test.dart: removing final formula leaves normal editing mode
00:16 +73: /home/albert/busystack/busymark/test/src/wysiwyg_math_test.dart: math source edits preserve nested list children
00:16 +74: /home/albert/busystack/busymark/test/src/wysiwyg_math_test.dart: descendant math does not put a plain list parent in source mode
00:16 +75: /home/albert/busystack/busymark/test/src/wysiwyg_math_test.dart: first inline math insertion preserves unaffected inline AST
00:16 +76: /home/albert/busystack/busymark/test/src/wysiwyg_math_test.dart: math edits retain explicit heading IDs
00:16 +77: /home/albert/busystack/busymark/test/src/wysiwyg_math_test.dart: first math insertion recalculates a generated heading ID
00:16 +78: /home/albert/busystack/busymark/test/src/wysiwyg_math_test.dart: inline math insertion always emits reparsable source
00:16 +79: /home/albert/busystack/busymark/test/src/wysiwyg_math_test.dart: additional inline math uses the same reparsable insertion policy
00:16 +80: /home/albert/busystack/busymark/test/src/wysiwyg_math_test.dart: inline math insertion rejects multiline selections without mutation
00:16 +81: /home/albert/busystack/busymark/test/src/wysiwyg_math_test.dart: inline math insertion preserves zero-width semantic inlines
00:16 +82: /home/albert/busystack/busymark/test/src/wysiwyg_math_test.dart: table-cell source editing retains and removes semantic math
00:16 +83: /home/albert/busystack/busymark/test/src/wysiwyg_math_test.dart: math source edits cannot discard additional Markdown blocks
00:16 +84: /home/albert/busystack/busymark/test/src/wysiwyg_math_test.dart: math source editing preserves escaped literal dollars
00:16 +85: /home/albert/busystack/busymark/test/src/wysiwyg_math_test.dart: inline math insertion preserves the intended inline position
00:16 +86: /home/albert/busystack/busymark/test/src/wysiwyg_math_test.dart: math field source boundaries map to semantic text boundaries
00:16 +87: /home/albert/busystack/busymark/test/src/wysiwyg_math_test.dart: source-mode math insertion preserves the intended inline position
00:16 +88: /home/albert/busystack/busymark/test/src/wysiwyg_math_test.dart: WYSIWYG renders math, edits exact source, and reparses without corruption
00:18 +89: /home/albert/busystack/busymark/test/src/wysiwyg_math_test.dart: WYSIWYG toolbar inserts inline and display math source
00:18 +90: /home/albert/busystack/busymark/test/src/wysiwyg_math_test.dart: inline math toolbar preserves existing inline structure
00:18 +91: /home/albert/busystack/busymark/test/src/wysiwyg_math_test.dart: rendered and focused math list items keep one marker
00:18 +92: /home/albert/busystack/busymark/test/src/wysiwyg_math_test.dart: table math renders unfocused and edits delimiter source
00:18 +93: /home/albert/busystack/busymark/test/src/wysiwyg_math_test.dart: plain table cell treats typed Markdown as rich text
00:19 +94: loading /home/albert/busystack/busymark/test/src/writerside_responsiveness_test.dart
00:21 +94: /home/albert/busystack/busymark/test/src/writerside_responsiveness_test.dart: correction discovery refresh preserves a valid second instance
00:21 +95: /home/albert/busystack/busymark/test/src/writerside_responsiveness_test.dart: correction discovery selection fallback: selected instance removed
00:21 +96: /home/albert/busystack/busymark/test/src/writerside_responsiveness_test.dart: correction discovery selection fallback: intentional selection
00:21 +97: /home/albert/busystack/busymark/test/src/writerside_responsiveness_test.dart: correction discovery selection fallback: another module
00:21 +98: /home/albert/busystack/busymark/test/src/writerside_responsiveness_test.dart: correction incomplete observations are presentation only and reject changed reads
00:21 +99: /home/albert/busystack/busymark/test/src/writerside_responsiveness_test.dart: correction limited inventory retains raw counts for excluded Git entries
00:21 +100: /home/albert/busystack/busymark/test/src/writerside_responsiveness_test.dart: rejected source size remains an input to freshness checking
00:21 +101: /home/albert/busystack/busymark/test/src/writerside_responsiveness_test.dart: bounded topic rejection detects recovery on the real worker
00:21 +102: /home/albert/busystack/busymark/test/src/writerside_responsiveness_test.dart: oversized buffer overrides retain their consumed-input hash
00:21 +103: /home/albert/busystack/busymark/test/src/writerside_responsiveness_test.dart: unreadable sources keep error diagnostics and invalidate on recovery
00:21 +104: /home/albert/busystack/busymark/test/src/writerside_responsiveness_test.dart: real execution transfers results and propagates worker failures
00:22 +105: /home/albert/busystack/busymark/test/src/writerside_responsiveness_test.dart: worker preserves full parsed and resolved models: basic_project
00:22 +106: /home/albert/busystack/busymark/test/src/writerside_responsiveness_test.dart: worker preserves full parsed and resolved models: conformance_project
00:22 +107: /home/albert/busystack/busymark/test/src/writerside_responsiveness_test.dart: worker preserves full parsed and resolved models: markdown_export_compatibility
00:22 +108: /home/albert/busystack/busymark/test/src/writerside_responsiveness_test.dart: worker preserves failure and safety diagnostics: malformed XML
00:22 +109: /home/albert/busystack/busymark/test/src/writerside_responsiveness_test.dart: worker preserves failure and safety diagnostics: missing configured root
00:22 +110: /home/albert/busystack/busymark/test/src/writerside_responsiveness_test.dart: worker preserves failure and safety diagnostics: unsafe include
00:22 +111: /home/albert/busystack/busymark/test/src/writerside_responsiveness_test.dart: worker preserves failure and safety diagnostics: scan limit
00:22 +112: /home/albert/busystack/busymark/test/src/writerside_responsiveness_test.dart: preparation consumes complete overlays once, then selects with zero loads
00:22 +113: /home/albert/busystack/busymark/test/src/writerside_responsiveness_test.dart: reuse checks equal-size disk dependencies and added inputs
00:22 +114: /home/albert/busystack/busymark/test/src/writerside_responsiveness_test.dart: planned path exclusions cannot hide a new colon-named dependency
00:22 +115: /home/albert/busystack/busymark/test/src/writerside_responsiveness_test.dart: configuration overlay rediscovery retains symbols and diagnostics
00:22 +116: /home/albert/busystack/busymark/test/src/writerside_responsiveness_test.dart: creation returns its typed publication result without reopening
00:22 +117: /home/albert/busystack/busymark/test/src/writerside_responsiveness_test.dart: removal application shares one ownership-checked fresh project
00:22 +118: /home/albert/busystack/busymark/test/src/writerside_responsiveness_test.dart: supplied removal model rejects changed input before fingerprint collection
00:22 +119: /home/albert/busystack/busymark/test/src/writerside_responsiveness_test.dart: supplied removal model rejects added input before fingerprint collection
00:22 +120: /home/albert/busystack/busymark/test/src/writerside_responsiveness_test.dart: supplied removal model rejects removed input before fingerprint collection
00:23 +121: /home/albert/busystack/busymark/test/src/writerside_responsiveness_test.dart: supplied removal model rejects tree input before fingerprint collection
00:23 +122: /home/albert/busystack/busymark/test/src/writerside_responsiveness_test.dart: supplied removal model rejects configuration input before fingerprint collection
00:23 +123: /home/albert/busystack/busymark/test/src/writerside_responsiveness_test.dart: removal rejects disk dependency after fingerprint verification and before commit
00:23 +124: /home/albert/busystack/busymark/test/src/writerside_responsiveness_test.dart: removal rejects dirty affected buffer after fingerprint verification and before commit
00:23 +125: /home/albert/busystack/busymark/test/src/writerside_responsiveness_test.dart: analysis is never reused across confirmation
00:23 +126: loading /home/albert/busystack/busymark/test/src/local_history_controller_test.dart
00:26 +126: /home/albert/busystack/busymark/test/src/local_history_controller_test.dart: failed opened baseline retries its original source without an edit
00:26 +127: /home/albert/busystack/busymark/test/src/local_history_controller_test.dart: baseline before edit preserves original and coalesces latest edit
00:26 +128: /home/albert/busystack/busymark/test/src/local_history_controller_test.dart: closed failures keep ownership and stale settlement cannot drop newer work
00:26 +129: /home/albert/busystack/busymark/test/src/local_history_controller_test.dart: committed protective capture survives refresh failure without recapture
00:26 +130: /home/albert/busystack/busymark/test/src/local_history_controller_test.dart: protective authorization is invalidated while committed refresh awaits
00:26 +131: /home/albert/busystack/busymark/test/src/local_history_controller_test.dart: disable cancels an in-flight baseline at the store boundary
00:26 +132: /home/albert/busystack/busymark/test/src/local_history_controller_test.dart: exclude cancels an in-flight baseline at the store boundary
00:26 +133: /home/albert/busystack/busymark/test/src/local_history_controller_test.dart: committed promotion stays associated when refresh fails
00:26 +134: /home/albert/busystack/busymark/test/src/local_history_controller_test.dart: committed Save As binds destination even when list refresh fails
00:26 +135: /home/albert/busystack/busymark/test/src/local_history_controller_test.dart: settling one buffer resumes retries accepted by another buffer
00:26 +136: /home/albert/busystack/busymark/test/src/local_history_controller_test.dart: clear document cancels its failed unbound baseline
00:26 +137: /home/albert/busystack/busymark/test/src/local_history_controller_test.dart: Save As retains failed original baseline through recovery (first=true)
00:26 +138: /home/albert/busystack/busymark/test/src/local_history_controller_test.dart: Save As retains failed original baseline through recovery (first=false)
00:26 +139: /home/albert/busystack/busymark/test/src/local_history_controller_test.dart: Save As keeps retained source protection with a source identity established during settlement (existing=false)
00:26 +140: /home/albert/busystack/busymark/test/src/local_history_controller_test.dart: Save As keeps retained source protection with a source identity established during settlement (existing=true)
00:26 +141: /home/albert/busystack/busymark/test/src/local_history_controller_test.dart: Save As retains a source identity established before later settlement fails
00:26 +142: /home/albert/busystack/busymark/test/src/local_history_controller_test.dart: Save As refreshes a staged destination after its concurrent checkpoint
00:26 +143: /home/albert/busystack/busymark/test/src/local_history_controller_test.dart: abandoned and superseded moves retain the newest committed association
00:26 +144: /home/albert/busystack/busymark/test/src/local_history_controller_test.dart: queued edits share one retained baseline retry owner
00:26 +145: /home/albert/busystack/busymark/test/src/local_history_controller_test.dart: independent failures, permanent baselines and policy cancellation remain isolated
00:27 +146: /home/albert/busystack/busymark/test/src/local_history_controller_test.dart: cancelled failed baselines cannot be restored by delayed callbacks
00:27 +147: /home/albert/busystack/busymark/test/src/local_history_controller_test.dart: continuous typing captures latest text at fixed checkpoint interval
00:27 +148: /home/albert/busystack/busymark/test/src/local_history_controller_test.dart: inactive buffers receive independent checkpoint timers
00:27 +149: /home/albert/busystack/busymark/test/src/local_history_controller_test.dart: first checkpoint attaches an empty untitled browsing scope and publishes it
00:27 +150: /home/albert/busystack/busymark/test/src/local_history_controller_test.dart: file store checkpoint persists across reopen and clear stays authoritative
00:29 +151: /home/albert/busystack/busymark/test/src/local_history_controller_test.dart: active revision search follows matching and nonmatching captures
00:29 +152: /home/albert/busystack/busymark/test/src/local_history_controller_test.dart: failed automatic capture keeps pending source and retries without another edit
00:29 +153: /home/albert/busystack/busymark/test/src/local_history_controller_test.dart: a newer edit accepted during a failed write wins the retry
00:29 +154: /home/albert/busystack/busymark/test/src/local_history_controller_test.dart: automatic checkpoint retries a transient first-save promotion failure
00:29 +155: /home/albert/busystack/busymark/test/src/local_history_controller_test.dart: flush waits behind queued observation and captures its latest source
00:29 +156: /home/albert/busystack/busymark/test/src/local_history_controller_test.dart: clear wins over an in-flight capture and later edits record normally
00:29 +157: /home/albert/busystack/busymark/test/src/local_history_controller_test.dart: edit accepted during Clear Document records in the replacement lineage
00:29 +158: /home/albert/busystack/busymark/test/src/local_history_controller_test.dart: Clear Document blocks replacement capture while its journal is pending
00:29 +159: /home/albert/busystack/busymark/test/src/local_history_controller_test.dart: edit accepted during Clear All records in the replacement lineage
00:29 +160: /home/albert/busystack/busymark/test/src/local_history_controller_test.dart: Clear All blocks replacement capture while its journal is pending
00:29 +161: /home/albert/busystack/busymark/test/src/local_history_controller_test.dart: clear invalidates an automatic checkpoint queued for an untitled draft
00:29 +162: /home/albert/busystack/busymark/test/src/local_history_controller_test.dart: failed explicit save cannot recreate history after Clear Document
00:29 +163: /home/albert/busystack/busymark/test/src/local_history_controller_test.dart: failed explicit save cannot recreate history after Clear All
00:29 +164: /home/albert/busystack/busymark/test/src/local_history_controller_test.dart: clearing the displayed comparison closes it without a missing warning
00:29 +165: /home/albert/busystack/busymark/test/src/local_history_controller_test.dart: clear invalidates an in-flight path capture for the same document
00:29 +166: /home/albert/busystack/busymark/test/src/local_history_controller_test.dart: first edit after another controller clears a stale binding starts a new lineage
00:29 +167: /home/albert/busystack/busymark/test/src/local_history_controller_test.dart: Clear Document rejects in-flight buffer replacement protection
00:29 +168: /home/albert/busystack/busymark/test/src/local_history_controller_test.dart: Clear Document rejects queued buffer replacement protection
00:29 +169: /home/albert/busystack/busymark/test/src/local_history_controller_test.dart: Clear Document rejects in-flight path replacement protection
00:29 +170: /home/albert/busystack/busymark/test/src/local_history_controller_test.dart: Clear Document rejects queued path replacement protection
00:29 +171: /home/albert/busystack/busymark/test/src/local_history_controller_test.dart: Clear All rejects in-flight buffer replacement protection
00:29 +172: /home/albert/busystack/busymark/test/src/local_history_controller_test.dart: Clear All rejects queued buffer replacement protection
00:29 +173: /home/albert/busystack/busymark/test/src/local_history_controller_test.dart: Clear All rejects in-flight path replacement protection
00:29 +174: /home/albert/busystack/busymark/test/src/local_history_controller_test.dart: Clear All rejects queued path replacement protection
00:29 +175: /home/albert/busystack/busymark/test/src/local_history_controller_test.dart: recording off prevents baseline and checkpoints without deleting history
00:29 +176: /home/albert/busystack/busymark/test/src/local_history_controller_test.dart: store-wide find locates closed and deleted documents by path or content
00:29 +177: /home/albert/busystack/busymark/test/src/local_history_controller_test.dart: retained-document lookup is temporary and normal document selection resumes following
00:29 +178: /home/albert/busystack/busymark/test/src/local_history_controller_test.dart: panel construction preserves an explicit retained-document inspection
00:30 +179: /home/albert/busystack/busymark/test/src/local_history_controller_test.dart: delayed revision search cannot repopulate a newly selected document scope
00:30 +180: /home/albert/busystack/busymark/test/src/local_history_controller_test.dart: revision search failure finishes searching and remains in scope
00:30 +181: /home/albert/busystack/busymark/test/src/local_history_controller_test.dart: Local History follows active tabs and clears the visible query without a document dropdown
00:31 +182: /home/albert/busystack/busymark/test/src/local_history_controller_test.dart: revision rows use local second-precision time, date groups, event metadata, and RTL
00:31 +183: /home/albert/busystack/busymark/test/src/local_history_controller_test.dart: a delayed revision read cannot cross the selected document or leave loading stuck
00:31 +184: /home/albert/busystack/busymark/test/src/local_history_controller_test.dart: Save As settles pending named and untitled checkpoints safely
00:32 +185: /home/albert/busystack/busymark/test/src/local_history_controller_test.dart: untitled overwrite Save As retains a failed source checkpoint
00:32 +186: /home/albert/busystack/busymark/test/src/local_history_controller_test.dart: committed Save As source capture is idempotent after a lost result
00:32 +187: /home/albert/busystack/busymark/test/src/local_history_controller_test.dart: Save As recovery never adopts unrelated same-content destination history
00:32 +188: /home/albert/busystack/busymark/test/src/local_history_controller_test.dart: recording-disabled first save promotes untitled history identity
00:32 +189: /home/albert/busystack/busymark/test/src/local_history_controller_test.dart: excluding a recovered first-save destination preserves its untitled source baseline
00:32 +190: /home/albert/busystack/busymark/test/src/local_history_controller_test.dart: queued committed Save As cannot recreate a newly excluded destination side
00:32 +191: /home/albert/busystack/busymark/test/src/local_history_controller_test.dart: failed first-save promotion is retried before a later capture
00:32 +192: /home/albert/busystack/busymark/test/src/local_history_controller_test.dart: flush retries a failed first-save promotion without another edit
00:32 +193: /home/albert/busystack/busymark/test/src/local_history_controller_test.dart: flush reports a content failure after successfully retrying promotion
00:32 +194: /home/albert/busystack/busymark/test/src/local_history_controller_test.dart: remap settles pending first-save promotions for files and directories
00:32 +195: /home/albert/busystack/busymark/test/src/local_history_controller_test.dart: file and directory moves settle pending checkpoints before remap
00:32 +196: /home/albert/busystack/busymark/test/src/local_history_controller_test.dart: failed path reconciliation blocks affected captures but not unrelated documents
00:32 +197: /home/albert/busystack/busymark/test/src/local_history_controller_test.dart: successful path queue prefix is published before a later failure
00:32 +198: /home/albert/busystack/busymark/test/src/local_history_controller_test.dart: path deletion warnings remain scoped to affected owners
00:32 +199: /home/albert/busystack/busymark/test/src/local_history_controller_test.dart: committed path operation is not replayed after refresh failure
00:32 +200: /home/albert/busystack/busymark/test/src/local_history_controller_test.dart: restored targetless executing reconciliation preserves its owner
00:32 +201: /home/albert/busystack/busymark/test/src/local_history_controller_test.dart: path dependency namespaces (deletion: false, dependent: true, destination: /workspace/Z.md, recursive: false, source: /workspace/A.md)
00:32 +202: /home/albert/busystack/busymark/test/src/local_history_controller_test.dart: path dependency namespaces (deletion: false, dependent: true, destination: /workspace/Z.md, recursive: false, source: /workspace/B.md)
00:32 +203: /home/albert/busystack/busymark/test/src/local_history_controller_test.dart: path dependency namespaces (deletion: false, dependent: true, destination: /workspace/A.md, recursive: false, source: /workspace/C.md)
00:32 +204: /home/albert/busystack/busymark/test/src/local_history_controller_test.dart: path dependency namespaces (deletion: false, dependent: true, destination: /workspace/B.md, recursive: false, source: /workspace/C.md)
00:32 +205: /home/albert/busystack/busymark/test/src/local_history_controller_test.dart: path dependency namespaces (deletion: false, dependent: true, destination: /workspace/Z.md, recursive: false, source: /workspace/dirA/nested/C.md)
00:32 +206: /home/albert/busystack/busymark/test/src/local_history_controller_test.dart: path dependency namespaces (deletion: false, dependent: true, destination: /workspace/Z.md, recursive: false, source: /workspace/dirB/nested/C.md)
00:32 +207: /home/albert/busystack/busymark/test/src/local_history_controller_test.dart: path dependency namespaces (deletion: false, dependent: true, destination: /workspace/dirA/nested/C.md, recursive: false, source: /workspace/C.md)
00:32 +208: /home/albert/busystack/busymark/test/src/local_history_controller_test.dart: path dependency namespaces (deletion: false, dependent: true, destination: /workspace/dirB/nested/C.md, recursive: false, source: /workspace/C.md)
00:32 +209: /home/albert/busystack/busymark/test/src/local_history_controller_test.dart: path dependency namespaces (deletion: false, dependent: true, destination: /other, recursive: false, source: /workspace)
00:32 +210: /home/albert/busystack/busymark/test/src/local_history_controller_test.dart: path dependency namespaces (deletion: false, dependent: true, destination: /workspace, recursive: false, source: /other)
00:32 +211: /home/albert/busystack/busymark/test/src/local_history_controller_test.dart: path dependency namespaces (deletion: false, dependent: false, destination: /workspace/dirB-sibling/C.md, recursive: false, source: /workspace/dirA-sibling/C.md)
00:32 +212: /home/albert/busystack/busymark/test/src/local_history_controller_test.dart: path dependency namespaces (deletion: false, dependent: false, destination: /workspace/D.md, recursive: false, source: /workspace/C.md)
00:32 +213: /home/albert/busystack/busymark/test/src/local_history_controller_test.dart: path dependency namespaces (deletion: true, dependent: true, destination: /workspace/Z.md, recursive: true, source: /workspace/dirA/nested/C.md)
00:32 +214: /home/albert/busystack/busymark/test/src/local_history_controller_test.dart: path dependency namespaces (deletion: true, dependent: true, destination: /workspace/dirA/nested/C.md, recursive: true, source: /workspace/C.md)
00:32 +215: /home/albert/busystack/busymark/test/src/local_history_controller_test.dart: path dependency namespaces (deletion: true, dependent: true, destination: /other, recursive: true, source: /workspace)
00:32 +216: /home/albert/busystack/busymark/test/src/local_history_controller_test.dart: path dependency namespaces (deletion: true, dependent: false, destination: /workspace/D.md, recursive: true, source: /workspace/C.md)
00:32 +217: /home/albert/busystack/busymark/test/src/local_history_controller_test.dart: path dependency namespaces (deletion: true, dependent: true, destination: /workspace/Z.md, recursive: false, source: /workspace/A.md)
00:32 +218: /home/albert/busystack/busymark/test/src/local_history_controller_test.dart: path dependency namespaces (deletion: true, dependent: false, destination: /workspace/D.md, recursive: false, source: /workspace/C.md)
00:32 +219: /home/albert/busystack/busymark/test/src/local_history_controller_test.dart: path dependency uses prepared target with different paths
00:32 +220: /home/albert/busystack/busymark/test/src/local_history_controller_test.dart: path dependency uses bound identity with different paths
00:32 +221: /home/albert/busystack/busymark/test/src/local_history_controller_test.dart: path dependency uses destination identity with different paths
00:32 +222: /home/albert/busystack/busymark/test/src/local_history_controller_test.dart: path dependency checks promotion destination identity at a different path
00:32 +223: /home/albert/busystack/busymark/test/src/local_history_controller_test.dart: path dependency settles only conflicting entries behind an unresolved head
00:32 +224: /home/albert/busystack/busymark/test/src/local_history_controller_test.dart: path dependency recomputes identities after settling namespace prerequisites (promotion=false)
00:32 +225: /home/albert/busystack/busymark/test/src/local_history_controller_test.dart: path dependency recomputes identities after settling namespace prerequisites (promotion=true)
00:32 +226: /home/albert/busystack/busymark/test/src/local_history_controller_test.dart: path dependency preserves transitive queue ordering
00:32 +227: /home/albert/busystack/busymark/test/src/local_history_controller_test.dart: path dependency retries independent work behind retained head (executing=false)
00:32 +228: /home/albert/busystack/busymark/test/src/local_history_controller_test.dart: path dependency retries independent work behind retained head (executing=true)
00:32 +229: /home/albert/busystack/busymark/test/src/local_history_controller_test.dart: staged path commit survives refresh failure until workspace acknowledgement
00:32 +230: /home/albert/busystack/busymark/test/src/local_history_controller_test.dart: external staged remap refreshes its bound target after checkpoint settlement
00:32 +231: /home/albert/busystack/busymark/test/src/local_history_controller_test.dart: definitive false staged result retires its executing journal
00:32 +232: /home/albert/busystack/busymark/test/src/local_history_controller_test.dart: deferred deletion cannot delete replacement path history
00:32 +233: /home/albert/busystack/busymark/test/src/local_history_controller_test.dart: Clear Document removes only its recursive reconciliation target
00:32 +234: /home/albert/busystack/busymark/test/src/local_history_controller_test.dart: Clear Document preserves timer retry for remaining recursive target
00:32 +235: /home/albert/busystack/busymark/test/src/local_history_controller_test.dart: prepared remap rejects a checkpoint that changed its frozen target
00:32 +236: /home/albert/busystack/busymark/test/src/local_history_controller_test.dart: ownerless path failure is visible only in history presentation
00:32 +237: /home/albert/busystack/busymark/test/src/local_history_controller_test.dart: detached promotion capture is included in durable retained work
00:32 +238: /home/albert/busystack/busymark/test/src/local_history_controller_test.dart: live external retained owner is not replayed and Clear All retires it
00:32 +239: /home/albert/busystack/busymark/test/src/local_history_controller_test.dart: a clear conflict cancels the old baseline retry owner
00:32 +240: /home/albert/busystack/busymark/test/src/local_history_controller_test.dart: edit after failed Clear waits and persists in the replacement lineage
00:32 +241: /home/albert/busystack/busymark/test/src/local_history_controller_test.dart: post-Clear edit uses committed epoch when reconciliation refresh fails
00:32 +242: /home/albert/busystack/busymark/test/src/local_history_controller_test.dart: deferred remap cannot mutate replacement path history
00:32 +243: /home/albert/busystack/busymark/test/src/local_history_controller_test.dart: failed remap reserves source and destination paths until reconciliation
00:32 +244: /home/albert/busystack/busymark/test/src/local_history_controller_test.dart: deletion remains ordered behind a retained path remap
00:32 +245: /home/albert/busystack/busymark/test/src/local_history_controller_test.dart: first save waits for a reserved source path before promoting its history
00:32 +246: /home/albert/busystack/busymark/test/src/local_history_controller_test.dart: path target discovery observes history written after cached load
00:32 +247: /home/albert/busystack/busymark/test/src/local_history_controller_test.dart: first-save cleanup cannot restore promotion after Clear document
00:32 +248: /home/albert/busystack/busymark/test/src/local_history_controller_test.dart: first-save cleanup cannot restore promotion after Clear all
00:32 +249: /home/albert/busystack/busymark/test/src/local_history_controller_test.dart: first-save cleanup cannot restore promotion after disposal
00:32 +250: /home/albert/busystack/busymark/test/src/local_history_controller_test.dart: Save As transfers retained remap ownership with source work
00:32 +251: /home/albert/busystack/busymark/test/src/local_history_controller_test.dart: flushBuffer reports retained remap work and retires closed owner
00:32 +252: /home/albert/busystack/busymark/test/src/local_history_controller_test.dart: Clear All cannot be undone by an in-flight path remap
00:32 +253: /home/albert/busystack/busymark/test/src/local_history_controller_test.dart: path reconciliation resumes a newly opened destination owner
00:32 +254: loading /home/albert/busystack/busymark/test/src/writerside_markdown_export_compatibility_test.dart
00:34 +254: /home/albert/busystack/busymark/test/src/writerside_markdown_export_compatibility_test.dart: HTML retains complex Markdown and resolves both heading ID spellings
00:36 +255: /home/albert/busystack/busymark/test/src/writerside_markdown_export_compatibility_test.dart: PDF retains complex Markdown and resolved heading links
00:36 +256: loading /home/albert/busystack/busymark/test/src/math_widget_test.dart
00:38 +256: /home/albert/busystack/busymark/test/src/math_widget_test.dart: inline math applies MathJax baseline and surrounding text metrics
00:39 +257: /home/albert/busystack/busymark/test/src/math_widget_test.dart: wide display math scrolls horizontally without clipping
00:39 +258: /home/albert/busystack/busymark/test/src/math_widget_test.dart: failed formulas retain source and a localized explanation
00:39 +259: loading /home/albert/busystack/busymark/test/src/wysiwyg_selection_test.dart
00:41 +259: /home/albert/busystack/busymark/test/src/wysiwyg_selection_test.dart: reduced fixture uses rendered offsets without Markdown delimiters or block separators
00:41 +260: /home/albert/busystack/busymark/test/src/wysiwyg_selection_test.dart: Select All: logical range and copy include styled suffixes and table
00:43 +261: /home/albert/busystack/busymark/test/src/wysiwyg_selection_test.dart: multi-block paint matches rendered runs: b0 BusyBlockKind.paragraph
00:43 +262: /home/albert/busystack/busymark/test/src/wysiwyg_selection_test.dart: multi-block paint matches rendered runs: b1 BusyBlockKind.paragraph
00:43 +263: /home/albert/busystack/busymark/test/src/wysiwyg_selection_test.dart: multi-block paint matches rendered runs: b2 BusyBlockKind.paragraph
00:44 +264: /home/albert/busystack/busymark/test/src/wysiwyg_selection_test.dart: multi-block paint matches rendered runs: b3 BusyBlockKind.unorderedListItem
00:45 +265: /home/albert/busystack/busymark/test/src/wysiwyg_selection_test.dart: multi-block paint matches rendered runs: b4 BusyBlockKind.unorderedListItem
00:45 +266: /home/albert/busystack/busymark/test/src/wysiwyg_selection_test.dart: multi-block paint matches rendered runs: b5 BusyBlockKind.unorderedListItem
00:45 +267: /home/albert/busystack/busymark/test/src/wysiwyg_selection_test.dart: multi-block paint matches rendered runs: b6 BusyBlockKind.paragraph
00:46 +268: /home/albert/busystack/busymark/test/src/wysiwyg_selection_test.dart: multi-block paint matches rendered runs: b17 BusyBlockKind.paragraph
00:46 +269: /home/albert/busystack/busymark/test/src/wysiwyg_selection_test.dart: table cells paint the same selected text as document copy
00:47 +270: /home/albert/busystack/busymark/test/src/wysiwyg_selection_test.dart: repeated Select All keeps the entire document selected
00:47 +271: /home/albert/busystack/busymark/test/src/wysiwyg_selection_test.dart: Select All includes a table at the document edge: Before.

| H |
| --- |
| Body! |

00:47 +272: /home/albert/busystack/busymark/test/src/wysiwyg_selection_test.dart: Select All includes a table at the document edge: | H |
| --- |
| Body! |

After.

00:48 +273: /home/albert/busystack/busymark/test/src/wysiwyg_selection_test.dart: drag endpoints use the styled rendered coordinate system
00:48 +274: /home/albert/busystack/busymark/test/src/wysiwyg_selection_test.dart: drag from a paragraph into a table copies and selects its cells
00:48 +275: /home/albert/busystack/busymark/test/src/wysiwyg_selection_test.dart: drag across table cells selects the existing complete-table document block
00:49 +276: /home/albert/busystack/busymark/test/src/wysiwyg_selection_test.dart: paragraph boundary (1, 0, 1, 165) at width 460.0
00:49 +277: /home/albert/busystack/busymark/test/src/wysiwyg_selection_test.dart: paragraph boundary (0, 4, 1, 165) at width 460.0
00:49 +278: /home/albert/busystack/busymark/test/src/wysiwyg_selection_test.dart: paragraph boundary (1, 0, 2, 8) at width 460.0
00:49 +279: /home/albert/busystack/busymark/test/src/wysiwyg_selection_test.dart: paragraph boundary (0, 0, 2, 30) at width 460.0
00:50 +280: /home/albert/busystack/busymark/test/src/wysiwyg_selection_test.dart: paragraph boundary (2, 30, 0, 0) at width 460.0
00:50 +281: /home/albert/busystack/busymark/test/src/wysiwyg_selection_test.dart: all styled runs and list endings repaint after resizing to 460.0
00:50 +282: /home/albert/busystack/busymark/test/src/wysiwyg_selection_test.dart: paragraph boundary (1, 0, 1, 165) at width 1000.0
00:51 +283: /home/albert/busystack/busymark/test/src/wysiwyg_selection_test.dart: paragraph boundary (0, 4, 1, 165) at width 1000.0
00:51 +284: /home/albert/busystack/busymark/test/src/wysiwyg_selection_test.dart: paragraph boundary (1, 0, 2, 8) at width 1000.0
00:51 +285: /home/albert/busystack/busymark/test/src/wysiwyg_selection_test.dart: paragraph boundary (0, 0, 2, 30) at width 1000.0
00:51 +286: /home/albert/busystack/busymark/test/src/wysiwyg_selection_test.dart: paragraph boundary (2, 30, 0, 0) at width 1000.0
00:52 +287: /home/albert/busystack/busymark/test/src/wysiwyg_selection_test.dart: all styled runs and list endings repaint after resizing to 1000.0
00:52 +288: /home/albert/busystack/busymark/test/src/wysiwyg_selection_test.dart: partial multi-block styled span: **Bold** plain! end=2
00:52 +289: /home/albert/busystack/busymark/test/src/wysiwyg_selection_test.dart: partial multi-block styled span: **Bold** plain! end=10
00:52 +290: /home/albert/busystack/busymark/test/src/wysiwyg_selection_test.dart: partial multi-block styled span: **Bold** plain! end=11
00:52 +291: /home/albert/busystack/busymark/test/src/wysiwyg_selection_test.dart: partial multi-block styled span: plain **bold**! end=2
00:52 +292: /home/albert/busystack/busymark/test/src/wysiwyg_selection_test.dart: partial multi-block styled span: plain **bold**! end=10
00:52 +293: /home/albert/busystack/busymark/test/src/wysiwyg_selection_test.dart: partial multi-block styled span: plain **bold**! end=11
00:52 +294: /home/albert/busystack/busymark/test/src/wysiwyg_selection_test.dart: partial multi-block styled span: `code` plain! end=2
00:52 +295: /home/albert/busystack/busymark/test/src/wysiwyg_selection_test.dart: partial multi-block styled span: `code` plain! end=10
00:52 +296: /home/albert/busystack/busymark/test/src/wysiwyg_selection_test.dart: partial multi-block styled span: `code` plain! end=11
00:53 +297: /home/albert/busystack/busymark/test/src/wysiwyg_selection_test.dart: partial multi-block styled span: plain `code`! end=2
00:53 +298: /home/albert/busystack/busymark/test/src/wysiwyg_selection_test.dart: partial multi-block styled span: plain `code`! end=10
00:53 +299: /home/albert/busystack/busymark/test/src/wysiwyg_selection_test.dart: partial multi-block styled span: plain `code`! end=11
00:53 +300: /home/albert/busystack/busymark/test/src/wysiwyg_selection_test.dart: partial multi-block styled span: [link](https://example.test) plain! end=2
00:53 +301: /home/albert/busystack/busymark/test/src/wysiwyg_selection_test.dart: partial multi-block styled span: [link](https://example.test) plain! end=10
00:53 +302: /home/albert/busystack/busymark/test/src/wysiwyg_selection_test.dart: partial multi-block styled span: [link](https://example.test) plain! end=11
00:53 +303: /home/albert/busystack/busymark/test/src/wysiwyg_selection_test.dart: partial multi-block styled span: *emphasis* plain! end=2
00:53 +304: /home/albert/busystack/busymark/test/src/wysiwyg_selection_test.dart: partial multi-block styled span: *emphasis* plain! end=14
00:53 +305: /home/albert/busystack/busymark/test/src/wysiwyg_selection_test.dart: partial multi-block styled span: *emphasis* plain! end=15
00:53 +306: /home/albert/busystack/busymark/test/src/wysiwyg_selection_test.dart: list boundary (3, 0, 3, 29) includes the final rendered character
00:53 +307: /home/albert/busystack/busymark/test/src/wysiwyg_selection_test.dart: list boundary (4, 0, 4, 36) includes the final rendered character
00:54 +308: /home/albert/busystack/busymark/test/src/wysiwyg_selection_test.dart: list boundary (3, 0, 4, 36) includes the final rendered character
00:54 +309: /home/albert/busystack/busymark/test/src/wysiwyg_selection_test.dart: list boundary (2, 4, 4, 36) includes the final rendered character
00:54 +310: /home/albert/busystack/busymark/test/src/wysiwyg_selection_test.dart: list boundary (3, 0, 6, 9) includes the final rendered character
00:54 +311: /home/albert/busystack/busymark/test/src/wysiwyg_selection_test.dart: list boundary (2, 0, 6, 93) includes the final rendered character
00:54 +312: /home/albert/busystack/busymark/test/src/wysiwyg_selection_test.dart: list boundary (5, 0, 5, 29) includes the final rendered character
00:54 +313: /home/albert/busystack/busymark/test/src/wysiwyg_selection_test.dart: mouse range across paragraph, list, table and paragraph equals Select All
00:55 +314: /home/albert/busystack/busymark/test/src/wysiwyg_selection_test.dart: Select All, mouse and keyboard ranges produce equivalent local selection geometry
00:55 +315: /home/albert/busystack/busymark/test/src/wysiwyg_selection_test.dart: local table cell selection stays local; subsequent Select All expands to document
00:56 +316: /home/albert/busystack/busymark/test/src/wysiwyg_selection_test.dart: table to following paragraph retains complete selected rows
00:56 +317: /home/albert/busystack/busymark/test/src/wysiwyg_selection_test.dart: document selection survives viewport scrolling and block recreation
00:56 +318: /home/albert/busystack/busymark/test/src/wysiwyg_selection_test.dart: selected table text follows horizontal cell scrolling
00:57 +319: /home/albert/busystack/busymark/test/src/wysiwyg_selection_test.dart: drag across a viewport jump resolves the visible extent block (variant: TargetPlatform.linux)
00:57 +320: loading /home/albert/busystack/busymark/test/src/writerside_video_widget_test.dart
01:00 +320: /home/albert/busystack/busymark/test/src/writerside_video_widget_test.dart: video card embeds a supported YouTube source in place
01:01 +321: /home/albert/busystack/busymark/test/src/writerside_video_widget_test.dart: mini-player embeds Vimeo with the reduced video ID
01:01 +322: /home/albert/busystack/busymark/test/src/writerside_video_widget_test.dart: local video player receives only a canonical media path
01:01 +323: /home/albert/busystack/busymark/test/src/writerside_video_widget_test.dart: video dimensions preserve ratio and scale to available width
01:01 +324: /home/albert/busystack/busymark/test/src/writerside_video_widget_test.dart: failed native player leaves a usable poster fallback
01:01 +325: /home/albert/busystack/busymark/test/src/writerside_video_widget_test.dart: WYSIWYG renders a Writerside video without rewriting source
01:01 +326: loading /home/albert/busystack/busymark/test/src/feedback_dialog_test.dart
01:04 +326: /home/albert/busystack/busymark/test/src/feedback_dialog_test.dart: uses the native grouped modal-editor structure
01:06 +327: /home/albert/busystack/busymark/test/src/feedback_dialog_test.dart: shared report form remains directional in an Arabic UI
01:06 +328: /home/albert/busystack/busymark/test/src/feedback_dialog_test.dart: dark route uses the shared dialog surface
01:06 +329: /home/albert/busystack/busymark/test/src/feedback_dialog_test.dart: shows required-field validation without sending
01:06 +330: /home/albert/busystack/busymark/test/src/feedback_dialog_test.dart: rejects an invalid optional reply email
01:06 +331: /home/albert/busystack/busymark/test/src/feedback_dialog_test.dart: category can return to the unselected placeholder
01:06 +332: /home/albert/busystack/busymark/test/src/feedback_dialog_test.dart: disables submit while a request is active
01:07 +333: /home/albert/busystack/busymark/test/src/feedback_dialog_test.dart: clears the form and shows the server reference on success
01:07 +334: /home/albert/busystack/busymark/test/src/feedback_dialog_test.dart: shows a distinct message when the server rejects the form
01:07 +335: /home/albert/busystack/busymark/test/src/feedback_dialog_test.dart: keeps retry UUID until submitted content changes
01:07 +336: /home/albert/busystack/busymark/test/src/feedback_dialog_test.dart: cannot dismiss the dialog while submission is active
01:08 +337: loading /home/albert/busystack/busymark/test/src/headless_chrome_test.dart
01:08 +337: /home/albert/busystack/busymark/test/src/headless_chrome_test.dart: evaluates the requested document after it becomes ready
01:08 +338: /home/albert/busystack/busymark/test/src/headless_chrome_test.dart: does not evaluate the initial about:blank target
01:08 +339: /home/albert/busystack/busymark/test/src/headless_chrome_test.dart: retries when navigation destroys the execution context
01:08 +340: /home/albert/busystack/busymark/test/src/headless_chrome_test.dart: a silent open DevTools socket respects the readiness bound
01:09 +341: /home/albert/busystack/busymark/test/src/headless_chrome_test.dart: socket closure before a response fails deterministically
01:09 +342: /home/albert/busystack/busymark/test/src/headless_chrome_test.dart: a DevTools error is not mistaken for navigation
01:09 +343: /home/albert/busystack/busymark/test/src/headless_chrome_test.dart: a page that never becomes ready reports its last state
01:09 +344: loading /home/albert/busystack/busymark/test/src/workspace_document_context_test.dart
01:11 +344: /home/albert/busystack/busymark/test/src/workspace_document_context_test.dart: untitled buffer is CommonMark in untitledMarkdown
01:11 +345: /home/albert/busystack/busymark/test/src/workspace_document_context_test.dart: untitled buffer is CommonMark in singleMarkdown
01:11 +346: /home/albert/busystack/busymark/test/src/workspace_document_context_test.dart: untitled buffer is CommonMark in markdownFolder
01:11 +347: /home/albert/busystack/busymark/test/src/workspace_document_context_test.dart: untitled buffer is CommonMark in writersideModule
01:11 +348: /home/albert/busystack/busymark/test/src/workspace_document_context_test.dart: untitled buffer is CommonMark in nextcloudNotes
01:11 +349: /home/albert/busystack/busymark/test/src/workspace_document_context_test.dart: Writerside document resolution (setUpAll)
01:11 +349: /home/albert/busystack/busymark/test/src/workspace_document_context_test.dart: Writerside document resolution discovered Markdown topic wins over generic file inventory
01:11 +350: /home/albert/busystack/busymark/test/src/workspace_document_context_test.dart: Writerside document resolution discovered XML topic resolves as a Writerside XML topic
01:11 +351: /home/albert/busystack/busymark/test/src/workspace_document_context_test.dart: Writerside document resolution ordinary Markdown under the project is still CommonMark
01:11 +352: /home/albert/busystack/busymark/test/src/workspace_document_context_test.dart: Writerside document resolution path fallback does not depend on workspace file inventory
01:11 +353: /home/albert/busystack/busymark/test/src/workspace_document_context_test.dart: Writerside document resolution (tearDownAll)
01:11 +353: loading /home/albert/busystack/busymark/test/src/html_export_test.dart
01:13 +353: /home/albert/busystack/busymark/test/src/html_export_test.dart: unsaved Markdown is a complete styled document with stable semantic anchors
01:14 +354: /home/albert/busystack/busymark/test/src/html_export_test.dart: raw disclosures, definitions and spans survive with structural sanitization
01:14 +355: /home/albert/busystack/busymark/test/src/html_export_test.dart: explicit blank lines export as consecutive HTML breaks
01:14 +356: /home/albert/busystack/busymark/test/src/html_export_test.dart: content-addressed assets relocate, deduplicate and reject symlink escapes
01:14 +357: /home/albert/busystack/busymark/test/src/html_export_test.dart: home-relative images use the shared local-media path rules
01:14 +358: /home/albert/busystack/busymark/test/src/html_export_test.dart: untrusted metadata and data URLs cannot create active HTML
01:14 +359: /home/albert/busystack/busymark/test/src/html_export_test.dart: unsafe SVG and CSS never reach exported assets
01:14 +360: /home/albert/busystack/busymark/test/src/html_export_test.dart: overwrite refusal, cancellation and rendering failure preserve previous HTML
01:14 +361: /home/albert/busystack/busymark/test/src/html_export_test.dart: metadata title remains separate from a formatted Markdown title heading
01:14 +362: /home/albert/busystack/busymark/test/src/html_export_test.dart: UTF-8 byte limits are enforced
01:14 +363: /home/albert/busystack/busymark/test/src/html_export_test.dart: Writerside produces linked pages, hidden topics, WIP and start copy
01:15 +364: /home/albert/busystack/busymark/test/src/html_export_test.dart: official conformance fixture exports as individual pages
01:15 +365: loading /home/albert/busystack/busymark/test/src/writerside_admonition_test.dart
01:18 +365: /home/albert/busystack/busymark/test/src/writerside_admonition_test.dart: Writerside blockquotes become typed admonitions and round-trip
01:18 +366: /home/albert/busystack/busymark/test/src/writerside_admonition_test.dart: ordinary Markdown blockquotes do not acquire Writerside semantics
01:18 +367: /home/albert/busystack/busymark/test/src/writerside_admonition_test.dart: semantic admonition elements include quote and preserve attributes
01:18 +368: /home/albert/busystack/busymark/test/src/writerside_admonition_test.dart: admonition editing emits source that reparses semantically
01:18 +369: /home/albert/busystack/busymark/test/src/writerside_admonition_test.dart: editing inside an existing admonition changes its outer type
01:18 +370: /home/albert/busystack/busymark/test/src/writerside_admonition_test.dart: WYSIWYG Admonition menu applies the selected type
01:19 +371: /home/albert/busystack/busymark/test/src/writerside_admonition_test.dart: ordinary Markdown does not show the Writerside editing menu
01:19 +372: /home/albert/busystack/busymark/test/src/writerside_admonition_test.dart: Writerside .topic preview keeps content inside its admonition
01:19 +373: /home/albert/busystack/busymark/test/src/writerside_admonition_test.dart: PDF export keeps admonitions semantic and quotes neutral
01:19 +374: loading /home/albert/busystack/busymark/test/src/d2_renderer_test.dart
01:22 +374: /home/albert/busystack/busymark/test/src/d2_renderer_test.dart: D2 source policy rejects imports and icon assets with source locations
01:22 +375: /home/albert/busystack/busymark/test/src/d2_renderer_test.dart: D2 source policy does not treat comments, quoted labels, or block strings as imports
01:22 +376: /home/albert/busystack/busymark/test/src/d2_renderer_test.dart: returns normalized vector SVG for browser-independent output
01:22 +377: /home/albert/busystack/busymark/test/src/d2_renderer_test.dart: rasterizes foreignObject output at PDF resolution
01:22 +378: /home/albert/busystack/busymark/test/src/d2_renderer_test.dart: rasterizes browser CSS that cannot be preserved in vector form
01:22 +379: /home/albert/busystack/busymark/test/src/d2_renderer_test.dart: maps D2 diagnostics and renderer limits to typed results
01:22 +380: /home/albert/busystack/busymark/test/src/d2_renderer_test.dart: locates only executable files at deterministic bundle paths
01:22 +381: /home/albert/busystack/busymark/test/src/d2_renderer_test.dart: bundled D2 CLI renders stdin to stdout without a shell
01:22 +382: loading /home/albert/busystack/busymark/test/src/nextcloud_editor_boundary_test.dart
01:24 +382: /home/albert/busystack/busymark/test/src/nextcloud_editor_boundary_test.dart: remote read-only source blocks typing and formatting mutations
01:25 +383: /home/albert/busystack/busymark/test/src/nextcloud_editor_boundary_test.dart: remote read-only WYSIWYG blocks typing and formatting emissions
01:26 +384: loading /home/albert/busystack/busymark/test/src/markdown_pdf_export_service_test.dart
01:27 +384: /home/albert/busystack/busymark/test/src/markdown_pdf_export_service_test.dart: display images do not reserve a fixed-height letterbox
01:27 +385: /home/albert/busystack/busymark/test/src/markdown_pdf_export_service_test.dart: quotes and admonitions use the existing callout presentation
01:27 +386: /home/albert/busystack/busymark/test/src/markdown_pdf_export_service_test.dart: PDF export ignores redundant blank lines between blocks
01:28 +387: /home/albert/busystack/busymark/test/src/markdown_pdf_export_service_test.dart: PDF payload preserves an explicit blank line as two breaks
01:28 +388: /home/albert/busystack/busymark/test/src/markdown_pdf_export_service_test.dart: bundled template renders two explicit breaks as one blank PDF line
01:29 +389: /home/albert/busystack/busymark/test/src/markdown_pdf_export_service_test.dart: bundled template renders redundant blank lines identically
01:29 +390: /home/albert/busystack/busymark/test/src/markdown_pdf_export_service_test.dart: bundled template exports representative Markdown to a valid PDF
01:29 +391: /home/albert/busystack/busymark/test/src/markdown_pdf_export_service_test.dart: Writerside video poster and link compile into a valid PDF
01:29 +392: /home/albert/busystack/busymark/test/src/markdown_pdf_export_service_test.dart: Writerside admonitions compile into a valid PDF
01:29 +393: loading /home/albert/busystack/busymark/test/src/clipboard_layout_table_test.dart
01:31 +393: /home/albert/busystack/busymark/test/src/clipboard_layout_table_test.dart: data tables remain tables, including borderless and single-column data
01:31 +394: /home/albert/busystack/busymark/test/src/clipboard_layout_table_test.dart: nested layout wrappers retain their inner data table and prose
01:31 +395: /home/albert/busystack/busymark/test/src/clipboard_layout_table_test.dart: explicit presentation table keeps caption, cell order and direction
01:31 +396: /home/albert/busystack/busymark/test/src/clipboard_layout_table_test.dart: editor preserves content inside a layout table
01:31 +397: /home/albert/busystack/busymark/test/src/clipboard_layout_table_test.dart: editor plain paste ignores layout and rich content
01:31 +398: /home/albert/busystack/busymark/test/src/clipboard_layout_table_test.dart: markdownSource preserves content inside a layout table
01:31 +399: /home/albert/busystack/busymark/test/src/clipboard_layout_table_test.dart: markdownSource plain paste ignores layout and rich content
01:31 +400: loading /home/albert/busystack/busymark/test/src/writerside_markdown_import_dialog_test.dart
01:34 +400: /home/albert/busystack/busymark/test/src/writerside_markdown_import_dialog_test.dart: selects all candidates by default and disables OK for none
01:36 +401: /home/albert/busystack/busymark/test/src/writerside_markdown_import_dialog_test.dart: successful import closes the dialog with selected list order
01:36 +402: /home/albert/busystack/busymark/test/src/writerside_markdown_import_dialog_test.dart: failed import stays open and presents the localized error
01:36 +403: loading /home/albert/busystack/busymark/test/src/html_publication_test.dart
01:38 +403: /home/albert/busystack/busymark/test/src/html_publication_test.dart: single-file local video has a downloadable fallback
01:41 +404: /home/albert/busystack/busymark/test/src/html_publication_test.dart: Writerside list starts and same-type boundaries survive HTML export
01:41 +405: /home/albert/busystack/busymark/test/src/html_publication_test.dart: repeated list includes export as separate HTML containers
01:41 +406: /home/albert/busystack/busymark/test/src/html_publication_test.dart: Writerside list styles stay distinct across consecutive lists
01:42 +407: /home/albert/busystack/busymark/test/src/html_publication_test.dart: Writerside shares HTML appearance without changing TOC status or source
01:42 +408: /home/albert/busystack/busymark/test/src/html_publication_test.dart: Writerside module origins preserve includes, variables, file identity and nullable links
01:42 +409: /home/albert/busystack/busymark/test/src/html_publication_test.dart: definition lists preserve individual disclosure states and IDs
01:42 +410: /home/albert/busystack/busymark/test/src/html_publication_test.dart: web filename and index collisions identify both topics before publication
01:42 +411: /home/albert/busystack/busymark/test/src/html_publication_test.dart: Writerside publication uses canonical effective web filenames
01:42 +412: /home/albert/busystack/busymark/test/src/html_publication_test.dart: source and media are captured before progress or later editor changes
01:42 +413: /home/albert/busystack/busymark/test/src/html_publication_test.dart: publication failure retains previous HTML and referenced immutable assets
01:43 +414: /home/albert/busystack/busymark/test/src/html_publication_test.dart: duplicate explicit IDs warn, non-Latin footnotes and document IDs resolve
01:43 +415: loading /home/albert/busystack/busymark/test/src/spelling_service_test.dart
01:44 +415: /home/albert/busystack/busymark/test/src/spelling_service_test.dart: document kinds expose one authoritative spelling capability
01:44 +416: /home/albert/busystack/busymark/test/src/spelling_service_test.dart: effective spelling language preserves document and project order
01:44 +417: /home/albert/busystack/busymark/test/src/spelling_service_test.dart: session identity changes when a stable buffer is saved to a path
01:44 +418: /home/albert/busystack/busymark/test/src/spelling_service_test.dart: downloaded dictionaries use revision-shared Snap storage
01:44 +419: /home/albert/busystack/busymark/test/src/spelling_service_test.dart: first save and Save As republish source routing immediately
01:46 +420: /home/albert/busystack/busymark/test/src/spelling_service_test.dart: persistent spelling words rereads and merges independent external changes
01:46 +421: /home/albert/busystack/busymark/test/src/spelling_service_test.dart: persistent spelling words coordinates writers in independent application processes
01:48 +422: /home/albert/busystack/busymark/test/src/spelling_service_test.dart: persistent spelling words merges an external edit injected after staging
01:48 +423: /home/albert/busystack/busymark/test/src/spelling_service_test.dart: persistent spelling words merges an external replacement after the atomic exchange
01:49 +424: /home/albert/busystack/busymark/test/src/spelling_service_test.dart: persistent spelling words preserves a newer destination and the rejected displaced version
01:49 +425: /home/albert/busystack/busymark/test/src/spelling_service_test.dart: persistent spelling words preserves case while merging canonical Unicode equivalents
01:49 +426: /home/albert/busystack/busymark/test/src/spelling_service_test.dart: persistent spelling words rebuilds untrusted stored keys from validated display values
01:49 +427: /home/albert/busystack/busymark/test/src/spelling_service_test.dart: persistent spelling words case-distinct words survive restart into the native worker
01:49 +428: /home/albert/busystack/busymark/test/src/spelling_service_test.dart: persistent spelling words malformed storage is reported instead of overwritten
01:49 +429: /home/albert/busystack/busymark/test/src/spelling_service_test.dart: staging validation accepts numeric header revisions and count drift
01:49 +430: /home/albert/busystack/busymark/test/src/spelling_service_test.dart: dictionary import publishes a complete pair only after validation
01:49 +431: /home/albert/busystack/busymark/test/src/spelling_service_test.dart: on-demand dictionary installation installs only one shared resource and reuses it by locale
01:49 +432: /home/albert/busystack/busymark/test/src/spelling_service_test.dart: on-demand dictionary installation cancellation and checksum failure leave no installation
01:49 +433: /home/albert/busystack/busymark/test/src/spelling_service_test.dart: on-demand dictionary installation cancellation observes the atomic publication commit point
01:49 +434: /home/albert/busystack/busymark/test/src/spelling_service_test.dart: on-demand dictionary installation a stale invalid record cannot remove a repaired installation
01:49 +435: /home/albert/busystack/busymark/test/src/spelling_service_test.dart: on-demand dictionary installation a stale valid descriptor cannot remove a replacement in another process
01:50 +436: /home/albert/busystack/busymark/test/src/spelling_service_test.dart: on-demand dictionary installation catalog waits through a replacement publication gap
01:50 +437: /home/albert/busystack/busymark/test/src/spelling_service_test.dart: on-demand dictionary installation a late no-replace publisher cannot replace a completed installation
01:50 +438: /home/albert/busystack/busymark/test/src/spelling_service_test.dart: on-demand dictionary installation independent process observes the published no-replace destination
01:51 +439: /home/albert/busystack/busymark/test/src/spelling_service_test.dart: on-demand dictionary installation stalled response times out, cancels, and permits retry
01:51 +440: /home/albert/busystack/busymark/test/src/spelling_service_test.dart: on-demand dictionary installation asynchronous output sink errors fail the receiver without zone leaks
01:51 +441: /home/albert/busystack/busymark/test/src/spelling_service_test.dart: on-demand dictionary installation a failed replacement cannot damage a working installation
01:51 +442: /home/albert/busystack/busymark/test/src/spelling_service_test.dart: on-demand dictionary installation a failed controller download exposes a working retry
01:51 +443: /home/albert/busystack/busymark/test/src/spelling_service_test.dart: on-demand dictionary installation controller reserves an installation before coordinator startup
01:51 +444: /home/albert/busystack/busymark/test/src/spelling_service_test.dart: on-demand dictionary installation controller releases installation ownership after setup failure
01:51 +445: /home/albert/busystack/busymark/test/src/spelling_service_test.dart: on-demand dictionary installation controller cancellation remains with the reserved startup operation
01:51 +446: /home/albert/busystack/busymark/test/src/spelling_service_test.dart: aliased imports remain selectable across collision, restart, and removal
01:52 +447: /home/albert/busystack/busymark/test/src/spelling_service_test.dart: same-resource import collision is rejected before publication
01:52 +448: /home/albert/busystack/busymark/test/src/spelling_service_test.dart: an import does not impersonate the downloadable resource row
01:52 +449: /home/albert/busystack/busymark/test/src/spelling_service_test.dart: invalid imported installation is removable by exact record
01:52 +450: /home/albert/busystack/busymark/test/src/spelling_service_test.dart: invalid downloaded installation repairs through settings API
01:52 +451: /home/albert/busystack/busymark/test/src/spelling_service_test.dart: Ignore Once keeps its authored anchor across editor modes
01:52 +452: /home/albert/busystack/busymark/test/src/spelling_service_test.dart: source hit testing excludes formatting and link destination gaps
01:52 +453: /home/albert/busystack/busymark/test/src/spelling_service_test.dart: Ignore Once follows one transaction across edit, undo, redo, and tabs
01:52 +454: /home/albert/busystack/busymark/test/src/spelling_service_test.dart: document ignores survive tab changes but not an actual close
01:52 +455: /home/albert/busystack/busymark/test/src/spelling_service_test.dart: a delayed suggestion cannot revive after language changes
01:52 +456: /home/albert/busystack/busymark/test/src/spelling_service_test.dart: a manual request waits for its own result while a check runs
01:52 +457: /home/albert/busystack/busymark/test/src/spelling_service_test.dart: checks in bounded batches and reuses unchanged run results
01:52 +458: /home/albert/busystack/busymark/test/src/spelling_service_test.dart: cached runs cover the complete checked text across edits
01:52 +459: /home/albert/busystack/busymark/test/src/spelling_service_test.dart: a NUL suffix cannot complete checking and recovers after correction
01:52 +460: /home/albert/busystack/busymark/test/src/spelling_service_test.dart: project initialization publishes only the latest owner
01:53 +461: /home/albert/busystack/busymark/test/src/spelling_service_test.dart: older same-project Settings read cannot undo a newer snapshot
01:53 +462: /home/albert/busystack/busymark/test/src/spelling_service_test.dart: older project watcher read cannot undo Settings publication
01:53 +463: /home/albert/busystack/busymark/test/src/spelling_service_test.dart: project read begun during a mutation cannot undo its result
01:53 +464: /home/albert/busystack/busymark/test/src/spelling_service_test.dart: superseded project conflict read preserves newer state and error
01:53 +465: /home/albert/busystack/busymark/test/src/spelling_service_test.dart: superseded project watcher error cannot replace valid state
01:54 +466: /home/albert/busystack/busymark/test/src/spelling_service_test.dart: project watcher recovers after identical dictionary repair
01:54 +467: /home/albert/busystack/busymark/test/src/spelling_service_test.dart: project repair recovers a later failed preparation at latest revision
01:55 +468: /home/albert/busystack/busymark/test/src/spelling_service_test.dart: project reread does not clear an unrelated personal read failure
01:56 +469: /home/albert/busystack/busymark/test/src/spelling_service_test.dart: failed personal initialization retries after repair and shares first load
01:56 +470: /home/albert/busystack/busymark/test/src/spelling_service_test.dart: explicit checks and Settings refresh external personal words
01:56 +471: /home/albert/busystack/busymark/test/src/spelling_service_test.dart: late personal refresh cannot undo a newer local mutation
01:56 +472: /home/albert/busystack/busymark/test/src/spelling_service_test.dart: refresh begun during a personal mutation cannot undo its result
01:56 +473: /home/albert/busystack/busymark/test/src/spelling_service_test.dart: an older personal refresh cannot replace a newer publication
01:56 +474: /home/albert/busystack/busymark/test/src/spelling_service_test.dart: a superseded conflict read cannot replace a newer personal refresh
01:56 +475: /home/albert/busystack/busymark/test/src/spelling_service_test.dart: Settings holds a failed preparation until deliberate retry
01:58 +476: /home/albert/busystack/busymark/test/src/spelling_service_test.dart: warm no-workspace Settings refreshes personal words once
01:59 +477: /home/albert/busystack/busymark/test/src/spelling_service_test.dart: warm Settings observes an external dictionary removal once
01:59 +478: /home/albert/busystack/busymark/test/src/spelling_service_test.dart: leaving Settings during preparation ignores its late completion
02:00 +479: /home/albert/busystack/busymark/test/src/spelling_service_test.dart: concurrent first requests start exactly one worker
02:00 +480: /home/albert/busystack/busymark/test/src/spelling_service_test.dart: a project-word mutation cannot publish into a later project
02:01 +481: /home/albert/busystack/busymark/test/src/spelling_service_test.dart: new input hides old results before preparation can fail
02:01 +482: /home/albert/busystack/busymark/test/src/spelling_service_test.dart: external project-word edits refresh an open document
02:03 +483: /home/albert/busystack/busymark/test/src/spelling_service_test.dart: review dialog keeps one traversal through skip, back, correction, and persistence
02:06 +484: /home/albert/busystack/busymark/test/src/spelling_service_test.dart: review word-store conflict stays current and exposes preserved recovery path
02:07 +485: /home/albert/busystack/busymark/test/src/spelling_service_test.dart: equivalent rebuild does not cancel session initialization
02:07 +486: /home/albert/busystack/busymark/test/src/spelling_service_test.dart: automatic session checks after an unresolved language is selected
02:07 +487: /home/albert/busystack/busymark/test/src/spelling_service_test.dart: an available but absent dictionary is not downloaded implicitly
02:07 +488: /home/albert/busystack/busymark/test/src/spelling_service_test.dart: removing a downloaded pair keeps words and reports not installed
02:08 +489: /home/albert/busystack/busymark/test/src/spelling_service_test.dart: warm instance refreshes external installation at explicit boundaries
02:08 +490: /home/albert/busystack/busymark/test/src/spelling_service_test.dart: warm instance replaces an active imported dictionary fingerprint
02:08 +491: /home/albert/busystack/busymark/test/src/spelling_service_test.dart: concurrent warm catalog preparations share one owned read
02:08 +492: /home/albert/busystack/busymark/test/src/spelling_service_test.dart: a delayed catalog read cannot undo a local installation
02:08 +493: /home/albert/busystack/busymark/test/src/spelling_service_test.dart: a failed warm catalog refresh remains retryable
02:08 +494: /home/albert/busystack/busymark/test/src/spelling_service_test.dart: automatic checking rereads inventory after dictionary load fails
02:08 +495: /home/albert/busystack/busymark/test/src/spelling_service_test.dart: long-lived spelling worker catalog validation requires its resource-specific probe
02:08 +496: /home/albert/busystack/busymark/test/src/spelling_service_test.dart: long-lived spelling worker projects source and rich snapshots through reusable messages
02:08 +497: /home/albert/busystack/busymark/test/src/spelling_service_test.dart: long-lived spelling worker incrementally reuses unaffected plain Markdown runs
02:08 +498: /home/albert/busystack/busymark/test/src/spelling_service_test.dart: long-lived spelling worker incremental Markdown projection agrees with a fresh structural parse
02:08 +499: /home/albert/busystack/busymark/test/src/spelling_service_test.dart: long-lived spelling worker projection cache rebinds source targets after Save As
02:08 +500: /home/albert/busystack/busymark/test/src/spelling_service_test.dart: long-lived spelling worker project custom words do not leak between contexts
02:08 +501: /home/albert/busystack/busymark/test/src/spelling_service_test.dart: long-lived spelling worker quoted corrections retain straight and curly punctuation
02:08 +502: /home/albert/busystack/busymark/test/src/spelling_service_test.dart: long-lived spelling worker quotation context survives projection and worker barriers
02:08 +503: /home/albert/busystack/busymark/test/src/spelling_service_test.dart: long-lived spelling worker quotation context survives a bounded worker chunk
02:09 +504: /home/albert/busystack/busymark/test/src/spelling_service_test.dart: long-lived spelling worker removing a custom exception does not forbid a base word
02:09 +505: /home/albert/busystack/busymark/test/src/spelling_service_test.dart: long-lived spelling worker prose around 64 KiB is checked across bounded chunks
02:09 +506: /home/albert/busystack/busymark/test/src/spelling_service_test.dart: long-lived spelling worker isolates encoding and oversized-token failures
02:09 +507: /home/albert/busystack/busymark/test/src/spelling_service_test.dart: long-lived spelling worker normal, large, and superseded checks stay bounded
spelling benchmark: normal=4ms large/latest=136ms suggestion=0ms
02:09 +508: loading /home/albert/busystack/busymark/test/src/header_bar_configuration_test.dart
02:11 +508: /home/albert/busystack/busymark/test/src/header_bar_configuration_test.dart: rapid navigation applies only monotonic complete configurations
02:11 +509: /home/albert/busystack/busymark/test/src/header_bar_configuration_test.dart: a new Dart session can restart native revisions from one
02:11 +510: /home/albert/busystack/busymark/test/src/header_bar_configuration_test.dart: modal depth is an atomic overlay on the latest page state
02:11 +511: /home/albert/busystack/busymark/test/src/header_bar_configuration_test.dart: modal barrier is retained before the first page publishes
02:11 +512: /home/albert/busystack/busymark/test/src/header_bar_configuration_test.dart: older runners fall back once to the ordered legacy protocol
02:11 +513: /home/albert/busystack/busymark/test/src/header_bar_configuration_test.dart: failed atomic apply keeps the last success and retries the same desired state
02:11 +514: /home/albert/busystack/busymark/test/src/header_bar_configuration_test.dart: theme map contains the native semantic visual roles
02:11 +515: /home/albert/busystack/busymark/test/src/header_bar_configuration_test.dart: native header labels expose only application-menu commands
02:11 +516: loading /home/albert/busystack/busymark/test/src/source_audit_test.dart
02:11 +516: /home/albert/busystack/busymark/test/src/source_audit_test.dart: source tree has BusyMark identity and no removed domain surfaces
02:13 +517: /home/albert/busystack/busymark/test/src/source_audit_test.dart: pubspec package name is busymark
02:13 +518: /home/albert/busystack/busymark/test/src/source_audit_test.dart: release version metadata stays in sync
02:13 +519: /home/albert/busystack/busymark/test/src/source_audit_test.dart: top-level app routes do not animate between desktop surfaces
02:13 +520: /home/albert/busystack/busymark/test/src/source_audit_test.dart: Flutter UI resolves icons through the BusyMark glyph catalog
02:14 +521: /home/albert/busystack/busymark/test/src/source_audit_test.dart: preview output actions are not present
02:14 +522: /home/albert/busystack/busymark/test/src/source_audit_test.dart: product stderr logging is isolated behind debug logging
02:14 +523: /home/albert/busystack/busymark/test/src/source_audit_test.dart: grouped action rows use one BusyMark-owned rounded surface
02:14 +524: /home/albert/busystack/busymark/test/src/source_audit_test.dart: BusyMark dialog title bars use the same surface as dialog body
02:14 +525: /home/albert/busystack/busymark/test/src/source_audit_test.dart: BusyMark dialog buttons are thin semantic framework adapters
02:14 +526: /home/albert/busystack/busymark/test/src/source_audit_test.dart: Writerside New Topic uses the established modal editor components
02:14 +527: /home/albert/busystack/busymark/test/src/source_audit_test.dart: shared grouped surfaces use native card shadow layers
02:14 +528: /home/albert/busystack/busymark/test/src/source_audit_test.dart: filled grouped action surfaces use the shared grouped surface
02:14 +529: /home/albert/busystack/busymark/test/src/source_audit_test.dart: semantic surfaces are centralized while inputs retain Yaru geometry
02:14 +530: /home/albert/busystack/busymark/test/src/source_audit_test.dart: split-view sidebars share one directional semantic boundary
02:14 +531: /home/albert/busystack/busymark/test/src/source_audit_test.dart: hardcoded UI colors stay in the shared design layer
02:14 +532: /home/albert/busystack/busymark/test/src/source_audit_test.dart: problems are opened from a popup instead of a bottom panel setting
02:14 +533: /home/albert/busystack/busymark/test/src/source_audit_test.dart: native search action toggles workspace search UI
02:14 +534: /home/albert/busystack/busymark/test/src/source_audit_test.dart: preview links are actionable instead of styled-only text
02:14 +535: /home/albert/busystack/busymark/test/src/source_audit_test.dart: inline preview images do not inherit link text decoration
02:14 +536: /home/albert/busystack/busymark/test/src/source_audit_test.dart: document views share direction resolution and keep code LTR
02:14 +537: /home/albert/busystack/busymark/test/src/source_audit_test.dart: Editor and Preview reuse the shared document callout surface
02:14 +538: /home/albert/busystack/busymark/test/src/source_audit_test.dart: document views reuse one code-block surface and typography
02:14 +539: /home/albert/busystack/busymark/test/src/source_audit_test.dart: Editor and Preview reuse one prose line-height style
02:14 +540: /home/albert/busystack/busymark/test/src/source_audit_test.dart: equivalent Editor and Preview blocks use shared document primitives
02:14 +541: /home/albert/busystack/busymark/test/src/source_audit_test.dart: workspace isolates technical labels only at rendering boundaries
02:14 +542: /home/albert/busystack/busymark/test/src/source_audit_test.dart: workspace sidebar tabs match the opened workspace kind
02:14 +543: /home/albert/busystack/busymark/test/src/source_audit_test.dart: sidebar tabs and editor hover use neutral native surfaces
02:14 +544: /home/albert/busystack/busymark/test/src/source_audit_test.dart: sidebar header menu uses shared popup menu
02:14 +545: /home/albert/busystack/busymark/test/src/source_audit_test.dart: shared popup menus prefer GTK with a themed framework fallback
02:14 +546: /home/albert/busystack/busymark/test/src/source_audit_test.dart: Git actions use the shared workspace-header popup
02:15 +547: /home/albert/busystack/busymark/test/src/source_audit_test.dart: Git changes view uses an integrated commit panel
02:15 +548: /home/albert/busystack/busymark/test/src/source_audit_test.dart: Git sidebar actions use the shared semantic button adapter
02:15 +549: /home/albert/busystack/busymark/test/src/source_audit_test.dart: settings selectors delegate to the shared native menu
02:15 +550: /home/albert/busystack/busymark/test/src/source_audit_test.dart: report issue form uses the native grouped modal editor
02:15 +551: /home/albert/busystack/busymark/test/src/source_audit_test.dart: data-entry dialogs use native grouped modal editors
02:15 +552: /home/albert/busystack/busymark/test/src/source_audit_test.dart: Writerside template workflow uses BusyMark and Yaru presentation
02:15 +553: /home/albert/busystack/busymark/test/src/source_audit_test.dart: sidebar trees share the expandable Yaru-style row
02:15 +554: /home/albert/busystack/busymark/test/src/source_audit_test.dart: recent workspaces expose one native menu action model
02:15 +555: /home/albert/busystack/busymark/test/src/source_audit_test.dart: history records reuse the Recent sidebar row
02:15 +556: /home/albert/busystack/busymark/test/src/source_audit_test.dart: outline tree drives source and preview heading navigation
02:15 +557: /home/albert/busystack/busymark/test/src/source_audit_test.dart: preview search navigation targets clicked result source span
02:15 +558: /home/albert/busystack/busymark/test/src/source_audit_test.dart: source editor line numbers use measured editor layout
02:15 +559: /home/albert/busystack/busymark/test/src/source_audit_test.dart: document view modes drive source preview and split layouts
02:15 +560: /home/albert/busystack/busymark/test/src/source_audit_test.dart: WYSIWYG toolbar exposes fuller Markdown controls
02:15 +561: /home/albert/busystack/busymark/test/src/source_audit_test.dart: WYSIWYG text selection does not paint full text block backgrounds
02:15 +562: /home/albert/busystack/busymark/test/src/source_audit_test.dart: Markdown image blocks render frameless and edit through dialog
02:15 +563: /home/albert/busystack/busymark/test/src/source_audit_test.dart: native context menus wait for the secondary pointer release
02:15 +564: /home/albert/busystack/busymark/test/src/source_audit_test.dart: source view has compact gutter without pane status chrome
02:15 +565: loading /home/albert/busystack/busymark/test/src/localization_audit_test.dart
02:16 +565: /home/albert/busystack/busymark/test/src/localization_audit_test.dart: production Dart does not hardcode obvious user-facing strings
02:16 +566: /home/albert/busystack/busymark/test/src/localization_audit_test.dart: native Linux GTK user-facing strings are not hardcoded
02:16 +567: /home/albert/busystack/busymark/test/src/localization_audit_test.dart: Linux package metadata matches supplied target locales
02:16 +568: /home/albert/busystack/busymark/test/src/localization_audit_test.dart: package metadata uses reviewed product wording in every locale
02:16 +569: /home/albert/busystack/busymark/test/src/localization_audit_test.dart: duplicate JSON key scanning respects nested object scopes
02:16 +570: /home/albert/busystack/busymark/test/src/localization_audit_test.dart: ARB catalogs have valid, unique message structure and locale IDs
02:16 +571: /home/albert/busystack/busymark/test/src/localization_audit_test.dart: all ARBs match the English messages and placeholders
02:17 +572: /home/albert/busystack/busymark/test/src/localization_audit_test.dart: destructive, save, and Git history actions remain distinct
02:17 +573: /home/albert/busystack/busymark/test/src/localization_audit_test.dart: English-identical target messages are explicitly reviewed
02:17 +574: /home/albert/busystack/busymark/test/src/localization_audit_test.dart: Syntax Reference is localized without legacy message keys
02:17 +575: /home/albert/busystack/busymark/test/src/localization_audit_test.dart: clipboard write failures are localized in every target locale
02:17 +576: /home/albert/busystack/busymark/test/src/localization_audit_test.dart: Portuguese and Chinese base catalogs contain reviewed UI prose
02:17 +577: /home/albert/busystack/busymark/test/src/localization_audit_test.dart: completed base-catalog plurals reach their supported branches
02:17 +578: /home/albert/busystack/busymark/test/src/localization_audit_test.dart: Russian and Ukrainian count messages render every reviewed form
02:17 +579: /home/albert/busystack/busymark/test/src/localization_audit_test.dart: Portuguese count messages distinguish singular and plural
02:17 +580: /home/albert/busystack/busymark/test/src/localization_audit_test.dart: Hindi unsaved-document prompt uses saved-state terminology
02:17 +581: /home/albert/busystack/busymark/test/src/localization_audit_test.dart: RTL translations isolate technical interpolations
02:17 +582: /home/albert/busystack/busymark/test/src/localization_audit_test.dart: Persian dynamic numbers use Persian digits
02:17 +583: /home/albert/busystack/busymark/test/src/localization_audit_test.dart: locale resolution considers all preferences and falls back to English
02:17 +584: /home/albert/busystack/busymark/test/src/localization_audit_test.dart: every selectable locale has a generated catalog
02:17 +585: /home/albert/busystack/busymark/test/src/localization_audit_test.dart: diagnostics localize at render time from codes and args
02:17 +586: loading /home/albert/busystack/busymark/test/src/spelling_bundle_integration_test.dart
02:22 +586: /home/albert/busystack/busymark/test/src/spelling_bundle_integration_test.dart: real en-CA checks pasted rich content completely in both editors
02:25 +587: /home/albert/busystack/busymark/test/src/spelling_bundle_integration_test.dart: packaged catalog opens real regional and non-Latin dictionaries
Shell: Failure loading aff file /home/albert/busystack/busymark/build/spelling-test/installed/es-UY/dictionary.aff
02:32 +588: /home/albert/busystack/busymark/test/src/spelling_bundle_integration_test.dart: real en-CA checks the general Markdown fixture completely
02:35 +589: loading /home/albert/busystack/busymark/test/src/command_registry_test.dart
02:36 +589: /home/albert/busystack/busymark/test/src/command_registry_test.dart: catalog includes every editor command with an executable callback
02:36 +590: /home/albert/busystack/busymark/test/src/command_registry_test.dart: catalog exposes stable unique IDs for all migrated shortcuts
02:36 +591: /home/albert/busystack/busymark/test/src/command_registry_test.dart: rejects duplicate command IDs
02:36 +592: /home/albert/busystack/busymark/test/src/command_registry_test.dart: rejects shortcut conflicts in the same command scope
02:36 +593: /home/albert/busystack/busymark/test/src/command_registry_test.dart: allows the same shortcut in distinct focus scopes
02:36 +594: /home/albert/busystack/busymark/test/src/command_registry_test.dart: executes only visible enabled bound commands
02:36 +595: /home/albert/busystack/busymark/test/src/command_registry_test.dart: contextual commands execute against the captured editor
02:36 +596: loading /home/albert/busystack/busymark/test/src/ai_packaging_audit_test.dart
02:37 +596: /home/albert/busystack/busymark/test/src/ai_packaging_audit_test.dart: Linux packages secure AI credential storage consistently
02:38 +597: /home/albert/busystack/busymark/test/src/ai_packaging_audit_test.dart: real local AI qualification covers every shipped action
02:38 +598: loading /home/albert/busystack/busymark/test/src/markdown_source_structure_test.dart
02:39 +598: /home/albert/busystack/busymark/test/src/markdown_source_structure_test.dart: source line bounds treat offsets as insertion positions
02:39 +599: /home/albert/busystack/busymark/test/src/markdown_source_structure_test.dart: table cell spans respect meaningful outer pipes and escaping
02:39 +600: /home/albert/busystack/busymark/test/src/markdown_source_structure_test.dart: escaped terminal pipes remain in the final cell source span
02:39 +601: loading /home/albert/busystack/busymark/test/src/visualization_raster_sizing_test.dart
02:40 +601: /home/albert/busystack/busymark/test/src/visualization_raster_sizing_test.dart: wide preview fits identically through D2 and WebKit renderers
02:40 +602: /home/albert/busystack/busymark/test/src/visualization_raster_sizing_test.dart: wide PDF fits identically through D2 and WebKit renderers
02:40 +603: /home/albert/busystack/busymark/test/src/visualization_raster_sizing_test.dart: area-constrained PDF fits identically through D2 and WebKit renderers
02:40 +604: loading /home/albert/busystack/busymark/test/src/writerside_template_service_test.dart
02:44 +604: /home/albert/busystack/busymark/test/src/writerside_template_service_test.dart: real installed catalog has six default families and 22 bundled TGDP topics
02:45 +605: /home/albert/busystack/busymark/test/src/writerside_template_service_test.dart: literal substitution is simultaneous, case-sensitive, XML-only escaped
02:45 +606: /home/albert/busystack/busymark/test/src/writerside_template_service_test.dart: save source matches installed first-match substring behavior
02:45 +607: /home/albert/busystack/busymark/test/src/writerside_template_service_test.dart: TGDP brace escaping preserves attribute blocks and rewrites relative links
02:45 +608: /home/albert/busystack/busymark/test/src/writerside_template_service_test.dart: save, unique naming, restart, cancellation snapshot and stale edit rejection
02:45 +609: /home/albert/busystack/busymark/test/src/writerside_template_service_test.dart: concurrent saves serialize without losing templates
02:45 +610: /home/albert/busystack/busymark/test/src/writerside_template_service_test.dart: custom and Internal templates may share a name (custom first: true)
02:45 +611: /home/albert/busystack/busymark/test/src/writerside_template_service_test.dart: custom and Internal templates may share a name (custom first: false)
02:45 +612: /home/albert/busystack/busymark/test/src/writerside_template_service_test.dart: corrupt and symbolic-link stores are never replaced
02:45 +613: /home/albert/busystack/busymark/test/src/writerside_template_service_test.dart: builtin overrides persist independently and reset reveals original source
02:45 +614: /home/albert/busystack/busymark/test/src/writerside_template_service_test.dart: template bytes are published in the guarded creation transaction and rolled back on conflict
02:45 +615: /home/albert/busystack/busymark/test/src/writerside_template_service_test.dart: invalid XML templates and colliding root IDs never publish a topic or TOC edit
02:45 +616: loading /home/albert/busystack/busymark/test/src/writerside_test.dart
02:46 +616: /home/albert/busystack/busymark/test/src/writerside_test.dart: parses writerside.cfg directories and registered instances
02:46 +617: /home/albert/busystack/busymark/test/src/writerside_test.dart: parses documented full writerside.cfg metadata
02:46 +618: /home/albert/busystack/busymark/test/src/writerside_test.dart: parses documented config defaults
02:46 +619: /home/albert/busystack/busymark/test/src/writerside_test.dart: parses attribute defaults for present config elements
02:46 +620: /home/albert/busystack/busymark/test/src/writerside_test.dart: parses documented topic title overrides and web file names
02:46 +621: /home/albert/busystack/busymark/test/src/writerside_test.dart: Markdown web filename metadata ignores literal examples
02:46 +622: /home/albert/busystack/busymark/test/src/writerside_test.dart: XML topic metadata is scoped to direct topic children
02:46 +623: /home/albert/busystack/busymark/test/src/writerside_test.dart: parses .tree metadata and TOC hierarchy
02:46 +624: /home/albert/busystack/busymark/test/src/writerside_test.dart: Writerside topic XML exposes semantic math to the shared preview
02:46 +625: /home/albert/busystack/busymark/test/src/writerside_test.dart: loads basic Writerside project with topics and no missing topic diagnostics
02:46 +626: /home/albert/busystack/busymark/test/src/writerside_test.dart: does not parse a Writerside config above the byte limit
02:46 +627: /home/albert/busystack/busymark/test/src/writerside_test.dart: rejects configured paths outside the module root
02:46 +628: /home/albert/busystack/busymark/test/src/writerside_test.dart: rejects a configured topic root reached through a symlink
02:46 +629: /home/albert/busystack/busymark/test/src/writerside_test.dart: rejects a Writerside config file reached through a symlink
02:46 +630: /home/albert/busystack/busymark/test/src/writerside_test.dart: loads project.ihp as an equivalent Writerside config file
02:46 +631: /home/albert/busystack/busymark/test/src/writerside_test.dart: loads topics from multiple configured topic roots
02:46 +632: /home/albert/busystack/busymark/test/src/writerside_test.dart: resolves exact topic reference before basename fallback
02:46 +633: /home/albert/busystack/busymark/test/src/writerside_test.dart: reports duplicate topic IDs in a help module
02:46 +634: /home/albert/busystack/busymark/test/src/writerside_test.dart: reports ambiguous basename fallback after exact matching misses
02:46 +635: /home/albert/busystack/busymark/test/src/writerside_test.dart: resolves Markdown links across configured topic roots
02:46 +636: /home/albert/busystack/busymark/test/src/writerside_test.dart: reports ambiguous basename topic references deterministically
02:46 +637: /home/albert/busystack/busymark/test/src/writerside_test.dart: broken Writerside project produces deterministic diagnostics
02:47 +638: /home/albert/busystack/busymark/test/src/writerside_test.dart: resolves basename images in nested Writerside image directories
02:47 +639: /home/albert/busystack/busymark/test/src/writerside_test.dart: resolves local images from secondary configured image roots
02:47 +640: /home/albert/busystack/busymark/test/src/writerside_test.dart: parses the documented instance tree elements and attributes
02:47 +641: /home/albert/busystack/busymark/test/src/writerside_test.dart: rejects redirect-source attributes on empty TOC groups
02:47 +642: /home/albert/busystack/busymark/test/src/writerside_test.dart: module service retains empty-group redirect-source diagnostics
02:47 +643: /home/albert/busystack/busymark/test/src/writerside_test.dart: resolves registered TOC libraries, filters, groups, and cross-instance refs
02:47 +644: /home/albert/busystack/busymark/test/src/writerside_test.dart: reports circular reusable tree includes without recursing
02:47 +645: /home/albert/busystack/busymark/test/src/writerside_test.dart: included content still requires a regular instance home page
02:47 +646: /home/albert/busystack/busymark/test/src/writerside_test.dart: ignores status-specific values for general instance settings
02:47 +647: /home/albert/busystack/busymark/test/src/writerside_test.dart: conformance fixture is a valid openable Writerside module
02:47 +648: loading /home/albert/busystack/busymark/test/src/linux_page_frame_test.dart
02:48 +648: /home/albert/busystack/busymark/test/src/linux_page_frame_test.dart: narrow title stays centered between the controls when resized
02:49 +649: /home/albert/busystack/busymark/test/src/linux_page_frame_test.dart: header title fits asymmetric controls at width 500.0 in TextDirection.rtl
02:50 +650: /home/albert/busystack/busymark/test/src/linux_page_frame_test.dart: header title fits asymmetric controls at width 500.0 in TextDirection.ltr
02:50 +651: /home/albert/busystack/busymark/test/src/linux_page_frame_test.dart: header title fits asymmetric controls at width 800.0 in TextDirection.rtl
02:50 +652: /home/albert/busystack/busymark/test/src/linux_page_frame_test.dart: header title fits asymmetric controls at width 800.0 in TextDirection.ltr
02:50 +653: /home/albert/busystack/busymark/test/src/linux_page_frame_test.dart: Brightness.dark seam paints the same subtle color across header and body
02:50 +654: /home/albert/busystack/busymark/test/src/linux_page_frame_test.dart: Brightness.light seam paints the same subtle color across header and body
02:50 +655: /home/albert/busystack/busymark/test/src/linux_page_frame_test.dart: one viewport owns the full-height sidebar edge at every frame
02:50 +656: /home/albert/busystack/busymark/test/src/linux_page_frame_test.dart: unrelated rebuild preserves partial progress and body state
02:50 +657: /home/albert/busystack/busymark/test/src/linux_page_frame_test.dart: breakpoint settlement is immediate and retained state survives
02:50 +658: /home/albert/busystack/busymark/test/src/linux_page_frame_test.dart: RTL and fractional device pixels share one snapped edge
02:50 +659: /home/albert/busystack/busymark/test/src/linux_page_frame_test.dart: divider follows the snapped physical viewport while opening and closing
02:50 +660: /home/albert/busystack/busymark/test/src/linux_page_frame_test.dart: animation setting settles a running reveal to its logical target
02:50 +661: /home/albert/busystack/busymark/test/src/linux_page_frame_test.dart: header receives only the presented system-control obstruction
02:50 +662: /home/albert/busystack/busymark/test/src/linux_page_frame_test.dart: frame is the single owner of the full-height sidebar seam
02:50 +663: loading /home/albert/busystack/busymark/test/src/writerside_toc_regressions_test.dart
02:51 +663: /home/albert/busystack/busymark/test/src/writerside_toc_regressions_test.dart: tree-to-editor sync opens selected topic even with a .tree editor active
02:55 +664: /home/albert/busystack/busymark/test/src/writerside_toc_regressions_test.dart: editor-to-TOC sync resolves qualified identities and chooses breadth-first occurrence
02:58 +665: /home/albert/busystack/busymark/test/src/writerside_toc_regressions_test.dart: live removal dialog uses documented confirmation, redirect label and usage count
03:01 +666: /home/albert/busystack/busymark/test/src/writerside_toc_regressions_test.dart: New Topic surfaces expose local Markdown import only at root/sibling
03:02 +667: /home/albert/busystack/busymark/test/src/writerside_toc_regressions_test.dart: Empty MD Topic creates an editable document when Reading mode is active, preserving other tabs
03:05 +668: /home/albert/busystack/busymark/test/src/writerside_toc_regressions_test.dart: Empty XML Topic creates an editable document when Reading mode is active, preserving other tabs
03:08 +669: /home/albert/busystack/busymark/test/src/writerside_toc_regressions_test.dart: Topic from Template... creates an editable document when Reading mode is active, preserving other tabs
03:11 +670: loading /home/albert/busystack/busymark/test/src/busymark_search_field_test.dart
03:11 +670: /home/albert/busystack/busymark/test/src/busymark_search_field_test.dart: header Escape preserves the query for the next search
03:12 +671: /home/albert/busystack/busymark/test/src/busymark_search_field_test.dart: search fallback uses the normal Yaru-themed entry geometry
03:12 +672: /home/albert/busystack/busymark/test/src/busymark_search_field_test.dart: focus request targets the themed text entry
03:12 +673: /home/albert/busystack/busymark/test/src/busymark_search_field_test.dart: Escape clears the query and closes the owner
03:12 +674: loading /home/albert/busystack/busymark/test/src/writerside_toc_workspace_test.dart
03:14 +674: /home/albert/busystack/busymark/test/src/writerside_toc_workspace_test.dart: row titles, markers and included source identity use selected context
03:15 +675: /home/albert/busystack/busymark/test/src/writerside_toc_workspace_test.dart: linking retains source bytes and rejects a now-present candidate
03:15 +676: /home/albert/busystack/busymark/test/src/writerside_toc_workspace_test.dart: home reassignment preserves other instances and unrelated attributes
03:15 +677: /home/albert/busystack/busymark/test/src/writerside_toc_workspace_test.dart: linking initializes the first-topic home page: empty instance
03:15 +678: /home/albert/busystack/busymark/test/src/writerside_toc_workspace_test.dart: linking initializes the first-topic home page: groups only
03:15 +679: /home/albert/busystack/busymark/test/src/writerside_toc_workspace_test.dart: linking initializes the first-topic home page: existing home
03:15 +680: /home/albert/busystack/busymark/test/src/writerside_toc_workspace_test.dart: linking initializes the first-topic home page: library
03:15 +681: /home/albert/busystack/busymark/test/src/writerside_toc_workspace_test.dart: linking initializes the first-topic home page: empty group insertion
03:16 +682: /home/albert/busystack/busymark/test/src/writerside_toc_workspace_test.dart: linking initializes the first-topic home page: existing nested topic
03:16 +683: /home/albert/busystack/busymark/test/src/writerside_toc_workspace_test.dart: first linked topic and home assignment share the same publication guard
03:16 +684: /home/albert/busystack/busymark/test/src/writerside_toc_workspace_test.dart: title transaction rolls back both files on a concurrent dirty-buffer guard
03:16 +685: /home/albert/busystack/busymark/test/src/writerside_toc_workspace_test.dart: XML duplicate copies source, changes only root ID, adds basic sibling
03:16 +686: /home/albert/busystack/busymark/test/src/writerside_toc_workspace_test.dart: sort revalidates title dependencies before publishing the tree
03:16 +687: /home/albert/busystack/busymark/test/src/writerside_toc_workspace_test.dart: safe deletion rechecks dirty-buffer guard and rolls back earlier edits
03:16 +688: loading /home/albert/busystack/busymark/test/src/writerside_pdf_export_test.dart
03:17 +688: /home/albert/busystack/busymark/test/src/writerside_pdf_export_test.dart: repeated list includes restart numbering in the final PDF
03:19 +689: /home/albert/busystack/busymark/test/src/writerside_pdf_export_test.dart: final PDF keeps alphabetic starts, separate decimal lists and procedure numbering
03:19 +690: /home/albert/busystack/busymark/test/src/writerside_pdf_export_test.dart: unresolved TOC origin or shared topic fails explicitly (unknown)
03:19 +691: /home/albert/busystack/busymark/test/src/writerside_pdf_export_test.dart: unresolved TOC origin or shared topic fails explicitly (shared-pdf)
03:19 +692: /home/albert/busystack/busymark/test/src/writerside_pdf_export_test.dart: PDF selects shared TOC topics with filename collision=false
03:19 +693: /home/albert/busystack/busymark/test/src/writerside_pdf_export_test.dart: PDF selects shared TOC topics with filename collision=true
03:19 +694: /home/albert/busystack/busymark/test/src/writerside_pdf_export_test.dart: final PDF retains procedure titles, definition terms and linked targets (diagram rendered=true)
03:19 +695: /home/albert/busystack/busymark/test/src/writerside_pdf_export_test.dart: final PDF retains procedure titles, definition terms and linked targets (diagram rendered=false)
03:20 +696: /home/albert/busystack/busymark/test/src/writerside_pdf_export_test.dart: bundled Typst compiles semantic tables, anchors and glossary footnotes
03:20 +697: /home/albert/busystack/busymark/test/src/writerside_pdf_export_test.dart: PDF retains nested chapter bodies and resolves unique internal destinations
03:20 +698: /home/albert/busystack/busymark/test/src/writerside_pdf_export_test.dart: Markdown topic links retain their PDF destinations
03:20 +699: /home/albert/busystack/busymark/test/src/writerside_pdf_export_test.dart: Markdown topic blank lines remain explicit in Writerside PDF
03:20 +700: /home/albert/busystack/busymark/test/src/writerside_pdf_export_test.dart: native export composes the selected instance without a container runtime
03:20 +701: /home/albert/busystack/busymark/test/src/writerside_pdf_export_test.dart: hidden topics remain content and toc-title stays navigation-only
03:20 +702: /home/albert/busystack/busymark/test/src/writerside_pdf_export_test.dart: referenced diagrams keep resolved source and all tab panels reach PDF
03:20 +703: /home/albert/busystack/busymark/test/src/writerside_pdf_export_test.dart: pre-cancelled native export never starts PDF compilation
03:20 +704: /home/albert/busystack/busymark/test/src/writerside_pdf_export_test.dart: unknown Writerside instance is rejected before compilation
03:20 +705: /home/albert/busystack/busymark/test/src/writerside_pdf_export_test.dart: resolution errors prevent PDF compilation
03:20 +706: /home/albert/busystack/busymark/test/src/writerside_pdf_export_test.dart: module validation errors prevent PDF compilation
03:20 +707: /home/albert/busystack/busymark/test/src/writerside_pdf_export_test.dart: module validation warnings are returned to the caller
03:20 +708: /home/albert/busystack/busymark/test/src/writerside_pdf_export_test.dart: nonfatal resolution diagnostics are returned as PDF warnings
03:20 +709: /home/albert/busystack/busymark/test/src/writerside_pdf_export_test.dart: native exporter failures use Writerside failure codes
03:20 +710: /home/albert/busystack/busymark/test/src/writerside_pdf_export_test.dart: native Writerside fixture compiles end to end with bundled Typst
03:20 +711: loading /home/albert/busystack/busymark/test/src/clipboard_history_test.dart
03:21 +711: /home/albert/busystack/busymark/test/src/clipboard_history_test.dart: retains newest first, deduplicates, removes, clears, and evicts by count
03:21 +712: /home/albert/busystack/busymark/test/src/clipboard_history_test.dart: accounts byte budget and rejects an oversized item without truncation
03:21 +713: /home/albert/busystack/busymark/test/src/clipboard_history_test.dart: collection off leaves existing entries and blocks new retention
03:21 +714: /home/albert/busystack/busymark/test/src/clipboard_history_test.dart: current external clipboard remains transient until explicitly retained
03:21 +715: /home/albert/busystack/busymark/test/src/clipboard_history_test.dart: current external HTML keeps its rich and interoperable text representations
03:21 +716: /home/albert/busystack/busymark/test/src/clipboard_history_test.dart: current HTML-only clipboard is eligible without internal ownership
03:21 +717: /home/albert/busystack/busymark/test/src/clipboard_history_test.dart: current source-only clipboard does not invent plain text
03:21 +718: /home/albert/busystack/busymark/test/src/clipboard_history_test.dart: equal visible text with different structure stays distinct
03:21 +719: /home/albert/busystack/busymark/test/src/clipboard_history_test.dart: equal relative markup from different origins stays distinct
03:21 +720: /home/albert/busystack/busymark/test/src/clipboard_history_test.dart: retains whitespace-only text and owns image bytes immutably
03:21 +721: /home/albert/busystack/busymark/test/src/clipboard_history_test.dart: a new provider session starts with no retained history
03:21 +722: /home/albert/busystack/busymark/test/src/clipboard_history_test.dart: insertion registry follows latest target and never retains disposed targets
03:21 +723: /home/albert/busystack/busymark/test/src/clipboard_history_test.dart: unknown token cannot recover rich data through equal plain text
03:21 +724: /home/albert/busystack/busymark/test/src/clipboard_history_test.dart: rich ownership is byte bounded and shares equivalent media
03:21 +725: loading /home/albert/busystack/busymark/test/src/ai_reliability_test.dart
03:24 +725: /home/albert/busystack/busymark/test/src/ai_reliability_test.dart: coordinator honors Retry-After and caps retry attempts
03:24 +726: /home/albert/busystack/busymark/test/src/ai_reliability_test.dart: coordinator never retries after partial output
03:24 +727: /home/albert/busystack/busymark/test/src/ai_reliability_test.dart: coordinator bounds all retries by one total deadline
03:24 +728: /home/albert/busystack/busymark/test/src/ai_reliability_test.dart: global permit pool limits requests across different targets
03:24 +729: /home/albert/busystack/busymark/test/src/ai_reliability_test.dart: request-id cancellation cannot cancel a newer request for the target
03:24 +730: /home/albert/busystack/busymark/test/src/ai_reliability_test.dart: model fallback stays inside the explicitly selected provider
03:24 +731: /home/albert/busystack/busymark/test/src/ai_reliability_test.dart: Ollama uses an absolute deadline even while bytes keep arriving
03:24 +732: /home/albert/busystack/busymark/test/src/ai_reliability_test.dart: cancellation interrupts the preliminary Ollama model request
03:24 +733: /home/albert/busystack/busymark/test/src/ai_reliability_test.dart: Retry-After supports seconds and HTTP dates without negatives
03:24 +734: loading /home/albert/busystack/busymark/test/src/markdown_serializer_metadata_test.dart
03:27 +734: /home/albert/busystack/busymark/test/src/markdown_serializer_metadata_test.dart: partially formatted URL source offsets and text atoms survive save and edit
03:28 +735: /home/albert/busystack/busymark/test/src/markdown_serializer_metadata_test.dart: URL punctuation beside surrounding formatting retains literal and style boundaries
03:29 +736: /home/albert/busystack/busymark/test/src/markdown_serializer_metadata_test.dart: surrounding formatting commits the same URL editing semantics as reopening
03:29 +737: /home/albert/busystack/busymark/test/src/markdown_serializer_metadata_test.dart: bare URL trailing literal punctuation survives serialization and reparse
03:29 +738: /home/albert/busystack/busymark/test/src/markdown_serializer_metadata_test.dart: bare URL character-reference suffix round-trips in MarkdownMode.commonMark: &copy;
03:29 +739: /home/albert/busystack/busymark/test/src/markdown_serializer_metadata_test.dart: bare URL character-reference suffix round-trips in MarkdownMode.commonMark: &amp;
03:29 +740: /home/albert/busystack/busymark/test/src/markdown_serializer_metadata_test.dart: bare URL character-reference suffix round-trips in MarkdownMode.commonMark: &amp;*<tag>
03:29 +741: /home/albert/busystack/busymark/test/src/markdown_serializer_metadata_test.dart: bare URL character-reference suffix round-trips in MarkdownMode.writersideMarkdown: &copy;
03:29 +742: /home/albert/busystack/busymark/test/src/markdown_serializer_metadata_test.dart: bare URL character-reference suffix round-trips in MarkdownMode.writersideMarkdown: &amp;
03:29 +743: /home/albert/busystack/busymark/test/src/markdown_serializer_metadata_test.dart: bare URL character-reference suffix round-trips in MarkdownMode.writersideMarkdown: &amp;*<tag>
03:29 +744: /home/albert/busystack/busymark/test/src/markdown_serializer_metadata_test.dart: unrecognized URL source preserves literal text and metadata in MarkdownMode.commonMark
03:29 +745: /home/albert/busystack/busymark/test/src/markdown_serializer_metadata_test.dart: unrecognized URL source preserves literal text and metadata in MarkdownMode.writersideMarkdown
03:29 +746: /home/albert/busystack/busymark/test/src/markdown_serializer_metadata_test.dart: descendant whitespace preservation prevents ancestor trimming
03:29 +747: /home/albert/busystack/busymark/test/src/markdown_serializer_metadata_test.dart: ordinary and metadata inline emission are byte-identical
03:29 +748: /home/albert/busystack/busymark/test/src/markdown_serializer_metadata_test.dart: bare URL offsets and text atoms stay exact through Enter, edit and save/reparse
03:29 +749: /home/albert/busystack/busymark/test/src/markdown_serializer_metadata_test.dart: bare leaf links use raw URL positions and explicit equal-label links retain delimiters
03:29 +750: /home/albert/busystack/busymark/test/src/markdown_serializer_metadata_test.dart: grouped breaks retain distinct source provenance in one traversal
03:29 +751: /home/albert/busystack/busymark/test/src/markdown_serializer_metadata_test.dart: text-leaf atoms use interior spans and exclude delimiters
03:29 +752: /home/albert/busystack/busymark/test/src/markdown_serializer_metadata_test.dart: table escaping translates leaf spans without changing source
03:29 +753: loading /home/albert/busystack/busymark/test/src/gtk_header_icon_service_test.dart
03:30 +753: /home/albert/busystack/busymark/test/src/gtk_header_icon_service_test.dart: semantic catalog uses the exact native GTK icon names
03:30 +754: /home/albert/busystack/busymark/test/src/gtk_header_icon_service_test.dart: initial load batches direction variants and preserves candidate order
03:30 +755: /home/albert/busystack/busymark/test/src/gtk_header_icon_service_test.dart: explicit Back role survives atomic theme and scale catalog replacement
03:30 +756: loading /home/albert/busystack/busymark/test/src/nextcloud_connection_test.dart
03:32 +756: /home/albert/busystack/busymark/test/src/nextcloud_connection_test.dart: setup stores password only in secret service and metadata in SQLite
03:33 +757: /home/albert/busystack/busymark/test/src/nextcloud_connection_test.dart: locked keyring fails setup without a plaintext account fallback
03:33 +758: /home/albert/busystack/busymark/test/src/nextcloud_connection_test.dart: Notes 6.0.1 connects with API 1.4
03:33 +759: /home/albert/busystack/busymark/test/src/nextcloud_connection_test.dart: production setup preserves the HTTPS-specific validation error
03:33 +760: /home/albert/busystack/busymark/test/src/nextcloud_connection_test.dart: unsupported API rolls back secret and revokes new token
03:33 +761: /home/albert/busystack/busymark/test/src/nextcloud_connection_test.dart: setup revokes the grant even if keyring cleanup fails
03:33 +762: /home/albert/busystack/busymark/test/src/nextcloud_connection_test.dart: reconnect preserves stable account identity and pending note cache
03:34 +763: /home/albert/busystack/busymark/test/src/nextcloud_connection_test.dart: different returned login cannot inherit the existing account outbox
03:34 +764: /home/albert/busystack/busymark/test/src/nextcloud_connection_test.dart: failed remote revocation still removes local account and secret
03:34 +765: /home/albert/busystack/busymark/test/src/nextcloud_connection_test.dart: locked keyring during removal retains account for explicit retry
03:34 +766: loading /home/albert/busystack/busymark/test/src/feedback_service_test.dart
03:35 +766: /home/albert/busystack/busymark/test/src/feedback_service_test.dart: posts the serialized request and returns the server reference
03:35 +767: /home/albert/busystack/busymark/test/src/feedback_service_test.dart: maps connection failures
03:35 +768: /home/albert/busystack/busymark/test/src/feedback_service_test.dart: maps response timeouts
03:35 +769: /home/albert/busystack/busymark/test/src/feedback_service_test.dart: maps HTTP 429 and preserves Retry-After
03:35 +770: /home/albert/busystack/busymark/test/src/feedback_service_test.dart: maps HTTP 400 and 422 to rejected request failures
03:35 +771: /home/albert/busystack/busymark/test/src/feedback_service_test.dart: maps server and malformed-response failures to server errors
03:35 +772: loading /home/albert/busystack/busymark/test/src/app_settings_test.dart
03:37 +772: /home/albert/busystack/busymark/test/src/app_settings_test.dart: hydration and redundant sidebar requests do not count as user transitions
03:37 +773: /home/albert/busystack/busymark/test/src/app_settings_test.dart: window behavior defaults protect unsaved changes
03:37 +774: /home/albert/busystack/busymark/test/src/app_settings_test.dart: reopen workspace setting is migration-safe
03:37 +775: /home/albert/busystack/busymark/test/src/app_settings_test.dart: document view mode defaults to editor
03:37 +776: /home/albert/busystack/busymark/test/src/app_settings_test.dart: auto save defaults to enabled
03:37 +777: /home/albert/busystack/busymark/test/src/app_settings_test.dart: history settings have bounded privacy-preserving defaults
03:37 +778: /home/albert/busystack/busymark/test/src/app_settings_test.dart: history settings validate persisted ranges and absolute exclusions
03:37 +779: /home/albert/busystack/busymark/test/src/app_settings_test.dart: AI defaults disabled and provider settings never persist secrets
03:37 +780: /home/albert/busystack/busymark/test/src/app_settings_test.dart: editing button direction defaults to horizontal
03:37 +781: /home/albert/busystack/busymark/test/src/app_settings_test.dart: editing button direction round-trips through settings JSON
03:37 +782: /home/albert/busystack/busymark/test/src/app_settings_test.dart: remote images default to blocked
03:37 +783: /home/albert/busystack/busymark/test/src/app_settings_test.dart: Git workspaces default to untrusted
03:37 +784: /home/albert/busystack/busymark/test/src/app_settings_test.dart: legacy preview visibility migrates to source mode when hidden
03:37 +785: /home/albert/busystack/busymark/test/src/app_settings_test.dart: language defaults to system locale
03:37 +786: /home/albert/busystack/busymark/test/src/app_settings_test.dart: language override persists as locale tag
03:37 +787: /home/albert/busystack/busymark/test/src/app_settings_test.dart: legacy Norwegian locale tag migrates to Bokmal
03:37 +788: /home/albert/busystack/busymark/test/src/app_settings_test.dart: supported script variants canonicalize to the available catalog
03:37 +789: /home/albert/busystack/busymark/test/src/app_settings_test.dart: regional variants canonicalize and unsupported tags are discarded
03:37 +790: /home/albert/busystack/busymark/test/src/app_settings_test.dart: unused product settings are not persisted
03:37 +791: /home/albert/busystack/busymark/test/src/app_settings_test.dart: file settings store keeps the live JSON intact until publication
03:39 +792: /home/albert/busystack/busymark/test/src/app_settings_test.dart: failed settings publication preserves the previous valid JSON
03:39 +793: /home/albert/busystack/busymark/test/src/app_settings_test.dart: window behavior settings persist
03:39 +794: /home/albert/busystack/busymark/test/src/app_settings_test.dart: auto save setting persists
03:39 +795: /home/albert/busystack/busymark/test/src/app_settings_test.dart: editing button direction setting persists
03:39 +796: /home/albert/busystack/busymark/test/src/app_settings_test.dart: Writerside instance selection and icon color persist across renames
03:39 +797: /home/albert/busystack/busymark/test/src/app_settings_test.dart: initial load preserves user actions made before it completes
03:39 +798: /home/albert/busystack/busymark/test/src/app_settings_test.dart: removing a recent workspace persists without affecting files
03:39 +799: /home/albert/busystack/busymark/test/src/app_settings_test.dart: remote image permissions persist globally and per workspace
03:39 +800: /home/albert/busystack/busymark/test/src/app_settings_test.dart: Git workspace trust persists, normalizes, and can be cleared
03:39 +801: /home/albert/busystack/busymark/test/src/app_settings_test.dart: Git workspace trust follows the canonical workspace identity
03:39 +802: /home/albert/busystack/busymark/test/src/app_settings_test.dart: stored Git trust does not follow a replaced canonical path
03:39 +803: /home/albert/busystack/busymark/test/src/app_settings_test.dart: Git trust preserves leading and trailing path whitespace
03:39 +804: loading /home/albert/busystack/busymark/test/src/spellcheck_projection_test.dart
03:40 +804: /home/albert/busystack/busymark/test/src/spellcheck_projection_test.dart: different live prose still reports incomplete instead of guessed mapping
03:40 +805: /home/albert/busystack/busymark/test/src/spellcheck_projection_test.dart: general Markdown fixture has complete Source and rich spelling mappings
03:41 +806: /home/albert/busystack/busymark/test/src/spellcheck_projection_test.dart: live HTML paste preserves prose and maps spelling before a reload
03:41 +807: /home/albert/busystack/busymark/test/src/spellcheck_projection_test.dart: pasted job maps tables, trailing HTML breaks and address barriers
03:41 +808: /home/albert/busystack/busymark/test/src/spellcheck_projection_test.dart: closing hashes are heading syntax only in an ATX heading
03:41 +809: /home/albert/busystack/busymark/test/src/spellcheck_projection_test.dart: Markdown spelling projection keeps literal unresolved and invalid apparent links checkable
03:41 +810: /home/albert/busystack/busymark/test/src/spellcheck_projection_test.dart: Markdown spelling projection resolves only parser-recognized links and images across revisions
03:41 +811: /home/albert/busystack/busymark/test/src/spellcheck_projection_test.dart: Markdown spelling projection keeps literal trailing braces in paragraph and heading prose
03:41 +812: /home/albert/busystack/busymark/test/src/spellcheck_projection_test.dart: Markdown spelling projection binds recognized images to their exact source occurrence
03:41 +813: /home/albert/busystack/busymark/test/src/spellcheck_projection_test.dart: Markdown spelling projection orders formatting from image labels and surrounding body
03:41 +814: /home/albert/busystack/busymark/test/src/spellcheck_projection_test.dart: Markdown spelling projection recognizes nested syntax inside exact image descriptions
03:41 +815: /home/albert/busystack/busymark/test/src/spellcheck_projection_test.dart: Markdown spelling projection excludes only trailing attributes recognized by the current mode
03:41 +816: /home/albert/busystack/busymark/test/src/spellcheck_projection_test.dart: Markdown spelling projection metadata does not split a surrounding Markdown word
03:41 +817: /home/albert/busystack/busymark/test/src/spellcheck_projection_test.dart: Markdown spelling projection corrects a Markdown body word across independent metadata
03:41 +818: /home/albert/busystack/busymark/test/src/spellcheck_projection_test.dart: Markdown spelling projection maps repeated and formatted prose without searching globally
03:41 +819: /home/albert/busystack/busymark/test/src/spellcheck_projection_test.dart: Markdown spelling projection keeps entities, escapes, links, and table cells source exact
03:41 +820: /home/albert/busystack/busymark/test/src/spellcheck_projection_test.dart: Markdown spelling projection keeps CRLF and repeated occurrence targets exact
03:41 +821: /home/albert/busystack/busymark/test/src/spellcheck_projection_test.dart: Markdown spelling projection uses barriers around excluded authored syntax
03:41 +822: /home/albert/busystack/busymark/test/src/spellcheck_projection_test.dart: Markdown spelling projection excludes a fenced code block nested in a block quote
03:41 +823: /home/albert/busystack/busymark/test/src/spellcheck_projection_test.dart: Markdown spelling projection keeps quoted list fences across blank continuations
03:41 +824: /home/albert/busystack/busymark/test/src/spellcheck_projection_test.dart: Markdown spelling projection counts tab columns in list fence continuations
03:41 +825: /home/albert/busystack/busymark/test/src/spellcheck_projection_test.dart: Markdown spelling projection keeps unmatched delimiters and removes only parsed formatting
03:41 +826: /home/albert/busystack/busymark/test/src/spellcheck_projection_test.dart: Markdown spelling projection maps quoted HTML attribute values from quote boundaries
03:41 +827: /home/albert/busystack/busymark/test/src/spellcheck_projection_test.dart: Markdown spelling projection preserves semantic HTML boundaries and multiline exclusions
03:41 +828: /home/albert/busystack/busymark/test/src/spellcheck_projection_test.dart: Markdown spelling projection keeps comparison prose and scans multiline HTML tags exactly
03:41 +829: /home/albert/busystack/busymark/test/src/spellcheck_projection_test.dart: Markdown spelling projection keeps escaped multiline tag-like prose checkable
03:41 +830: /home/albert/busystack/busymark/test/src/spellcheck_projection_test.dart: Markdown spelling projection removes delimiters when a correction empties formatting
03:41 +831: /home/albert/busystack/busymark/test/src/spellcheck_projection_test.dart: Markdown spelling projection uses parser-compatible percentages escapes and code spans
03:41 +832: /home/albert/busystack/busymark/test/src/spellcheck_projection_test.dart: Markdown spelling projection retains complete formatting ancestors across opaque children
03:41 +833: /home/albert/busystack/busymark/test/src/spellcheck_projection_test.dart: Markdown spelling projection validates formatting gaps in regional coordinates
03:41 +834: /home/albert/busystack/busymark/test/src/spellcheck_projection_test.dart: Markdown spelling projection accepts canonically equivalent mapped replacement text
03:41 +835: /home/albert/busystack/busymark/test/src/spellcheck_projection_test.dart: Markdown spelling projection link titles use exact quote boundaries before trailing whitespace
03:41 +836: /home/albert/busystack/busymark/test/src/spellcheck_projection_test.dart: Markdown spelling projection recognized link and image titles use their authored boundaries
03:41 +837: /home/albert/busystack/busymark/test/src/spellcheck_projection_test.dart: Markdown spelling projection destination-only links and images do not expose a false title
03:41 +838: /home/albert/busystack/busymark/test/src/spellcheck_projection_test.dart: Markdown spelling projection recognized multiline links consume one mapped occurrence
03:41 +839: /home/albert/busystack/busymark/test/src/spellcheck_projection_test.dart: Markdown spelling projection multiline link labels keep container prefixes out of prose
03:41 +840: /home/albert/busystack/busymark/test/src/spellcheck_projection_test.dart: Markdown spelling projection multiline mapped labels agree with rich prose and corrections
03:41 +841: /home/albert/busystack/busymark/test/src/spellcheck_projection_test.dart: Markdown spelling projection inline HTML breaks in link labels agree with rich prose
03:41 +842: /home/albert/busystack/busymark/test/src/spellcheck_projection_test.dart: Markdown spelling projection code-styled image alternative text agrees with rich image field
03:41 +843: /home/albert/busystack/busymark/test/src/spellcheck_projection_test.dart: Markdown spelling projection image code and Markdown hard breaks retain image alt semantics
03:41 +844: /home/albert/busystack/busymark/test/src/spellcheck_projection_test.dart: Markdown spelling projection image code hard-break corrections retain authored source
03:41 +845: /home/albert/busystack/busymark/test/src/spellcheck_projection_test.dart: Markdown spelling projection container image code matches the block-parsed alternative: list
03:41 +846: /home/albert/busystack/busymark/test/src/spellcheck_projection_test.dart: Markdown spelling projection container image code matches the block-parsed alternative: quote
03:41 +847: /home/albert/busystack/busymark/test/src/spellcheck_projection_test.dart: Markdown spelling projection container image code matches the block-parsed alternative: crlf-after-content
03:41 +848: /home/albert/busystack/busymark/test/src/spellcheck_projection_test.dart: Markdown spelling projection container image code matches the block-parsed alternative: combined-quote-list
03:41 +849: /home/albert/busystack/busymark/test/src/spellcheck_projection_test.dart: Markdown spelling projection container image code matches the block-parsed alternative: nested-image
03:42 +850: /home/albert/busystack/busymark/test/src/spellcheck_projection_test.dart: Markdown spelling projection container image code matches the block-parsed alternative: authored-inner-spaces
03:42 +851: /home/albert/busystack/busymark/test/src/spellcheck_projection_test.dart: Markdown spelling projection container image code matches the block-parsed alternative: authored-continuation-space
03:42 +852: /home/albert/busystack/busymark/test/src/spellcheck_projection_test.dart: Markdown spelling projection container image code matches the block-parsed alternative: literal-code-syntax
03:42 +853: /home/albert/busystack/busymark/test/src/spellcheck_projection_test.dart: Markdown spelling projection nested image code inherits the enclosing container mapping
03:42 +854: /home/albert/busystack/busymark/test/src/spellcheck_projection_test.dart: Markdown spelling projection link title keeps literal inline-break markup as scalar text
03:42 +855: /home/albert/busystack/busymark/test/src/spellcheck_projection_test.dart: Markdown spelling projection multiline code inside a link label stays opaque
03:42 +856: /home/albert/busystack/busymark/test/src/spellcheck_projection_test.dart: Markdown spelling projection multiline nested-image destination stays outside outer prose
03:42 +857: /home/albert/busystack/busymark/test/src/spellcheck_projection_test.dart: Markdown spelling projection nested label syntax owns its breaks before outer prose resumes
03:42 +858: /home/albert/busystack/busymark/test/src/spellcheck_projection_test.dart: Markdown spelling projection metadata scalar tag-like text remains checkable
03:42 +859: /home/albert/busystack/busymark/test/src/spellcheck_projection_test.dart: Markdown spelling projection parenthesized title replacement escapes its own delimiter
03:42 +860: /home/albert/busystack/busymark/test/src/spellcheck_projection_test.dart: Markdown spelling projection semantic leaf blocks define independent complete prose runs
03:42 +861: /home/albert/busystack/busymark/test/src/spellcheck_projection_test.dart: Markdown spelling projection projects semantic HTML prose and trusts parser math nodes
03:42 +862: /home/albert/busystack/busymark/test/src/spellcheck_projection_test.dart: Markdown spelling projection large formatting-heavy projection and correction stay bounded
03:42 +863: /home/albert/busystack/busymark/test/src/spellcheck_projection_test.dart: Writerside XML spelling projection keeps inline body words intact across readable attributes
03:42 +864: /home/albert/busystack/busymark/test/src/spellcheck_projection_test.dart: Writerside XML spelling projection corrects XML body and encoded metadata independently
03:42 +865: /home/albert/busystack/busymark/test/src/spellcheck_projection_test.dart: Writerside XML spelling projection excludes visible addresses in encoded text and CDATA
03:42 +866: /home/albert/busystack/busymark/test/src/spellcheck_projection_test.dart: Writerside XML spelling projection maps text, entities, CDATA, and positive attributes
03:42 +867: /home/albert/busystack/busymark/test/src/spellcheck_projection_test.dart: Writerside XML spelling projection reports malformed XML as incomplete without guessed targets
03:42 +868: /home/albert/busystack/busymark/test/src/spellcheck_projection_test.dart: Writerside XML spelling projection clips CDATA occurrences while preserving repeated surrounding text
03:42 +869: /home/albert/busystack/busymark/test/src/spellcheck_projection_test.dart: Writerside XML spelling projection maps line breaks, excludes variables, and includes controls
03:42 +870: /home/albert/busystack/busymark/test/src/spellcheck_projection_test.dart: Writerside XML spelling projection excludes entity-encoded variables after XML decoding
03:42 +871: /home/albert/busystack/busymark/test/src/spellcheck_projection_test.dart: Writerside XML spelling projection keeps decomposed Unicode in XML and CDATA corrections
03:42 +872: /home/albert/busystack/busymark/test/src/spellcheck_projection_test.dart: exact rich correction nested image descriptions retain recursive spelling policy
03:42 +873: /home/albert/busystack/busymark/test/src/spellcheck_projection_test.dart: exact rich correction source-backed rich correction preserves images beside math
03:42 +874: /home/albert/busystack/busymark/test/src/spellcheck_projection_test.dart: exact rich correction source-backed table image and math correction preserves cell source
03:42 +875: /home/albert/busystack/busymark/test/src/spellcheck_projection_test.dart: exact rich correction neighboring prose in a math image field keeps exact source
03:42 +876: /home/albert/busystack/busymark/test/src/spellcheck_projection_test.dart: exact rich correction image ownership continues across ordinary and math fields
03:42 +877: /home/albert/busystack/busymark/test/src/spellcheck_projection_test.dart: exact rich correction image description spelling agrees across source and rich fields
03:42 +878: /home/albert/busystack/busymark/test/src/spellcheck_projection_test.dart: exact rich correction rich image spelling changes only the mapped source word
03:42 +879: /home/albert/busystack/busymark/test/src/spellcheck_projection_test.dart: exact rich correction container image code corrects after continuation in rich editor
03:42 +880: /home/albert/busystack/busymark/test/src/spellcheck_projection_test.dart: exact rich correction code-styled image alternative corrects through rich controller
03:42 +881: /home/albert/busystack/busymark/test/src/spellcheck_projection_test.dart: exact rich correction image code punctuation correction retains literal code meaning
03:42 +882: /home/albert/busystack/busymark/test/src/spellcheck_projection_test.dart: exact rich correction multiline link label correction uses rich controller mapping
03:42 +883: /home/albert/busystack/busymark/test/src/spellcheck_projection_test.dart: exact rich correction maps all rich fields without requiring parser block spans: # Introduction

- [Overview](#overview)
  - [Motivation](#motivation)
- [Discussion](#discussion)
<!-- busymark:toc:end -->

## Overview

helo **world**

helo world

03:42 +884: /home/albert/busystack/busymark/test/src/spellcheck_projection_test.dart: exact rich correction maps all rich fields without requiring parser block spans: - helo
  - helo

helo

03:42 +885: /home/albert/busystack/busymark/test/src/spellcheck_projection_test.dart: exact rich correction maps all rich fields without requiring parser block spans: <!-- hidden comment -->

helo

03:42 +886: /home/albert/busystack/busymark/test/src/spellcheck_projection_test.dart: exact rich correction escaped comment prose is still an editable rich spelling field
03:42 +887: /home/albert/busystack/busymark/test/src/spellcheck_projection_test.dart: exact rich correction maps hard breaks by structural field identity
03:42 +888: /home/albert/busystack/busymark/test/src/spellcheck_projection_test.dart: exact rich correction removes a rich formatting container emptied by deletion
03:42 +889: /home/albert/busystack/busymark/test/src/spellcheck_projection_test.dart: exact rich correction retains current source anchors and source-only title targets
03:42 +890: /home/albert/busystack/busymark/test/src/spellcheck_projection_test.dart: exact rich correction rich links keep all title delimiters source-only
03:42 +891: /home/albert/busystack/busymark/test/src/spellcheck_projection_test.dart: exact rich correction preserves formatting ownership across leaves
03:42 +892: /home/albert/busystack/busymark/test/src/spellcheck_projection_test.dart: exact rich correction keeps trailing formatting on its original leaf
03:42 +893: /home/albert/busystack/busymark/test/src/spellcheck_projection_test.dart: exact rich correction preserves link destination and table structure
03:42 +894: /home/albert/busystack/busymark/test/src/spellcheck_projection_test.dart: exact rich correction maps and corrects a table-cell field containing inline math
03:42 +895: /home/albert/busystack/busymark/test/src/spellcheck_projection_test.dart: exact rich correction corrects transformed prose in table math source fields
03:42 +896: /home/albert/busystack/busymark/test/src/spellcheck_projection_test.dart: exact rich correction corrects formatted and encoded prose in math source fields
03:42 +897: /home/albert/busystack/busymark/test/src/spellcheck_projection_test.dart: exact rich correction owns every nested wrapper in paragraph math-source fields
03:42 +898: loading /home/albert/busystack/busymark/test/src/linux_gtk_accent_service_test.dart
03:44 +898: /home/albert/busystack/busymark/test/src/linux_gtk_accent_service_test.dart: validates availability, finite normalized RGB and payload shape
03:44 +899: /home/albert/busystack/busymark/test/src/linux_gtk_accent_service_test.dart: attaches before snapshot and rejects a superseded snapshot
03:44 +900: /home/albert/busystack/busymark/test/src/linux_gtk_accent_service_test.dart: replays current value, deduplicates and safely resubscribes
03:44 +901: /home/albert/busystack/busymark/test/src/linux_gtk_accent_service_test.dart: missing channels are unavailable and cancellable
03:44 +902: /home/albert/busystack/busymark/test/src/linux_gtk_accent_service_test.dart: cancellation while snapshot is pending discards its result
03:44 +903: /home/albert/busystack/busymark/test/src/linux_gtk_accent_service_test.dart: silent channels expire locally and unsuperseded late snapshot recovers
03:44 +904: /home/albert/busystack/busymark/test/src/linux_gtk_accent_service_test.dart: new unavailable event invalidates older read and deadline
03:44 +905: /home/albert/busystack/busymark/test/src/linux_gtk_accent_service_test.dart: cancellation while both native calls pending rejects late errors
03:44 +906: loading /home/albert/busystack/busymark/test/src/writerside_project_creator_test.dart
03:45 +906: /home/albert/busystack/busymark/test/src/writerside_project_creator_test.dart: creates starter project scaffold and loads without diagnostics
03:47 +907: /home/albert/busystack/busymark/test/src/writerside_project_creator_test.dart: derives the starter topic filename from its title
03:47 +908: /home/albert/busystack/busymark/test/src/writerside_project_creator_test.dart: creates starter project with Unicode directory and instance ID
03:47 +909: /home/albert/busystack/busymark/test/src/writerside_project_creator_test.dart: escapes XML-sensitive project names in writerside.cfg
03:47 +910: /home/albert/busystack/busymark/test/src/writerside_project_creator_test.dart: sanitizes start topic title as plain Markdown heading text
03:47 +911: /home/albert/busystack/busymark/test/src/writerside_project_creator_test.dart: rejects existing non-empty target directory and does not overwrite files
03:47 +912: /home/albert/busystack/busymark/test/src/writerside_project_creator_test.dart: rejects an existing project target symlink without writing through it
03:47 +913: /home/albert/busystack/busymark/test/src/writerside_project_creator_test.dart: canonicalizes a project parent selected through a symlink
03:47 +914: /home/albert/busystack/busymark/test/src/writerside_project_creator_test.dart: rejects unsafe create request names before writing files
03:47 +915: loading /home/albert/busystack/busymark/test/src/pdf_title_page_ui_test.dart
03:48 +915: /home/albert/busystack/busymark/test/src/pdf_title_page_ui_test.dart: cover edits survive toggling and format changes, validate, reset, and do not leak through preferences
03:51 +916: /home/albert/busystack/busymark/test/src/pdf_title_page_ui_test.dart: instance changes refresh automatic fields without replacing edited or cleared text
03:52 +917: /home/albert/busystack/busymark/test/src/pdf_title_page_ui_test.dart: settings without a document show only the reusable cover preference
03:52 +918: /home/albert/busystack/busymark/test/src/pdf_title_page_ui_test.dart: Direct PDF Markdown forwards current defaults and export-owned text
03:53 +919: /home/albert/busystack/busymark/test/src/pdf_title_page_ui_test.dart: Direct PDF Writerside forwards current defaults and export-owned text
03:54 +920: /home/albert/busystack/busymark/test/src/pdf_title_page_ui_test.dart: Unified PDF Markdown forwards current defaults and export-owned text
03:54 +921: /home/albert/busystack/busymark/test/src/pdf_title_page_ui_test.dart: Unified PDF Writerside forwards current defaults and export-owned text
03:55 +922: loading /home/albert/busystack/busymark/test/src/visualization_packaging_audit_test.dart
03:55 +922: /home/albert/busystack/busymark/test/src/visualization_packaging_audit_test.dart: README screenshot references resolve to checked-in images
03:56 +923: /home/albert/busystack/busymark/test/src/visualization_packaging_audit_test.dart: release metadata is consistent and production-grade
03:56 +924: /home/albert/busystack/busymark/test/src/visualization_packaging_audit_test.dart: web engines are exact, checksummed, licensed, and installed offline
03:56 +925: /home/albert/busystack/busymark/test/src/visualization_packaging_audit_test.dart: D2 is checksum pinned for amd64 and installed with notices
03:56 +926: /home/albert/busystack/busymark/test/src/visualization_packaging_audit_test.dart: Linux CI builds and exercises the bundled visualization stack
03:56 +927: /home/albert/busystack/busymark/test/src/visualization_packaging_audit_test.dart: only offscreen WebKit views disable hardware compositing
03:56 +928: /home/albert/busystack/busymark/test/src/visualization_packaging_audit_test.dart: WebKit host and harness disable persistence and external resources
03:56 +929: loading /home/albert/busystack/busymark/test/src/workspace_safety_test.dart
03:59 +929: /home/albert/busystack/busymark/test/src/workspace_safety_test.dart: unsaved changes dialog aborts destructive navigation on cancel
04:00 +930: /home/albert/busystack/busymark/test/src/workspace_safety_test.dart: discarding unsaved changes prevents repeated prompts
04:00 +931: /home/albert/busystack/busymark/test/src/workspace_safety_test.dart: destructive dialog buttons stay readable on dark controls
04:00 +932: /home/albert/busystack/busymark/test/src/workspace_safety_test.dart: unsaved changes Discard action renders white in the dark dialog
04:00 +933: /home/albert/busystack/busymark/test/src/workspace_safety_test.dart: overwrite confirmation stays pinned to the document being saved
04:00 +934: /home/albert/busystack/busymark/test/src/workspace_safety_test.dart: overlapping manual saves write the newer requested revision
04:00 +935: /home/albert/busystack/busymark/test/src/workspace_safety_test.dart: save completes for its buffer when the active document changes
04:00 +936: /home/albert/busystack/busymark/test/src/workspace_safety_test.dart: Save As stays pinned while the file picker is open
04:00 +937: /home/albert/busystack/busymark/test/src/workspace_safety_test.dart: Save As cancel does not overwrite an existing normalized markdown path
04:00 +938: /home/albert/busystack/busymark/test/src/workspace_safety_test.dart: Save As overwrites an existing normalized markdown path only after confirmation
04:00 +939: /home/albert/busystack/busymark/test/src/workspace_safety_test.dart: Save As cancels when the document changes during path lookup
04:00 +940: /home/albert/busystack/busymark/test/src/workspace_safety_test.dart: discard confirmation cannot discard a newly active document
04:00 +941: /home/albert/busystack/busymark/test/src/workspace_safety_test.dart: workspace continuation resolves inactive dirty documents too
04:00 +942: /home/albert/busystack/busymark/test/src/workspace_safety_test.dart: closing one dirty tab can save it while another stays dirty
04:00 +943: /home/albert/busystack/busymark/test/src/workspace_safety_test.dart: closing one dirty tab can discard it while another stays dirty
04:01 +944: loading /home/albert/busystack/busymark/test/src/linux_header_bar_service_test.dart
04:01 +944: /home/albert/busystack/busymark/test/src/linux_header_bar_service_test.dart: headerbar update retries native channel initialization after early miss
04:01 +945: /home/albert/busystack/busymark/test/src/linux_header_bar_service_test.dart: headerbar forwards text direction updates
04:01 +946: /home/albert/busystack/busymark/test/src/linux_header_bar_service_test.dart: headerbar action events preserve repeated identical clicks
04:01 +947: /home/albert/busystack/busymark/test/src/linux_header_bar_service_test.dart: native search events and focus request keep semantic meaning
04:01 +948: loading /home/albert/busystack/busymark/test/src/source_editor_widget_test.dart
04:06 +948: /home/albert/busystack/busymark/test/src/source_editor_widget_test.dart: Source pastes a web layout table as a complete document
04:07 +949: /home/albert/busystack/busymark/test/src/source_editor_widget_test.dart: search replacement recovers after editing a pending result (current)
04:09 +950: /home/albert/busystack/busymark/test/src/source_editor_widget_test.dart: search replacement recovers after editing a pending result (find next)
04:10 +951: /home/albert/busystack/busymark/test/src/source_editor_widget_test.dart: search replacement recovers after editing a missing result (current)
04:10 +952: /home/albert/busystack/busymark/test/src/source_editor_widget_test.dart: search replacement recovers after editing a missing result (find next)
04:10 +953: /home/albert/busystack/busymark/test/src/source_editor_widget_test.dart: Replace current follows selected result with 3 matches
04:11 +954: /home/albert/busystack/busymark/test/src/source_editor_widget_test.dart: Replace current follows selected result with 3000 matches
04:12 +955: /home/albert/busystack/busymark/test/src/source_editor_widget_test.dart: search navigation retains a later window when unfolding
04:12 +956: /home/albert/busystack/busymark/test/src/source_editor_widget_test.dart: spelling review caret uses full offsets after an earlier fold
04:12 +957: /home/albert/busystack/busymark/test/src/source_editor_widget_test.dart: spelling reveal unfolds and retains the word selection
04:12 +958: /home/albert/busystack/busymark/test/src/source_editor_widget_test.dart: Source Markdown spelling painter ignores selection and tracks composition
04:12 +959: /home/albert/busystack/busymark/test/src/source_editor_widget_test.dart: Source Writerside Markdown spelling painter ignores selection and tracks composition
04:12 +960: /home/albert/busystack/busymark/test/src/source_editor_widget_test.dart: Source XML spelling painter ignores selection and tracks composition
04:13 +961: /home/albert/busystack/busymark/test/src/source_editor_widget_test.dart: source AI action applies a selection through the editor path
04:13 +962: /home/albert/busystack/busymark/test/src/source_editor_widget_test.dart: source spelling menu targets the pointer occurrence exactly
04:13 +963: /home/albert/busystack/busymark/test/src/source_editor_widget_test.dart: source spelling language uses a checked native submenu without a dialog
04:13 +964: /home/albert/busystack/busymark/test/src/source_editor_widget_test.dart: source spelling menu converts folded offsets to full source
04:13 +965: /home/albert/busystack/busymark/test/src/source_editor_widget_test.dart: source AI applies a user-selected insertion target
04:13 +966: /home/albert/busystack/busymark/test/src/source_editor_widget_test.dart: source editor remains LTR inside an Arabic interface
04:13 +967: /home/albert/busystack/busymark/test/src/source_editor_widget_test.dart: source editor shows large-file fallback status
04:34 +968: /home/albert/busystack/busymark/test/src/source_editor_widget_test.dart: source editor renders visible diagnostic gutter tooltip
04:34 +969: /home/albert/busystack/busymark/test/src/source_editor_widget_test.dart: source search localizes an invalid regular expression
04:35 +970: /home/albert/busystack/busymark/test/src/source_editor_widget_test.dart: source search reports no current match before navigation
04:35 +971: /home/albert/busystack/busymark/test/src/source_editor_widget_test.dart: source fold and search options use semantic icon buttons
04:35 +972: /home/albert/busystack/busymark/test/src/source_editor_widget_test.dart: source Replace All is one editor operation
04:35 +973: /home/albert/busystack/busymark/test/src/source_editor_widget_test.dart: source Replace and Find Next selects the logical next match
04:35 +974: /home/albert/busystack/busymark/test/src/source_editor_widget_test.dart: shifted folded regions are persisted after edit debounce
04:35 +975: /home/albert/busystack/busymark/test/src/source_editor_widget_test.dart: source sessions ignore render notifications and coalesce scrolling
04:36 +976: /home/albert/busystack/busymark/test/src/source_editor_widget_test.dart: source editor gives glyphs, caret, and selection breathing room
04:36 +977: /home/albert/busystack/busymark/test/src/source_editor_widget_test.dart: source heading selections cover styled glyphs evenly
04:36 +978: /home/albert/busystack/busymark/test/src/source_editor_widget_test.dart: source heading caret advances after a typed space
04:36 +979: /home/albert/busystack/busymark/test/src/source_editor_widget_test.dart: source caret follows an immediate end-of-file contraction
04:36 +980: /home/albert/busystack/busymark/test/src/source_editor_widget_test.dart: Tab indents selected Source lines without replacing text
04:36 +981: /home/albert/busystack/busymark/test/src/source_editor_widget_test.dart: source symbol shortcuts dispatch the full source caret
04:36 +982: /home/albert/busystack/busymark/test/src/source_editor_widget_test.dart: Ctrl+Space opens project-aware source completion
04:36 +983: /home/albert/busystack/busymark/test/src/source_editor_widget_test.dart: wordWrap false uses one horizontally scrollable layout
04:36 +984: /home/albert/busystack/busymark/test/src/source_editor_widget_test.dart: source input preserves an active IME composing range
04:36 +985: /home/albert/busystack/busymark/test/src/source_editor_widget_test.dart: active IME composition defers Enter to the input method
04:36 +986: /home/albert/busystack/busymark/test/src/source_editor_widget_test.dart: active IME composition defers Tab to the input method
04:36 +987: /home/albert/busystack/busymark/test/src/source_editor_widget_test.dart: active IME composition defers autocomplete Escape to the input method
04:36 +988: /home/albert/busystack/busymark/test/src/source_editor_widget_test.dart: active IME composition defers the autocomplete shortcut
04:37 +989: /home/albert/busystack/busymark/test/src/source_editor_widget_test.dart: focused Source accepts authoritative parent text updates
04:37 +990: /home/albert/busystack/busymark/test/src/source_editor_widget_test.dart: source keyboard copy retains exact whitespace once
04:37 +991: /home/albert/busystack/busymark/test/src/source_editor_widget_test.dart: Source normal HTML paste converts while plain paste uses text
04:37 +992: /home/albert/busystack/busymark/test/src/source_editor_widget_test.dart: Source CRLF structured paste is one exact undo transaction
04:37 +993: /home/albert/busystack/busymark/test/src/source_editor_widget_test.dart: Source plain paste keeps LF bytes in a CRLF document
04:37 +994: /home/albert/busystack/busymark/test/src/source_editor_widget_test.dart: Source structured inline paste keeps surrounding text inline
04:37 +995: /home/albert/busystack/busymark/test/src/source_editor_widget_test.dart: Source structured block paste adds Markdown boundaries
04:37 +996: /home/albert/busystack/busymark/test/src/source_editor_widget_test.dart: Source structured blocks keep boundaries at every position

Warning: A call to tap() with finder "Found 1 widget with type "TextField": [
  TextField(controller: BusyMarkSourceController#f72f5(TextEditingValue(text: ┤leftright├, selection: TextSelection.collapsed(offset: 9, affinity: TextAffinity.downstream, isDirectional: false), composing: TextRange(start: -1, end: -1))), focusNode: FocusNode#9a58d, undoController: UndoHistoryController#bf26d(UndoHistoryValue(canUndo: false, canRedo: false)), decoration: InputDecoration(contentPadding: EdgeInsets(12.0, 16.0, 16.0, 16.0), isCollapsed: true, fillColor: Color(alpha: 0.0000, red: 0.0000, green: 0.0000, blue: 0.0000, colorSpace: ColorSpace.sRGB), focusColor: Color(alpha: 0.0000, red: 0.0000, green: 0.0000, blue: 0.0000, colorSpace: ColorSpace.sRGB), hoverColor: Color(alpha: 0.0000, red: 0.0000, green: 0.0000, blue: 0.0000, colorSpace: ColorSpace.sRGB), focusedBorder: _NoInputBorder(), enabledBorder: _NoInputBorder(), border: _NoInputBorder()), keyboardType: TextInputType(name: TextInputType.multiline, signed: null, decimal: null), style: TextStyle(inherit: true, family: Ubuntu Mono, familyFallback: [Noto Sans Arabic, Noto Sans Mono, DejaVu Sans Mono, DejaVu Sans], size: 14.0, height: 1.6x, leadingDistribution: even), autocorrect: false, smartDashesType: disabled, smartQuotesType: disabled, enableSuggestions: false, maxLines: null, expands: true, textAlignVertical: TextAlignVertical(y: -1.0), textDirection: ltr, cursorWidth: 1.4, cursorHeight: 18.8, cursorColor: Color(alpha: 0.8200, red: 0.9686, green: 0.9686, blue: 0.9686, colorSpace: ColorSpace.sRGB), scrollController: ScrollController#a0485(one client, offset 0.0), dependencies: [DefaultSelectionStyle, InheritedCupertinoTheme, MediaQuery, UnmanagedRestorationScope, _InheritedTheme, _LocalizationsScope-[GlobalKey#0a492]], state: _TextFieldState#bc8b8),
]" derived an Offset (Offset(425.5, 300.0)) that would not hit test on the specified widget.
Maybe the widget is actually off-screen, or another widget is obscuring it, or the widget cannot receive pointer events.
The finder corresponds to this RenderBox: RenderMouseRegion#e15b3
The hit test result at that offset is: HitTestResult(RenderMouseRegion#fe596@Offset(425.5, 300.0), RenderSemanticsAnnotations#ba7de@Offset(425.5, 300.0), RenderPointerListener#05f16@Offset(425.5, 300.0), RenderSemanticsGestureHandler#4f69a@Offset(425.5, 300.0), RenderExcludeSemantics#9e2cc@Offset(425.5, 300.0), RenderBlockSemantics#050a8@Offset(425.5, 300.0), RenderIgnorePointer#44f8a@Offset(425.5, 300.0), RenderSemanticsAnnotations#ccd13@Offset(425.5, 300.0), _RenderTheater#43232@Offset(425.5, 300.0), RenderAbsorbPointer#99813@Offset(425.5, 300.0), RenderPointerListener#3dee9@Offset(425.5, 300.0), RenderSemanticsAnnotations#56f4a@Offset(425.5, 300.0), RenderCustomPaint#39aa8@Offset(425.5, 300.0), RenderSemanticsAnnotations#10b3b@Offset(425.5, 300.0), RenderSemanticsAnnotations#161b2@Offset(425.5, 300.0), RenderSemanticsAnnotations#1d6f1@Offset(425.5, 300.0), RenderTapRegionSurface#60f36@Offset(425.5, 300.0), RenderSemanticsAnnotations#a1790@Offset(425.5, 300.0), RenderSemanticsAnnotations#0ba03@Offset(425.5, 300.0), HitTestEntry<HitTestTarget>#5a0d7(_ReusableRenderView#84f48), HitTestEntry<HitTestTarget>#dcea7(<AutomatedTestWidgetsFlutterBinding>))
#0      WidgetController._getElementPoint (package:flutter_test/src/controller.dart:2165:25)
#1      WidgetController.getCenter (package:flutter_test/src/controller.dart:1947:12)
#2      WidgetController.tap (package:flutter_test/src/controller.dart:1080:7)
#3      _pumpClipboardSourceEditor (file:///home/albert/busystack/busymark/test/src/source_editor_widget_test.dart:9400:16)
<asynchronous suspension>
#4      main.<anonymous closure> (file:///home/albert/busystack/busymark/test/src/source_editor_widget_test.dart:2597:26)
<asynchronous suspension>
#5      testWidgets.<anonymous closure>.<anonymous closure> (package:flutter_test/src/widget_tester.dart:192:15)
<asynchronous suspension>
#6      TestWidgetsFlutterBinding._runTestBody (package:flutter_test/src/binding.dart:1953:5)
<asynchronous suspension>
#7      StackZoneSpecification._registerCallback.<anonymous closure> (package:stack_trace/src/stack_zone_specification.dart:114:42)
<asynchronous suspension>
To silence this warning, pass "warnIfMissed: false" to "tap()".
To make this warning fatal, set WidgetController.hitTestWarningShouldBeFatal to true.

04:37 +997: /home/albert/busystack/busymark/test/src/source_editor_widget_test.dart: Source complete heading list and code blocks retain structure at every paragraph position

Warning: A call to tap() with finder "Found 1 widget with type "TextField": [
  TextField(controller: BusyMarkSourceController#7f143(TextEditingValue(text: ┤leftright├, selection: TextSelection.collapsed(offset: 9, affinity: TextAffinity.downstream, isDirectional: false), composing: TextRange(start: -1, end: -1))), focusNode: FocusNode#07120, undoController: UndoHistoryController#83d88(UndoHistoryValue(canUndo: false, canRedo: false)), decoration: InputDecoration(contentPadding: EdgeInsets(12.0, 16.0, 16.0, 16.0), isCollapsed: true, fillColor: Color(alpha: 0.0000, red: 0.0000, green: 0.0000, blue: 0.0000, colorSpace: ColorSpace.sRGB), focusColor: Color(alpha: 0.0000, red: 0.0000, green: 0.0000, blue: 0.0000, colorSpace: ColorSpace.sRGB), hoverColor: Color(alpha: 0.0000, red: 0.0000, green: 0.0000, blue: 0.0000, colorSpace: ColorSpace.sRGB), focusedBorder: _NoInputBorder(), enabledBorder: _NoInputBorder(), border: _NoInputBorder()), keyboardType: TextInputType(name: TextInputType.multiline, signed: null, decimal: null), style: TextStyle(inherit: true, family: Ubuntu Mono, familyFallback: [Noto Sans Arabic, Noto Sans Mono, DejaVu Sans Mono, DejaVu Sans], size: 14.0, height: 1.6x, leadingDistribution: even), autocorrect: false, smartDashesType: disabled, smartQuotesType: disabled, enableSuggestions: false, maxLines: null, expands: true, textAlignVertical: TextAlignVertical(y: -1.0), textDirection: ltr, cursorWidth: 1.4, cursorHeight: 18.8, cursorColor: Color(alpha: 0.8200, red: 0.9686, green: 0.9686, blue: 0.9686, colorSpace: ColorSpace.sRGB), scrollController: ScrollController#50440(one client, offset 0.0), dependencies: [DefaultSelectionStyle, InheritedCupertinoTheme, MediaQuery, UnmanagedRestorationScope, _InheritedTheme, _LocalizationsScope-[GlobalKey#6f402]], state: _TextFieldState#d438f),
]" derived an Offset (Offset(425.5, 300.0)) that would not hit test on the specified widget.
Maybe the widget is actually off-screen, or another widget is obscuring it, or the widget cannot receive pointer events.
The finder corresponds to this RenderBox: RenderMouseRegion#6e197
The hit test result at that offset is: HitTestResult(RenderMouseRegion#c8e80@Offset(425.5, 300.0), RenderSemanticsAnnotations#21c40@Offset(425.5, 300.0), RenderPointerListener#17dda@Offset(425.5, 300.0), RenderSemanticsGestureHandler#fc8e1@Offset(425.5, 300.0), RenderExcludeSemantics#7e0d7@Offset(425.5, 300.0), RenderBlockSemantics#3a28a@Offset(425.5, 300.0), RenderIgnorePointer#7c9c8@Offset(425.5, 300.0), RenderSemanticsAnnotations#3ea76@Offset(425.5, 300.0), _RenderTheater#c6f28@Offset(425.5, 300.0), RenderAbsorbPointer#75d34@Offset(425.5, 300.0), RenderPointerListener#f6e8c@Offset(425.5, 300.0), RenderSemanticsAnnotations#03ac5@Offset(425.5, 300.0), RenderCustomPaint#830f7@Offset(425.5, 300.0), RenderSemanticsAnnotations#c281d@Offset(425.5, 300.0), RenderSemanticsAnnotations#9b268@Offset(425.5, 300.0), RenderSemanticsAnnotations#eb36a@Offset(425.5, 300.0), RenderTapRegionSurface#6d18c@Offset(425.5, 300.0), RenderSemanticsAnnotations#888f1@Offset(425.5, 300.0), RenderSemanticsAnnotations#d58f4@Offset(425.5, 300.0), HitTestEntry<HitTestTarget>#457c7(_ReusableRenderView#84f48), HitTestEntry<HitTestTarget>#afad0(<AutomatedTestWidgetsFlutterBinding>))
#0      WidgetController._getElementPoint (package:flutter_test/src/controller.dart:2165:25)
#1      WidgetController.getCenter (package:flutter_test/src/controller.dart:1947:12)
#2      WidgetController.tap (package:flutter_test/src/controller.dart:1080:7)
#3      _pumpClipboardSourceEditor (file:///home/albert/busystack/busymark/test/src/source_editor_widget_test.dart:9400:16)
<asynchronous suspension>
#4      main.<anonymous closure> (file:///home/albert/busystack/busymark/test/src/source_editor_widget_test.dart:2633:30)
<asynchronous suspension>
#5      testWidgets.<anonymous closure>.<anonymous closure> (package:flutter_test/src/widget_tester.dart:192:15)
<asynchronous suspension>
#6      TestWidgetsFlutterBinding._runTestBody (package:flutter_test/src/binding.dart:1953:5)
<asynchronous suspension>
#7      StackZoneSpecification._registerCallback.<anonymous closure> (package:stack_trace/src/stack_zone_specification.dart:114:42)
<asynchronous suspension>
To silence this warning, pass "warnIfMissed: false" to "tap()".
To make this warning fatal, set WidgetController.hitTestWarningShouldBeFatal to true.


Warning: A call to tap() with finder "Found 1 widget with type "TextField": [
  TextField(controller: BusyMarkSourceController#7f143(TextEditingValue(text: ┤leftright├, selection: TextSelection.collapsed(offset: 8, affinity: TextAffinity.downstream, isDirectional: false), composing: TextRange(start: -1, end: -1))), focusNode: FocusNode#07120, undoController: UndoHistoryController#83d88(UndoHistoryValue(canUndo: false, canRedo: false)), decoration: InputDecoration(contentPadding: EdgeInsets(12.0, 16.0, 16.0, 16.0), isCollapsed: true, fillColor: Color(alpha: 0.0000, red: 0.0000, green: 0.0000, blue: 0.0000, colorSpace: ColorSpace.sRGB), focusColor: Color(alpha: 0.0000, red: 0.0000, green: 0.0000, blue: 0.0000, colorSpace: ColorSpace.sRGB), hoverColor: Color(alpha: 0.0000, red: 0.0000, green: 0.0000, blue: 0.0000, colorSpace: ColorSpace.sRGB), focusedBorder: _NoInputBorder(), enabledBorder: _NoInputBorder(), border: _NoInputBorder()), keyboardType: TextInputType(name: TextInputType.multiline, signed: null, decimal: null), style: TextStyle(inherit: true, family: Ubuntu Mono, familyFallback: [Noto Sans Arabic, Noto Sans Mono, DejaVu Sans Mono, DejaVu Sans], size: 14.0, height: 1.6x, leadingDistribution: even), autocorrect: false, smartDashesType: disabled, smartQuotesType: disabled, enableSuggestions: false, maxLines: null, expands: true, textAlignVertical: TextAlignVertical(y: -1.0), textDirection: ltr, cursorWidth: 1.4, cursorHeight: 18.8, cursorColor: Color(alpha: 0.8200, red: 0.9686, green: 0.9686, blue: 0.9686, colorSpace: ColorSpace.sRGB), scrollController: ScrollController#50440(one client, offset 0.0), dependencies: [DefaultSelectionStyle, InheritedCupertinoTheme, MediaQuery, UnmanagedRestorationScope, _InheritedTheme, _LocalizationsScope-[GlobalKey#6f402]], state: _TextFieldState#d438f),
]" derived an Offset (Offset(425.5, 300.0)) that would not hit test on the specified widget.
Maybe the widget is actually off-screen, or another widget is obscuring it, or the widget cannot receive pointer events.
The finder corresponds to this RenderBox: RenderMouseRegion#6e197
The hit test result at that offset is: HitTestResult(RenderMouseRegion#5ddce@Offset(425.5, 300.0), RenderSemanticsAnnotations#1e187@Offset(425.5, 300.0), RenderPointerListener#97cb2@Offset(425.5, 300.0), RenderSemanticsGestureHandler#c220a@Offset(425.5, 300.0), RenderExcludeSemantics#e162d@Offset(425.5, 300.0), RenderBlockSemantics#074f9@Offset(425.5, 300.0), RenderIgnorePointer#ed152@Offset(425.5, 300.0), RenderSemanticsAnnotations#56fa6@Offset(425.5, 300.0), _RenderTheater#c6f28@Offset(425.5, 300.0), RenderAbsorbPointer#75d34@Offset(425.5, 300.0), RenderPointerListener#f6e8c@Offset(425.5, 300.0), RenderSemanticsAnnotations#03ac5@Offset(425.5, 300.0), RenderCustomPaint#830f7@Offset(425.5, 300.0), RenderSemanticsAnnotations#c281d@Offset(425.5, 300.0), RenderSemanticsAnnotations#9b268@Offset(425.5, 300.0), RenderSemanticsAnnotations#eb36a@Offset(425.5, 300.0), RenderTapRegionSurface#6d18c@Offset(425.5, 300.0), RenderSemanticsAnnotations#888f1@Offset(425.5, 300.0), RenderSemanticsAnnotations#d58f4@Offset(425.5, 300.0), HitTestEntry<HitTestTarget>#7dc65(_ReusableRenderView#84f48), HitTestEntry<HitTestTarget>#2a20b(<AutomatedTestWidgetsFlutterBinding>))
#0      WidgetController._getElementPoint (package:flutter_test/src/controller.dart:2165:25)
#1      WidgetController.getCenter (package:flutter_test/src/controller.dart:1947:12)
#2      WidgetController.tap (package:flutter_test/src/controller.dart:1080:7)
#3      _pumpClipboardSourceEditor (file:///home/albert/busystack/busymark/test/src/source_editor_widget_test.dart:9400:16)
<asynchronous suspension>
#4      main.<anonymous closure> (file:///home/albert/busystack/busymark/test/src/source_editor_widget_test.dart:2633:30)
<asynchronous suspension>
#5      testWidgets.<anonymous closure>.<anonymous closure> (package:flutter_test/src/widget_tester.dart:192:15)
<asynchronous suspension>
#6      TestWidgetsFlutterBinding._runTestBody (package:flutter_test/src/binding.dart:1953:5)
<asynchronous suspension>
#7      StackZoneSpecification._registerCallback.<anonymous closure> (package:stack_trace/src/stack_zone_specification.dart:114:42)
<asynchronous suspension>
To silence this warning, pass "warnIfMissed: false" to "tap()".
To make this warning fatal, set WidgetController.hitTestWarningShouldBeFatal to true.


Warning: A call to tap() with finder "Found 1 widget with type "TextField": [
  TextField(controller: BusyMarkSourceController#7f143(TextEditingValue(text: ┤leftright├, selection: TextSelection.collapsed(offset: 9, affinity: TextAffinity.downstream, isDirectional: false), composing: TextRange(start: -1, end: -1))), focusNode: FocusNode#07120, undoController: UndoHistoryController#83d88(UndoHistoryValue(canUndo: false, canRedo: false)), decoration: InputDecoration(contentPadding: EdgeInsets(12.0, 16.0, 16.0, 16.0), isCollapsed: true, fillColor: Color(alpha: 0.0000, red: 0.0000, green: 0.0000, blue: 0.0000, colorSpace: ColorSpace.sRGB), focusColor: Color(alpha: 0.0000, red: 0.0000, green: 0.0000, blue: 0.0000, colorSpace: ColorSpace.sRGB), hoverColor: Color(alpha: 0.0000, red: 0.0000, green: 0.0000, blue: 0.0000, colorSpace: ColorSpace.sRGB), focusedBorder: _NoInputBorder(), enabledBorder: _NoInputBorder(), border: _NoInputBorder()), keyboardType: TextInputType(name: TextInputType.multiline, signed: null, decimal: null), style: TextStyle(inherit: true, family: Ubuntu Mono, familyFallback: [Noto Sans Arabic, Noto Sans Mono, DejaVu Sans Mono, DejaVu Sans], size: 14.0, height: 1.6x, leadingDistribution: even), autocorrect: false, smartDashesType: disabled, smartQuotesType: disabled, enableSuggestions: false, maxLines: null, expands: true, textAlignVertical: TextAlignVertical(y: -1.0), textDirection: ltr, cursorWidth: 1.4, cursorHeight: 18.8, cursorColor: Color(alpha: 0.8200, red: 0.9686, green: 0.9686, blue: 0.9686, colorSpace: ColorSpace.sRGB), scrollController: ScrollController#50440(one client, offset 0.0), dependencies: [DefaultSelectionStyle, InheritedCupertinoTheme, MediaQuery, UnmanagedRestorationScope, _InheritedTheme, _LocalizationsScope-[GlobalKey#6f402]], state: _TextFieldState#d438f),
]" derived an Offset (Offset(425.5, 300.0)) that would not hit test on the specified widget.
Maybe the widget is actually off-screen, or another widget is obscuring it, or the widget cannot receive pointer events.
The finder corresponds to this RenderBox: RenderMouseRegion#6e197
The hit test result at that offset is: HitTestResult(RenderMouseRegion#67086@Offset(425.5, 300.0), RenderSemanticsAnnotations#ac3c7@Offset(425.5, 300.0), RenderPointerListener#1e53b@Offset(425.5, 300.0), RenderSemanticsGestureHandler#9cf01@Offset(425.5, 300.0), RenderExcludeSemantics#49e0f@Offset(425.5, 300.0), RenderBlockSemantics#049b6@Offset(425.5, 300.0), RenderIgnorePointer#9b504@Offset(425.5, 300.0), RenderSemanticsAnnotations#151c1@Offset(425.5, 300.0), _RenderTheater#c6f28@Offset(425.5, 300.0), RenderAbsorbPointer#75d34@Offset(425.5, 300.0), RenderPointerListener#f6e8c@Offset(425.5, 300.0), RenderSemanticsAnnotations#03ac5@Offset(425.5, 300.0), RenderCustomPaint#830f7@Offset(425.5, 300.0), RenderSemanticsAnnotations#c281d@Offset(425.5, 300.0), RenderSemanticsAnnotations#9b268@Offset(425.5, 300.0), RenderSemanticsAnnotations#eb36a@Offset(425.5, 300.0), RenderTapRegionSurface#6d18c@Offset(425.5, 300.0), RenderSemanticsAnnotations#888f1@Offset(425.5, 300.0), RenderSemanticsAnnotations#d58f4@Offset(425.5, 300.0), HitTestEntry<HitTestTarget>#8fc79(_ReusableRenderView#84f48), HitTestEntry<HitTestTarget>#7c941(<AutomatedTestWidgetsFlutterBinding>))
#0      WidgetController._getElementPoint (package:flutter_test/src/controller.dart:2165:25)
#1      WidgetController.getCenter (package:flutter_test/src/controller.dart:1947:12)
#2      WidgetController.tap (package:flutter_test/src/controller.dart:1080:7)
#3      _pumpClipboardSourceEditor (file:///home/albert/busystack/busymark/test/src/source_editor_widget_test.dart:9400:16)
<asynchronous suspension>
#4      main.<anonymous closure> (file:///home/albert/busystack/busymark/test/src/source_editor_widget_test.dart:2633:30)
<asynchronous suspension>
#5      testWidgets.<anonymous closure>.<anonymous closure> (package:flutter_test/src/widget_tester.dart:192:15)
<asynchronous suspension>
#6      TestWidgetsFlutterBinding._runTestBody (package:flutter_test/src/binding.dart:1953:5)
<asynchronous suspension>
#7      StackZoneSpecification._registerCallback.<anonymous closure> (package:stack_trace/src/stack_zone_specification.dart:114:42)
<asynchronous suspension>
To silence this warning, pass "warnIfMissed: false" to "tap()".
To make this warning fatal, set WidgetController.hitTestWarningShouldBeFatal to true.

04:38 +998: /home/albert/busystack/busymark/test/src/source_editor_widget_test.dart: Source complete-block split preserves styles caret and one-step Undo
04:38 +999: /home/albert/busystack/busymark/test/src/source_editor_widget_test.dart: Source boundary-crossing replacements restore text selection and caret
04:38 +1000: /home/albert/busystack/busymark/test/src/source_editor_widget_test.dart: Source rich inline paste composes with enclosing inline syntax

Warning: A call to tap() with finder "Found 1 widget with type "TextField": [
  TextField(controller: BusyMarkSourceController#aa945(TextEditingValue(text: ┤[leftright](https://example.test)├, selection: TextSelection.collapsed(offset: 6, affinity: TextAffinity.downstream, isDirectional: false), composing: TextRange(start: -1, end: -1))), focusNode: FocusNode#c0c1c, undoController: UndoHistoryController#dba7f(UndoHistoryValue(canUndo: false, canRedo: false)), decoration: InputDecoration(contentPadding: EdgeInsets(12.0, 16.0, 16.0, 16.0), isCollapsed: true, fillColor: Color(alpha: 0.0000, red: 0.0000, green: 0.0000, blue: 0.0000, colorSpace: ColorSpace.sRGB), focusColor: Color(alpha: 0.0000, red: 0.0000, green: 0.0000, blue: 0.0000, colorSpace: ColorSpace.sRGB), hoverColor: Color(alpha: 0.0000, red: 0.0000, green: 0.0000, blue: 0.0000, colorSpace: ColorSpace.sRGB), focusedBorder: _NoInputBorder(), enabledBorder: _NoInputBorder(), border: _NoInputBorder()), keyboardType: TextInputType(name: TextInputType.multiline, signed: null, decimal: null), style: TextStyle(inherit: true, family: Ubuntu Mono, familyFallback: [Noto Sans Arabic, Noto Sans Mono, DejaVu Sans Mono, DejaVu Sans], size: 14.0, height: 1.6x, leadingDistribution: even), autocorrect: false, smartDashesType: disabled, smartQuotesType: disabled, enableSuggestions: false, maxLines: null, expands: true, textAlignVertical: TextAlignVertical(y: -1.0), textDirection: ltr, cursorWidth: 1.4, cursorHeight: 18.8, cursorColor: Color(alpha: 0.8200, red: 0.9686, green: 0.9686, blue: 0.9686, colorSpace: ColorSpace.sRGB), scrollController: ScrollController#f72ca(one client, offset 0.0), dependencies: [DefaultSelectionStyle, InheritedCupertinoTheme, MediaQuery, UnmanagedRestorationScope, _InheritedTheme, _LocalizationsScope-[GlobalKey#7aebf]], state: _TextFieldState#e279e),
]" derived an Offset (Offset(425.5, 300.0)) that would not hit test on the specified widget.
Maybe the widget is actually off-screen, or another widget is obscuring it, or the widget cannot receive pointer events.
The finder corresponds to this RenderBox: RenderMouseRegion#da211
The hit test result at that offset is: HitTestResult(RenderMouseRegion#d25e2@Offset(425.5, 300.0), RenderSemanticsAnnotations#f6655@Offset(425.5, 300.0), RenderPointerListener#81eba@Offset(425.5, 300.0), RenderSemanticsGestureHandler#b7df0@Offset(425.5, 300.0), RenderExcludeSemantics#f14c0@Offset(425.5, 300.0), RenderBlockSemantics#93c55@Offset(425.5, 300.0), RenderIgnorePointer#3f76e@Offset(425.5, 300.0), RenderSemanticsAnnotations#2d091@Offset(425.5, 300.0), _RenderTheater#dae4a@Offset(425.5, 300.0), RenderAbsorbPointer#6feea@Offset(425.5, 300.0), RenderPointerListener#40d8f@Offset(425.5, 300.0), RenderSemanticsAnnotations#edfda@Offset(425.5, 300.0), RenderCustomPaint#26172@Offset(425.5, 300.0), RenderSemanticsAnnotations#b5302@Offset(425.5, 300.0), RenderSemanticsAnnotations#bb8fe@Offset(425.5, 300.0), RenderSemanticsAnnotations#45995@Offset(425.5, 300.0), RenderTapRegionSurface#de342@Offset(425.5, 300.0), RenderSemanticsAnnotations#0d703@Offset(425.5, 300.0), RenderSemanticsAnnotations#1f003@Offset(425.5, 300.0), HitTestEntry<HitTestTarget>#af8d2(_ReusableRenderView#84f48), HitTestEntry<HitTestTarget>#72986(<AutomatedTestWidgetsFlutterBinding>))
#0      WidgetController._getElementPoint (package:flutter_test/src/controller.dart:2165:25)
#1      WidgetController.getCenter (package:flutter_test/src/controller.dart:1947:12)
#2      WidgetController.tap (package:flutter_test/src/controller.dart:1080:7)
#3      _pumpClipboardSourceEditor (file:///home/albert/busystack/busymark/test/src/source_editor_widget_test.dart:9400:16)
<asynchronous suspension>
#4      main.<anonymous closure>.paste (file:///home/albert/busystack/busymark/test/src/source_editor_widget_test.dart:2945:28)
<asynchronous suspension>
#5      main.<anonymous closure> (file:///home/albert/busystack/busymark/test/src/source_editor_widget_test.dart:2999:22)
<asynchronous suspension>
#6      testWidgets.<anonymous closure>.<anonymous closure> (package:flutter_test/src/widget_tester.dart:192:15)
<asynchronous suspension>
#7      TestWidgetsFlutterBinding._runTestBody (package:flutter_test/src/binding.dart:1953:5)
<asynchronous suspension>
#8      StackZoneSpecification._registerCallback.<anonymous closure> (package:stack_trace/src/stack_zone_specification.dart:114:42)
<asynchronous suspension>
To silence this warning, pass "warnIfMissed: false" to "tap()".
To make this warning fatal, set WidgetController.hitTestWarningShouldBeFatal to true.

04:38 +1001: /home/albert/busystack/busymark/test/src/source_editor_widget_test.dart: Source inline reconciliation ignores separate destination runs
04:38 +1002: /home/albert/busystack/busymark/test/src/source_editor_widget_test.dart: Source adjacent-style reconciliation preserves literal code delimiters
04:39 +1003: /home/albert/busystack/busymark/test/src/source_editor_widget_test.dart: Source table reconciliation preserves a partially consumed delimiter
04:39 +1004: /home/albert/busystack/busymark/test/src/source_editor_widget_test.dart: Source table inline reconciliation is confined to the selected cell
04:39 +1005: /home/albert/busystack/busymark/test/src/source_editor_widget_test.dart: Source table keeps multiple independent incoming style runs
04:39 +1006: /home/albert/busystack/busymark/test/src/source_editor_widget_test.dart: Source does not treat multiple incoming bold runs as one wrapper
04:39 +1007: /home/albert/busystack/busymark/test/src/source_editor_widget_test.dart: Source reconciles arbitrary inline sequences with paragraph context
04:39 +1008: /home/albert/busystack/busymark/test/src/source_editor_widget_test.dart: Source reconciles arbitrary inline sequences inside table cells
04:39 +1009: /home/albert/busystack/busymark/test/src/source_editor_widget_test.dart: Source table sequence reconciliation retains authored delimiters
04:39 +1010: /home/albert/busystack/busymark/test/src/source_editor_widget_test.dart: Source table reconciliation retains mixed nested styles
04:39 +1011: /home/albert/busystack/busymark/test/src/source_editor_widget_test.dart: Source preserves hyperlink semantics in table cells
04:39 +1012: /home/albert/busystack/busymark/test/src/source_editor_widget_test.dart: Source inline mapping handles links multiline styles and literal syntax
04:40 +1013: /home/albert/busystack/busymark/test/src/source_editor_widget_test.dart: Source caret mapping preserves literal bang before a following link
04:40 +1014: /home/albert/busystack/busymark/test/src/source_editor_widget_test.dart: Source splits resolved reference links without changing definitions
04:40 +1015: /home/albert/busystack/busymark/test/src/source_editor_widget_test.dart: Source splits multiline blockquote links without exposing prefixes
04:40 +1016: /home/albert/busystack/busymark/test/src/source_editor_widget_test.dart: Source preserves occurrence-specific hard-break provenance
04:40 +1017: /home/albert/busystack/busymark/test/src/source_editor_widget_test.dart: Source caret remains between pasted and retained hard breaks
04:40 +1018: /home/albert/busystack/busymark/test/src/source_editor_widget_test.dart: Source rich paste after an HTML break does not retain its layout newline
04:40 +1019: /home/albert/busystack/busymark/test/src/source_editor_widget_test.dart: Source rich paste preserves enclosing inline HTML as one run
04:40 +1020: /home/albert/busystack/busymark/test/src/source_editor_widget_test.dart: Source system and history rich paste map normalized HTML whitespace
04:40 +1021: /home/albert/busystack/busymark/test/src/source_editor_widget_test.dart: Source syntax-only availability agrees with textual fallback execution
04:40 +1022: /home/albert/busystack/busymark/test/src/source_editor_widget_test.dart: Source terminal structured failure blocks availability and text fallback
04:40 +1023: /home/albert/busystack/busymark/test/src/source_editor_widget_test.dart: Source rich paste remaps generated grouped hard breaks
04:40 +1024: /home/albert/busystack/busymark/test/src/source_editor_widget_test.dart: Source remaps reopened grouped breaks in a CRLF container
04:40 +1025: /home/albert/busystack/busymark/test/src/source_editor_widget_test.dart: Source maps nested and reference links through container prefixes
04:41 +1026: /home/albert/busystack/busymark/test/src/source_editor_widget_test.dart: Source paste preserves autolink destination semantics
04:41 +1027: /home/albert/busystack/busymark/test/src/source_editor_widget_test.dart: invalid email-like text does not invalidate another link target
04:41 +1028: /home/albert/busystack/busymark/test/src/source_editor_widget_test.dart: Source paste distinguishes authored and generated URL content
04:41 +1029: /home/albert/busystack/busymark/test/src/source_editor_widget_test.dart: Source paste preserves parser-folded reference identity
04:41 +1030: /home/albert/busystack/busymark/test/src/source_editor_widget_test.dart: Source same-destination paste preserves parser-folded reference identity
04:41 +1031: /home/albert/busystack/busymark/test/src/source_editor_widget_test.dart: Source paste retains the provenance of surviving line breaks
04:41 +1032: /home/albert/busystack/busymark/test/src/source_editor_widget_test.dart: Source paste keeps label break provenance independent of link titles
04:41 +1033: /home/albert/busystack/busymark/test/src/source_editor_widget_test.dart: normalized code-span breaks do not shift surviving link provenance
04:41 +1034: /home/albert/busystack/busymark/test/src/source_editor_widget_test.dart: Source paste combines folded references with surviving break provenance
04:41 +1035: /home/albert/busystack/busymark/test/src/source_editor_widget_test.dart: Source paste tracks old and new breaks independently
04:42 +1036: /home/albert/busystack/busymark/test/src/source_editor_widget_test.dart: Source reference-link label replacement retains definitions
04:42 +1037: /home/albert/busystack/busymark/test/src/source_editor_widget_test.dart: Source maps escaped brackets in collapsed and shortcut references
04:42 +1038: /home/albert/busystack/busymark/test/src/source_editor_widget_test.dart: Source maps links around unmatched and code-span backticks
04:42 +1039: /home/albert/busystack/busymark/test/src/source_editor_widget_test.dart: Source maps links with escaped and balanced label brackets
04:42 +1040: /home/albert/busystack/busymark/test/src/source_editor_widget_test.dart: Source inline wrapper mapping stays bounded for paste and availability
04:43 +1041: /home/albert/busystack/busymark/test/src/source_editor_widget_test.dart: Source maps all retained break offsets in one serialization traversal
04:44 +1042: /home/albert/busystack/busymark/test/src/source_editor_widget_test.dart: Source AST boundary mapping stays linear for availability and paste
04:44 +1043: /home/albert/busystack/busymark/test/src/source_editor_widget_test.dart: Source table paste preserves multiline link titles
04:44 +1044: /home/albert/busystack/busymark/test/src/source_editor_widget_test.dart: Source table boundary paste preserves styles caret and one-step history
04:44 +1045: /home/albert/busystack/busymark/test/src/source_editor_widget_test.dart: Source structured inline paste handles every line boundary
04:44 +1046: /home/albert/busystack/busymark/test/src/source_editor_widget_test.dart: Source inline paste preserves unrelated syntax whitespace and caret

Warning: A call to tap() with finder "Found 1 widget with type "TextField": [
  TextField(controller: BusyMarkSourceController#b33ca(TextEditingValue(text: ┤__leftright__├, selection: TextSelection.collapsed(offset: 10, affinity: TextAffinity.downstream, isDirectional: false), composing: TextRange(start: -1, end: -1))), focusNode: FocusNode#e621b, undoController: UndoHistoryController#943bb(UndoHistoryValue(canUndo: false, canRedo: false)), decoration: InputDecoration(contentPadding: EdgeInsets(12.0, 16.0, 16.0, 16.0), isCollapsed: true, fillColor: Color(alpha: 0.0000, red: 0.0000, green: 0.0000, blue: 0.0000, colorSpace: ColorSpace.sRGB), focusColor: Color(alpha: 0.0000, red: 0.0000, green: 0.0000, blue: 0.0000, colorSpace: ColorSpace.sRGB), hoverColor: Color(alpha: 0.0000, red: 0.0000, green: 0.0000, blue: 0.0000, colorSpace: ColorSpace.sRGB), focusedBorder: _NoInputBorder(), enabledBorder: _NoInputBorder(), border: _NoInputBorder()), keyboardType: TextInputType(name: TextInputType.multiline, signed: null, decimal: null), style: TextStyle(inherit: true, family: Ubuntu Mono, familyFallback: [Noto Sans Arabic, Noto Sans Mono, DejaVu Sans Mono, DejaVu Sans], size: 14.0, height: 1.6x, leadingDistribution: even), autocorrect: false, smartDashesType: disabled, smartQuotesType: disabled, enableSuggestions: false, maxLines: null, expands: true, textAlignVertical: TextAlignVertical(y: -1.0), textDirection: ltr, cursorWidth: 1.4, cursorHeight: 18.8, cursorColor: Color(alpha: 0.8200, red: 0.9686, green: 0.9686, blue: 0.9686, colorSpace: ColorSpace.sRGB), scrollController: ScrollController#0074e(one client, offset 0.0), dependencies: [DefaultSelectionStyle, InheritedCupertinoTheme, MediaQuery, UnmanagedRestorationScope, _InheritedTheme, _LocalizationsScope-[GlobalKey#06341]], state: _TextFieldState#66482),
]" derived an Offset (Offset(425.5, 300.0)) that would not hit test on the specified widget.
Maybe the widget is actually off-screen, or another widget is obscuring it, or the widget cannot receive pointer events.
The finder corresponds to this RenderBox: RenderMouseRegion#5b075
The hit test result at that offset is: HitTestResult(RenderMouseRegion#6db19@Offset(425.5, 300.0), RenderSemanticsAnnotations#d9f80@Offset(425.5, 300.0), RenderPointerListener#a870a@Offset(425.5, 300.0), RenderSemanticsGestureHandler#c0ef0@Offset(425.5, 300.0), RenderExcludeSemantics#08ada@Offset(425.5, 300.0), RenderBlockSemantics#3e1a3@Offset(425.5, 300.0), RenderIgnorePointer#63f30@Offset(425.5, 300.0), RenderSemanticsAnnotations#71966@Offset(425.5, 300.0), _RenderTheater#a9712@Offset(425.5, 300.0), RenderAbsorbPointer#1312e@Offset(425.5, 300.0), RenderPointerListener#85c75@Offset(425.5, 300.0), RenderSemanticsAnnotations#a034c@Offset(425.5, 300.0), RenderCustomPaint#f3c29@Offset(425.5, 300.0), RenderSemanticsAnnotations#5c2f6@Offset(425.5, 300.0), RenderSemanticsAnnotations#8f76f@Offset(425.5, 300.0), RenderSemanticsAnnotations#c2d9b@Offset(425.5, 300.0), RenderTapRegionSurface#82c80@Offset(425.5, 300.0), RenderSemanticsAnnotations#c5379@Offset(425.5, 300.0), RenderSemanticsAnnotations#20430@Offset(425.5, 300.0), HitTestEntry<HitTestTarget>#0ac3c(_ReusableRenderView#84f48), HitTestEntry<HitTestTarget>#69b77(<AutomatedTestWidgetsFlutterBinding>))
#0      WidgetController._getElementPoint (package:flutter_test/src/controller.dart:2165:25)
#1      WidgetController.getCenter (package:flutter_test/src/controller.dart:1947:12)
#2      WidgetController.tap (package:flutter_test/src/controller.dart:1080:7)
#3      _pumpClipboardSourceEditor (file:///home/albert/busystack/busymark/test/src/source_editor_widget_test.dart:9400:16)
<asynchronous suspension>
#4      main.<anonymous closure>.paste (file:///home/albert/busystack/busymark/test/src/source_editor_widget_test.dart:6908:28)
<asynchronous suspension>
#5      main.<anonymous closure> (file:///home/albert/busystack/busymark/test/src/source_editor_widget_test.dart:6936:20)
<asynchronous suspension>
#6      testWidgets.<anonymous closure>.<anonymous closure> (package:flutter_test/src/widget_tester.dart:192:15)
<asynchronous suspension>
#7      TestWidgetsFlutterBinding._runTestBody (package:flutter_test/src/binding.dart:1953:5)
<asynchronous suspension>
#8      StackZoneSpecification._registerCallback.<anonymous closure> (package:stack_trace/src/stack_zone_specification.dart:114:42)
<asynchronous suspension>
To silence this warning, pass "warnIfMissed: false" to "tap()".
To make this warning fatal, set WidgetController.hitTestWarningShouldBeFatal to true.

04:44 +1047: /home/albert/busystack/busymark/test/src/source_editor_widget_test.dart: Source table cells reconcile surrounding inline styles
04:44 +1048: /home/albert/busystack/busymark/test/src/source_editor_widget_test.dart: Source reconciliation reuses table-normalized inline content
04:45 +1049: /home/albert/busystack/busymark/test/src/source_editor_widget_test.dart: Source whole-block replacement differs from surviving table and code contexts

Warning: A call to tap() with finder "Found 1 widget with type "TextField": [
  TextField(controller:
    BusyMarkSourceController#a1791(TextEditingValue(text: ┤```text
    old
    ```
    ├, selection: TextSelection.collapsed(offset: 16, affinity: TextAffinity.downstream, isDirectional: false), composing: TextRange(start: -1, end: -1)))
  , focusNode: FocusNode#7c10c, undoController: UndoHistoryController#b5f9d(UndoHistoryValue(canUndo: false, canRedo: false)), decoration: InputDecoration(contentPadding: EdgeInsets(12.0, 16.0, 16.0, 16.0), isCollapsed: true, fillColor: Color(alpha: 0.0000, red: 0.0000, green: 0.0000, blue: 0.0000, colorSpace: ColorSpace.sRGB), focusColor: Color(alpha: 0.0000, red: 0.0000, green: 0.0000, blue: 0.0000, colorSpace: ColorSpace.sRGB), hoverColor: Color(alpha: 0.0000, red: 0.0000, green: 0.0000, blue: 0.0000, colorSpace: ColorSpace.sRGB), focusedBorder: _NoInputBorder(), enabledBorder: _NoInputBorder(), border: _NoInputBorder()), keyboardType: TextInputType(name: TextInputType.multiline, signed: null, decimal: null), style: TextStyle(inherit: true, family: Ubuntu Mono, familyFallback: [Noto Sans Arabic, Noto Sans Mono, DejaVu Sans Mono, DejaVu Sans], size: 14.0, height: 1.6x, leadingDistribution: even), autocorrect: false, smartDashesType: disabled, smartQuotesType: disabled, enableSuggestions: false, maxLines: null, expands: true, textAlignVertical: TextAlignVertical(y: -1.0), textDirection: ltr, cursorWidth: 1.4, cursorHeight: 18.8, cursorColor: Color(alpha: 0.8200, red: 0.9686, green: 0.9686, blue: 0.9686, colorSpace: ColorSpace.sRGB), scrollController: ScrollController#7f06c(one client, offset 0.0), dependencies: [DefaultSelectionStyle, InheritedCupertinoTheme, MediaQuery, UnmanagedRestorationScope, _InheritedTheme, _LocalizationsScope-[GlobalKey#742f2]], state: _TextFieldState#d5e30),
]" derived an Offset (Offset(425.5, 300.0)) that would not hit test on the specified widget.
Maybe the widget is actually off-screen, or another widget is obscuring it, or the widget cannot receive pointer events.
The finder corresponds to this RenderBox: RenderMouseRegion#eafcd
The hit test result at that offset is: HitTestResult(RenderMouseRegion#ec7d2@Offset(425.5, 300.0), RenderSemanticsAnnotations#39348@Offset(425.5, 300.0), RenderPointerListener#0abfc@Offset(425.5, 300.0), RenderSemanticsGestureHandler#9d11b@Offset(425.5, 300.0), RenderExcludeSemantics#2768e@Offset(425.5, 300.0), RenderBlockSemantics#417ff@Offset(425.5, 300.0), RenderIgnorePointer#5575c@Offset(425.5, 300.0), RenderSemanticsAnnotations#5ac6f@Offset(425.5, 300.0), _RenderTheater#47a6c@Offset(425.5, 300.0), RenderAbsorbPointer#9452e@Offset(425.5, 300.0), RenderPointerListener#11d7e@Offset(425.5, 300.0), RenderSemanticsAnnotations#6c451@Offset(425.5, 300.0), RenderCustomPaint#edde9@Offset(425.5, 300.0), RenderSemanticsAnnotations#bda68@Offset(425.5, 300.0), RenderSemanticsAnnotations#4a25c@Offset(425.5, 300.0), RenderSemanticsAnnotations#feec4@Offset(425.5, 300.0), RenderTapRegionSurface#ef43e@Offset(425.5, 300.0), RenderSemanticsAnnotations#2dfa3@Offset(425.5, 300.0), RenderSemanticsAnnotations#b62f8@Offset(425.5, 300.0), HitTestEntry<HitTestTarget>#d768a(_ReusableRenderView#84f48), HitTestEntry<HitTestTarget>#ec217(<AutomatedTestWidgetsFlutterBinding>))
#0      WidgetController._getElementPoint (package:flutter_test/src/controller.dart:2165:25)
#1      WidgetController.getCenter (package:flutter_test/src/controller.dart:1947:12)
#2      WidgetController.tap (package:flutter_test/src/controller.dart:1080:7)
#3      _pumpClipboardSourceEditor (file:///home/albert/busystack/busymark/test/src/source_editor_widget_test.dart:9400:16)
<asynchronous suspension>
#4      main.<anonymous closure> (file:///home/albert/busystack/busymark/test/src/source_editor_widget_test.dart:7158:25)
<asynchronous suspension>
#5      testWidgets.<anonymous closure>.<anonymous closure> (package:flutter_test/src/widget_tester.dart:192:15)
<asynchronous suspension>
#6      TestWidgetsFlutterBinding._runTestBody (package:flutter_test/src/binding.dart:1953:5)
<asynchronous suspension>
#7      StackZoneSpecification._registerCallback.<anonymous closure> (package:stack_trace/src/stack_zone_specification.dart:114:42)
<asynchronous suspension>
To silence this warning, pass "warnIfMissed: false" to "tap()".
To make this warning fatal, set WidgetController.hitTestWarningShouldBeFatal to true.

04:45 +1050: /home/albert/busystack/busymark/test/src/source_editor_widget_test.dart: Source structured paragraph markers escape only at block starts

Warning: A call to tap() with finder "Found 1 widget with type "TextField": [
  TextField(controller: BusyMarkSourceController#2ed98(TextEditingValue(text: ┤├, selection: TextSelection.collapsed(offset: 0, affinity: TextAffinity.downstream, isDirectional: false), composing: TextRange(start: -1, end: -1))), focusNode: FocusNode#b93d1, undoController: UndoHistoryController#d0209(UndoHistoryValue(canUndo: false, canRedo: false)), decoration: InputDecoration(contentPadding: EdgeInsets(12.0, 16.0, 16.0, 16.0), isCollapsed: true, fillColor: Color(alpha: 0.0000, red: 0.0000, green: 0.0000, blue: 0.0000, colorSpace: ColorSpace.sRGB), focusColor: Color(alpha: 0.0000, red: 0.0000, green: 0.0000, blue: 0.0000, colorSpace: ColorSpace.sRGB), hoverColor: Color(alpha: 0.0000, red: 0.0000, green: 0.0000, blue: 0.0000, colorSpace: ColorSpace.sRGB), focusedBorder: _NoInputBorder(), enabledBorder: _NoInputBorder(), border: _NoInputBorder()), keyboardType: TextInputType(name: TextInputType.multiline, signed: null, decimal: null), style: TextStyle(inherit: true, family: Ubuntu Mono, familyFallback: [Noto Sans Arabic, Noto Sans Mono, DejaVu Sans Mono, DejaVu Sans], size: 14.0, height: 1.6x, leadingDistribution: even), autocorrect: false, smartDashesType: disabled, smartQuotesType: disabled, enableSuggestions: false, maxLines: null, expands: true, textAlignVertical: TextAlignVertical(y: -1.0), textDirection: ltr, cursorWidth: 1.4, cursorHeight: 18.8, cursorColor: Color(alpha: 0.8200, red: 0.9686, green: 0.9686, blue: 0.9686, colorSpace: ColorSpace.sRGB), scrollController: ScrollController#347d5(one client, offset 0.0), dependencies: [DefaultSelectionStyle, InheritedCupertinoTheme, MediaQuery, UnmanagedRestorationScope, _InheritedTheme, _LocalizationsScope-[GlobalKey#de760]], state: _TextFieldState#197b9),
]" derived an Offset (Offset(425.5, 300.0)) that would not hit test on the specified widget.
Maybe the widget is actually off-screen, or another widget is obscuring it, or the widget cannot receive pointer events.
The finder corresponds to this RenderBox: RenderMouseRegion#2af69
The hit test result at that offset is: HitTestResult(RenderMouseRegion#54464@Offset(425.5, 300.0), RenderSemanticsAnnotations#fbf67@Offset(425.5, 300.0), RenderPointerListener#70eeb@Offset(425.5, 300.0), RenderSemanticsGestureHandler#a01de@Offset(425.5, 300.0), RenderExcludeSemantics#36714@Offset(425.5, 300.0), RenderBlockSemantics#cff25@Offset(425.5, 300.0), RenderIgnorePointer#6556f@Offset(425.5, 300.0), RenderSemanticsAnnotations#53ec2@Offset(425.5, 300.0), _RenderTheater#d478d@Offset(425.5, 300.0), RenderAbsorbPointer#6356e@Offset(425.5, 300.0), RenderPointerListener#cc65d@Offset(425.5, 300.0), RenderSemanticsAnnotations#8ffa0@Offset(425.5, 300.0), RenderCustomPaint#f372c@Offset(425.5, 300.0), RenderSemanticsAnnotations#a5975@Offset(425.5, 300.0), RenderSemanticsAnnotations#b4b8c@Offset(425.5, 300.0), RenderSemanticsAnnotations#0cf36@Offset(425.5, 300.0), RenderTapRegionSurface#18801@Offset(425.5, 300.0), RenderSemanticsAnnotations#010d8@Offset(425.5, 300.0), RenderSemanticsAnnotations#11627@Offset(425.5, 300.0), HitTestEntry<HitTestTarget>#84a39(_ReusableRenderView#84f48), HitTestEntry<HitTestTarget>#1251c(<AutomatedTestWidgetsFlutterBinding>))
#0      WidgetController._getElementPoint (package:flutter_test/src/controller.dart:2165:25)
#1      WidgetController.getCenter (package:flutter_test/src/controller.dart:1947:12)
#2      WidgetController.tap (package:flutter_test/src/controller.dart:1080:7)
#3      _pumpClipboardSourceEditor (file:///home/albert/busystack/busymark/test/src/source_editor_widget_test.dart:9400:16)
<asynchronous suspension>
#4      main.<anonymous closure> (file:///home/albert/busystack/busymark/test/src/source_editor_widget_test.dart:7226:23)
<asynchronous suspension>
#5      testWidgets.<anonymous closure>.<anonymous closure> (package:flutter_test/src/widget_tester.dart:192:15)
<asynchronous suspension>
#6      TestWidgetsFlutterBinding._runTestBody (package:flutter_test/src/binding.dart:1953:5)
<asynchronous suspension>
#7      StackZoneSpecification._registerCallback.<anonymous closure> (package:stack_trace/src/stack_zone_specification.dart:114:42)
<asynchronous suspension>
To silence this warning, pass "warnIfMissed: false" to "tap()".
To make this warning fatal, set WidgetController.hitTestWarningShouldBeFatal to true.


Warning: A call to tap() with finder "Found 1 widget with type "TextField": [
  TextField(controller: BusyMarkSourceController#2ed98(TextEditingValue(text: ┤├, selection: TextSelection.collapsed(offset: 0, affinity: TextAffinity.downstream, isDirectional: false), composing: TextRange(start: -1, end: -1))), focusNode: FocusNode#b93d1, undoController: UndoHistoryController#d0209(UndoHistoryValue(canUndo: false, canRedo: false)), decoration: InputDecoration(contentPadding: EdgeInsets(12.0, 16.0, 16.0, 16.0), isCollapsed: true, fillColor: Color(alpha: 0.0000, red: 0.0000, green: 0.0000, blue: 0.0000, colorSpace: ColorSpace.sRGB), focusColor: Color(alpha: 0.0000, red: 0.0000, green: 0.0000, blue: 0.0000, colorSpace: ColorSpace.sRGB), hoverColor: Color(alpha: 0.0000, red: 0.0000, green: 0.0000, blue: 0.0000, colorSpace: ColorSpace.sRGB), focusedBorder: _NoInputBorder(), enabledBorder: _NoInputBorder(), border: _NoInputBorder()), keyboardType: TextInputType(name: TextInputType.multiline, signed: null, decimal: null), style: TextStyle(inherit: true, family: Ubuntu Mono, familyFallback: [Noto Sans Arabic, Noto Sans Mono, DejaVu Sans Mono, DejaVu Sans], size: 14.0, height: 1.6x, leadingDistribution: even), autocorrect: false, smartDashesType: disabled, smartQuotesType: disabled, enableSuggestions: false, maxLines: null, expands: true, textAlignVertical: TextAlignVertical(y: -1.0), textDirection: ltr, cursorWidth: 1.4, cursorHeight: 18.8, cursorColor: Color(alpha: 0.8200, red: 0.9686, green: 0.9686, blue: 0.9686, colorSpace: ColorSpace.sRGB), scrollController: ScrollController#347d5(one client, offset 0.0), dependencies: [DefaultSelectionStyle, InheritedCupertinoTheme, MediaQuery, UnmanagedRestorationScope, _InheritedTheme, _LocalizationsScope-[GlobalKey#de760]], state: _TextFieldState#197b9),
]" derived an Offset (Offset(425.5, 300.0)) that would not hit test on the specified widget.
Maybe the widget is actually off-screen, or another widget is obscuring it, or the widget cannot receive pointer events.
The finder corresponds to this RenderBox: RenderMouseRegion#2af69
The hit test result at that offset is: HitTestResult(RenderMouseRegion#a6111@Offset(425.5, 300.0), RenderSemanticsAnnotations#dd0da@Offset(425.5, 300.0), RenderPointerListener#eb6ed@Offset(425.5, 300.0), RenderSemanticsGestureHandler#1cbb3@Offset(425.5, 300.0), RenderExcludeSemantics#d378a@Offset(425.5, 300.0), RenderBlockSemantics#e48bf@Offset(425.5, 300.0), RenderIgnorePointer#00e5e@Offset(425.5, 300.0), RenderSemanticsAnnotations#ad1ec@Offset(425.5, 300.0), _RenderTheater#d478d@Offset(425.5, 300.0), RenderAbsorbPointer#6356e@Offset(425.5, 300.0), RenderPointerListener#cc65d@Offset(425.5, 300.0), RenderSemanticsAnnotations#8ffa0@Offset(425.5, 300.0), RenderCustomPaint#f372c@Offset(425.5, 300.0), RenderSemanticsAnnotations#a5975@Offset(425.5, 300.0), RenderSemanticsAnnotations#b4b8c@Offset(425.5, 300.0), RenderSemanticsAnnotations#0cf36@Offset(425.5, 300.0), RenderTapRegionSurface#18801@Offset(425.5, 300.0), RenderSemanticsAnnotations#010d8@Offset(425.5, 300.0), RenderSemanticsAnnotations#11627@Offset(425.5, 300.0), HitTestEntry<HitTestTarget>#35bd0(_ReusableRenderView#84f48), HitTestEntry<HitTestTarget>#766e8(<AutomatedTestWidgetsFlutterBinding>))
#0      WidgetController._getElementPoint (package:flutter_test/src/controller.dart:2165:25)
#1      WidgetController.getCenter (package:flutter_test/src/controller.dart:1947:12)
#2      WidgetController.tap (package:flutter_test/src/controller.dart:1080:7)
#3      _pumpClipboardSourceEditor (file:///home/albert/busystack/busymark/test/src/source_editor_widget_test.dart:9400:16)
<asynchronous suspension>
#4      main.<anonymous closure> (file:///home/albert/busystack/busymark/test/src/source_editor_widget_test.dart:7226:23)
<asynchronous suspension>
#5      testWidgets.<anonymous closure>.<anonymous closure> (package:flutter_test/src/widget_tester.dart:192:15)
<asynchronous suspension>
#6      TestWidgetsFlutterBinding._runTestBody (package:flutter_test/src/binding.dart:1953:5)
<asynchronous suspension>
#7      StackZoneSpecification._registerCallback.<anonymous closure> (package:stack_trace/src/stack_zone_specification.dart:114:42)
<asynchronous suspension>
To silence this warning, pass "warnIfMissed: false" to "tap()".
To make this warning fatal, set WidgetController.hitTestWarningShouldBeFatal to true.


Warning: A call to tap() with finder "Found 1 widget with type "TextField": [
  TextField(controller: BusyMarkSourceController#2ed98(TextEditingValue(text: ┤leftright├, selection: TextSelection.collapsed(offset: 8, affinity: TextAffinity.downstream, isDirectional: false), composing: TextRange(start: -1, end: -1))), focusNode: FocusNode#b93d1, undoController: UndoHistoryController#d0209(UndoHistoryValue(canUndo: false, canRedo: false)), decoration: InputDecoration(contentPadding: EdgeInsets(12.0, 16.0, 16.0, 16.0), isCollapsed: true, fillColor: Color(alpha: 0.0000, red: 0.0000, green: 0.0000, blue: 0.0000, colorSpace: ColorSpace.sRGB), focusColor: Color(alpha: 0.0000, red: 0.0000, green: 0.0000, blue: 0.0000, colorSpace: ColorSpace.sRGB), hoverColor: Color(alpha: 0.0000, red: 0.0000, green: 0.0000, blue: 0.0000, colorSpace: ColorSpace.sRGB), focusedBorder: _NoInputBorder(), enabledBorder: _NoInputBorder(), border: _NoInputBorder()), keyboardType: TextInputType(name: TextInputType.multiline, signed: null, decimal: null), style: TextStyle(inherit: true, family: Ubuntu Mono, familyFallback: [Noto Sans Arabic, Noto Sans Mono, DejaVu Sans Mono, DejaVu Sans], size: 14.0, height: 1.6x, leadingDistribution: even), autocorrect: false, smartDashesType: disabled, smartQuotesType: disabled, enableSuggestions: false, maxLines: null, expands: true, textAlignVertical: TextAlignVertical(y: -1.0), textDirection: ltr, cursorWidth: 1.4, cursorHeight: 18.8, cursorColor: Color(alpha: 0.8200, red: 0.9686, green: 0.9686, blue: 0.9686, colorSpace: ColorSpace.sRGB), scrollController: ScrollController#347d5(one client, offset 0.0), dependencies: [DefaultSelectionStyle, InheritedCupertinoTheme, MediaQuery, UnmanagedRestorationScope, _InheritedTheme, _LocalizationsScope-[GlobalKey#de760]], state: _TextFieldState#197b9),
]" derived an Offset (Offset(425.5, 300.0)) that would not hit test on the specified widget.
Maybe the widget is actually off-screen, or another widget is obscuring it, or the widget cannot receive pointer events.
The finder corresponds to this RenderBox: RenderMouseRegion#2af69
The hit test result at that offset is: HitTestResult(RenderMouseRegion#5862a@Offset(425.5, 300.0), RenderSemanticsAnnotations#ac2f4@Offset(425.5, 300.0), RenderPointerListener#1f0ca@Offset(425.5, 300.0), RenderSemanticsGestureHandler#c87bd@Offset(425.5, 300.0), RenderExcludeSemantics#8aad5@Offset(425.5, 300.0), RenderBlockSemantics#f8e70@Offset(425.5, 300.0), RenderIgnorePointer#8771b@Offset(425.5, 300.0), RenderSemanticsAnnotations#87137@Offset(425.5, 300.0), _RenderTheater#d478d@Offset(425.5, 300.0), RenderAbsorbPointer#6356e@Offset(425.5, 300.0), RenderPointerListener#cc65d@Offset(425.5, 300.0), RenderSemanticsAnnotations#8ffa0@Offset(425.5, 300.0), RenderCustomPaint#f372c@Offset(425.5, 300.0), RenderSemanticsAnnotations#a5975@Offset(425.5, 300.0), RenderSemanticsAnnotations#b4b8c@Offset(425.5, 300.0), RenderSemanticsAnnotations#0cf36@Offset(425.5, 300.0), RenderTapRegionSurface#18801@Offset(425.5, 300.0), RenderSemanticsAnnotations#010d8@Offset(425.5, 300.0), RenderSemanticsAnnotations#11627@Offset(425.5, 300.0), HitTestEntry<HitTestTarget>#b2639(_ReusableRenderView#84f48), HitTestEntry<HitTestTarget>#1224d(<AutomatedTestWidgetsFlutterBinding>))
#0      WidgetController._getElementPoint (package:flutter_test/src/controller.dart:2165:25)
#1      WidgetController.getCenter (package:flutter_test/src/controller.dart:1947:12)
#2      WidgetController.tap (package:flutter_test/src/controller.dart:1080:7)
#3      _pumpClipboardSourceEditor (file:///home/albert/busystack/busymark/test/src/source_editor_widget_test.dart:9400:16)
<asynchronous suspension>
#4      main.<anonymous closure> (file:///home/albert/busystack/busymark/test/src/source_editor_widget_test.dart:7247:24)
<asynchronous suspension>
#5      testWidgets.<anonymous closure>.<anonymous closure> (package:flutter_test/src/widget_tester.dart:192:15)
<asynchronous suspension>
#6      TestWidgetsFlutterBinding._runTestBody (package:flutter_test/src/binding.dart:1953:5)
<asynchronous suspension>
#7      StackZoneSpecification._registerCallback.<anonymous closure> (package:stack_trace/src/stack_zone_specification.dart:114:42)
<asynchronous suspension>
To silence this warning, pass "warnIfMissed: false" to "tap()".
To make this warning fatal, set WidgetController.hitTestWarningShouldBeFatal to true.


Warning: A call to tap() with finder "Found 1 widget with type "TextField": [
  TextField(controller: BusyMarkSourceController#2ed98(TextEditingValue(text: ┤- right├, selection: TextSelection.collapsed(offset: 7, affinity: TextAffinity.downstream, isDirectional: false), composing: TextRange(start: -1, end: -1))), focusNode: FocusNode#b93d1, undoController: UndoHistoryController#d0209(UndoHistoryValue(canUndo: false, canRedo: false)), decoration: InputDecoration(contentPadding: EdgeInsets(12.0, 16.0, 16.0, 16.0), isCollapsed: true, fillColor: Color(alpha: 0.0000, red: 0.0000, green: 0.0000, blue: 0.0000, colorSpace: ColorSpace.sRGB), focusColor: Color(alpha: 0.0000, red: 0.0000, green: 0.0000, blue: 0.0000, colorSpace: ColorSpace.sRGB), hoverColor: Color(alpha: 0.0000, red: 0.0000, green: 0.0000, blue: 0.0000, colorSpace: ColorSpace.sRGB), focusedBorder: _NoInputBorder(), enabledBorder: _NoInputBorder(), border: _NoInputBorder()), keyboardType: TextInputType(name: TextInputType.multiline, signed: null, decimal: null), style: TextStyle(inherit: true, family: Ubuntu Mono, familyFallback: [Noto Sans Arabic, Noto Sans Mono, DejaVu Sans Mono, DejaVu Sans], size: 14.0, height: 1.6x, leadingDistribution: even), autocorrect: false, smartDashesType: disabled, smartQuotesType: disabled, enableSuggestions: false, maxLines: null, expands: true, textAlignVertical: TextAlignVertical(y: -1.0), textDirection: ltr, cursorWidth: 1.4, cursorHeight: 18.8, cursorColor: Color(alpha: 0.8200, red: 0.9686, green: 0.9686, blue: 0.9686, colorSpace: ColorSpace.sRGB), scrollController: ScrollController#347d5(one client, offset 0.0), dependencies: [DefaultSelectionStyle, InheritedCupertinoTheme, MediaQuery, UnmanagedRestorationScope, _InheritedTheme, _LocalizationsScope-[GlobalKey#de760]], state: _TextFieldState#197b9),
]" derived an Offset (Offset(425.5, 300.0)) that would not hit test on the specified widget.
Maybe the widget is actually off-screen, or another widget is obscuring it, or the widget cannot receive pointer events.
The finder corresponds to this RenderBox: RenderMouseRegion#2af69
The hit test result at that offset is: HitTestResult(RenderMouseRegion#fc928@Offset(425.5, 300.0), RenderSemanticsAnnotations#f7aa4@Offset(425.5, 300.0), RenderPointerListener#6aa50@Offset(425.5, 300.0), RenderSemanticsGestureHandler#0f34b@Offset(425.5, 300.0), RenderExcludeSemantics#79eff@Offset(425.5, 300.0), RenderBlockSemantics#79250@Offset(425.5, 300.0), RenderIgnorePointer#1199d@Offset(425.5, 300.0), RenderSemanticsAnnotations#a3823@Offset(425.5, 300.0), _RenderTheater#d478d@Offset(425.5, 300.0), RenderAbsorbPointer#6356e@Offset(425.5, 300.0), RenderPointerListener#cc65d@Offset(425.5, 300.0), RenderSemanticsAnnotations#8ffa0@Offset(425.5, 300.0), RenderCustomPaint#f372c@Offset(425.5, 300.0), RenderSemanticsAnnotations#a5975@Offset(425.5, 300.0), RenderSemanticsAnnotations#b4b8c@Offset(425.5, 300.0), RenderSemanticsAnnotations#0cf36@Offset(425.5, 300.0), RenderTapRegionSurface#18801@Offset(425.5, 300.0), RenderSemanticsAnnotations#010d8@Offset(425.5, 300.0), RenderSemanticsAnnotations#11627@Offset(425.5, 300.0), HitTestEntry<HitTestTarget>#8ac8d(_ReusableRenderView#84f48), HitTestEntry<HitTestTarget>#07d1a(<AutomatedTestWidgetsFlutterBinding>))
#0      WidgetController._getElementPoint (package:flutter_test/src/controller.dart:2165:25)
#1      WidgetController.getCenter (package:flutter_test/src/controller.dart:1947:12)
#2      WidgetController.tap (package:flutter_test/src/controller.dart:1080:7)
#3      _pumpClipboardSourceEditor (file:///home/albert/busystack/busymark/test/src/source_editor_widget_test.dart:9400:16)
<asynchronous suspension>
#4      main.<anonymous closure> (file:///home/albert/busystack/busymark/test/src/source_editor_widget_test.dart:7277:26)
<asynchronous suspension>
#5      testWidgets.<anonymous closure>.<anonymous closure> (package:flutter_test/src/widget_tester.dart:192:15)
<asynchronous suspension>
#6      TestWidgetsFlutterBinding._runTestBody (package:flutter_test/src/binding.dart:1953:5)
<asynchronous suspension>
#7      StackZoneSpecification._registerCallback.<anonymous closure> (package:stack_trace/src/stack_zone_specification.dart:114:42)
<asynchronous suspension>
To silence this warning, pass "warnIfMissed: false" to "tap()".
To make this warning fatal, set WidgetController.hitTestWarningShouldBeFatal to true.

04:45 +1051: /home/albert/busystack/busymark/test/src/source_editor_widget_test.dart: Source native inline paste preserves edge and only whitespace

Warning: A call to tap() with finder "Found 1 widget with type "TextField": [
  TextField(controller: BusyMarkSourceController#eae1d(TextEditingValue(text: ┤leftDELETEright├, selection: TextSelection.collapsed(offset: 11, affinity: TextAffinity.downstream, isDirectional: false), composing: TextRange(start: -1, end: -1))), focusNode: FocusNode#ab7ac, undoController: UndoHistoryController#b6409(UndoHistoryValue(canUndo: false, canRedo: false)), decoration: InputDecoration(contentPadding: EdgeInsets(12.0, 16.0, 16.0, 16.0), isCollapsed: true, fillColor: Color(alpha: 0.0000, red: 0.0000, green: 0.0000, blue: 0.0000, colorSpace: ColorSpace.sRGB), focusColor: Color(alpha: 0.0000, red: 0.0000, green: 0.0000, blue: 0.0000, colorSpace: ColorSpace.sRGB), hoverColor: Color(alpha: 0.0000, red: 0.0000, green: 0.0000, blue: 0.0000, colorSpace: ColorSpace.sRGB), focusedBorder: _NoInputBorder(), enabledBorder: _NoInputBorder(), border: _NoInputBorder()), keyboardType: TextInputType(name: TextInputType.multiline, signed: null, decimal: null), style: TextStyle(inherit: true, family: Ubuntu Mono, familyFallback: [Noto Sans Arabic, Noto Sans Mono, DejaVu Sans Mono, DejaVu Sans], size: 14.0, height: 1.6x, leadingDistribution: even), autocorrect: false, smartDashesType: disabled, smartQuotesType: disabled, enableSuggestions: false, maxLines: null, expands: true, textAlignVertical: TextAlignVertical(y: -1.0), textDirection: ltr, cursorWidth: 1.4, cursorHeight: 18.8, cursorColor: Color(alpha: 0.8200, red: 0.9686, green: 0.9686, blue: 0.9686, colorSpace: ColorSpace.sRGB), scrollController: ScrollController#62ef5(one client, offset 0.0), dependencies: [DefaultSelectionStyle, InheritedCupertinoTheme, MediaQuery, UnmanagedRestorationScope, _InheritedTheme, _LocalizationsScope-[GlobalKey#ada55]], state: _TextFieldState#acd37),
]" derived an Offset (Offset(425.5, 300.0)) that would not hit test on the specified widget.
Maybe the widget is actually off-screen, or another widget is obscuring it, or the widget cannot receive pointer events.
The finder corresponds to this RenderBox: RenderMouseRegion#507e1
The hit test result at that offset is: HitTestResult(RenderMouseRegion#9dcf4@Offset(425.5, 300.0), RenderSemanticsAnnotations#0b822@Offset(425.5, 300.0), RenderPointerListener#93766@Offset(425.5, 300.0), RenderSemanticsGestureHandler#bfa2f@Offset(425.5, 300.0), RenderExcludeSemantics#2785b@Offset(425.5, 300.0), RenderBlockSemantics#a0168@Offset(425.5, 300.0), RenderIgnorePointer#d6dd4@Offset(425.5, 300.0), RenderSemanticsAnnotations#0e7a0@Offset(425.5, 300.0), _RenderTheater#2e390@Offset(425.5, 300.0), RenderAbsorbPointer#4763e@Offset(425.5, 300.0), RenderPointerListener#3a832@Offset(425.5, 300.0), RenderSemanticsAnnotations#63e3a@Offset(425.5, 300.0), RenderCustomPaint#6c25c@Offset(425.5, 300.0), RenderSemanticsAnnotations#531f1@Offset(425.5, 300.0), RenderSemanticsAnnotations#65130@Offset(425.5, 300.0), RenderSemanticsAnnotations#e6b02@Offset(425.5, 300.0), RenderTapRegionSurface#6a271@Offset(425.5, 300.0), RenderSemanticsAnnotations#780ce@Offset(425.5, 300.0), RenderSemanticsAnnotations#92309@Offset(425.5, 300.0), HitTestEntry<HitTestTarget>#7bbc5(_ReusableRenderView#84f48), HitTestEntry<HitTestTarget>#99e0c(<AutomatedTestWidgetsFlutterBinding>))
#0      WidgetController._getElementPoint (package:flutter_test/src/controller.dart:2165:25)
#1      WidgetController.getCenter (package:flutter_test/src/controller.dart:1947:12)
#2      WidgetController.tap (package:flutter_test/src/controller.dart:1080:7)
#3      _pumpClipboardSourceEditor (file:///home/albert/busystack/busymark/test/src/source_editor_widget_test.dart:9400:16)
<asynchronous suspension>
#4      main.<anonymous closure> (file:///home/albert/busystack/busymark/test/src/source_editor_widget_test.dart:7379:24)
<asynchronous suspension>
#5      testWidgets.<anonymous closure>.<anonymous closure> (package:flutter_test/src/widget_tester.dart:192:15)
<asynchronous suspension>
#6      TestWidgetsFlutterBinding._runTestBody (package:flutter_test/src/binding.dart:1953:5)
<asynchronous suspension>
#7      StackZoneSpecification._registerCallback.<anonymous closure> (package:stack_trace/src/stack_zone_specification.dart:114:42)
<asynchronous suspension>
To silence this warning, pass "warnIfMissed: false" to "tap()".
To make this warning fatal, set WidgetController.hitTestWarningShouldBeFatal to true.

04:45 +1052: /home/albert/busystack/busymark/test/src/source_editor_widget_test.dart: Source native rich edge whitespace repeats and restores real Undo state
04:45 +1053: /home/albert/busystack/busymark/test/src/source_editor_widget_test.dart: Source structured paste respects table-cell semantics
04:45 +1054: /home/albert/busystack/busymark/test/src/source_editor_widget_test.dart: Source maps a final table cell ending in an escaped pipe
04:45 +1055: /home/albert/busystack/busymark/test/src/source_editor_widget_test.dart: Source structured blocks preserve list and quote containers
04:45 +1056: /home/albert/busystack/busymark/test/src/source_editor_widget_test.dart: Source complete blocks remain in containers at every content boundary

Warning: A call to tap() with finder "Found 1 widget with type "TextField": [
  TextField(controller: BusyMarkSourceController#d8861(TextEditingValue(text: ┤> item├, selection: TextSelection.collapsed(offset: 6, affinity: TextAffinity.downstream, isDirectional: false), composing: TextRange(start: -1, end: -1))), focusNode: FocusNode#4db40, undoController: UndoHistoryController#b64ac(UndoHistoryValue(canUndo: false, canRedo: false)), decoration: InputDecoration(contentPadding: EdgeInsets(12.0, 16.0, 16.0, 16.0), isCollapsed: true, fillColor: Color(alpha: 0.0000, red: 0.0000, green: 0.0000, blue: 0.0000, colorSpace: ColorSpace.sRGB), focusColor: Color(alpha: 0.0000, red: 0.0000, green: 0.0000, blue: 0.0000, colorSpace: ColorSpace.sRGB), hoverColor: Color(alpha: 0.0000, red: 0.0000, green: 0.0000, blue: 0.0000, colorSpace: ColorSpace.sRGB), focusedBorder: _NoInputBorder(), enabledBorder: _NoInputBorder(), border: _NoInputBorder()), keyboardType: TextInputType(name: TextInputType.multiline, signed: null, decimal: null), style: TextStyle(inherit: true, family: Ubuntu Mono, familyFallback: [Noto Sans Arabic, Noto Sans Mono, DejaVu Sans Mono, DejaVu Sans], size: 14.0, height: 1.6x, leadingDistribution: even), autocorrect: false, smartDashesType: disabled, smartQuotesType: disabled, enableSuggestions: false, maxLines: null, expands: true, textAlignVertical: TextAlignVertical(y: -1.0), textDirection: ltr, cursorWidth: 1.4, cursorHeight: 18.8, cursorColor: Color(alpha: 0.8200, red: 0.9686, green: 0.9686, blue: 0.9686, colorSpace: ColorSpace.sRGB), scrollController: ScrollController#d0e53(one client, offset 0.0), dependencies: [DefaultSelectionStyle, InheritedCupertinoTheme, MediaQuery, UnmanagedRestorationScope, _InheritedTheme, _LocalizationsScope-[GlobalKey#819bc]], state: _TextFieldState#d747f),
]" derived an Offset (Offset(425.5, 300.0)) that would not hit test on the specified widget.
Maybe the widget is actually off-screen, or another widget is obscuring it, or the widget cannot receive pointer events.
The finder corresponds to this RenderBox: RenderMouseRegion#61130
The hit test result at that offset is: HitTestResult(RenderMouseRegion#e8e03@Offset(425.5, 300.0), RenderSemanticsAnnotations#97c26@Offset(425.5, 300.0), RenderPointerListener#442ab@Offset(425.5, 300.0), RenderSemanticsGestureHandler#19c5c@Offset(425.5, 300.0), RenderExcludeSemantics#db531@Offset(425.5, 300.0), RenderBlockSemantics#55686@Offset(425.5, 300.0), RenderIgnorePointer#fe967@Offset(425.5, 300.0), RenderSemanticsAnnotations#33c2a@Offset(425.5, 300.0), _RenderTheater#93eed@Offset(425.5, 300.0), RenderAbsorbPointer#d1fa0@Offset(425.5, 300.0), RenderPointerListener#23464@Offset(425.5, 300.0), RenderSemanticsAnnotations#8154c@Offset(425.5, 300.0), RenderCustomPaint#0cbfb@Offset(425.5, 300.0), RenderSemanticsAnnotations#54a4e@Offset(425.5, 300.0), RenderSemanticsAnnotations#2925f@Offset(425.5, 300.0), RenderSemanticsAnnotations#ce8f4@Offset(425.5, 300.0), RenderTapRegionSurface#80fb4@Offset(425.5, 300.0), RenderSemanticsAnnotations#2ecd0@Offset(425.5, 300.0), RenderSemanticsAnnotations#24cdf@Offset(425.5, 300.0), HitTestEntry<HitTestTarget>#b44ae(_ReusableRenderView#84f48), HitTestEntry<HitTestTarget>#08beb(<AutomatedTestWidgetsFlutterBinding>))
#0      WidgetController._getElementPoint (package:flutter_test/src/controller.dart:2165:25)
#1      WidgetController.getCenter (package:flutter_test/src/controller.dart:1947:12)
#2      WidgetController.tap (package:flutter_test/src/controller.dart:1080:7)
#3      _pumpClipboardSourceEditor (file:///home/albert/busystack/busymark/test/src/source_editor_widget_test.dart:9400:16)
<asynchronous suspension>
#4      main.<anonymous closure> (file:///home/albert/busystack/busymark/test/src/source_editor_widget_test.dart:7808:28)
<asynchronous suspension>
#5      testWidgets.<anonymous closure>.<anonymous closure> (package:flutter_test/src/widget_tester.dart:192:15)
<asynchronous suspension>
#6      TestWidgetsFlutterBinding._runTestBody (package:flutter_test/src/binding.dart:1953:5)
<asynchronous suspension>
#7      StackZoneSpecification._registerCallback.<anonymous closure> (package:stack_trace/src/stack_zone_specification.dart:114:42)
<asynchronous suspension>
To silence this warning, pass "warnIfMissed: false" to "tap()".
To make this warning fatal, set WidgetController.hitTestWarningShouldBeFatal to true.


Warning: A call to tap() with finder "Found 1 widget with type "TextField": [
  TextField(controller:
    BusyMarkSourceController#d8861(TextEditingValue(text: ┤> item
    ├, selection: TextSelection.collapsed(offset: 7, affinity: TextAffinity.downstream, isDirectional: false), composing: TextRange(start: -1, end: -1)))
  , focusNode: FocusNode#4db40, undoController: UndoHistoryController#b64ac(UndoHistoryValue(canUndo: false, canRedo: false)), decoration: InputDecoration(contentPadding: EdgeInsets(12.0, 16.0, 16.0, 16.0), isCollapsed: true, fillColor: Color(alpha: 0.0000, red: 0.0000, green: 0.0000, blue: 0.0000, colorSpace: ColorSpace.sRGB), focusColor: Color(alpha: 0.0000, red: 0.0000, green: 0.0000, blue: 0.0000, colorSpace: ColorSpace.sRGB), hoverColor: Color(alpha: 0.0000, red: 0.0000, green: 0.0000, blue: 0.0000, colorSpace: ColorSpace.sRGB), focusedBorder: _NoInputBorder(), enabledBorder: _NoInputBorder(), border: _NoInputBorder()), keyboardType: TextInputType(name: TextInputType.multiline, signed: null, decimal: null), style: TextStyle(inherit: true, family: Ubuntu Mono, familyFallback: [Noto Sans Arabic, Noto Sans Mono, DejaVu Sans Mono, DejaVu Sans], size: 14.0, height: 1.6x, leadingDistribution: even), autocorrect: false, smartDashesType: disabled, smartQuotesType: disabled, enableSuggestions: false, maxLines: null, expands: true, textAlignVertical: TextAlignVertical(y: -1.0), textDirection: ltr, cursorWidth: 1.4, cursorHeight: 18.8, cursorColor: Color(alpha: 0.8200, red: 0.9686, green: 0.9686, blue: 0.9686, colorSpace: ColorSpace.sRGB), scrollController: ScrollController#d0e53(one client, offset 0.0), dependencies: [DefaultSelectionStyle, InheritedCupertinoTheme, MediaQuery, UnmanagedRestorationScope, _InheritedTheme, _LocalizationsScope-[GlobalKey#819bc]], state: _TextFieldState#d747f),
]" derived an Offset (Offset(425.5, 300.0)) that would not hit test on the specified widget.
Maybe the widget is actually off-screen, or another widget is obscuring it, or the widget cannot receive pointer events.
The finder corresponds to this RenderBox: RenderMouseRegion#61130
The hit test result at that offset is: HitTestResult(RenderMouseRegion#ae0b3@Offset(425.5, 300.0), RenderSemanticsAnnotations#a4bd5@Offset(425.5, 300.0), RenderPointerListener#5e24c@Offset(425.5, 300.0), RenderSemanticsGestureHandler#6e741@Offset(425.5, 300.0), RenderExcludeSemantics#bfbe4@Offset(425.5, 300.0), RenderBlockSemantics#05584@Offset(425.5, 300.0), RenderIgnorePointer#d34b5@Offset(425.5, 300.0), RenderSemanticsAnnotations#24c83@Offset(425.5, 300.0), _RenderTheater#93eed@Offset(425.5, 300.0), RenderAbsorbPointer#d1fa0@Offset(425.5, 300.0), RenderPointerListener#23464@Offset(425.5, 300.0), RenderSemanticsAnnotations#8154c@Offset(425.5, 300.0), RenderCustomPaint#0cbfb@Offset(425.5, 300.0), RenderSemanticsAnnotations#54a4e@Offset(425.5, 300.0), RenderSemanticsAnnotations#2925f@Offset(425.5, 300.0), RenderSemanticsAnnotations#ce8f4@Offset(425.5, 300.0), RenderTapRegionSurface#80fb4@Offset(425.5, 300.0), RenderSemanticsAnnotations#2ecd0@Offset(425.5, 300.0), RenderSemanticsAnnotations#24cdf@Offset(425.5, 300.0), HitTestEntry<HitTestTarget>#845e6(_ReusableRenderView#84f48), HitTestEntry<HitTestTarget>#3f4a9(<AutomatedTestWidgetsFlutterBinding>))
#0      WidgetController._getElementPoint (package:flutter_test/src/controller.dart:2165:25)
#1      WidgetController.getCenter (package:flutter_test/src/controller.dart:1947:12)
#2      WidgetController.tap (package:flutter_test/src/controller.dart:1080:7)
#3      _pumpClipboardSourceEditor (file:///home/albert/busystack/busymark/test/src/source_editor_widget_test.dart:9400:16)
<asynchronous suspension>
#4      main.<anonymous closure> (file:///home/albert/busystack/busymark/test/src/source_editor_widget_test.dart:7808:28)
<asynchronous suspension>
#5      testWidgets.<anonymous closure>.<anonymous closure> (package:flutter_test/src/widget_tester.dart:192:15)
<asynchronous suspension>
#6      TestWidgetsFlutterBinding._runTestBody (package:flutter_test/src/binding.dart:1953:5)
<asynchronous suspension>
#7      StackZoneSpecification._registerCallback.<anonymous closure> (package:stack_trace/src/stack_zone_specification.dart:114:42)
<asynchronous suspension>
To silence this warning, pass "warnIfMissed: false" to "tap()".
To make this warning fatal, set WidgetController.hitTestWarningShouldBeFatal to true.


Warning: A call to tap() with finder "Found 1 widget with type "TextField": [
  TextField(controller: BusyMarkSourceController#d8861(TextEditingValue(text: ┤- item├, selection: TextSelection.collapsed(offset: 6, affinity: TextAffinity.downstream, isDirectional: false), composing: TextRange(start: -1, end: -1))), focusNode: FocusNode#4db40, undoController: UndoHistoryController#b64ac(UndoHistoryValue(canUndo: false, canRedo: false)), decoration: InputDecoration(contentPadding: EdgeInsets(12.0, 16.0, 16.0, 16.0), isCollapsed: true, fillColor: Color(alpha: 0.0000, red: 0.0000, green: 0.0000, blue: 0.0000, colorSpace: ColorSpace.sRGB), focusColor: Color(alpha: 0.0000, red: 0.0000, green: 0.0000, blue: 0.0000, colorSpace: ColorSpace.sRGB), hoverColor: Color(alpha: 0.0000, red: 0.0000, green: 0.0000, blue: 0.0000, colorSpace: ColorSpace.sRGB), focusedBorder: _NoInputBorder(), enabledBorder: _NoInputBorder(), border: _NoInputBorder()), keyboardType: TextInputType(name: TextInputType.multiline, signed: null, decimal: null), style: TextStyle(inherit: true, family: Ubuntu Mono, familyFallback: [Noto Sans Arabic, Noto Sans Mono, DejaVu Sans Mono, DejaVu Sans], size: 14.0, height: 1.6x, leadingDistribution: even), autocorrect: false, smartDashesType: disabled, smartQuotesType: disabled, enableSuggestions: false, maxLines: null, expands: true, textAlignVertical: TextAlignVertical(y: -1.0), textDirection: ltr, cursorWidth: 1.4, cursorHeight: 18.8, cursorColor: Color(alpha: 0.8200, red: 0.9686, green: 0.9686, blue: 0.9686, colorSpace: ColorSpace.sRGB), scrollController: ScrollController#d0e53(one client, offset 0.0), dependencies: [DefaultSelectionStyle, InheritedCupertinoTheme, MediaQuery, UnmanagedRestorationScope, _InheritedTheme, _LocalizationsScope-[GlobalKey#819bc]], state: _TextFieldState#d747f),
]" derived an Offset (Offset(425.5, 300.0)) that would not hit test on the specified widget.
Maybe the widget is actually off-screen, or another widget is obscuring it, or the widget cannot receive pointer events.
The finder corresponds to this RenderBox: RenderMouseRegion#61130
The hit test result at that offset is: HitTestResult(RenderMouseRegion#ff716@Offset(425.5, 300.0), RenderSemanticsAnnotations#e5b85@Offset(425.5, 300.0), RenderPointerListener#528ea@Offset(425.5, 300.0), RenderSemanticsGestureHandler#cb80f@Offset(425.5, 300.0), RenderExcludeSemantics#5b4ea@Offset(425.5, 300.0), RenderBlockSemantics#df741@Offset(425.5, 300.0), RenderIgnorePointer#ecb10@Offset(425.5, 300.0), RenderSemanticsAnnotations#78482@Offset(425.5, 300.0), _RenderTheater#93eed@Offset(425.5, 300.0), RenderAbsorbPointer#d1fa0@Offset(425.5, 300.0), RenderPointerListener#23464@Offset(425.5, 300.0), RenderSemanticsAnnotations#8154c@Offset(425.5, 300.0), RenderCustomPaint#0cbfb@Offset(425.5, 300.0), RenderSemanticsAnnotations#54a4e@Offset(425.5, 300.0), RenderSemanticsAnnotations#2925f@Offset(425.5, 300.0), RenderSemanticsAnnotations#ce8f4@Offset(425.5, 300.0), RenderTapRegionSurface#80fb4@Offset(425.5, 300.0), RenderSemanticsAnnotations#2ecd0@Offset(425.5, 300.0), RenderSemanticsAnnotations#24cdf@Offset(425.5, 300.0), HitTestEntry<HitTestTarget>#d7ba3(_ReusableRenderView#84f48), HitTestEntry<HitTestTarget>#8441e(<AutomatedTestWidgetsFlutterBinding>))
#0      WidgetController._getElementPoint (package:flutter_test/src/controller.dart:2165:25)
#1      WidgetController.getCenter (package:flutter_test/src/controller.dart:1947:12)
#2      WidgetController.tap (package:flutter_test/src/controller.dart:1080:7)
#3      _pumpClipboardSourceEditor (file:///home/albert/busystack/busymark/test/src/source_editor_widget_test.dart:9400:16)
<asynchronous suspension>
#4      main.<anonymous closure> (file:///home/albert/busystack/busymark/test/src/source_editor_widget_test.dart:7808:28)
<asynchronous suspension>
#5      testWidgets.<anonymous closure>.<anonymous closure> (package:flutter_test/src/widget_tester.dart:192:15)
<asynchronous suspension>
#6      TestWidgetsFlutterBinding._runTestBody (package:flutter_test/src/binding.dart:1953:5)
<asynchronous suspension>
#7      StackZoneSpecification._registerCallback.<anonymous closure> (package:stack_trace/src/stack_zone_specification.dart:114:42)
<asynchronous suspension>
To silence this warning, pass "warnIfMissed: false" to "tap()".
To make this warning fatal, set WidgetController.hitTestWarningShouldBeFatal to true.


Warning: A call to tap() with finder "Found 1 widget with type "TextField": [
  TextField(controller:
    BusyMarkSourceController#d8861(TextEditingValue(text: ┤- item
    ├, selection: TextSelection.collapsed(offset: 7, affinity: TextAffinity.downstream, isDirectional: false), composing: TextRange(start: -1, end: -1)))
  , focusNode: FocusNode#4db40, undoController: UndoHistoryController#b64ac(UndoHistoryValue(canUndo: false, canRedo: false)), decoration: InputDecoration(contentPadding: EdgeInsets(12.0, 16.0, 16.0, 16.0), isCollapsed: true, fillColor: Color(alpha: 0.0000, red: 0.0000, green: 0.0000, blue: 0.0000, colorSpace: ColorSpace.sRGB), focusColor: Color(alpha: 0.0000, red: 0.0000, green: 0.0000, blue: 0.0000, colorSpace: ColorSpace.sRGB), hoverColor: Color(alpha: 0.0000, red: 0.0000, green: 0.0000, blue: 0.0000, colorSpace: ColorSpace.sRGB), focusedBorder: _NoInputBorder(), enabledBorder: _NoInputBorder(), border: _NoInputBorder()), keyboardType: TextInputType(name: TextInputType.multiline, signed: null, decimal: null), style: TextStyle(inherit: true, family: Ubuntu Mono, familyFallback: [Noto Sans Arabic, Noto Sans Mono, DejaVu Sans Mono, DejaVu Sans], size: 14.0, height: 1.6x, leadingDistribution: even), autocorrect: false, smartDashesType: disabled, smartQuotesType: disabled, enableSuggestions: false, maxLines: null, expands: true, textAlignVertical: TextAlignVertical(y: -1.0), textDirection: ltr, cursorWidth: 1.4, cursorHeight: 18.8, cursorColor: Color(alpha: 0.8200, red: 0.9686, green: 0.9686, blue: 0.9686, colorSpace: ColorSpace.sRGB), scrollController: ScrollController#d0e53(one client, offset 0.0), dependencies: [DefaultSelectionStyle, InheritedCupertinoTheme, MediaQuery, UnmanagedRestorationScope, _InheritedTheme, _LocalizationsScope-[GlobalKey#819bc]], state: _TextFieldState#d747f),
]" derived an Offset (Offset(425.5, 300.0)) that would not hit test on the specified widget.
Maybe the widget is actually off-screen, or another widget is obscuring it, or the widget cannot receive pointer events.
The finder corresponds to this RenderBox: RenderMouseRegion#61130
The hit test result at that offset is: HitTestResult(RenderMouseRegion#6ddde@Offset(425.5, 300.0), RenderSemanticsAnnotations#ee0a0@Offset(425.5, 300.0), RenderPointerListener#b9646@Offset(425.5, 300.0), RenderSemanticsGestureHandler#96a5d@Offset(425.5, 300.0), RenderExcludeSemantics#41e13@Offset(425.5, 300.0), RenderBlockSemantics#0e2b3@Offset(425.5, 300.0), RenderIgnorePointer#4dfcf@Offset(425.5, 300.0), RenderSemanticsAnnotations#0e49a@Offset(425.5, 300.0), _RenderTheater#93eed@Offset(425.5, 300.0), RenderAbsorbPointer#d1fa0@Offset(425.5, 300.0), RenderPointerListener#23464@Offset(425.5, 300.0), RenderSemanticsAnnotations#8154c@Offset(425.5, 300.0), RenderCustomPaint#0cbfb@Offset(425.5, 300.0), RenderSemanticsAnnotations#54a4e@Offset(425.5, 300.0), RenderSemanticsAnnotations#2925f@Offset(425.5, 300.0), RenderSemanticsAnnotations#ce8f4@Offset(425.5, 300.0), RenderTapRegionSurface#80fb4@Offset(425.5, 300.0), RenderSemanticsAnnotations#2ecd0@Offset(425.5, 300.0), RenderSemanticsAnnotations#24cdf@Offset(425.5, 300.0), HitTestEntry<HitTestTarget>#47dd2(_ReusableRenderView#84f48), HitTestEntry<HitTestTarget>#d9df5(<AutomatedTestWidgetsFlutterBinding>))
#0      WidgetController._getElementPoint (package:flutter_test/src/controller.dart:2165:25)
#1      WidgetController.getCenter (package:flutter_test/src/controller.dart:1947:12)
#2      WidgetController.tap (package:flutter_test/src/controller.dart:1080:7)
#3      _pumpClipboardSourceEditor (file:///home/albert/busystack/busymark/test/src/source_editor_widget_test.dart:9400:16)
<asynchronous suspension>
#4      main.<anonymous closure> (file:///home/albert/busystack/busymark/test/src/source_editor_widget_test.dart:7808:28)
<asynchronous suspension>
#5      testWidgets.<anonymous closure>.<anonymous closure> (package:flutter_test/src/widget_tester.dart:192:15)
<asynchronous suspension>
#6      TestWidgetsFlutterBinding._runTestBody (package:flutter_test/src/binding.dart:1953:5)
<asynchronous suspension>
#7      StackZoneSpecification._registerCallback.<anonymous closure> (package:stack_trace/src/stack_zone_specification.dart:114:42)
<asynchronous suspension>
To silence this warning, pass "warnIfMissed: false" to "tap()".
To make this warning fatal, set WidgetController.hitTestWarningShouldBeFatal to true.


Warning: A call to tap() with finder "Found 1 widget with type "TextField": [
  TextField(controller: BusyMarkSourceController#d8861(TextEditingValue(text: ┤>   3. item├, selection: TextSelection.collapsed(offset: 11, affinity: TextAffinity.downstream, isDirectional: false), composing: TextRange(start: -1, end: -1))), focusNode: FocusNode#4db40, undoController: UndoHistoryController#b64ac(UndoHistoryValue(canUndo: false, canRedo: false)), decoration: InputDecoration(contentPadding: EdgeInsets(12.0, 16.0, 16.0, 16.0), isCollapsed: true, fillColor: Color(alpha: 0.0000, red: 0.0000, green: 0.0000, blue: 0.0000, colorSpace: ColorSpace.sRGB), focusColor: Color(alpha: 0.0000, red: 0.0000, green: 0.0000, blue: 0.0000, colorSpace: ColorSpace.sRGB), hoverColor: Color(alpha: 0.0000, red: 0.0000, green: 0.0000, blue: 0.0000, colorSpace: ColorSpace.sRGB), focusedBorder: _NoInputBorder(), enabledBorder: _NoInputBorder(), border: _NoInputBorder()), keyboardType: TextInputType(name: TextInputType.multiline, signed: null, decimal: null), style: TextStyle(inherit: true, family: Ubuntu Mono, familyFallback: [Noto Sans Arabic, Noto Sans Mono, DejaVu Sans Mono, DejaVu Sans], size: 14.0, height: 1.6x, leadingDistribution: even), autocorrect: false, smartDashesType: disabled, smartQuotesType: disabled, enableSuggestions: false, maxLines: null, expands: true, textAlignVertical: TextAlignVertical(y: -1.0), textDirection: ltr, cursorWidth: 1.4, cursorHeight: 18.8, cursorColor: Color(alpha: 0.8200, red: 0.9686, green: 0.9686, blue: 0.9686, colorSpace: ColorSpace.sRGB), scrollController: ScrollController#d0e53(one client, offset 0.0), dependencies: [DefaultSelectionStyle, InheritedCupertinoTheme, MediaQuery, UnmanagedRestorationScope, _InheritedTheme, _LocalizationsScope-[GlobalKey#819bc]], state: _TextFieldState#d747f),
]" derived an Offset (Offset(425.5, 300.0)) that would not hit test on the specified widget.
Maybe the widget is actually off-screen, or another widget is obscuring it, or the widget cannot receive pointer events.
The finder corresponds to this RenderBox: RenderMouseRegion#61130
The hit test result at that offset is: HitTestResult(RenderMouseRegion#0609f@Offset(425.5, 300.0), RenderSemanticsAnnotations#41c50@Offset(425.5, 300.0), RenderPointerListener#5aa7e@Offset(425.5, 300.0), RenderSemanticsGestureHandler#d4230@Offset(425.5, 300.0), RenderExcludeSemantics#2db0c@Offset(425.5, 300.0), RenderBlockSemantics#c0ab7@Offset(425.5, 300.0), RenderIgnorePointer#9fd6f@Offset(425.5, 300.0), RenderSemanticsAnnotations#1a098@Offset(425.5, 300.0), _RenderTheater#93eed@Offset(425.5, 300.0), RenderAbsorbPointer#d1fa0@Offset(425.5, 300.0), RenderPointerListener#23464@Offset(425.5, 300.0), RenderSemanticsAnnotations#8154c@Offset(425.5, 300.0), RenderCustomPaint#0cbfb@Offset(425.5, 300.0), RenderSemanticsAnnotations#54a4e@Offset(425.5, 300.0), RenderSemanticsAnnotations#2925f@Offset(425.5, 300.0), RenderSemanticsAnnotations#ce8f4@Offset(425.5, 300.0), RenderTapRegionSurface#80fb4@Offset(425.5, 300.0), RenderSemanticsAnnotations#2ecd0@Offset(425.5, 300.0), RenderSemanticsAnnotations#24cdf@Offset(425.5, 300.0), HitTestEntry<HitTestTarget>#e4650(_ReusableRenderView#84f48), HitTestEntry<HitTestTarget>#7c780(<AutomatedTestWidgetsFlutterBinding>))
#0      WidgetController._getElementPoint (package:flutter_test/src/controller.dart:2165:25)
#1      WidgetController.getCenter (package:flutter_test/src/controller.dart:1947:12)
#2      WidgetController.tap (package:flutter_test/src/controller.dart:1080:7)
#3      _pumpClipboardSourceEditor (file:///home/albert/busystack/busymark/test/src/source_editor_widget_test.dart:9400:16)
<asynchronous suspension>
#4      main.<anonymous closure> (file:///home/albert/busystack/busymark/test/src/source_editor_widget_test.dart:7808:28)
<asynchronous suspension>
#5      testWidgets.<anonymous closure>.<anonymous closure> (package:flutter_test/src/widget_tester.dart:192:15)
<asynchronous suspension>
#6      TestWidgetsFlutterBinding._runTestBody (package:flutter_test/src/binding.dart:1953:5)
<asynchronous suspension>
#7      StackZoneSpecification._registerCallback.<anonymous closure> (package:stack_trace/src/stack_zone_specification.dart:114:42)
<asynchronous suspension>
To silence this warning, pass "warnIfMissed: false" to "tap()".
To make this warning fatal, set WidgetController.hitTestWarningShouldBeFatal to true.

04:46 +1057: /home/albert/busystack/busymark/test/src/source_editor_widget_test.dart: Source complete blocks retain continuation-line ancestors

Warning: A call to tap() with finder "Found 1 widget with type "TextField": [
  TextField(controller:
    BusyMarkSourceController#c8104(TextEditingValue(text: ┤- first
      leftright
    ├, selection: TextSelection.collapsed(offset: 20, affinity: TextAffinity.downstream, isDirectional: false), composing: TextRange(start: -1, end: -1)))
  , focusNode: FocusNode#10642, undoController: UndoHistoryController#187cb(UndoHistoryValue(canUndo: false, canRedo: false)), decoration: InputDecoration(contentPadding: EdgeInsets(12.0, 16.0, 16.0, 16.0), isCollapsed: true, fillColor: Color(alpha: 0.0000, red: 0.0000, green: 0.0000, blue: 0.0000, colorSpace: ColorSpace.sRGB), focusColor: Color(alpha: 0.0000, red: 0.0000, green: 0.0000, blue: 0.0000, colorSpace: ColorSpace.sRGB), hoverColor: Color(alpha: 0.0000, red: 0.0000, green: 0.0000, blue: 0.0000, colorSpace: ColorSpace.sRGB), focusedBorder: _NoInputBorder(), enabledBorder: _NoInputBorder(), border: _NoInputBorder()), keyboardType: TextInputType(name: TextInputType.multiline, signed: null, decimal: null), style: TextStyle(inherit: true, family: Ubuntu Mono, familyFallback: [Noto Sans Arabic, Noto Sans Mono, DejaVu Sans Mono, DejaVu Sans], size: 14.0, height: 1.6x, leadingDistribution: even), autocorrect: false, smartDashesType: disabled, smartQuotesType: disabled, enableSuggestions: false, maxLines: null, expands: true, textAlignVertical: TextAlignVertical(y: -1.0), textDirection: ltr, cursorWidth: 1.4, cursorHeight: 18.8, cursorColor: Color(alpha: 0.8200, red: 0.9686, green: 0.9686, blue: 0.9686, colorSpace: ColorSpace.sRGB), scrollController: ScrollController#8b1f6(one client, offset 0.0), dependencies: [DefaultSelectionStyle, InheritedCupertinoTheme, MediaQuery, UnmanagedRestorationScope, _InheritedTheme, _LocalizationsScope-[GlobalKey#60853]], state: _TextFieldState#25a5b),
]" derived an Offset (Offset(425.5, 300.0)) that would not hit test on the specified widget.
Maybe the widget is actually off-screen, or another widget is obscuring it, or the widget cannot receive pointer events.
The finder corresponds to this RenderBox: RenderMouseRegion#08158
The hit test result at that offset is: HitTestResult(RenderMouseRegion#ec667@Offset(425.5, 300.0), RenderSemanticsAnnotations#dbfc5@Offset(425.5, 300.0), RenderPointerListener#06bbc@Offset(425.5, 300.0), RenderSemanticsGestureHandler#2e0a6@Offset(425.5, 300.0), RenderExcludeSemantics#2154d@Offset(425.5, 300.0), RenderBlockSemantics#24919@Offset(425.5, 300.0), RenderIgnorePointer#e1973@Offset(425.5, 300.0), RenderSemanticsAnnotations#1da1b@Offset(425.5, 300.0), _RenderTheater#135c8@Offset(425.5, 300.0), RenderAbsorbPointer#bd6f0@Offset(425.5, 300.0), RenderPointerListener#cd283@Offset(425.5, 300.0), RenderSemanticsAnnotations#9548d@Offset(425.5, 300.0), RenderCustomPaint#24917@Offset(425.5, 300.0), RenderSemanticsAnnotations#91136@Offset(425.5, 300.0), RenderSemanticsAnnotations#29b38@Offset(425.5, 300.0), RenderSemanticsAnnotations#6ba8e@Offset(425.5, 300.0), RenderTapRegionSurface#a799b@Offset(425.5, 300.0), RenderSemanticsAnnotations#9515f@Offset(425.5, 300.0), RenderSemanticsAnnotations#3560b@Offset(425.5, 300.0), HitTestEntry<HitTestTarget>#36c30(_ReusableRenderView#84f48), HitTestEntry<HitTestTarget>#f17fd(<AutomatedTestWidgetsFlutterBinding>))
#0      WidgetController._getElementPoint (package:flutter_test/src/controller.dart:2165:25)
#1      WidgetController.getCenter (package:flutter_test/src/controller.dart:1947:12)
#2      WidgetController.tap (package:flutter_test/src/controller.dart:1080:7)
#3      _pumpClipboardSourceEditor (file:///home/albert/busystack/busymark/test/src/source_editor_widget_test.dart:9400:16)
<asynchronous suspension>
#4      main.<anonymous closure> (file:///home/albert/busystack/busymark/test/src/source_editor_widget_test.dart:7849:28)
<asynchronous suspension>
#5      testWidgets.<anonymous closure>.<anonymous closure> (package:flutter_test/src/widget_tester.dart:192:15)
<asynchronous suspension>
#6      TestWidgetsFlutterBinding._runTestBody (package:flutter_test/src/binding.dart:1953:5)
<asynchronous suspension>
#7      StackZoneSpecification._registerCallback.<anonymous closure> (package:stack_trace/src/stack_zone_specification.dart:114:42)
<asynchronous suspension>
To silence this warning, pass "warnIfMissed: false" to "tap()".
To make this warning fatal, set WidgetController.hitTestWarningShouldBeFatal to true.


Warning: A call to tap() with finder "Found 1 widget with type "TextField": [
  TextField(controller:
    BusyMarkSourceController#c8104(TextEditingValue(text: ┤- first

      leftright
    ├, selection: TextSelection.collapsed(offset: 21, affinity: TextAffinity.downstream, isDirectional: false), composing: TextRange(start: -1, end: -1)))
  , focusNode: FocusNode#10642, undoController: UndoHistoryController#187cb(UndoHistoryValue(canUndo: false, canRedo: false)), decoration: InputDecoration(contentPadding: EdgeInsets(12.0, 16.0, 16.0, 16.0), isCollapsed: true, fillColor: Color(alpha: 0.0000, red: 0.0000, green: 0.0000, blue: 0.0000, colorSpace: ColorSpace.sRGB), focusColor: Color(alpha: 0.0000, red: 0.0000, green: 0.0000, blue: 0.0000, colorSpace: ColorSpace.sRGB), hoverColor: Color(alpha: 0.0000, red: 0.0000, green: 0.0000, blue: 0.0000, colorSpace: ColorSpace.sRGB), focusedBorder: _NoInputBorder(), enabledBorder: _NoInputBorder(), border: _NoInputBorder()), keyboardType: TextInputType(name: TextInputType.multiline, signed: null, decimal: null), style: TextStyle(inherit: true, family: Ubuntu Mono, familyFallback: [Noto Sans Arabic, Noto Sans Mono, DejaVu Sans Mono, DejaVu Sans], size: 14.0, height: 1.6x, leadingDistribution: even), autocorrect: false, smartDashesType: disabled, smartQuotesType: disabled, enableSuggestions: false, maxLines: null, expands: true, textAlignVertical: TextAlignVertical(y: -1.0), textDirection: ltr, cursorWidth: 1.4, cursorHeight: 18.8, cursorColor: Color(alpha: 0.8200, red: 0.9686, green: 0.9686, blue: 0.9686, colorSpace: ColorSpace.sRGB), scrollController: ScrollController#8b1f6(one client, offset 0.0), dependencies: [DefaultSelectionStyle, InheritedCupertinoTheme, MediaQuery, UnmanagedRestorationScope, _InheritedTheme, _LocalizationsScope-[GlobalKey#60853]], state: _TextFieldState#25a5b),
]" derived an Offset (Offset(425.5, 300.0)) that would not hit test on the specified widget.
Maybe the widget is actually off-screen, or another widget is obscuring it, or the widget cannot receive pointer events.
The finder corresponds to this RenderBox: RenderMouseRegion#08158
The hit test result at that offset is: HitTestResult(RenderMouseRegion#f5ecb@Offset(425.5, 300.0), RenderSemanticsAnnotations#f1b79@Offset(425.5, 300.0), RenderPointerListener#9ffac@Offset(425.5, 300.0), RenderSemanticsGestureHandler#8de17@Offset(425.5, 300.0), RenderExcludeSemantics#54d2f@Offset(425.5, 300.0), RenderBlockSemantics#bac69@Offset(425.5, 300.0), RenderIgnorePointer#09fa8@Offset(425.5, 300.0), RenderSemanticsAnnotations#22e11@Offset(425.5, 300.0), _RenderTheater#135c8@Offset(425.5, 300.0), RenderAbsorbPointer#bd6f0@Offset(425.5, 300.0), RenderPointerListener#cd283@Offset(425.5, 300.0), RenderSemanticsAnnotations#9548d@Offset(425.5, 300.0), RenderCustomPaint#24917@Offset(425.5, 300.0), RenderSemanticsAnnotations#91136@Offset(425.5, 300.0), RenderSemanticsAnnotations#29b38@Offset(425.5, 300.0), RenderSemanticsAnnotations#6ba8e@Offset(425.5, 300.0), RenderTapRegionSurface#a799b@Offset(425.5, 300.0), RenderSemanticsAnnotations#9515f@Offset(425.5, 300.0), RenderSemanticsAnnotations#3560b@Offset(425.5, 300.0), HitTestEntry<HitTestTarget>#d4756(_ReusableRenderView#84f48), HitTestEntry<HitTestTarget>#0b03e(<AutomatedTestWidgetsFlutterBinding>))
#0      WidgetController._getElementPoint (package:flutter_test/src/controller.dart:2165:25)
#1      WidgetController.getCenter (package:flutter_test/src/controller.dart:1947:12)
#2      WidgetController.tap (package:flutter_test/src/controller.dart:1080:7)
#3      _pumpClipboardSourceEditor (file:///home/albert/busystack/busymark/test/src/source_editor_widget_test.dart:9400:16)
<asynchronous suspension>
#4      main.<anonymous closure> (file:///home/albert/busystack/busymark/test/src/source_editor_widget_test.dart:7849:28)
<asynchronous suspension>
#5      testWidgets.<anonymous closure>.<anonymous closure> (package:flutter_test/src/widget_tester.dart:192:15)
<asynchronous suspension>
#6      TestWidgetsFlutterBinding._runTestBody (package:flutter_test/src/binding.dart:1953:5)
<asynchronous suspension>
#7      StackZoneSpecification._registerCallback.<anonymous closure> (package:stack_trace/src/stack_zone_specification.dart:114:42)
<asynchronous suspension>
To silence this warning, pass "warnIfMissed: false" to "tap()".
To make this warning fatal, set WidgetController.hitTestWarningShouldBeFatal to true.


Warning: A call to tap() with finder "Found 1 widget with type "TextField": [
  TextField(controller:
    BusyMarkSourceController#c8104(TextEditingValue(text: ┤> first
    leftright
    ├, selection: TextSelection.collapsed(offset: 18, affinity: TextAffinity.downstream, isDirectional: false), composing: TextRange(start: -1, end: -1)))
  , focusNode: FocusNode#10642, undoController: UndoHistoryController#187cb(UndoHistoryValue(canUndo: false, canRedo: false)), decoration: InputDecoration(contentPadding: EdgeInsets(12.0, 16.0, 16.0, 16.0), isCollapsed: true, fillColor: Color(alpha: 0.0000, red: 0.0000, green: 0.0000, blue: 0.0000, colorSpace: ColorSpace.sRGB), focusColor: Color(alpha: 0.0000, red: 0.0000, green: 0.0000, blue: 0.0000, colorSpace: ColorSpace.sRGB), hoverColor: Color(alpha: 0.0000, red: 0.0000, green: 0.0000, blue: 0.0000, colorSpace: ColorSpace.sRGB), focusedBorder: _NoInputBorder(), enabledBorder: _NoInputBorder(), border: _NoInputBorder()), keyboardType: TextInputType(name: TextInputType.multiline, signed: null, decimal: null), style: TextStyle(inherit: true, family: Ubuntu Mono, familyFallback: [Noto Sans Arabic, Noto Sans Mono, DejaVu Sans Mono, DejaVu Sans], size: 14.0, height: 1.6x, leadingDistribution: even), autocorrect: false, smartDashesType: disabled, smartQuotesType: disabled, enableSuggestions: false, maxLines: null, expands: true, textAlignVertical: TextAlignVertical(y: -1.0), textDirection: ltr, cursorWidth: 1.4, cursorHeight: 18.8, cursorColor: Color(alpha: 0.8200, red: 0.9686, green: 0.9686, blue: 0.9686, colorSpace: ColorSpace.sRGB), scrollController: ScrollController#8b1f6(one client, offset 0.0), dependencies: [DefaultSelectionStyle, InheritedCupertinoTheme, MediaQuery, UnmanagedRestorationScope, _InheritedTheme, _LocalizationsScope-[GlobalKey#60853]], state: _TextFieldState#25a5b),
]" derived an Offset (Offset(425.5, 300.0)) that would not hit test on the specified widget.
Maybe the widget is actually off-screen, or another widget is obscuring it, or the widget cannot receive pointer events.
The finder corresponds to this RenderBox: RenderMouseRegion#08158
The hit test result at that offset is: HitTestResult(RenderMouseRegion#fc5e4@Offset(425.5, 300.0), RenderSemanticsAnnotations#52d5d@Offset(425.5, 300.0), RenderPointerListener#585da@Offset(425.5, 300.0), RenderSemanticsGestureHandler#be035@Offset(425.5, 300.0), RenderExcludeSemantics#d92a2@Offset(425.5, 300.0), RenderBlockSemantics#b7498@Offset(425.5, 300.0), RenderIgnorePointer#506c0@Offset(425.5, 300.0), RenderSemanticsAnnotations#480a3@Offset(425.5, 300.0), _RenderTheater#135c8@Offset(425.5, 300.0), RenderAbsorbPointer#bd6f0@Offset(425.5, 300.0), RenderPointerListener#cd283@Offset(425.5, 300.0), RenderSemanticsAnnotations#9548d@Offset(425.5, 300.0), RenderCustomPaint#24917@Offset(425.5, 300.0), RenderSemanticsAnnotations#91136@Offset(425.5, 300.0), RenderSemanticsAnnotations#29b38@Offset(425.5, 300.0), RenderSemanticsAnnotations#6ba8e@Offset(425.5, 300.0), RenderTapRegionSurface#a799b@Offset(425.5, 300.0), RenderSemanticsAnnotations#9515f@Offset(425.5, 300.0), RenderSemanticsAnnotations#3560b@Offset(425.5, 300.0), HitTestEntry<HitTestTarget>#4640c(_ReusableRenderView#84f48), HitTestEntry<HitTestTarget>#9efde(<AutomatedTestWidgetsFlutterBinding>))
#0      WidgetController._getElementPoint (package:flutter_test/src/controller.dart:2165:25)
#1      WidgetController.getCenter (package:flutter_test/src/controller.dart:1947:12)
#2      WidgetController.tap (package:flutter_test/src/controller.dart:1080:7)
#3      _pumpClipboardSourceEditor (file:///home/albert/busystack/busymark/test/src/source_editor_widget_test.dart:9400:16)
<asynchronous suspension>
#4      main.<anonymous closure> (file:///home/albert/busystack/busymark/test/src/source_editor_widget_test.dart:7849:28)
<asynchronous suspension>
#5      testWidgets.<anonymous closure>.<anonymous closure> (package:flutter_test/src/widget_tester.dart:192:15)
<asynchronous suspension>
#6      TestWidgetsFlutterBinding._runTestBody (package:flutter_test/src/binding.dart:1953:5)
<asynchronous suspension>
#7      StackZoneSpecification._registerCallback.<anonymous closure> (package:stack_trace/src/stack_zone_specification.dart:114:42)
<asynchronous suspension>
To silence this warning, pass "warnIfMissed: false" to "tap()".
To make this warning fatal, set WidgetController.hitTestWarningShouldBeFatal to true.

04:46 +1058: /home/albert/busystack/busymark/test/src/source_editor_widget_test.dart: Source container recovery is bound to the actual nested ancestors
04:46 +1059: /home/albert/busystack/busymark/test/src/source_editor_widget_test.dart: Source complete blocks use list markers rather than task prefixes
04:46 +1060: /home/albert/busystack/busymark/test/src/source_editor_widget_test.dart: Source task items keep block kinds at every content position
04:46 +1061: /home/albert/busystack/busymark/test/src/source_editor_widget_test.dart: Source checked ordered nested and zero lists retain inserted block kinds
04:46 +1062: /home/albert/busystack/busymark/test/src/source_editor_widget_test.dart: Source composes mixed and continuation container ancestors
04:47 +1063: /home/albert/busystack/busymark/test/src/source_editor_widget_test.dart: Source protected contexts use the safe source fallback
04:47 +1064: /home/albert/busystack/busymark/test/src/source_editor_widget_test.dart: Writerside Source preserves a structured procedure block
04:47 +1065: /home/albert/busystack/busymark/test/src/source_editor_widget_test.dart: Source delayed paste rejects a changed selection
04:47 +1066: /home/albert/busystack/busymark/test/src/source_editor_widget_test.dart: Source paste preserves composition before and during a read
04:47 +1067: /home/albert/busystack/busymark/test/src/source_editor_widget_test.dart: source failed cut keeps text and does not record history
04:47 +1068: /home/albert/busystack/busymark/test/src/source_editor_widget_test.dart: source delayed cut revalidates selection before deletion
04:47 +1069: /home/albert/busystack/busymark/test/src/source_editor_widget_test.dart: history insertion follows the latest Source selection
04:47 +1070: /home/albert/busystack/busymark/test/src/source_editor_widget_test.dart: structured history rebases retained media into Source
04:47 +1071: /home/albert/busystack/busymark/test/src/source_editor_widget_test.dart: structured history restores a local video into Source
04:47 +1072: /home/albert/busystack/busymark/test/src/source_editor_widget_test.dart: standalone image history ingests and inserts one undoable Source edit
04:47 +1073: /home/albert/busystack/busymark/test/src/source_editor_widget_test.dart: Source local image path retains imported bytes once

Warning: A call to tap() with finder "Found 1 widget with type "TextField": [
  TextField(controller: BusyMarkSourceController#c86ee(TextEditingValue(text: ┤Target├, selection: TextSelection.collapsed(offset: 6, affinity: TextAffinity.downstream, isDirectional: false), composing: TextRange(start: -1, end: -1))), focusNode: FocusNode#3dd13, undoController: UndoHistoryController#9ffd3(UndoHistoryValue(canUndo: false, canRedo: false)), decoration: InputDecoration(contentPadding: EdgeInsets(12.0, 16.0, 16.0, 16.0), isCollapsed: true, fillColor: Color(alpha: 0.0000, red: 0.0000, green: 0.0000, blue: 0.0000, colorSpace: ColorSpace.sRGB), focusColor: Color(alpha: 0.0000, red: 0.0000, green: 0.0000, blue: 0.0000, colorSpace: ColorSpace.sRGB), hoverColor: Color(alpha: 0.0000, red: 0.0000, green: 0.0000, blue: 0.0000, colorSpace: ColorSpace.sRGB), focusedBorder: _NoInputBorder(), enabledBorder: _NoInputBorder(), border: _NoInputBorder()), keyboardType: TextInputType(name: TextInputType.multiline, signed: null, decimal: null), style: TextStyle(inherit: true, family: Ubuntu Mono, familyFallback: [Noto Sans Arabic, Noto Sans Mono, DejaVu Sans Mono, DejaVu Sans], size: 14.0, height: 1.6x, leadingDistribution: even), autocorrect: false, smartDashesType: disabled, smartQuotesType: disabled, enableSuggestions: false, maxLines: null, expands: true, textAlignVertical: TextAlignVertical(y: -1.0), textDirection: ltr, cursorWidth: 1.4, cursorHeight: 18.8, cursorColor: Color(alpha: 0.8200, red: 0.9686, green: 0.9686, blue: 0.9686, colorSpace: ColorSpace.sRGB), scrollController: ScrollController#d0df7(one client, offset 0.0), dirty, dependencies: [DefaultSelectionStyle, InheritedCupertinoTheme, MediaQuery, UnmanagedRestorationScope, _InheritedTheme, _LocalizationsScope-[GlobalKey#83c4d]], state: _TextFieldState#9928a),
]" derived an Offset (Offset(425.5, 300.0)) that would not hit test on the specified widget.
Maybe the widget is actually off-screen, or another widget is obscuring it, or the widget cannot receive pointer events.
The finder corresponds to this RenderBox: RenderMouseRegion#f1600
The hit test result at that offset is: HitTestResult(RenderMouseRegion#0d95b@Offset(425.5, 300.0), RenderSemanticsAnnotations#c5c46@Offset(425.5, 300.0), RenderPointerListener#46a0d@Offset(425.5, 300.0), RenderSemanticsGestureHandler#e1e3b@Offset(425.5, 300.0), RenderExcludeSemantics#7dc51@Offset(425.5, 300.0), RenderBlockSemantics#7ccd5@Offset(425.5, 300.0), RenderIgnorePointer#afee7@Offset(425.5, 300.0), RenderSemanticsAnnotations#39cd6@Offset(425.5, 300.0), _RenderTheater#9581f@Offset(425.5, 300.0), RenderAbsorbPointer#0f13e@Offset(425.5, 300.0), RenderPointerListener#6ee06@Offset(425.5, 300.0), RenderSemanticsAnnotations#19710@Offset(425.5, 300.0), RenderCustomPaint#0fc34@Offset(425.5, 300.0), RenderSemanticsAnnotations#242ce@Offset(425.5, 300.0), RenderSemanticsAnnotations#c8fe1@Offset(425.5, 300.0), RenderSemanticsAnnotations#951c9@Offset(425.5, 300.0), RenderTapRegionSurface#41ad9@Offset(425.5, 300.0), RenderSemanticsAnnotations#090c3@Offset(425.5, 300.0), RenderSemanticsAnnotations#e06d3@Offset(425.5, 300.0), HitTestEntry<HitTestTarget>#d00d8(_ReusableRenderView#84f48), HitTestEntry<HitTestTarget>#6c96e(<AutomatedTestWidgetsFlutterBinding>))
#0      WidgetController._getElementPoint (package:flutter_test/src/controller.dart:2165:25)
#1      WidgetController.getCenter (package:flutter_test/src/controller.dart:1947:12)
#2      WidgetController.tap (package:flutter_test/src/controller.dart:1080:7)
#3      _pumpClipboardSourceEditor (file:///home/albert/busystack/busymark/test/src/source_editor_widget_test.dart:9400:16)
<asynchronous suspension>
#4      main.<anonymous closure>.expectNormalReplay (file:///home/albert/busystack/busymark/test/src/source_editor_widget_test.dart:8934:7)
<asynchronous suspension>
#5      main.<anonymous closure> (file:///home/albert/busystack/busymark/test/src/source_editor_widget_test.dart:8956:5)
<asynchronous suspension>
#6      testWidgets.<anonymous closure>.<anonymous closure> (package:flutter_test/src/widget_tester.dart:192:15)
<asynchronous suspension>
#7      TestWidgetsFlutterBinding._runTestBody (package:flutter_test/src/binding.dart:1953:5)
<asynchronous suspension>
#8      StackZoneSpecification._registerCallback.<anonymous closure> (package:stack_trace/src/stack_zone_specification.dart:114:42)
<asynchronous suspension>
To silence this warning, pass "warnIfMissed: false" to "tap()".
To make this warning fatal, set WidgetController.hitTestWarningShouldBeFatal to true.

04:49 +1074: /home/albert/busystack/busymark/test/src/source_editor_widget_test.dart: unsafe local image candidates paste their original text

Warning: A call to tap() with finder "Found 1 widget with type "TextField": [
  TextField(controller: BusyMarkSourceController#0b2df(TextEditingValue(text: ┤Target├, selection: TextSelection.collapsed(offset: 6, affinity: TextAffinity.downstream, isDirectional: false), composing: TextRange(start: -1, end: -1))), focusNode: FocusNode#18df5, undoController: UndoHistoryController#c2f7e(UndoHistoryValue(canUndo: false, canRedo: false)), decoration: InputDecoration(contentPadding: EdgeInsets(12.0, 16.0, 16.0, 16.0), isCollapsed: true, fillColor: Color(alpha: 0.0000, red: 0.0000, green: 0.0000, blue: 0.0000, colorSpace: ColorSpace.sRGB), focusColor: Color(alpha: 0.0000, red: 0.0000, green: 0.0000, blue: 0.0000, colorSpace: ColorSpace.sRGB), hoverColor: Color(alpha: 0.0000, red: 0.0000, green: 0.0000, blue: 0.0000, colorSpace: ColorSpace.sRGB), focusedBorder: _NoInputBorder(), enabledBorder: _NoInputBorder(), border: _NoInputBorder()), keyboardType: TextInputType(name: TextInputType.multiline, signed: null, decimal: null), style: TextStyle(inherit: true, family: Ubuntu Mono, familyFallback: [Noto Sans Arabic, Noto Sans Mono, DejaVu Sans Mono, DejaVu Sans], size: 14.0, height: 1.6x, leadingDistribution: even), autocorrect: false, smartDashesType: disabled, smartQuotesType: disabled, enableSuggestions: false, maxLines: null, expands: true, textAlignVertical: TextAlignVertical(y: -1.0), textDirection: ltr, cursorWidth: 1.4, cursorHeight: 18.8, cursorColor: Color(alpha: 0.8200, red: 0.9686, green: 0.9686, blue: 0.9686, colorSpace: ColorSpace.sRGB), scrollController: ScrollController#1e715(one client, offset 0.0), dirty, dependencies: [DefaultSelectionStyle, InheritedCupertinoTheme, MediaQuery, UnmanagedRestorationScope, _InheritedTheme, _LocalizationsScope-[GlobalKey#ccc9d]], state: _TextFieldState#79610),
]" derived an Offset (Offset(425.5, 300.0)) that would not hit test on the specified widget.
Maybe the widget is actually off-screen, or another widget is obscuring it, or the widget cannot receive pointer events.
The finder corresponds to this RenderBox: RenderMouseRegion#53297
The hit test result at that offset is: HitTestResult(RenderMouseRegion#ecb27@Offset(425.5, 300.0), RenderSemanticsAnnotations#9ee4f@Offset(425.5, 300.0), RenderPointerListener#b5c8a@Offset(425.5, 300.0), RenderSemanticsGestureHandler#87553@Offset(425.5, 300.0), RenderExcludeSemantics#14561@Offset(425.5, 300.0), RenderBlockSemantics#9ab42@Offset(425.5, 300.0), RenderIgnorePointer#32da4@Offset(425.5, 300.0), RenderSemanticsAnnotations#bc4d5@Offset(425.5, 300.0), _RenderTheater#74a2b@Offset(425.5, 300.0), RenderAbsorbPointer#454e5@Offset(425.5, 300.0), RenderPointerListener#53ef7@Offset(425.5, 300.0), RenderSemanticsAnnotations#98e06@Offset(425.5, 300.0), RenderCustomPaint#ba139@Offset(425.5, 300.0), RenderSemanticsAnnotations#cee50@Offset(425.5, 300.0), RenderSemanticsAnnotations#f04b2@Offset(425.5, 300.0), RenderSemanticsAnnotations#629fd@Offset(425.5, 300.0), RenderTapRegionSurface#28ddd@Offset(425.5, 300.0), RenderSemanticsAnnotations#8cf8d@Offset(425.5, 300.0), RenderSemanticsAnnotations#e6cf9@Offset(425.5, 300.0), HitTestEntry<HitTestTarget>#b445b(_ReusableRenderView#84f48), HitTestEntry<HitTestTarget>#6ec59(<AutomatedTestWidgetsFlutterBinding>))
#0      WidgetController._getElementPoint (package:flutter_test/src/controller.dart:2165:25)
#1      WidgetController.getCenter (package:flutter_test/src/controller.dart:1947:12)
#2      WidgetController.tap (package:flutter_test/src/controller.dart:1080:7)
#3      _pumpClipboardSourceEditor (file:///home/albert/busystack/busymark/test/src/source_editor_widget_test.dart:9400:16)
<asynchronous suspension>
#4      main.<anonymous closure> (file:///home/albert/busystack/busymark/test/src/source_editor_widget_test.dart:9010:26)
<asynchronous suspension>
#5      testWidgets.<anonymous closure>.<anonymous closure> (package:flutter_test/src/widget_tester.dart:192:15)
<asynchronous suspension>
#6      TestWidgetsFlutterBinding._runTestBody (package:flutter_test/src/binding.dart:1953:5)
<asynchronous suspension>
#7      StackZoneSpecification._registerCallback.<anonymous closure> (package:stack_trace/src/stack_zone_specification.dart:114:42)
<asynchronous suspension>
To silence this warning, pass "warnIfMissed: false" to "tap()".
To make this warning fatal, set WidgetController.hitTestWarningShouldBeFatal to true.

04:49 +1075: /home/albert/busystack/busymark/test/src/source_editor_widget_test.dart: image history asks to save an untitled Source document
04:49 +1076: /home/albert/busystack/busymark/test/src/source_editor_widget_test.dart: generic XML does not invent Writerside image syntax
04:49 +1077: loading /home/albert/busystack/busymark/test/src/gtk_animation_settings_service_test.dart
04:51 +1077: /home/albert/busystack/busymark/test/src/gtk_animation_settings_service_test.dart: reads the initial GTK animation setting
04:51 +1078: /home/albert/busystack/busymark/test/src/gtk_animation_settings_service_test.dart: animation stream follows GTK setting changes
04:51 +1079: /home/albert/busystack/busymark/test/src/gtk_animation_settings_service_test.dart: provider exposes the preloaded value before native events
04:51 +1080: /home/albert/busystack/busymark/test/src/gtk_animation_settings_service_test.dart: missing GTK integration falls back without disabling motion
04:51 +1081: /home/albert/busystack/busymark/test/src/gtk_animation_settings_service_test.dart: native GTK bridge observes and tears down animation preference state
04:51 +1082: loading /home/albert/busystack/busymark/test/src/nextcloud_notes/notes_creation_policy_test.dart
04:53 +1082: /home/albert/busystack/busymark/test/src/nextcloud_notes/notes_creation_policy_test.dart: exact discovery across refresh reconnect and restart cannot bind or mutate draft
04:54 +1083: /home/albert/busystack/busymark/test/src/nextcloud_notes/notes_creation_policy_test.dart: sanitized discovery across refresh reconnect and restart cannot bind or mutate draft
04:55 +1084: /home/albert/busystack/busymark/test/src/nextcloud_notes/notes_creation_policy_test.dart: multiple discovery across refresh reconnect and restart cannot bind or mutate draft
04:55 +1085: /home/albert/busystack/busymark/test/src/nextcloud_notes/notes_creation_policy_test.dart: none discovery across refresh reconnect and restart cannot bind or mutate draft
04:55 +1086: /home/albert/busystack/busymark/test/src/nextcloud_notes/notes_creation_policy_test.dart: empty discovery across refresh reconnect and restart cannot bind or mutate draft
04:56 +1087: /home/albert/busystack/busymark/test/src/nextcloud_notes/notes_creation_policy_test.dart: other actor discovery across refresh reconnect and restart cannot bind or mutate draft
04:56 +1088: /home/albert/busystack/busymark/test/src/nextcloud_notes/notes_creation_policy_test.dart: confirmation rejects content candidate and retains unresolved work
04:56 +1089: /home/albert/busystack/busymark/test/src/nextcloud_notes/notes_creation_policy_test.dart: confirmation rejects readonly candidate and retains unresolved work
04:56 +1090: /home/albert/busystack/busymark/test/src/nextcloud_notes/notes_creation_policy_test.dart: confirmation rejects error candidate and retains unresolved work
04:57 +1091: /home/albert/busystack/busymark/test/src/nextcloud_notes/notes_creation_policy_test.dart: confirmation rejects deleted candidate and retains unresolved work
04:57 +1092: /home/albert/busystack/busymark/test/src/nextcloud_notes/notes_creation_policy_test.dart: confirmation rejects unavailable candidate and retains unresolved work
04:57 +1093: /home/albert/busystack/busymark/test/src/nextcloud_notes/notes_creation_policy_test.dart: confirmation revalidates local edit during authenticated GET
04:57 +1094: /home/albert/busystack/busymark/test/src/nextcloud_notes/notes_creation_policy_test.dart: confirmation revalidates account removal during authenticated GET
04:57 +1095: /home/albert/busystack/busymark/test/src/nextcloud_notes/notes_creation_policy_test.dart: confirmation revalidates repeat confirmation during authenticated GET
04:57 +1096: /home/albert/busystack/busymark/test/src/nextcloud_notes/notes_creation_policy_test.dart: binding protects downloaded candidate with durable edit
04:58 +1097: /home/albert/busystack/busymark/test/src/nextcloud_notes/notes_creation_policy_test.dart: binding protects downloaded candidate with pending attachment
04:58 +1098: /home/albert/busystack/busymark/test/src/nextcloud_notes/notes_creation_policy_test.dart: binding protects downloaded candidate with open editor
04:58 +1099: /home/albert/busystack/busymark/test/src/nextcloud_notes/notes_creation_policy_test.dart: failed adoption transaction rolls back binding and downloaded identity
04:58 +1100: /home/albert/busystack/busymark/test/src/nextcloud_notes/notes_creation_policy_test.dart: separate-note decision is durable and repeated confirmation makes one replacement
04:58 +1101: loading /home/albert/busystack/busymark/test/src/nextcloud_notes/notes_repository_test.dart
04:59 +1101: /home/albert/busystack/busymark/test/src/nextcloud_notes/notes_repository_test.dart: v1 data migrates without losing pending content or inventing an attempt
04:59 +1102: /home/albert/busystack/busymark/test/src/nextcloud_notes/notes_repository_test.dart: uncertain creation discovery preserves later edits until deliberate adoption
04:59 +1103: /home/albert/busystack/busymark/test/src/nextcloud_notes/notes_repository_test.dart: unsupported attachment cleanup queues nothing and core updates still sync
05:00 +1104: /home/albert/busystack/busymark/test/src/nextcloud_notes/notes_repository_test.dart: lost create response requires deliberate adoption for ordinary
05:00 +1105: /home/albert/busystack/busymark/test/src/nextcloud_notes/notes_repository_test.dart: lost create response requires deliberate adoption for attachment
05:00 +1106: /home/albert/busystack/busymark/test/src/nextcloud_notes/notes_repository_test.dart: lost create response requires deliberate adoption for sanitized title
05:00 +1107: /home/albert/busystack/busymark/test/src/nextcloud_notes/notes_repository_test.dart: lost create response requires deliberate adoption for sanitized category
05:00 +1108: /home/albert/busystack/busymark/test/src/nextcloud_notes/notes_repository_test.dart: lost create response requires deliberate adoption for sanitized attachment
05:00 +1109: /home/albert/busystack/busymark/test/src/nextcloud_notes/notes_repository_test.dart: lost create response requires deliberate adoption for restart
05:01 +1110: /home/albert/busystack/busymark/test/src/nextcloud_notes/notes_repository_test.dart: lost create response requires deliberate adoption for restart attachment
05:01 +1111: /home/albert/busystack/busymark/test/src/nextcloud_notes/notes_repository_test.dart: lost create response requires deliberate adoption for restart sanitized attachment
05:01 +1112: /home/albert/busystack/busymark/test/src/nextcloud_notes/notes_repository_test.dart: lost create response requires deliberate adoption for ambiguous
05:01 +1113: /home/albert/busystack/busymark/test/src/nextcloud_notes/notes_repository_test.dart: uncertain creation excludes preexisting IDs and empty weak matches
05:01 +1114: /home/albert/busystack/busymark/test/src/nextcloud_notes/notes_repository_test.dart: an exact candidate is not auto-adopted by one of two plausible attempts
05:02 +1115: /home/albert/busystack/busymark/test/src/nextcloud_notes/notes_repository_test.dart: three-way merge preserves remote favorite and independent local edit
05:02 +1116: /home/albert/busystack/busymark/test/src/nextcloud_notes/notes_repository_test.dart: three-way merge preserves remote title and independent local edit
05:02 +1117: /home/albert/busystack/busymark/test/src/nextcloud_notes/notes_repository_test.dart: three-way merge preserves remote content and independent local edit
05:02 +1118: /home/albert/busystack/busymark/test/src/nextcloud_notes/notes_repository_test.dart: divergent NotesMergeAttribute.title requires explicit choice
05:02 +1119: /home/albert/busystack/busymark/test/src/nextcloud_notes/notes_repository_test.dart: divergent NotesMergeAttribute.category requires explicit choice
05:02 +1120: /home/albert/busystack/busymark/test/src/nextcloud_notes/notes_repository_test.dart: 412 merge keeps remote protected fields and local favorite on readonly note
05:02 +1121: /home/albert/busystack/busymark/test/src/nextcloud_notes/notes_repository_test.dart: readonly conflict accepts an explicit favorite choice when base is absent
05:02 +1122: /home/albert/busystack/busymark/test/src/nextcloud_notes/notes_repository_test.dart: schema migration, foreign-key transaction rollback and Linux permissions
05:02 +1123: /home/albert/busystack/busymark/test/src/nextcloud_notes/notes_repository_test.dart: durable new note survives restart before any HTTP request
05:03 +1124: /home/albert/busystack/busymark/test/src/nextcloud_notes/notes_repository_test.dart: older capture cannot overwrite a newer durable editor revision
05:03 +1125: /home/albert/busystack/busymark/test/src/nextcloud_notes/notes_repository_test.dart: metadata revision does not invalidate a new editor capture
05:03 +1126: /home/albert/busystack/busymark/test/src/nextcloud_notes/notes_repository_test.dart: account failure is visible even with only synchronized cached notes
05:03 +1127: /home/albert/busystack/busymark/test/src/nextcloud_notes/notes_repository_test.dart: attachment delete operation survives offline restart and retains history bytes
05:03 +1128: /home/albert/busystack/busymark/test/src/nextcloud_notes/notes_repository_test.dart: taking remote cannot discard a local edit made while fresh GET is pending
05:03 +1129: /home/albert/busystack/busymark/test/src/nextcloud_notes/notes_repository_test.dart: revision 10 acknowledgment leaves edit 11 pending during flight
05:03 +1130: /home/albert/busystack/busymark/test/src/nextcloud_notes/notes_repository_test.dart: 412 preserves base/local/current remote without overwrite
05:03 +1131: /home/albert/busystack/busymark/test/src/nextcloud_notes/notes_repository_test.dart: locked note does not block unrelated synchronization
05:03 +1132: /home/albert/busystack/busymark/test/src/nextcloud_notes/notes_repository_test.dart: interrupted chunks preserve notes and previous checkpoint atomically
05:03 +1133: /home/albert/busystack/busymark/test/src/nextcloud_notes/notes_repository_test.dart: complete remote disappearance retains dirty content for recovery
05:04 +1134: /home/albert/busystack/busymark/test/src/nextcloud_notes/notes_repository_test.dart: server error-state content never replaces known good cached content
05:04 +1135: /home/albert/busystack/busymark/test/src/nextcloud_notes/notes_repository_test.dart: pretransition editor capture remains durable when server becomes readonly
05:04 +1136: /home/albert/busystack/busymark/test/src/nextcloud_notes/notes_repository_test.dart: uncertain creation never blindly repeats POST after restart
05:04 +1137: /home/albert/busystack/busymark/test/src/nextcloud_notes/notes_repository_test.dart: crash-marked create is recovered as uncertain without POST
05:04 +1138: /home/albert/busystack/busymark/test/src/nextcloud_notes/notes_repository_test.dart: delete checks fresh state; failed DELETE retains durable content
05:04 +1139: /home/albert/busystack/busymark/test/src/nextcloud_notes/notes_repository_test.dart: new offline attachment restart creates/uploads/publishes authoritative path
05:04 +1140: /home/albert/busystack/busymark/test/src/nextcloud_notes/notes_repository_test.dart: uploaded attachment stage survives restart and is not uploaded twice
05:05 +1141: /home/albert/busystack/busymark/test/src/nextcloud_notes/notes_repository_test.dart: concurrent contexts share one cache owner and deletion invalidates all media
05:05 +1142: /home/albert/busystack/busymark/test/src/nextcloud_notes/notes_repository_test.dart: a deliberate re-upload can reuse a deleted attachment filename
05:05 +1143: /home/albert/busystack/busymark/test/src/nextcloud_notes/notes_repository_test.dart: own upload acknowledgment does not stale a newer editor capture
05:05 +1144: /home/albert/busystack/busymark/test/src/nextcloud_notes/notes_repository_test.dart: media rejects invalid logical IDs and symbolic-link parent
05:05 +1145: /home/albert/busystack/busymark/test/src/nextcloud_notes/notes_repository_test.dart: recovery clones durable pending attachments without rewriting prose or code
05:05 +1146: /home/albert/busystack/busymark/test/src/nextcloud_notes/notes_repository_test.dart: recovery rewrites shared attachment definitions and refuses unavailable bytes atomically
05:05 +1147: /home/albert/busystack/busymark/test/src/nextcloud_notes/notes_repository_test.dart: discard after confirmed remote deletion retains tombstone content and cached bytes
05:05 +1148: /home/albert/busystack/busymark/test/src/nextcloud_notes/notes_repository_test.dart: history restoration restages deleted bytes before editing and survives restart
05:06 +1149: /home/albert/busystack/busymark/test/src/nextcloud_notes/notes_repository_test.dart: readonly attachment deletion preserves content and attachment bytes
05:06 +1150: /home/albert/busystack/busymark/test/src/nextcloud_notes/notes_repository_test.dart: ordinary Save atomically restages a deleted attachment restored by undo
05:06 +1151: /home/albert/busystack/busymark/test/src/nextcloud_notes/notes_repository_test.dart: unrelated edits preserve explicit attachment deletion; newly restored links restage
05:06 +1152: /home/albert/busystack/busymark/test/src/nextcloud_notes/notes_repository_test.dart: explicit unpublished deletion can retain recovery bytes without uploading
05:06 +1153: /home/albert/busystack/busymark/test/src/nextcloud_notes/notes_repository_test.dart: literal private namespace in a new note does not create pending publication
05:06 +1154: /home/albert/busystack/busymark/test/src/nextcloud_notes/notes_repository_test.dart: merge and keep-local reject a local edit made during fresh GET
05:06 +1155: /home/albert/busystack/busymark/test/src/nextcloud_notes/notes_repository_test.dart: conflict overwrite requires review again when remote changes after comparison
05:07 +1156: /home/albert/busystack/busymark/test/src/nextcloud_notes/notes_repository_test.dart: uncertain creation adoption preserves a durably edited downloaded twin
05:07 +1157: /home/albert/busystack/busymark/test/src/nextcloud_notes/notes_repository_test.dart: list checkpoint preserves account capabilities refreshed during HTTP
05:07 +1158: /home/albert/busystack/busymark/test/src/nextcloud_notes/notes_repository_test.dart: readonly acknowledgment exposes recovery for a newer in-flight local edit
05:07 +1159: /home/albert/busystack/busymark/test/src/nextcloud_notes/notes_repository_test.dart: same-ETag readonly transition preserves base/local and exposes recovery
05:07 +1160: /home/albert/busystack/busymark/test/src/nextcloud_notes/notes_repository_test.dart: readonly transition still synchronizes a favorite-only pending change
05:07 +1161: loading /home/albert/busystack/busymark/test/src/nextcloud_notes/notes_conflict_test.dart
05:08 +1161: /home/albert/busystack/busymark/test/src/nextcloud_notes/notes_conflict_test.dart: identical changes do not need a choice
05:08 +1162: /home/albert/busystack/busymark/test/src/nextcloud_notes/notes_conflict_test.dart: boolean three-way truth table preserves all independent changes
05:08 +1163: /home/albert/busystack/busymark/test/src/nextcloud_notes/notes_conflict_test.dart: favorite without a known base requires an explicit choice
05:08 +1164: loading /home/albert/busystack/busymark/test/src/nextcloud_notes/notes_attachment_stream_test.dart
05:08 +1164: /home/albert/busystack/busymark/test/src/nextcloud_notes/notes_attachment_stream_test.dart: streams attachment with content length null including empty
05:08 +1165: /home/albert/busystack/busymark/test/src/nextcloud_notes/notes_attachment_stream_test.dart: streams attachment with content length 3 including empty
05:09 +1166: /home/albert/busystack/busymark/test/src/nextcloud_notes/notes_attachment_stream_test.dart: streams attachment with content length 0 including empty
05:09 +1167: /home/albert/busystack/busymark/test/src/nextcloud_notes/notes_attachment_stream_test.dart: rejects oversized advertised length before consuming body
05:09 +1168: /home/albert/busystack/busymark/test/src/nextcloud_notes/notes_attachment_stream_test.dart: counts bytes beyond limit with absent/dishonest length null
05:09 +1169: /home/albert/busystack/busymark/test/src/nextcloud_notes/notes_attachment_stream_test.dart: counts bytes beyond limit with absent/dishonest length 1
05:09 +1170: /home/albert/busystack/busymark/test/src/nextcloud_notes/notes_attachment_stream_test.dart: network leaves neither valid attachment nor partial file
05:09 +1171: /home/albert/busystack/busymark/test/src/nextcloud_notes/notes_attachment_stream_test.dart: truncated leaves neither valid attachment nor partial file
05:09 +1172: /home/albert/busystack/busymark/test/src/nextcloud_notes/notes_attachment_stream_test.dart: dishonest leaves neither valid attachment nor partial file
05:09 +1173: /home/albert/busystack/busymark/test/src/nextcloud_notes/notes_attachment_stream_test.dart: cancel leaves neither valid attachment nor partial file
05:09 +1174: /home/albert/busystack/busymark/test/src/nextcloud_notes/notes_attachment_stream_test.dart: cancellation before request makes no HTTP call
05:09 +1175: /home/albert/busystack/busymark/test/src/nextcloud_notes/notes_attachment_stream_test.dart: authenticated attachment redirect never follows another origin
05:09 +1176: /home/albert/busystack/busymark/test/src/nextcloud_notes/notes_attachment_stream_test.dart: symlink destination remains untouched
05:09 +1177: loading /home/albert/busystack/busymark/test/src/nextcloud_notes/notes_attachment_references_test.dart
05:09 +1177: /home/albert/busystack/busymark/test/src/nextcloud_notes/notes_attachment_references_test.dart: attachment recovery finds positioned inline and reference destinations
05:09 +1178: /home/albert/busystack/busymark/test/src/nextcloud_notes/notes_attachment_references_test.dart: authored HTML attachments retain exact attribute positions
05:09 +1179: /home/albert/busystack/busymark/test/src/nextcloud_notes/notes_attachment_references_test.dart: literal code, comments and prose do not become attachment operations
05:10 +1180: loading /home/albert/busystack/busymark/test/src/nextcloud_notes/notes_api_test.dart
05:11 +1180: /home/albert/busystack/busymark/test/src/nextcloud_notes/notes_api_test.dart: API 1.4 uploads/downloads on 6.0.0; DELETE independently gated
05:11 +1181: /home/albert/busystack/busymark/test/src/nextcloud_notes/notes_api_test.dart: API 1.4 uploads/downloads on 6.0.1; DELETE independently gated
05:11 +1182: /home/albert/busystack/busymark/test/src/nextcloud_notes/notes_api_test.dart: API 1.4 uploads/downloads on 6.1.0; DELETE independently gated
05:11 +1183: /home/albert/busystack/busymark/test/src/nextcloud_notes/notes_api_test.dart: API 1.4 uploads/downloads on 6.1.4; DELETE independently gated
05:12 +1184: /home/albert/busystack/busymark/test/src/nextcloud_notes/notes_api_test.dart: API 1.4 uploads/downloads on ; DELETE independently gated
05:12 +1185: /home/albert/busystack/busymark/test/src/nextcloud_notes/notes_api_test.dart: API 1.4 uploads/downloads on unknown; DELETE independently gated
05:12 +1186: /home/albert/busystack/busymark/test/src/nextcloud_notes/notes_api_test.dart: API 1.4 uploads/downloads on 6.1.0-rc1; DELETE independently gated
05:12 +1187: /home/albert/busystack/busymark/test/src/nextcloud_notes/notes_api_test.dart: API 1.4 uploads/downloads on 999999999999999999999.0.0; DELETE independently gated
05:12 +1188: /home/albert/busystack/busymark/test/src/nextcloud_notes/notes_api_test.dart: persisted HTTP account cannot issue an authenticated request
05:12 +1189: /home/albert/busystack/busymark/test/src/nextcloud_notes/notes_api_test.dart: pruned IDs tolerate future fields and filename URI escaping is reversible
05:12 +1190: /home/albert/busystack/busymark/test/src/nextcloud_notes/notes_api_test.dart: decodes future fields/read-only/error without exception text as content
05:12 +1191: /home/albert/busystack/busymark/test/src/nextcloud_notes/notes_api_test.dart: CRUD preserves installation prefix and sends exactly quoted If-Match
05:12 +1192: /home/albert/busystack/busymark/test/src/nextcloud_notes/notes_api_test.dart: canonical title/category write response is adopted
05:12 +1193: /home/albert/busystack/busymark/test/src/nextcloud_notes/notes_api_test.dart: 412 carries complete fresh remote conflict state
05:12 +1194: /home/albert/busystack/busymark/test/src/nextcloud_notes/notes_api_test.dart: classifies HTTP 401 preserving future-code compatibility
05:12 +1195: /home/albert/busystack/busymark/test/src/nextcloud_notes/notes_api_test.dart: classifies HTTP 403 preserving future-code compatibility
05:12 +1196: /home/albert/busystack/busymark/test/src/nextcloud_notes/notes_api_test.dart: classifies HTTP 404 preserving future-code compatibility
05:12 +1197: /home/albert/busystack/busymark/test/src/nextcloud_notes/notes_api_test.dart: classifies HTTP 423 preserving future-code compatibility
05:12 +1198: /home/albert/busystack/busymark/test/src/nextcloud_notes/notes_api_test.dart: classifies HTTP 507 preserving future-code compatibility
05:12 +1199: /home/albert/busystack/busymark/test/src/nextcloud_notes/notes_api_test.dart: classifies HTTP 500 preserving future-code compatibility
05:12 +1200: /home/albert/busystack/busymark/test/src/nextcloud_notes/notes_api_test.dart: classifies HTTP 429 preserving future-code compatibility
05:12 +1201: /home/albert/busystack/busymark/test/src/nextcloud_notes/notes_api_test.dart: classifies HTTP 599 preserving future-code compatibility
05:12 +1202: /home/albert/busystack/busymark/test/src/nextcloud_notes/notes_api_test.dart: never follows cross-origin authenticated redirects
05:12 +1203: /home/albert/busystack/busymark/test/src/nextcloud_notes/notes_api_test.dart: incremental chunk list uses server Last-Modified and final complete ids
05:12 +1204: /home/albert/busystack/busymark/test/src/nextcloud_notes/notes_api_test.dart: 304 returns unchanged checkpoint outcome without parsing a body
05:12 +1205: /home/albert/busystack/busymark/test/src/nextcloud_notes/notes_api_test.dart: interrupted chunks do not return partial deletion evidence
05:12 +1206: /home/albert/busystack/busymark/test/src/nextcloud_notes/notes_api_test.dart: attachment upload uses authoritative renamed relative path
05:12 +1207: /home/albert/busystack/busymark/test/src/nextcloud_notes/notes_api_test.dart: attachment upload rejects a filename outside the current note
05:12 +1208: /home/albert/busystack/busymark/test/src/nextcloud_notes/notes_api_test.dart: attachment fetch rejects URLs and traversal without sending credentials
05:12 +1209: /home/albert/busystack/busymark/test/src/nextcloud_notes/notes_api_test.dart: attachment delete gates app version independently of API 1.4
05:12 +1210: /home/albert/busystack/busymark/test/src/nextcloud_notes/notes_api_test.dart: create does not publish private staging references
05:12 +1211: /home/albert/busystack/busymark/test/src/nextcloud_notes/notes_api_test.dart: update never publishes an unresolved private attachment reference
05:12 +1212: /home/albert/busystack/busymark/test/src/nextcloud_notes/notes_api_test.dart: private namespace text in prose and code is preserved by create and update
05:12 +1213: loading /home/albert/busystack/busymark/test/src/pdf_export_options_render_test.dart
05:13 +1213: /home/albert/busystack/busymark/test/src/pdf_export_options_render_test.dart: bundled Typst compiles default-a4 and preserves document data
05:16 +1214: /home/albert/busystack/busymark/test/src/pdf_export_options_render_test.dart: bundled Typst compiles letter-landscape and preserves document data
05:16 +1215: /home/albert/busystack/busymark/test/src/pdf_export_options_render_test.dart: bundled Typst compiles legal-serif and preserves document data
05:16 +1216: /home/albert/busystack/busymark/test/src/pdf_export_options_render_test.dart: bundled Typst compiles custom-sans and preserves document data
05:17 +1217: /home/albert/busystack/busymark/test/src/pdf_export_options_render_test.dart: bundled Typst compiles no-numbers and preserves document data
05:17 +1218: /home/albert/busystack/busymark/test/src/pdf_export_options_render_test.dart: bundled Typst compiles numbered-no-outline and preserves document data
05:18 +1219: /home/albert/busystack/busymark/test/src/pdf_export_options_render_test.dart: bundled Typst compiles narrow-title-bottomLeft and preserves document data
05:18 +1220: /home/albert/busystack/busymark/test/src/pdf_export_options_render_test.dart: bundled Typst compiles narrow-title-bottomCenter and preserves document data
05:18 +1221: /home/albert/busystack/busymark/test/src/pdf_export_options_render_test.dart: bundled Typst compiles narrow-title-bottomRight and preserves document data
05:19 +1222: loading /home/albert/busystack/busymark/test/src/app_smoke_test.dart
05:22 +1222: /home/albert/busystack/busymark/test/src/app_smoke_test.dart: editor shortcuts use documented cross-editor defaults
05:22 +1223: /home/albert/busystack/busymark/test/src/app_smoke_test.dart: workspace resize retains the sidebar and leaves room for header controls
05:24 +1224: /home/albert/busystack/busymark/test/src/app_smoke_test.dart: document view shortcuts are distinct from existing commands
05:24 +1225: /home/albert/busystack/busymark/test/src/app_smoke_test.dart: workspace routes paste shortcuts only to editable document views
05:33 +1226: /home/albert/busystack/busymark/test/src/app_smoke_test.dart: workspace source history restores a pasted URL suffix through undo and redo
05:34 +1227: /home/albert/busystack/busymark/test/src/app_smoke_test.dart: app wires generated localization delegates and locales
05:35 +1228: /home/albert/busystack/busymark/test/src/app_smoke_test.dart: app boots to BusyMark welcome screen without login UI
05:35 +1229: /home/albert/busystack/busymark/test/src/app_smoke_test.dart: recovery shows one actionable notice and preserves damage warnings (0)
05:35 +1230: /home/albert/busystack/busymark/test/src/app_smoke_test.dart: recovery shows one actionable notice and preserves damage warnings (1)
05:36 +1231: /home/albert/busystack/busymark/test/src/app_smoke_test.dart: Welcome creates a fresh Markdown workspace after leaving basic.md (close tab: false)
05:37 +1232: /home/albert/busystack/busymark/test/src/app_smoke_test.dart: Welcome creates a fresh Markdown workspace after leaving basic.md (close tab: true)
05:38 +1233: /home/albert/busystack/busymark/test/src/app_smoke_test.dart: main menu and F11 toggle full-screen mode
05:38 +1234: /home/albert/busystack/busymark/test/src/app_smoke_test.dart: Alt+Left activates the header Back command
05:38 +1235: /home/albert/busystack/busymark/test/src/app_smoke_test.dart: restored capture failure stays owned across Back create discard create
05:40 +1236: /home/albert/busystack/busymark/test/src/app_smoke_test.dart: Escape closes header popup menus
05:40 +1237: /home/albert/busystack/busymark/test/src/app_smoke_test.dart: report issue is in the shared main menu, not Settings content
05:40 +1238: /home/albert/busystack/busymark/test/src/app_smoke_test.dart: global reference and settings shortcuts open targets
05:41 +1239: /home/albert/busystack/busymark/test/src/app_smoke_test.dart: settings screen opens
05:43 +1240: /home/albert/busystack/busymark/test/src/app_smoke_test.dart: settings uses the regular split sidebar at desktop width
05:43 +1241: /home/albert/busystack/busymark/test/src/app_smoke_test.dart: Spelling Dictionaries page groups downloadable and custom data
05:44 +1242: /home/albert/busystack/busymark/test/src/app_smoke_test.dart: import dictionary prompt uses native controls and submits a trimmed ID
05:50 +1243: /home/albert/busystack/busymark/test/src/app_smoke_test.dart: import dictionary prompt cancels and saves without redesign
05:55 +1244: /home/albert/busystack/busymark/test/src/app_smoke_test.dart: cancelling a default-language install keeps the previous selection
05:56 +1245: /home/albert/busystack/busymark/test/src/app_smoke_test.dart: default language persists only after dictionary installation succeeds
06:03 +1246: /home/albert/busystack/busymark/test/src/app_smoke_test.dart: failed dictionary install keeps the default language
06:05 +1247: /home/albert/busystack/busymark/test/src/app_smoke_test.dart: cancelling a project-language install keeps the previous selection
06:05 +1248: /home/albert/busystack/busymark/test/src/app_smoke_test.dart: settings main surface matches the headerbar in light and dark
06:05 +1249: /home/albert/busystack/busymark/test/src/app_smoke_test.dart: stored language override localizes app text
06:06 +1250: /home/albert/busystack/busymark/test/src/app_smoke_test.dart: European Portuguese system locale renders the completed base catalog
06:06 +1251: /home/albert/busystack/busymark/test/src/app_smoke_test.dart: language-only Chinese system locale renders the completed base catalog
06:06 +1252: /home/albert/busystack/busymark/test/src/app_smoke_test.dart: Writerside project dialog syncs generated fields until edited
06:06 +1253: /home/albert/busystack/busymark/test/src/app_smoke_test.dart: keyboard shortcuts dialog opens from the header
06:07 +1254: /home/albert/busystack/busymark/test/src/app_smoke_test.dart: syntax reference categories expose supported authoring forms
06:08 +1255: /home/albert/busystack/busymark/test/src/app_smoke_test.dart: Ctrl+Alt+M opens and Escape closes the syntax reference
06:08 +1256: /home/albert/busystack/busymark/test/src/app_smoke_test.dart: syntax reference remains usable in constrained RTL layout
06:08 +1257: /home/albert/busystack/busymark/test/src/app_smoke_test.dart: keyboard shortcuts tabs section title is localized
06:08 +1258: /home/albert/busystack/busymark/test/src/app_smoke_test.dart: about dialog shows the BusyMark logo
unhandled element <filter/>; Picture key: Svg loader
06:09 +1259: /home/albert/busystack/busymark/test/src/app_smoke_test.dart: Ctrl+N chooses between Markdown and Writerside creation
06:09 +1260: /home/albert/busystack/busymark/test/src/app_smoke_test.dart: Ctrl+N keeps unsaved documents in independent tabs
06:10 +1261: /home/albert/busystack/busymark/test/src/app_smoke_test.dart: Ctrl+N creates real CommonMark inside a Writerside workspace
06:11 +1262: /home/albert/busystack/busymark/test/src/app_smoke_test.dart: Table of Contents creates from selection and exposes nested Writerside actions
06:19 +1263: /home/albert/busystack/busymark/test/src/app_smoke_test.dart: Table of Contents creates from selection and exposes nested Writerside actions with an available native host
06:24 +1264: /home/albert/busystack/busymark/test/src/app_smoke_test.dart: Writerside topic rename uses Preview, Do Refactor, and shared entry points
06:25 +1265: /home/albert/busystack/busymark/test/src/app_smoke_test.dart: topic rename saves every dirty Writerside project source before planning
06:26 +1266: /home/albert/busystack/busymark/test/src/app_smoke_test.dart: tab keyboard shortcuts move and close editor tabs
06:27 +1267: /home/albert/busystack/busymark/test/src/app_smoke_test.dart: Git diff files are shown as separate editor tabs
06:28 +1268: /home/albert/busystack/busymark/test/src/app_smoke_test.dart: File History comparison selector shares its row with match navigation
06:28 +1269: /home/albert/busystack/busymark/test/src/app_smoke_test.dart: file tree disables Git file actions without a repository
06:28 +1270: /home/albert/busystack/busymark/test/src/app_smoke_test.dart: sidebar view shortcuts select workspace sidebar tabs
06:30 +1271: /home/albert/busystack/busymark/test/src/app_smoke_test.dart: real Source edits reach the visible Local History list on the fixed deadline
06:31 +1272: /home/albert/busystack/busymark/test/src/app_smoke_test.dart: selected WYSIWYG formatting reaches Local History through workspace callbacks
06:31 +1273: /home/albert/busystack/busymark/test/src/app_smoke_test.dart: Writerside sidebar shortcuts survive document view changes
06:34 +1274: /home/albert/busystack/busymark/test/src/app_smoke_test.dart: Files view colors entries by Git status
06:34 +1275: /home/albert/busystack/busymark/test/src/app_smoke_test.dart: Files view shows hidden, empty, and unsupported entries
06:35 +1276: /home/albert/busystack/busymark/test/src/app_smoke_test.dart: workspace sidebar is on the right in Arabic
06:35 +1277: /home/albert/busystack/busymark/test/src/app_smoke_test.dart: workspace sidebar is on the right in Persian
06:35 +1278: /home/albert/busystack/busymark/test/src/app_smoke_test.dart: Arabic untitled workspace stays RTL and diagnostic metadata stays LTR
06:35 +1279: /home/albert/busystack/busymark/test/src/app_smoke_test.dart: RTL topic copy keeps bidi controls out of clipboard data
06:37 +1280: /home/albert/busystack/busymark/test/src/app_smoke_test.dart: TOC Copy uses an inactive origin topic open buffer
06:37 +1281: /home/albert/busystack/busymark/test/src/app_smoke_test.dart: TOC Paste reviews an inactive dirty tree before moving
06:38 +1282: /home/albert/busystack/busymark/test/src/app_smoke_test.dart: source undo cannot restore saved text from previous tab
06:38 +1283: /home/albert/busystack/busymark/test/src/app_smoke_test.dart: Source groups typing and deletion undo with historical carets
06:38 +1284: /home/albert/busystack/busymark/test/src/app_smoke_test.dart: Source remount starts a distinct undo group
06:38 +1285: /home/albert/busystack/busymark/test/src/app_smoke_test.dart: source view supports editor formatting shortcuts
06:39 +1286: /home/albert/busystack/busymark/test/src/app_smoke_test.dart: Tab and Shift+Tab update indentation in source view
06:39 +1287: /home/albert/busystack/busymark/test/src/app_smoke_test.dart: editing toolbar context menu changes persisted layout without toggling
06:40 +1288: /home/albert/busystack/busymark/test/src/app_smoke_test.dart: Editor and Preview share a frame while Split stays fluid
06:40 +1289: /home/albert/busystack/busymark/test/src/app_smoke_test.dart: rendered views ignore redundant blanks while Source preserves them
06:40 +1290: /home/albert/busystack/busymark/test/src/app_smoke_test.dart: standalone HTML breaks preserve one blank line in every document view
06:40 +1291: /home/albert/busystack/busymark/test/src/app_smoke_test.dart: Editor and Preview share task-list presentation and wrapping
06:40 +1292: /home/albert/busystack/busymark/test/src/app_smoke_test.dart: Editor and Preview reuse the same quote shell geometry
06:41 +1293: /home/albert/busystack/busymark/test/src/app_smoke_test.dart: Editor and Preview reuse the same code block presentation
06:41 +1294: /home/albert/busystack/busymark/test/src/app_smoke_test.dart: Editor and Preview share professional heading hierarchy
06:41 +1295: /home/albert/busystack/busymark/test/src/app_smoke_test.dart: Editor and Preview share admonition and image presentation
06:41 +1296: /home/albert/busystack/busymark/test/src/app_smoke_test.dart: Preview renders structured formatted and nested quotes
06:41 +1297: /home/albert/busystack/busymark/test/src/app_smoke_test.dart: editor undo cannot restore saved text from previous tab
06:41 +1298: /home/albert/busystack/busymark/test/src/app_smoke_test.dart: Tab inserts a tab character in editor view paragraphs
06:42 +1299: /home/albert/busystack/busymark/test/src/app_smoke_test.dart: window close still warns when active changes are unsaved
06:42 +1300: /home/albert/busystack/busymark/test/src/app_smoke_test.dart: window close flushes autosave for saved files
06:42 +1301: /home/albert/busystack/busymark/test/src/app_smoke_test.dart: startup path opens a Markdown file workspace
06:42 +1302: /home/albert/busystack/busymark/test/src/app_smoke_test.dart: outline follows unsaved source headings without live validation
06:42 +1303: /home/albert/busystack/busymark/test/src/app_smoke_test.dart: outline context menu edits complete heading sections
06:43 +1304: /home/albert/busystack/busymark/test/src/app_smoke_test.dart: outline highlights the heading at the document viewport
06:45 +1305: /home/albert/busystack/busymark/test/src/app_smoke_test.dart: outline navigates to a renamed unsaved editor heading
06:47 +1306: /home/albert/busystack/busymark/test/src/app_smoke_test.dart: untitled outline navigates before the first save
06:47 +1307: /home/albert/busystack/busymark/test/src/app_smoke_test.dart: preview tolerates duplicate heading anchors
06:47 +1308: /home/albert/busystack/busymark/test/src/app_smoke_test.dart: Reading opens an unindexed sibling document link
06:47 +1309: /home/albert/busystack/busymark/test/src/app_smoke_test.dart: Reading linked block and inline images open their targets
06:47 +1310: /home/albert/busystack/busymark/test/src/app_smoke_test.dart: new empty document leaves remembered preview mode for editor
06:47 +1311: /home/albert/busystack/busymark/test/src/app_smoke_test.dart: blocked remote image prompt allows the current workspace
06:47 +1312: /home/albert/busystack/busymark/test/src/app_smoke_test.dart: Ctrl+O open chooser lists recent workspaces
06:48 +1313: /home/albert/busystack/busymark/test/src/app_smoke_test.dart: recent workspace menus support pointer and keyboard actions
06:48 +1314: /home/albert/busystack/busymark/test/src/app_smoke_test.dart: shared Markdown image renderer resolves local images
06:48 +1315: /home/albert/busystack/busymark/test/src/app_smoke_test.dart: shared Markdown image renderer blocks remote images by default
06:48 +1316: /home/albert/busystack/busymark/test/src/app_smoke_test.dart: shared Markdown image renderer resolves absolute paths with spaces
06:48 +1317: /home/albert/busystack/busymark/test/src/app_smoke_test.dart: shared Markdown image renderer resolves absolute paths outside workspace
06:48 +1318: /home/albert/busystack/busymark/test/src/app_smoke_test.dart: shared Markdown image renderer resolves Snap real-home paths
06:48 +1319: /home/albert/busystack/busymark/test/src/app_smoke_test.dart: shared Markdown image renderer resolves local SVG images
06:48 +1320: /home/albert/busystack/busymark/test/src/app_smoke_test.dart: shared Markdown image renderer rejects oversized local SVGs
06:48 +1321: /home/albert/busystack/busymark/test/src/app_smoke_test.dart: shared Markdown image renderer sanitizes embedded SVG image data
06:49 +1322: /home/albert/busystack/busymark/test/src/app_smoke_test.dart: shared Markdown image renderer renders generated SVG badges
06:49 +1323: /home/albert/busystack/busymark/test/src/app_smoke_test.dart: header Search button toggles the expanded search field
06:50 +1324: /home/albert/busystack/busymark/test/src/app_smoke_test.dart: native header Search action toggles search and Back visibility
06:50 +1325: /home/albert/busystack/busymark/test/src/app_smoke_test.dart: workspace search awaits non-active file reads without blocking builds
06:50 +1326: /home/albert/busystack/busymark/test/src/app_smoke_test.dart: workspace search native submit uses exact payload and selected sidebar occurrence
06:52 +1327: /home/albert/busystack/busymark/test/src/app_smoke_test.dart: workspace search preserves query and lands on unopened destination
06:53 +1328: /home/albert/busystack/busymark/test/src/app_smoke_test.dart: workspace search observes edits to inactive buffers
06:54 +1329: /home/albert/busystack/busymark/test/src/app_smoke_test.dart: workspace search reports limits and continues into later files
06:55 +1330: /home/albert/busystack/busymark/test/src/app_smoke_test.dart: workspace search exposes skipped files and regex diagnostics
06:56 +1331: /home/albert/busystack/busymark/test/src/app_smoke_test.dart: workspace search cancels expensive regex while UI keeps building
06:57 +1332: /home/albert/busystack/busymark/test/src/app_smoke_test.dart: workspace search replacement review loads an asynchronous plan
06:57 +1333: /home/albert/busystack/busymark/test/src/app_smoke_test.dart: preview search highlights preserve Unicode offsets
06:58 +1334: /home/albert/busystack/busymark/test/src/app_smoke_test.dart: literal workspace search bounds malformed Markdown snippets around the match
06:58 +1335: /home/albert/busystack/busymark/test/src/app_smoke_test.dart: preview search result clicks move preview scroll repeatedly
06:58 +1336: /home/albert/busystack/busymark/test/src/app_smoke_test.dart: preview lazily builds large documents
06:59 +1337: /home/albert/busystack/busymark/test/src/app_smoke_test.dart: preview search result clicks scroll to code block matches
06:59 +1338: /home/albert/busystack/busymark/test/src/app_smoke_test.dart: preview search result click lands on paragraph after lists
06:59 +1339: /home/albert/busystack/busymark/test/src/app_smoke_test.dart: Editor and Preview share ordered list styling and geometry
06:59 +1340: /home/albert/busystack/busymark/test/src/app_smoke_test.dart: preview renders nested list children
06:59 +1341: /home/albert/busystack/busymark/test/src/app_smoke_test.dart: preview renders raw HTML table as table cells
07:00 +1342: /home/albert/busystack/busymark/test/src/app_smoke_test.dart: Reading applies Markdown table column alignment
07:00 +1343: /home/albert/busystack/busymark/test/src/app_smoke_test.dart: preview search result click lands on code block line
07:00 +1344: /home/albert/busystack/busymark/test/src/app_smoke_test.dart: Ctrl+S runs Save for the active workspace
07:00 +1345: /home/albert/busystack/busymark/test/src/app_smoke_test.dart: Ctrl+S saves source edits from an untitled Markdown document
07:00 +1346: loading /home/albert/busystack/busymark/test/src/validation_problems_ui_test.dart
07:04 +1346: /home/albert/busystack/busymark/test/src/validation_problems_ui_test.dart: Problems reveals the source and dismisses from preview
07:07 +1347: /home/albert/busystack/busymark/test/src/validation_problems_ui_test.dart: Problems reveals the source and dismisses from editor
07:09 +1348: /home/albert/busystack/busymark/test/src/validation_problems_ui_test.dart: an open Problems dialog updates its count and math rows
07:10 +1349: /home/albert/busystack/busymark/test/src/validation_problems_ui_test.dart: manual Validate supersedes queued automatic validation and presents once
07:13 +1350: /home/albert/busystack/busymark/test/src/validation_problems_ui_test.dart: failed and stale validation do not show Problems; concurrent clicks publish once
07:14 +1351: loading /home/albert/busystack/busymark/test/src/writerside_math_diagram_test.dart
07:16 +1351: /home/albert/busystack/busymark/test/src/writerside_math_diagram_test.dart: Writerside math forms use semantic math nodes and round-trip
07:16 +1352: /home/albert/busystack/busymark/test/src/writerside_math_diagram_test.dart: ordinary Markdown does not reinterpret Writerside TeX forms
07:16 +1353: /home/albert/busystack/busymark/test/src/writerside_math_diagram_test.dart: Writerside semantic and fenced diagrams share visualizers
07:16 +1354: /home/albert/busystack/busymark/test/src/writerside_math_diagram_test.dart: referenced diagram source is constrained to the Writerside root
07:16 +1355: /home/albert/busystack/busymark/test/src/writerside_math_diagram_test.dart: Writerside topic XML exposes TeX and diagrams to shared preview
07:17 +1356: loading /home/albert/busystack/busymark/test/src/busymark_motion_widgets_test.dart
07:19 +1356: /home/albert/busystack/busymark/test/src/busymark_motion_widgets_test.dart: view changes fade one live editor while ordinary data changes do not
07:19 +1357: /home/albert/busystack/busymark/test/src/busymark_motion_widgets_test.dart: retained destinations settle immediately under reduced motion
07:19 +1358: /home/albert/busystack/busymark/test/src/busymark_motion_widgets_test.dart: retained crossfade keeps two live pages and hides outgoing UI
07:19 +1359: /home/albert/busystack/busymark/test/src/busymark_motion_widgets_test.dart: keyed crossfade retains three semantic destinations
07:20 +1360: loading /home/albert/busystack/busymark/test/src/preview_builder_test.dart
07:20 +1360: /home/albert/busystack/busymark/test/src/preview_builder_test.dart: preview uses one generic label and no compatibility banner
07:20 +1361: /home/albert/busystack/busymark/test/src/preview_builder_test.dart: preview ignores redundant blank lines between blocks
07:20 +1362: /home/albert/busystack/busymark/test/src/preview_builder_test.dart: preview preserves an explicit blank line encoded with HTML breaks
07:20 +1363: /home/albert/busystack/busymark/test/src/preview_builder_test.dart: preview headings carry parser anchors for outline navigation
07:20 +1364: /home/albert/busystack/busymark/test/src/preview_builder_test.dart: preview blocks carry source locations for search navigation
07:20 +1365: /home/albert/busystack/busymark/test/src/preview_builder_test.dart: preview source locations survive adjacent list items and code fences
07:20 +1366: /home/albert/busystack/busymark/test/src/preview_builder_test.dart: preview list text removes Markdown markers
07:20 +1367: /home/albert/busystack/busymark/test/src/preview_builder_test.dart: preview preserves links inside list items
07:20 +1368: /home/albert/busystack/busymark/test/src/preview_builder_test.dart: preview preserves nested list children
07:20 +1369: /home/albert/busystack/busymark/test/src/preview_builder_test.dart: preview keeps ordered list numbering independent at each depth
07:20 +1370: /home/albert/busystack/busymark/test/src/preview_builder_test.dart: preview preserves inline Markdown semantics
07:20 +1371: /home/albert/busystack/busymark/test/src/preview_builder_test.dart: inline autolinks only support launchable URI schemes
07:20 +1372: /home/albert/busystack/busymark/test/src/preview_builder_test.dart: preview renders quote characters as text instead of HTML entities
07:21 +1373: /home/albert/busystack/busymark/test/src/preview_builder_test.dart: preview preserves pasted local image destinations with spaces
07:21 +1374: /home/albert/busystack/busymark/test/src/preview_builder_test.dart: preview renders quote characters as text instead of HTML entities
07:21 +1375: /home/albert/busystack/busymark/test/src/preview_builder_test.dart: preview preserves pasted local image destinations with spaces
07:21 +1376: /home/albert/busystack/busymark/test/src/preview_builder_test.dart: preview treats single newlines inside paragraphs as soft breaks
07:21 +1377: /home/albert/busystack/busymark/test/src/preview_builder_test.dart: preview supports common Markdown block variants
07:21 +1378: /home/albert/busystack/busymark/test/src/preview_builder_test.dart: preview preserves structured and formatted quote children
07:21 +1379: /home/albert/busystack/busymark/test/src/preview_builder_test.dart: preview preserves source order for code and images
07:21 +1380: /home/albert/busystack/busymark/test/src/preview_builder_test.dart: preview parses Writerside image attributes
07:21 +1381: /home/albert/busystack/busymark/test/src/preview_builder_test.dart: front matter is skipped only at the top of the document
07:21 +1382: /home/albert/busystack/busymark/test/src/preview_builder_test.dart: preview renders raw HTML paragraph without literal tags
07:21 +1383: /home/albert/busystack/busymark/test/src/preview_builder_test.dart: preview renders raw HTML table sections and inline cell formatting
07:21 +1384: /home/albert/busystack/busymark/test/src/preview_builder_test.dart: preview renders direct rows under raw HTML table
07:21 +1385: /home/albert/busystack/busymark/test/src/preview_builder_test.dart: preview renders raw HTML table captions before the table
07:21 +1386: /home/albert/busystack/busymark/test/src/preview_builder_test.dart: preview renders inline raw HTML safely
07:21 +1387: /home/albert/busystack/busymark/test/src/preview_builder_test.dart: preview does not make raw HTML links active without href
07:21 +1388: /home/albert/busystack/busymark/test/src/preview_builder_test.dart: preview rejects absolute local image paths in raw HTML
07:21 +1389: /home/albert/busystack/busymark/test/src/preview_builder_test.dart: preview rejects deeply nested raw HTML before conversion
07:21 +1390: /home/albert/busystack/busymark/test/src/preview_builder_test.dart: preview renders safe raw HTML containers as child content
07:21 +1391: /home/albert/busystack/busymark/test/src/preview_builder_test.dart: preview renders top-level raw HTML image as image block
07:21 +1392: /home/albert/busystack/busymark/test/src/preview_builder_test.dart: preview preserves raw HTML figure caption relationship
07:21 +1393: /home/albert/busystack/busymark/test/src/preview_builder_test.dart: preview allows safe remote raw HTML links images and citations
07:21 +1394: /home/albert/busystack/busymark/test/src/preview_builder_test.dart: preview keeps unsafe raw HTML literal
07:21 +1395: /home/albert/busystack/busymark/test/src/preview_builder_test.dart: preview does not parse Markdown inside raw HTML blocks
07:21 +1396: /home/albert/busystack/busymark/test/src/preview_builder_test.dart: preview keeps paired raw HTML blocks together across blank lines
07:21 +1397: loading /home/albert/busystack/busymark/test/src/nextcloud_capabilities_test.dart
07:23 +1397: /home/albert/busystack/busymark/test/src/nextcloud_capabilities_test.dart: accepts stable baseline and ignores future capability fields
07:23 +1398: /home/albert/busystack/busymark/test/src/nextcloud_capabilities_test.dart: API 1.4 accepted independently of app version 6.0.0
07:23 +1399: /home/albert/busystack/busymark/test/src/nextcloud_capabilities_test.dart: API 1.4 accepted independently of app version 6.0.1
07:23 +1400: /home/albert/busystack/busymark/test/src/nextcloud_capabilities_test.dart: API 1.4 accepted independently of app version 6.1.0
07:23 +1401: /home/albert/busystack/busymark/test/src/nextcloud_capabilities_test.dart: API 1.4 accepted independently of app version 6.1.2
07:23 +1402: /home/albert/busystack/busymark/test/src/nextcloud_capabilities_test.dart: API 1.4 accepted independently of app version null
07:23 +1403: /home/albert/busystack/busymark/test/src/nextcloud_capabilities_test.dart: API 1.4 accepted independently of app version 
07:23 +1404: /home/albert/busystack/busymark/test/src/nextcloud_capabilities_test.dart: API 1.4 accepted independently of app version malformed
07:23 +1405: /home/albert/busystack/busymark/test/src/nextcloud_capabilities_test.dart: API 1.4 accepted independently of app version 42
07:23 +1406: /home/albert/busystack/busymark/test/src/nextcloud_capabilities_test.dart: rejects missing Notes and unavailable/old API accurately
07:23 +1407: /home/albert/busystack/busymark/test/src/nextcloud_capabilities_test.dart: requests OCS capabilities under prefix with proper Basic and headers
07:23 +1408: /home/albert/busystack/busymark/test/src/nextcloud_capabilities_test.dart: authenticated redirects are rejected without following another origin
07:23 +1409: /home/albert/busystack/busymark/test/src/nextcloud_capabilities_test.dart: revocation uses documented DELETE and is best effort on non-200
07:23 +1410: loading /home/albert/busystack/busymark/test/src/writerside_topic_file_editor_test.dart
07:24 +1410: /home/albert/busystack/busymark/test/src/writerside_topic_file_editor_test.dart: rename planning rejects a topic skipped by file-size limits
07:24 +1411: /home/albert/busystack/busymark/test/src/writerside_topic_file_editor_test.dart: rename planning rejects a topic skipped by document limits
07:24 +1412: /home/albert/busystack/busymark/test/src/writerside_topic_file_editor_test.dart: rename planning rejects topic discovery truncated by tree limits
07:24 +1413: /home/albert/busystack/busymark/test/src/writerside_topic_file_editor_test.dart: rename planning rejects a topic-root directory listing failure
07:24 +1414: /home/albert/busystack/busymark/test/src/writerside_topic_file_editor_test.dart: topic discovery traverses excluded and hidden directories but not VCS metadata
07:24 +1415: /home/albert/busystack/busymark/test/src/writerside_topic_file_editor_test.dart: rename updates and resolves a Markdown reference under build
07:26 +1416: /home/albert/busystack/busymark/test/src/writerside_topic_file_editor_test.dart: rename updates and resolves an XML reference under a hidden directory
07:26 +1417: /home/albert/busystack/busymark/test/src/writerside_topic_file_editor_test.dart: rename planning rejects a discovered unreadable topic source
07:26 +1418: /home/albert/busystack/busymark/test/src/writerside_topic_file_editor_test.dart: rename updates topic and start-page references in every tree
07:26 +1419: /home/albert/busystack/busymark/test/src/writerside_topic_file_editor_test.dart: rename refactors links, includes, ref entries, and leaves unrelated text
07:26 +1420: /home/albert/busystack/busymark/test/src/writerside_topic_file_editor_test.dart: rename ignores link-shaped text in image titles and HTML attributes
07:26 +1421: /home/albert/busystack/busymark/test/src/writerside_topic_file_editor_test.dart: rename binds reference links outside image titles and HTML attributes
07:26 +1422: /home/albert/busystack/busymark/test/src/writerside_topic_file_editor_test.dart: rename binds exact HTML hrefs outside Markdown link and image titles
07:27 +1423: /home/albert/busystack/busymark/test/src/writerside_topic_file_editor_test.dart: rename follows origin across modules without touching a local namesake
07:27 +1424: /home/albert/busystack/busymark/test/src/writerside_topic_file_editor_test.dart: project-wide rename includes an origin reference in a build module
07:27 +1425: /home/albert/busystack/busymark/test/src/writerside_topic_file_editor_test.dart: renaming a local namesake preserves origin-qualified Markdown XML links
07:27 +1426: /home/albert/busystack/busymark/test/src/writerside_topic_file_editor_test.dart: rename supports unquoted origin-qualified raw HTML links
07:27 +1427: /home/albert/busystack/busymark/test/src/writerside_topic_file_editor_test.dart: rename keeps decoded whitespace safe in unquoted HTML hrefs
07:27 +1428: /home/albert/busystack/busymark/test/src/writerside_topic_file_editor_test.dart: rename updates shared Markdown reference definitions once
07:28 +1429: /home/albert/busystack/busymark/test/src/writerside_topic_file_editor_test.dart: rename preserves escapes required by a Markdown destination
07:28 +1430: /home/albert/busystack/busymark/test/src/writerside_topic_file_editor_test.dart: rename rewrites an XML-encoded topic destination
07:28 +1431: /home/albert/busystack/busymark/test/src/writerside_topic_file_editor_test.dart: rename escapes decoded XML attribute replacements
07:28 +1432: /home/albert/busystack/busymark/test/src/writerside_topic_file_editor_test.dart: rename updates a matching XML topic root id
07:28 +1433: /home/albert/busystack/busymark/test/src/writerside_topic_file_editor_test.dart: missing or mismatched XML root IDs block rename atomically
07:28 +1434: /home/albert/busystack/busymark/test/src/writerside_topic_file_editor_test.dart: prepared rename is read-only and applies its exact captured changes
07:28 +1435: /home/albert/busystack/busymark/test/src/writerside_topic_file_editor_test.dart: stale prepared rename fails before any partial write
07:28 +1436: /home/albert/busystack/busymark/test/src/writerside_topic_file_editor_test.dart: rename preflights collisions only in publishing instances
07:28 +1437: /home/albert/busystack/busymark/test/src/writerside_topic_file_editor_test.dart: origin topic collisions block a project-wide prepared rename
07:28 +1438: /home/albert/busystack/busymark/test/src/writerside_topic_file_editor_test.dart: Unicode Markdown and XML topic filenames rename safely
07:29 +1439: /home/albert/busystack/busymark/test/src/writerside_topic_file_editor_test.dart: rename supports Writerside .markdown topics
07:29 +1440: /home/albert/busystack/busymark/test/src/writerside_topic_file_editor_test.dart: rename rejects duplicate targets and extension changes
07:29 +1441: /home/albert/busystack/busymark/test/src/writerside_topic_file_editor_test.dart: rename preserves a target created concurrently before exclusive create
07:29 +1442: /home/albert/busystack/busymark/test/src/writerside_topic_file_editor_test.dart: delete reloads newly configured instances before start-page checks
07:29 +1443: /home/albert/busystack/busymark/test/src/writerside_topic_file_editor_test.dart: rename does not claim a new same-basename nested reference
07:29 +1444: /home/albert/busystack/busymark/test/src/writerside_topic_file_editor_test.dart: rename aborts when a concurrent topic changes basename resolution
07:29 +1445: /home/albert/busystack/busymark/test/src/writerside_topic_file_editor_test.dart: delete aborts when a concurrent topic changes basename resolution
07:29 +1446: /home/albert/busystack/busymark/test/src/writerside_topic_file_editor_test.dart: rename retains target when an applied tree cannot be rolled back
07:29 +1447: /home/albert/busystack/busymark/test/src/writerside_topic_file_editor_test.dart: cross-module rollback retains a target after another module changes
07:30 +1448: /home/albert/busystack/busymark/test/src/writerside_topic_file_editor_test.dart: clean rollback removes the harmless newly created target
07:30 +1449: /home/albert/busystack/busymark/test/src/writerside_topic_file_editor_test.dart: rename preserves topic and instance tree file modes
07:30 +1450: /home/albert/busystack/busymark/test/src/writerside_topic_file_editor_test.dart: delete removes every TOC entry and promotes children in place
07:30 +1451: /home/albert/busystack/busymark/test/src/writerside_topic_file_editor_test.dart: delete rejects a topic used as any instance start page
07:30 +1452: /home/albert/busystack/busymark/test/src/writerside_topic_file_editor_test.dart: rename rejects unsafe path components before writing
07:30 +1453: /home/albert/busystack/busymark/test/src/writerside_topic_file_editor_test.dart: delete rejects a topic replaced by a symlink without touching its target
07:30 +1454: loading /home/albert/busystack/busymark/test/src/source_gutter_diagnostics_test.dart
07:31 +1454: /home/albert/busystack/busymark/test/src/source_gutter_diagnostics_test.dart: diagnostic maps to full and visible line without folds
07:31 +1455: /home/albert/busystack/busymark/test/src/source_gutter_diagnostics_test.dart: diagnostic inside folded region is aggregated onto its fold header
07:31 +1456: /home/albert/busystack/busymark/test/src/source_gutter_diagnostics_test.dart: folded layout geometry is reused for equal collapsed sets
07:31 +1457: /home/albert/busystack/busymark/test/src/source_gutter_diagnostics_test.dart: incremental gutter layout matches a full measured layout
07:31 +1458: loading /home/albert/busystack/busymark/test/src/native_writerside_dialog_service_test.dart
07:34 +1458: /home/albert/busystack/busymark/test/src/native_writerside_dialog_service_test.dart: Duplicate Topic is serialized to the native dialog host
07:34 +1459: /home/albert/busystack/busymark/test/src/native_writerside_dialog_service_test.dart: Edit Title returns all native field values
07:34 +1460: /home/albert/busystack/busymark/test/src/native_writerside_dialog_service_test.dart: native cancellation remains distinct from an unavailable host
07:35 +1461: loading /home/albert/busystack/busymark/test/src/wysiwyg_ai_test.dart
07:36 +1461: /home/albert/busystack/busymark/test/src/wysiwyg_ai_test.dart: WYSIWYG AI maps a nested Writerside block to its source block
07:38 +1462: /home/albert/busystack/busymark/test/src/wysiwyg_ai_test.dart: WYSIWYG AI maps selected text when unsourced editor blocks exist
07:38 +1463: /home/albert/busystack/busymark/test/src/wysiwyg_ai_test.dart: WYSIWYG AI applies through canonical Markdown source
07:39 +1464: loading /home/albert/busystack/busymark/test/src/document_status_bar_test.dart
07:40 +1464: /home/albert/busystack/busymark/test/src/document_status_bar_test.dart: places interactive spelling at start and format at end
07:41 +1465: /home/albert/busystack/busymark/test/src/document_status_bar_test.dart: keeps passive format when spelling is unsupported
07:41 +1466: /home/albert/busystack/busymark/test/src/document_status_bar_test.dart: truncates a long one-line language without displacing format
07:41 +1467: /home/albert/busystack/busymark/test/src/document_status_bar_test.dart: uses directional start and end placement in RTL
07:41 +1468: loading /home/albert/busystack/busymark/test/src/text_format_metadata_test.dart
07:42 +1468: /home/albert/busystack/busymark/test/src/text_format_metadata_test.dart: detects and preserves UTF-8 BOM, CRLF, and final newline
07:42 +1469: /home/albert/busystack/busymark/test/src/text_format_metadata_test.dart: preserves a missing final newline when saving edited text
07:42 +1470: /home/albert/busystack/busymark/test/src/text_format_metadata_test.dart: requires an explicit normalization for mixed line endings
07:42 +1471: /home/albert/busystack/busymark/test/src/text_format_metadata_test.dart: rejects invalid UTF-8 instead of replacing bytes
07:42 +1472: loading /home/albert/busystack/busymark/test/src/source_autocomplete_test.dart
07:43 +1472: /home/albert/busystack/busymark/test/src/source_autocomplete_test.dart: autocomplete prioritizes Writerside Markdown authoring suggestions
07:43 +1473: /home/albert/busystack/busymark/test/src/source_autocomplete_test.dart: completion derives XML caret context and consumes the project index
07:43 +1474: /home/albert/busystack/busymark/test/src/source_autocomplete_test.dart: completion suggests attributes legal for the element at the caret
07:43 +1475: loading /home/albert/busystack/busymark/test/src/ai_secret_store_test.dart
07:47 +1475: /home/albert/busystack/busymark/test/src/ai_secret_store_test.dart: reads the provider key through the native credential channel
07:47 +1476: /home/albert/busystack/busymark/test/src/ai_secret_store_test.dart: trims a key before securely storing it
07:47 +1477: /home/albert/busystack/busymark/test/src/ai_secret_store_test.dart: deletes only the selected provider key
07:47 +1478: /home/albert/busystack/busymark/test/src/ai_secret_store_test.dart: surfaces the native credential-service failure
07:47 +1479: loading /home/albert/busystack/busymark/test/src/local_history_workspace_test.dart
07:49 +1479: /home/albert/busystack/busymark/test/src/local_history_workspace_test.dart: pristine empty draft discards without protective storage
07:49 +1480: /home/albert/busystack/busymark/test/src/local_history_workspace_test.dart: workspace replacement retires settled bindings and retains failed baselines
07:49 +1481: /home/albert/busystack/busymark/test/src/local_history_workspace_test.dart: discard still protects nonempty content when history is unavailable
07:49 +1482: /home/albert/busystack/busymark/test/src/local_history_workspace_test.dart: discard still protects whitespace content when history is unavailable
07:49 +1483: /home/albert/busystack/busymark/test/src/local_history_workspace_test.dart: discard still protects edited-empty content when history is unavailable
07:49 +1484: /home/albert/busystack/busymark/test/src/local_history_workspace_test.dart: discard still protects recovered content when history is unavailable
07:49 +1485: /home/albert/busystack/busymark/test/src/local_history_workspace_test.dart: discard still protects file content when history is unavailable
07:49 +1486: /home/albert/busystack/busymark/test/src/local_history_workspace_test.dart: background protective retry cannot execute a previously rejected discard
07:49 +1487: /home/albert/busystack/busymark/test/src/local_history_workspace_test.dart: restored promotion reconciles only the saved lineage (file=false external=false)
07:49 +1488: /home/albert/busystack/busymark/test/src/local_history_workspace_test.dart: restored promotion reconciles only the saved lineage (file=false external=true)
07:49 +1489: /home/albert/busystack/busymark/test/src/local_history_workspace_test.dart: restored promotion reconciles only the saved lineage (file=true external=false)
07:50 +1490: /home/albert/busystack/busymark/test/src/local_history_workspace_test.dart: restored promotion reconciles only the saved lineage (file=true external=true)
07:50 +1491: /home/albert/busystack/busymark/test/src/local_history_workspace_test.dart: first save cannot adopt a deleted path lineage
07:50 +1492: /home/albert/busystack/busymark/test/src/local_history_workspace_test.dart: vacant first save retires a stale active history owner
07:50 +1493: /home/albert/busystack/busymark/test/src/local_history_workspace_test.dart: first save promotes an established untitled lineage over deleted history
07:51 +1494: /home/albert/busystack/busymark/test/src/local_history_workspace_test.dart: comparison uses unsaved editor source and whole restore is one undo step
07:51 +1495: /home/albert/busystack/busymark/test/src/local_history_workspace_test.dart: Clear Document cancels queued restore protection
07:51 +1496: /home/albert/busystack/busymark/test/src/local_history_workspace_test.dart: Clear All cancels queued restore protection
07:52 +1497: /home/albert/busystack/busymark/test/src/local_history_workspace_test.dart: region restore is exact, undoable, and rejects stale ranges
07:52 +1498: /home/albert/busystack/busymark/test/src/local_history_workspace_test.dart: failed protective capture leaves current document unchanged
07:52 +1499: /home/albert/busystack/busymark/test/src/local_history_workspace_test.dart: restoration rejects a revision from another history document
07:52 +1500: /home/albert/busystack/busymark/test/src/local_history_workspace_test.dart: untitled history compares and restores through stable identity
07:52 +1501: /home/albert/busystack/busymark/test/src/local_history_workspace_test.dart: editing during a delayed reload cancels the stale replacement
07:52 +1502: /home/albert/busystack/busymark/test/src/local_history_workspace_test.dart: reload reparse cannot publish after another buffer becomes active
07:52 +1503: /home/albert/busystack/busymark/test/src/local_history_workspace_test.dart: delete skips binary and excluded history descendants
07:52 +1504: /home/albert/busystack/busymark/test/src/local_history_workspace_test.dart: deleted document restores through normal create flow without overwriting
07:52 +1505: /home/albert/busystack/busymark/test/src/local_history_workspace_test.dart: missing history restores over an existing file without touching disk and undoes to its real source
07:52 +1506: /home/albert/busystack/busymark/test/src/local_history_workspace_test.dart: existing open destination protects unsaved source as the restore undo baseline
07:52 +1507: /home/albert/busystack/busymark/test/src/local_history_workspace_test.dart: existing destination restore stops when protection fails or the target changes
07:52 +1508: /home/albert/busystack/busymark/test/src/local_history_workspace_test.dart: autosaved existing-destination recovery never publishes an empty file
07:52 +1509: /home/albert/busystack/busymark/test/src/local_history_workspace_test.dart: delayed explicit save records exactly the source that was written
07:52 +1510: /home/albert/busystack/busymark/test/src/local_history_workspace_test.dart: history failure cannot turn a successful save into a failure
07:52 +1511: /home/albert/busystack/busymark/test/src/local_history_workspace_test.dart: external move keeps edits made during history remap on the destination
07:52 +1512: /home/albert/busystack/busymark/test/src/local_history_workspace_test.dart: external move reparse cannot publish after a newer edit
07:52 +1513: /home/albert/busystack/busymark/test/src/local_history_workspace_test.dart: external move cannot remap a replacement created while loading target
07:52 +1514: /home/albert/busystack/busymark/test/src/local_history_workspace_test.dart: external move completion cannot publish into a replacement workspace
07:52 +1515: /home/albert/busystack/busymark/test/src/local_history_workspace_test.dart: monitor event emitted after invalidation cannot enter reopened workspace
07:52 +1516: /home/albert/busystack/busymark/test/src/local_history_workspace_test.dart: file monitor lifecycle recovers after a failed stop
07:52 +1517: /home/albert/busystack/busymark/test/src/local_history_workspace_test.dart: editing while monitor start is pending still enables workspace events
07:52 +1518: /home/albert/busystack/busymark/test/src/local_history_workspace_test.dart: folder refresh while monitor start is pending still enables events
07:52 +1519: /home/albert/busystack/busymark/test/src/local_history_workspace_test.dart: disposed workspace ignores a delayed monitor start completion
07:52 +1520: /home/albert/busystack/busymark/test/src/local_history_workspace_test.dart: disposed file monitor cannot resume an overtaken start
07:52 +1521: /home/albert/busystack/busymark/test/src/local_history_workspace_test.dart: deferred monitor move cannot enter a replacement workspace
07:52 +1522: /home/albert/busystack/busymark/test/src/local_history_workspace_test.dart: external move retains reconciliation when another process checkpoints the old identity
07:52 +1523: /home/albert/busystack/busymark/test/src/local_history_workspace_test.dart: external move with no bound identity cannot remap replacement history
07:52 +1524: /home/albert/busystack/busymark/test/src/local_history_workspace_test.dart: external deletion with no bound identity cannot delete replacement history
07:52 +1525: /home/albert/busystack/busymark/test/src/local_history_workspace_test.dart: failed external-delete protection retries into the deleted lineage
07:52 +1526: /home/albert/busystack/busymark/test/src/local_history_workspace_test.dart: failed external-delete protection survives restart as detached work
07:52 +1527: /home/albert/busystack/busymark/test/src/local_history_workspace_test.dart: external directory move remaps nested open history
07:53 +1528: /home/albert/busystack/busymark/test/src/local_history_workspace_test.dart: external directory move publishes every buffer after one decode failure
07:53 +1529: /home/albert/busystack/busymark/test/src/local_history_workspace_test.dart: closing a tab during an external directory move settles its journal
07:53 +1530: /home/albert/busystack/busymark/test/src/local_history_workspace_test.dart: external directory deletion marks nested open history deleted
07:53 +1531: /home/albert/busystack/busymark/test/src/local_history_workspace_test.dart: failed recursive-delete protection survives restart on its lineage
07:53 +1532: /home/albert/busystack/busymark/test/src/local_history_workspace_test.dart: external move reconciles closed file history
07:53 +1533: /home/albert/busystack/busymark/test/src/local_history_workspace_test.dart: external deletion reconciles closed file history
07:53 +1534: /home/albert/busystack/busymark/test/src/local_history_workspace_test.dart: external chained moves coalesce before history reconciliation
07:53 +1535: /home/albert/busystack/busymark/test/src/local_history_workspace_test.dart: external chained moves coalesce across an unrelated queued event
07:53 +1536: /home/albert/busystack/busymark/test/src/local_history_workspace_test.dart: closed source move cannot steal an open destination lineage
07:53 +1537: /home/albert/busystack/busymark/test/src/local_history_workspace_test.dart: external file move includes identity established by source settlement
07:53 +1538: /home/albert/busystack/busymark/test/src/local_history_workspace_test.dart: external directory move includes identity established by source settlement
07:53 +1539: /home/albert/busystack/busymark/test/src/local_history_workspace_test.dart: cancelled named Save As detaches source history and reopens separately
07:53 +1540: /home/albert/busystack/busymark/test/src/local_history_workspace_test.dart: recording disabled after first-save publication preserves untitled lineage
07:53 +1541: /home/albert/busystack/busymark/test/src/local_history_workspace_test.dart: first-save pre-promotion cancellation: disable, completed pending capture
07:53 +1542: /home/albert/busystack/busymark/test/src/local_history_workspace_test.dart: first-save pre-promotion cancellation: disable, failed pending capture
07:53 +1543: /home/albert/busystack/busymark/test/src/local_history_workspace_test.dart: first-save pre-promotion cancellation: clear document, completed pending capture
07:54 +1544: /home/albert/busystack/busymark/test/src/local_history_workspace_test.dart: first-save pre-promotion cancellation: clear document, failed pending capture
07:54 +1545: /home/albert/busystack/busymark/test/src/local_history_workspace_test.dart: first-save pre-promotion cancellation: clear all, completed pending capture
07:54 +1546: /home/albert/busystack/busymark/test/src/local_history_workspace_test.dart: first-save pre-promotion cancellation: clear all, failed pending capture
07:54 +1547: /home/albert/busystack/busymark/test/src/local_history_workspace_test.dart: Save As keeps edits made during destination capture out of source history
07:54 +1548: /home/albert/busystack/busymark/test/src/local_history_workspace_test.dart: Save As cannot claim a dirty open buffer at a missing destination
07:54 +1549: /home/albert/busystack/busymark/test/src/local_history_workspace_test.dart: rejected Discard protection remains with the Save As source (existing=false)
07:55 +1550: /home/albert/busystack/busymark/test/src/local_history_workspace_test.dart: rejected Discard protection remains with the Save As source (existing=true)
07:55 +1551: /home/albert/busystack/busymark/test/src/local_history_workspace_test.dart: rename remaps a failed unbound baseline to the committed destination
07:55 +1552: /home/albert/busystack/busymark/test/src/local_history_workspace_test.dart: disposed prepared rename never reaches the filesystem without an execution journal
07:55 +1553: /home/albert/busystack/busymark/test/src/local_history_workspace_test.dart: Clear Document cancels a prepared rename before filesystem publication
07:55 +1554: /home/albert/busystack/busymark/test/src/local_history_workspace_test.dart: Clear Document retains an executing rename journal across a crash
07:55 +1555: /home/albert/busystack/busymark/test/src/local_history_workspace_test.dart: Clear All retains an executing rename journal across a crash
07:55 +1556: /home/albert/busystack/busymark/test/src/local_history_workspace_test.dart: targetless executing rename owner survives an ambiguous restart
07:55 +1557: /home/albert/busystack/busymark/test/src/local_history_workspace_test.dart: move remaps a deferred first-save destination before baseline recovery
07:55 +1558: /home/albert/busystack/busymark/test/src/local_history_workspace_test.dart: recursive folder move remaps retained baselines for every open descendant
07:56 +1559: /home/albert/busystack/busymark/test/src/local_history_workspace_test.dart: pending unrelated remap permits workspace Save As (existing=false)
07:56 +1560: /home/albert/busystack/busymark/test/src/local_history_workspace_test.dart: pending unrelated remap permits workspace Save As (existing=true)
07:56 +1561: /home/albert/busystack/busymark/test/src/local_history_workspace_test.dart: committed move retries a failed history path reconciliation
07:56 +1562: /home/albert/busystack/busymark/test/src/local_history_workspace_test.dart: shutdown retries first-save promotion without requiring another edit
07:56 +1563: /home/albert/busystack/busymark/test/src/local_history_workspace_test.dart: second Save As preserves a failed first-save association as the source
07:56 +1564: /home/albert/busystack/busymark/test/src/local_history_workspace_test.dart: untitled overwrite Save As partitions a failed source checkpoint
07:56 +1565: /home/albert/busystack/busymark/test/src/local_history_workspace_test.dart: untitled overwrite Save As source checkpoint survives process restart
07:56 +1566: /home/albert/busystack/busymark/test/src/local_history_workspace_test.dart: Save As journals its source before the filesystem commit returns
07:56 +1567: /home/albert/busystack/busymark/test/src/local_history_workspace_test.dart: Save As cannot publish a second owner when its destination opens in flight
07:56 +1568: /home/albert/busystack/busymark/test/src/local_history_workspace_test.dart: first Save As rechecks destination ownership after opening its workspace
07:56 +1569: /home/albert/busystack/busymark/test/src/local_history_workspace_test.dart: first Save As waits for an unbound live destination history owner
07:56 +1570: /home/albert/busystack/busymark/test/src/local_history_workspace_test.dart: disposed Save As cannot publish after losing its prepared journal owner
07:56 +1571: /home/albert/busystack/busymark/test/src/local_history_workspace_test.dart: Save As published after disposal leaves a committed recoverable journal
07:56 +1572: /home/albert/busystack/busymark/test/src/local_history_workspace_test.dart: Save As commit write failure after disposal uses the session fallback
07:56 +1573: /home/albert/busystack/busymark/test/src/local_history_workspace_test.dart: Save As publishes destination after a post-publish callback failure
07:57 +1574: /home/albert/busystack/busymark/test/src/local_history_workspace_test.dart: failed rename reconciliation survives shutdown and restart
07:57 +1575: /home/albert/busystack/busymark/test/src/local_history_workspace_test.dart: live owner keeps committed remap journal until its recovery can follow
07:57 +1576: /home/albert/busystack/busymark/test/src/local_history_workspace_test.dart: prepared rename journal repairs a crash after filesystem commit
07:57 +1577: /home/albert/busystack/busymark/test/src/local_history_workspace_test.dart: committed deletion detaches recovery newer than stored history
07:57 +1578: /home/albert/busystack/busymark/test/src/local_history_workspace_test.dart: recursive deletion evidence cannot consume a sibling recovery
07:57 +1579: /home/albert/busystack/busymark/test/src/local_history_workspace_test.dart: Clear All durably removes a previously persisted path journal
07:57 +1580: /home/albert/busystack/busymark/test/src/local_history_workspace_test.dart: startup applies committed destination cleanup before Save As recovery
07:57 +1581: /home/albert/busystack/busymark/test/src/local_history_workspace_test.dart: startup keeps untitled first-save source when another tab owns destination
07:57 +1582: /home/albert/busystack/busymark/test/src/local_history_workspace_test.dart: committed Save As recovery cannot claim another process tab with the same buffer id
07:57 +1583: /home/albert/busystack/busymark/test/src/local_history_workspace_test.dart: session restore selects recovery by process owner before shared buffer id
07:57 +1584: /home/albert/busystack/busymark/test/src/local_history_workspace_test.dart: failed startup reconstruction releases adopted recovery ownership
07:58 +1585: /home/albert/busystack/busymark/test/src/local_history_workspace_test.dart: history retry during slow failed startup cannot erase adopted recovery
07:58 +1586: /home/albert/busystack/busymark/test/src/local_history_workspace_test.dart: session identity restore waits for the authoritative history snapshot
07:58 +1587: /home/albert/busystack/busymark/test/src/local_history_workspace_test.dart: renamed adopted recovery still honors its original path-operation owner
07:58 +1588: /home/albert/busystack/busymark/test/src/local_history_workspace_test.dart: replayed durable Clear All preserves newer history
07:59 +1589: /home/albert/busystack/busymark/test/src/local_history_workspace_test.dart: startup aborts until replayed clear refresh is authoritative
07:59 +1590: /home/albert/busystack/busymark/test/src/local_history_workspace_test.dart: prepared deletion journal repairs a crash after filesystem commit
07:59 +1591: /home/albert/busystack/busymark/test/src/local_history_workspace_test.dart: failed deletion reconciliation survives shutdown and restart
07:59 +1592: /home/albert/busystack/busymark/test/src/local_history_workspace_test.dart: reopened tab adopts its unresolved first-save history association
07:59 +1593: /home/albert/busystack/busymark/test/src/local_history_workspace_test.dart: unresolved shutdown promotion survives in session and retries on startup
07:59 +1594: /home/albert/busystack/busymark/test/src/local_history_workspace_test.dart: workspace rename settles a failed first-save promotion
07:59 +1595: /home/albert/busystack/busymark/test/src/local_history_workspace_test.dart: workspace directory move settles a nested failed first-save promotion
07:59 +1596: /home/albert/busystack/busymark/test/src/local_history_workspace_test.dart: comparison renders styled intraline spans without framework errors
08:00 +1597: /home/albert/busystack/busymark/test/src/local_history_workspace_test.dart: comparison restore actions wait for the current replacement result
08:00 +1598: /home/albert/busystack/busymark/test/src/local_history_workspace_test.dart: workspace refresh invalidates a completed comparison by source content
08:00 +1599: loading /home/albert/busystack/busymark/test/src/visualization_card_test.dart
08:01 +1599: /home/albert/busystack/busymark/test/src/visualization_card_test.dart: full-screen diagram coordinates its modal and preserves pan/zoom
08:02 +1600: /home/albert/busystack/busymark/test/src/visualization_card_test.dart: retains the last valid diagram and navigates new diagnostics
08:02 +1601: /home/albert/busystack/busymark/test/src/visualization_card_test.dart: fits a small Mermaid diagram to the preview width
08:02 +1602: /home/albert/busystack/busymark/test/src/visualization_card_test.dart: keeps a wide Mermaid diagram readable until fit is requested
08:02 +1603: /home/albert/busystack/busymark/test/src/visualization_card_test.dart: shows searchable OpenAPI operations and opens the native reference
08:02 +1604: loading /home/albert/busystack/busymark/test/src/wysiwyg_visualization_diagnostic_test.dart
08:04 +1604: /home/albert/busystack/busymark/test/src/wysiwyg_visualization_diagnostic_test.dart: computes the diagnostic offset within fenced source
08:04 +1605: /home/albert/busystack/busymark/test/src/wysiwyg_visualization_diagnostic_test.dart: WYSIWYG diagnostic selects its actual source line
08:05 +1606: loading /home/albert/busystack/busymark/test/src/nextcloud_notes_ui_test.dart
08:06 +1606: /home/albert/busystack/busymark/test/src/nextcloud_notes_ui_test.dart: Nextcloud settings route selects its dedicated page
08:08 +1607: /home/albert/busystack/busymark/test/src/nextcloud_notes_ui_test.dart: remote editor tabs retain note titles through metadata rename
08:12 +1608: /home/albert/busystack/busymark/test/src/nextcloud_notes_ui_test.dart: cached note list searches content and excludes clean deletion tombstones
08:13 +1609: /home/albert/busystack/busymark/test/src/nextcloud_notes_ui_test.dart: favorites and ancestor category filtering operate on cached notes
08:13 +1610: /home/albert/busystack/busymark/test/src/nextcloud_notes_ui_test.dart: moving the last selected category note clears its filter
08:14 +1611: /home/albert/busystack/busymark/test/src/nextcloud_notes_ui_test.dart: the final category can disappear without hiding uncategorized notes
08:14 +1612: /home/albert/busystack/busymark/test/src/nextcloud_notes_ui_test.dart: uncertain attachment controls remain available with fetched remote state
08:15 +1613: /home/albert/busystack/busymark/test/src/nextcloud_notes_ui_test.dart: read-only metadata stays read-only while favorite is writable and export is explicit
08:15 +1614: /home/albert/busystack/busymark/test/src/nextcloud_notes_ui_test.dart: attachment deletion warns about links and cancellation retains the file
08:16 +1615: /home/albert/busystack/busymark/test/src/nextcloud_notes_ui_test.dart: remote deletion offers explicit discard with a second confirmation
08:16 +1616: /home/albert/busystack/busymark/test/src/nextcloud_notes_ui_test.dart: merge requires explicit choices for divergent scalar metadata
08:17 +1617: /home/albert/busystack/busymark/test/src/nextcloud_notes_ui_test.dart: read-only favorite conflict offers a safe merge
08:17 +1618: /home/albert/busystack/busymark/test/src/nextcloud_notes_ui_test.dart: uncertain creation lets the user select a candidate
08:18 +1619: /home/albert/busystack/busymark/test/src/nextcloud_notes_ui_test.dart: selecting and confirming candidate binds draft and retains newer edits
08:18 +1620: /home/albert/busystack/busymark/test/src/nextcloud_notes_ui_test.dart: forbidden pending changes offer recovery without overwrite
08:18 +1621: /home/albert/busystack/busymark/test/src/nextcloud_notes_ui_test.dart: unavailable pending changes offer recovery without overwrite
08:19 +1622: loading /home/albert/busystack/busymark/test/src/authored_html_diagnostics_test.dart
08:20 +1622: /home/albert/busystack/busymark/test/src/authored_html_diagnostics_test.dart: escaped table pipes cannot bind across subsequent cells
08:20 +1623: /home/albert/busystack/busymark/test/src/authored_html_diagnostics_test.dart: escaped table normalization preserves a later HTML cell: a\|b | a|b
08:20 +1624: /home/albert/busystack/busymark/test/src/authored_html_diagnostics_test.dart: escaped table normalization preserves a later HTML cell: | a\|b\|c | a|b|c |
08:20 +1625: /home/albert/busystack/busymark/test/src/authored_html_diagnostics_test.dart: escaped table normalization preserves a later HTML cell: | a\\\|b | a\\|b |
08:20 +1626: /home/albert/busystack/busymark/test/src/authored_html_diagnostics_test.dart: escaped table normalization preserves a later HTML cell: | a\|b | a|b\
08:20 +1627: /home/albert/busystack/busymark/test/src/authored_html_diagnostics_test.dart: escaped table normalization preserves a later HTML cell: | a\|b |
08:20 +1628: /home/albert/busystack/busymark/test/src/authored_html_diagnostics_test.dart: escaped table normalization preserves a later HTML cell: | `a\|b` | a|b |
08:20 +1629: /home/albert/busystack/busymark/test/src/authored_html_diagnostics_test.dart: escaped pipes in the table header retain diagnostic positions
08:20 +1630: /home/albert/busystack/busymark/test/src/authored_html_diagnostics_test.dart: escaped table cells retain HTML positions: | a\|<script>alert(1)</script>b | a|<script>alert(1)</script>b |
08:20 +1631: /home/albert/busystack/busymark/test/src/authored_html_diagnostics_test.dart: escaped table cells retain HTML positions: | `<script>alert(1)</script>` a\|b | a|<script>alert(1)</script> |
08:20 +1632: /home/albert/busystack/busymark/test/src/authored_html_diagnostics_test.dart: table HTML attributes are checked in block context
08:20 +1633: /home/albert/busystack/busymark/test/src/authored_html_diagnostics_test.dart: table HTML attributes are checked in inline context
08:20 +1634: /home/albert/busystack/busymark/test/src/authored_html_diagnostics_test.dart: inline caption attributes are checked before tree construction
08:20 +1635: /home/albert/busystack/busymark/test/src/authored_html_diagnostics_test.dart: inline colgroup attributes are checked before tree construction
08:20 +1636: /home/albert/busystack/busymark/test/src/authored_html_diagnostics_test.dart: inline col attributes are checked before tree construction
08:20 +1637: /home/albert/busystack/busymark/test/src/authored_html_diagnostics_test.dart: inline thead attributes are checked before tree construction
08:20 +1638: /home/albert/busystack/busymark/test/src/authored_html_diagnostics_test.dart: inline tbody attributes are checked before tree construction
08:20 +1639: /home/albert/busystack/busymark/test/src/authored_html_diagnostics_test.dart: inline tfoot attributes are checked before tree construction
08:20 +1640: /home/albert/busystack/busymark/test/src/authored_html_diagnostics_test.dart: inline th attributes are checked before tree construction
08:20 +1641: /home/albert/busystack/busymark/test/src/authored_html_diagnostics_test.dart: inline td attributes are checked before tree construction
08:20 +1642: /home/albert/busystack/busymark/test/src/authored_html_diagnostics_test.dart: inline URL attributes use HTML entity decoding
08:20 +1643: /home/albert/busystack/busymark/test/src/authored_html_diagnostics_test.dart: table HTML remains literal or safe: Text `<table><tr onclick="example()"><td>Cell</td></tr></table>`
08:20 +1644: /home/albert/busystack/busymark/test/src/authored_html_diagnostics_test.dart: table HTML remains literal or safe: Text \<table>\<tr onclick="example()">\<td>Cell\</td>\</tr>\</table>
08:20 +1645: /home/albert/busystack/busymark/test/src/authored_html_diagnostics_test.dart: table HTML remains literal or safe: ```html
08:20 +1646: /home/albert/busystack/busymark/test/src/authored_html_diagnostics_test.dart: table HTML remains literal or safe:     <table><tr onclick="example()"><td>Cell</td></tr></table>
08:20 +1647: /home/albert/busystack/busymark/test/src/authored_html_diagnostics_test.dart: table HTML remains literal or safe: Text <table><tr title="onclick=example()"><td>Cell</td></tr></table>
08:20 +1648: /home/albert/busystack/busymark/test/src/authored_html_diagnostics_test.dart: HTML location follows parsed source: ```html
08:20 +1649: /home/albert/busystack/busymark/test/src/authored_html_diagnostics_test.dart: HTML location follows parsed source:     <script>alert(1)</script>
08:20 +1650: /home/albert/busystack/busymark/test/src/authored_html_diagnostics_test.dart: HTML location follows parsed source: <div>
08:20 +1651: /home/albert/busystack/busymark/test/src/authored_html_diagnostics_test.dart: HTML location follows parsed source: <div>
08:20 +1652: /home/albert/busystack/busymark/test/src/authored_html_diagnostics_test.dart: HTML location follows parsed source: [^unused]: <script>alert(1)</script>
08:20 +1653: /home/albert/busystack/busymark/test/src/authored_html_diagnostics_test.dart: HTML location follows parsed source: [^used]: <script>alert(1)</script>
08:20 +1654: /home/albert/busystack/busymark/test/src/authored_html_diagnostics_test.dart: HTML location follows parsed source: - ```html
08:20 +1655: /home/albert/busystack/busymark/test/src/authored_html_diagnostics_test.dart: HTML location follows parsed source: `<script>alert(1)</script>` then <script>alert(1)</script>
08:20 +1656: /home/albert/busystack/busymark/test/src/authored_html_diagnostics_test.dart: HTML location follows parsed source: `` <script>alert(1)</script> ``
08:20 +1657: /home/albert/busystack/busymark/test/src/authored_html_diagnostics_test.dart: HTML location follows parsed source: > ```html
08:20 +1658: /home/albert/busystack/busymark/test/src/authored_html_diagnostics_test.dart: HTML location follows parsed source: - Example
08:20 +1659: /home/albert/busystack/busymark/test/src/authored_html_diagnostics_test.dart: HTML location follows parsed source: > - `<script>alert(1)</script>` then <script>alert(1)</script>
08:20 +1660: /home/albert/busystack/busymark/test/src/authored_html_diagnostics_test.dart: HTML location follows parsed source: ---
08:20 +1661: /home/albert/busystack/busymark/test/src/authored_html_diagnostics_test.dart: HTML location follows parsed source: ```html
08:20 +1662: /home/albert/busystack/busymark/test/src/authored_html_diagnostics_test.dart: HTML location follows parsed source: | Code | HTML |
08:20 +1663: /home/albert/busystack/busymark/test/src/authored_html_diagnostics_test.dart: HTML location follows parsed source: | One |
08:20 +1664: /home/albert/busystack/busymark/test/src/authored_html_diagnostics_test.dart: HTML location follows parsed source: `a  <script>alert(1)</script>`
08:20 +1665: /home/albert/busystack/busymark/test/src/authored_html_diagnostics_test.dart: unsafe Markdown URLs are located at the link, after literal examples
08:20 +1666: loading /home/albert/busystack/busymark/test/src/window_control_service_test.dart
08:22 +1666: /home/albert/busystack/busymark/test/src/window_control_service_test.dart: button and native close requests share one pending confirmation
08:22 +1667: /home/albert/busystack/busymark/test/src/window_control_service_test.dart: initializes prevent-close interception
08:22 +1668: /home/albert/busystack/busymark/test/src/window_control_service_test.dart: toggles full screen and tracks native window-state changes
08:22 +1669: /home/albert/busystack/busymark/test/src/window_control_service_test.dart: no dirty documents closes without dialog
08:22 +1670: /home/albert/busystack/busymark/test/src/window_control_service_test.dart: dirty documents with confirmation enabled show dialog
08:22 +1671: /home/albert/busystack/busymark/test/src/window_control_service_test.dart: dirty documents with confirmation disabled close directly
08:22 +1672: /home/albert/busystack/busymark/test/src/window_control_service_test.dart: discard closes after disabling prevent-close
08:22 +1673: /home/albert/busystack/busymark/test/src/window_control_service_test.dart: save closes only when saving succeeds
08:22 +1674: /home/albert/busystack/busymark/test/src/window_control_service_test.dart: save failure keeps the app open
08:22 +1675: loading /home/albert/busystack/busymark/test/src/wysiwyg_code_block_editing_test.dart
08:25 +1675: /home/albert/busystack/busymark/test/src/wysiwyg_code_block_editing_test.dart: terminal code block gets a non-serializing trailing paragraph
08:25 +1676: /home/albert/busystack/busymark/test/src/wysiwyg_code_block_editing_test.dart: Enter inserts a newline within one code block
08:25 +1677: /home/albert/busystack/busymark/test/src/wysiwyg_code_block_editing_test.dart: a code block created by editing also retains a trailing paragraph
08:25 +1678: /home/albert/busystack/busymark/test/src/wysiwyg_code_block_editing_test.dart: third terminal Enter exits code and removes the two empty lines
08:25 +1679: /home/albert/busystack/busymark/test/src/wysiwyg_code_block_editing_test.dart: exiting before existing content inserts a transient paragraph
08:25 +1680: /home/albert/busystack/busymark/test/src/wysiwyg_code_block_editing_test.dart: Enter in the trailing paragraph records an intentional blank
08:25 +1681: /home/albert/busystack/busymark/test/src/wysiwyg_code_block_editing_test.dart: code Enter stays in the multiline code field
08:26 +1682: /home/albert/busystack/busymark/test/src/wysiwyg_code_block_editing_test.dart: Ctrl+Enter exits into the trailing paragraph
08:27 +1683: /home/albert/busystack/busymark/test/src/wysiwyg_code_block_editing_test.dart: Arrow Down exits a terminal code block
08:28 +1684: loading /home/albert/busystack/busymark/test/src/document_format_indicator_test.dart
08:30 +1684: /home/albert/busystack/busymark/test/src/document_format_indicator_test.dart: shows only a compact line-ending label
08:30 +1685: /home/albert/busystack/busymark/test/src/document_format_indicator_test.dart: makes BOM visible and keeps final-newline detail compact
08:30 +1686: /home/albert/busystack/busymark/test/src/document_format_indicator_test.dart: uses a compact technical label for mixed line endings
08:30 +1687: loading /home/albert/busystack/busymark/test/src/spelling_editor_integration_test.dart
08:31 +1687: /home/albert/busystack/busymark/test/src/spelling_editor_integration_test.dart: ordinary WYSIWYG selection never suppresses spelling underlines
08:31 +1688: /home/albert/busystack/busymark/test/src/spelling_editor_integration_test.dart: source spelling correction is one exact transaction
08:32 +1689: /home/albert/busystack/busymark/test/src/spelling_editor_integration_test.dart: formatted rich correction preserves structure and publishes once
08:34 +1690: /home/albert/busystack/busymark/test/src/spelling_editor_integration_test.dart: rich image spelling preserves source and one undo step
08:35 +1691: /home/albert/busystack/busymark/test/src/spelling_editor_integration_test.dart: rich nested code and math spelling preserves source and undo
08:36 +1692: /home/albert/busystack/busymark/test/src/spelling_editor_integration_test.dart: rich nested address and math spelling preserves source and undo
08:36 +1693: /home/albert/busystack/busymark/test/src/spelling_editor_integration_test.dart: rich table image spelling preserves authored cell syntax
08:37 +1694: /home/albert/busystack/busymark/test/src/spelling_editor_integration_test.dart: delayed rich image preparation refuses a newer revision
08:37 +1695: /home/albert/busystack/busymark/test/src/spelling_editor_integration_test.dart: delayed math image preparation refuses a newer revision
08:37 +1696: /home/albert/busystack/busymark/test/src/spelling_editor_integration_test.dart: rich correction preserves entities and translates later anchors
08:37 +1697: /home/albert/busystack/busymark/test/src/spelling_editor_integration_test.dart: rich hard-break correction keeps later source anchor
08:37 +1698: /home/albert/busystack/busymark/test/src/spelling_editor_integration_test.dart: rich table correction preserves encoded cell source
08:38 +1699: /home/albert/busystack/busymark/test/src/spelling_editor_integration_test.dart: rich table-cell correction preserves link and publishes sessions once
08:38 +1700: /home/albert/busystack/busymark/test/src/spelling_editor_integration_test.dart: rich underline painter keeps confirmed helo visible at caret
08:38 +1701: /home/albert/busystack/busymark/test/src/spelling_editor_integration_test.dart: table cell underline uses the live cell composing range
08:39 +1702: loading /home/albert/busystack/busymark/test/src/generated_svg_normalizer_test.dart
08:40 +1702: /home/albert/busystack/busymark/test/src/generated_svg_normalizer_test.dart: inlines safe generated CSS into a vector-only SVG
08:40 +1703: /home/albert/busystack/busymark/test/src/generated_svg_normalizer_test.dart: keeps sanitized foreignObject only in the browser raster input
08:40 +1704: /home/albert/busystack/busymark/test/src/generated_svg_normalizer_test.dart: removes SVG and CSS animations
08:40 +1705: /home/albert/busystack/busymark/test/src/generated_svg_normalizer_test.dart: rejects remote, executable, and escaped CSS URLs
08:40 +1706: /home/albert/busystack/busymark/test/src/generated_svg_normalizer_test.dart: allows embedded D2-style fonts but rejects remote image attributes
08:40 +1707: /home/albert/busystack/busymark/test/src/generated_svg_normalizer_test.dart: requires rasterization for CSS the vector inliner cannot preserve
08:40 +1708: /home/albert/busystack/busymark/test/src/generated_svg_normalizer_test.dart: preserves safe browser-only inline CSS and rasterizes it
08:40 +1709: /home/albert/busystack/busymark/test/src/generated_svg_normalizer_test.dart: removes unsafe URLs from inline CSS
08:40 +1710: /home/albert/busystack/busymark/test/src/generated_svg_normalizer_test.dart: does not claim a vector result when CSS cascade resolution is needed
08:40 +1711: /home/albert/busystack/busymark/test/src/generated_svg_normalizer_test.dart: rejects declarations, excessive complexity, and invalid dimensions
08:40 +1712: /home/albert/busystack/busymark/test/src/generated_svg_normalizer_test.dart: applies the size limit to UTF-8 bytes
08:40 +1713: loading /home/albert/busystack/busymark/test/src/openapi_dependency_resolver_test.dart
08:41 +1713: /home/albert/busystack/busymark/test/src/openapi_dependency_resolver_test.dart: remote requests reject existing local references before reading dependencies
08:42 +1714: /home/albert/busystack/busymark/test/src/openapi_dependency_resolver_test.dart: resolves local files, hashes them, and terminates circular schemas
08:42 +1715: /home/albert/busystack/busymark/test/src/openapi_dependency_resolver_test.dart: keeps internal-only references independent of a saved path
08:42 +1716: /home/albert/busystack/busymark/test/src/openapi_dependency_resolver_test.dart: rejects remote, absolute, malformed, and unsupported references
08:42 +1717: /home/albert/busystack/busymark/test/src/openapi_dependency_resolver_test.dart: reports an unsaved document that contains a local reference
08:42 +1718: /home/albert/busystack/busymark/test/src/openapi_dependency_resolver_test.dart: converts traversal and symlink escapes into typed diagnostics
08:42 +1719: /home/albert/busystack/busymark/test/src/openapi_dependency_resolver_test.dart: enforces dependency count and byte limits
08:42 +1720: loading /home/albert/busystack/busymark/test/src/writerside_video_player_host_test.dart
08:43 +1720: /home/albert/busystack/busymark/test/src/writerside_video_player_host_test.dart: platform host sends reduced source and geometry over one channel
08:43 +1721: /home/albert/busystack/busymark/test/src/writerside_video_player_host_test.dart: Linux player keeps interactive media in a restricted WebKit host
08:44 +1722: loading /home/albert/busystack/busymark/test/src/export_options_test.dart
08:45 +1722: /home/albert/busystack/busymark/test/src/export_options_test.dart: defaults retain PDF geometry and independent HTML reading appearance
08:45 +1723: /home/albert/busystack/busymark/test/src/export_options_test.dart: every option persists and copies without losing unrelated fields
08:45 +1724: /home/albert/busystack/busymark/test/src/export_options_test.dart: absent and malformed persisted values fall back per field
08:45 +1725: /home/albert/busystack/busymark/test/src/export_options_test.dart: geometry resolves dimensions, orientation and four independent margins
08:45 +1726: /home/albert/busystack/busymark/test/src/export_options_test.dart: payload contains resolved geometry and every renderer option as data
08:45 +1727: loading /home/albert/busystack/busymark/test/src/nextcloud_workspace_test.dart
08:48 +1727: /home/albert/busystack/busymark/test/src/nextcloud_workspace_test.dart: unsaved draft edits during confirmation require another review
08:49 +1728: /home/albert/busystack/busymark/test/src/nextcloud_workspace_test.dart: an unsaved independently opened candidate blocks consolidation without orphaning its tab
08:49 +1729: /home/albert/busystack/busymark/test/src/nextcloud_workspace_test.dart: Save, Save All, autosave and shutdown durably retain offline notes
08:49 +1730: /home/albert/busystack/busymark/test/src/nextcloud_workspace_test.dart: immediate persistence cannot deadlock a remote save
08:50 +1731: /home/albert/busystack/busymark/test/src/nextcloud_workspace_test.dart: unsaved editor base survives refresh (in flight: false)
08:50 +1732: /home/albert/busystack/busymark/test/src/nextcloud_workspace_test.dart: unsaved editor base survives refresh (in flight: true)
08:50 +1733: /home/albert/busystack/busymark/test/src/nextcloud_workspace_test.dart: removed active note activates remaining tab (explicit: false)
08:50 +1734: /home/albert/busystack/busymark/test/src/nextcloud_workspace_test.dart: removed active note activates remaining tab (explicit: true)
08:50 +1735: /home/albert/busystack/busymark/test/src/nextcloud_workspace_test.dart: remote session restores content and pending sync from SQLite after restart
08:50 +1736: /home/albert/busystack/busymark/test/src/nextcloud_workspace_test.dart: remote Save As keeps account, buffer identity and pending operation
08:50 +1737: /home/albert/busystack/busymark/test/src/nextcloud_workspace_test.dart: closing the final remote tab leaves its Notes workspace and outbox
08:51 +1738: /home/albert/busystack/busymark/test/src/nextcloud_workspace_test.dart: remote history restore is a durable new local edit
08:51 +1739: /home/albert/busystack/busymark/test/src/nextcloud_workspace_test.dart: removing an open remote account clears its session
08:51 +1740: loading /home/albert/busystack/busymark/test/src/source_folding_test.dart
08:51 +1740: /home/albert/busystack/busymark/test/src/source_folding_test.dart: line starts map to the following source line
08:51 +1741: /home/albert/busystack/busymark/test/src/source_folding_test.dart: markdown folding detects sections lists quotes and code blocks
08:51 +1742: /home/albert/busystack/busymark/test/src/source_folding_test.dart: markdown folding keeps shorter fence runs inside dynamic fences
08:51 +1743: /home/albert/busystack/busymark/test/src/source_folding_test.dart: markdown structures inside fences do not create fold regions
08:51 +1744: /home/albert/busystack/busymark/test/src/source_folding_test.dart: xml folding ignores tags inside multiline comments and CDATA
08:51 +1745: /home/albert/busystack/busymark/test/src/source_folding_test.dart: xml folding ignores greater-than signs inside quoted attributes
08:51 +1746: /home/albert/busystack/busymark/test/src/source_folding_test.dart: xml folding scans opening tags across source lines
08:51 +1747: /home/albert/busystack/busymark/test/src/source_folding_test.dart: xml folding skips processing instructions and declarations
08:51 +1748: /home/albert/busystack/busymark/test/src/source_folding_test.dart: markdown folding does not join separate indented code blocks
08:51 +1749: /home/albert/busystack/busymark/test/src/source_folding_test.dart: collapsed gutter entries preserve source line numbers
08:51 +1750: /home/albert/busystack/busymark/test/src/source_folding_test.dart: collapsing one repeated markdown subsection keeps peer sections visible
08:51 +1751: /home/albert/busystack/busymark/test/src/source_folding_test.dart: xml folding detects simple multiline tag blocks
08:51 +1752: /home/albert/busystack/busymark/test/src/source_folding_test.dart: markdown folding detects nested headings task lists and blockquotes
08:51 +1753: /home/albert/busystack/busymark/test/src/source_folding_test.dart: xml folding handles nested same-name tags with a stack
08:51 +1754: /home/albert/busystack/busymark/test/src/source_folding_test.dart: malformed xml does not create unsafe fold ranges
08:51 +1755: /home/albert/busystack/busymark/test/src/source_folding_test.dart: line info supports CRLF endings
08:51 +1756: loading /home/albert/busystack/busymark/test/src/spelling_packaging_audit_test.dart
08:52 +1756: /home/albert/busystack/busymark/test/src/spelling_packaging_audit_test.dart: shipped spelling catalog is metadata-only and revision pinned
08:53 +1757: /home/albert/busystack/busymark/test/src/spelling_packaging_audit_test.dart: ordinary Linux release does not prepare all-language pairs
08:53 +1758: /home/albert/busystack/busymark/test/src/spelling_packaging_audit_test.dart: committed spelling checksum inventory matches exact shipped bytes
08:53 +1759: /home/albert/busystack/busymark/test/src/spelling_packaging_audit_test.dart: native spelling notices are explicit installed artifacts
08:53 +1760: /home/albert/busystack/busymark/test/src/spelling_packaging_audit_test.dart: strict Snap smoke performs and verifies a local revision transition
08:53 +1761: loading /home/albert/busystack/busymark/test/src/writerside_instance_service_test.dart
08:53 +1761: /home/albert/busystack/busymark/test/src/writerside_instance_service_test.dart: creates and registers an empty instance with build settings
08:54 +1762: /home/albert/busystack/busymark/test/src/writerside_instance_service_test.dart: creates a non-publishing TOC library instance
08:54 +1763: /home/albert/busystack/busymark/test/src/writerside_instance_service_test.dart: imports selected Markdown and its referenced local media
08:54 +1764: /home/albert/busystack/busymark/test/src/writerside_instance_service_test.dart: renames an instance and refactors documented project references
08:54 +1765: /home/albert/busystack/busymark/test/src/writerside_instance_service_test.dart: first topic added to an empty instance becomes its home page
08:55 +1766: /home/albert/busystack/busymark/test/src/writerside_instance_service_test.dart: invalid project XML blocks an instance ID refactor without changing files
08:55 +1767: /home/albert/busystack/busymark/test/src/writerside_instance_service_test.dart: concurrent config change prevents every instance publication
08:55 +1768: /home/albert/busystack/busymark/test/src/writerside_instance_service_test.dart: existing-instance Markdown topic import copies selected topics, media, and inserts root entries in order
08:55 +1769: /home/albert/busystack/busymark/test/src/writerside_instance_service_test.dart: existing-instance Markdown topic import inserts several siblings after the exact reference in list order
08:55 +1770: /home/albert/busystack/busymark/test/src/writerside_instance_service_test.dart: existing-instance Markdown topic import initializes only the first imported topic as the start page
08:55 +1771: /home/albert/busystack/busymark/test/src/writerside_instance_service_test.dart: existing-instance Markdown topic import rejects batch, existing-ID, target, and invalid-name conflicts
08:55 +1772: /home/albert/busystack/busymark/test/src/writerside_instance_service_test.dart: existing-instance Markdown topic import accepts a Unicode topic filename
08:55 +1773: /home/albert/busystack/busymark/test/src/writerside_instance_service_test.dart: existing-instance Markdown topic import rejects a stale reference identity without publishing files
08:55 +1774: /home/albert/busystack/busymark/test/src/writerside_instance_service_test.dart: existing-instance Markdown topic import discovered-but-unparsed topic basename blocks import
08:55 +1775: /home/albert/busystack/busymark/test/src/writerside_instance_service_test.dart: existing-instance Markdown topic import fails closed when semantic topic discovery is incomplete
08:55 +1776: /home/albert/busystack/busymark/test/src/writerside_instance_service_test.dart: existing-instance Markdown topic import revalidates IDs before publishing and leaves no partial import
08:55 +1777: /home/albert/busystack/busymark/test/src/writerside_instance_service_test.dart: existing-instance Markdown topic import allows an unrelated topic created before publication
08:55 +1778: /home/albert/busystack/busymark/test/src/writerside_instance_service_test.dart: new-instance import rejects existing and selected-batch topic IDs
08:56 +1779: /home/albert/busystack/busymark/test/src/writerside_instance_service_test.dart: new-instance import rejects an invalid topic filename
08:56 +1780: /home/albert/busystack/busymark/test/src/writerside_instance_service_test.dart: new-instance import fails closed on incomplete discovery
08:56 +1781: loading /home/albert/busystack/busymark/test/src/validation_consistency_test.dart
08:56 +1781: /home/albert/busystack/busymark/test/src/validation_consistency_test.dart: module load, topic validation, and config validation agree and clear fixes
08:56 +1782: /home/albert/busystack/busymark/test/src/validation_consistency_test.dart: editing a target refreshes diagnostics in the referencing topic
08:56 +1783: /home/albert/busystack/busymark/test/src/validation_consistency_test.dart: local variables, comments, interpolation controls and optional includes agree
08:57 +1784: /home/albert/busystack/busymark/test/src/validation_consistency_test.dart: interpolated includes agree across load, topic and config validation
08:57 +1785: /home/albert/busystack/busymark/test/src/validation_consistency_test.dart: local variable scope identity includes its declaring topic
08:57 +1786: /home/albert/busystack/busymark/test/src/validation_consistency_test.dart: cross-module includes refresh when their target changes
08:57 +1787: /home/albert/busystack/busymark/test/src/validation_consistency_test.dart: malformed glossary and keymap XML report the supporting file and clear after repair
08:57 +1788: /home/albert/busystack/busymark/test/src/validation_consistency_test.dart: Markdown validation preserves other files and scan warnings while clearing active errors
08:57 +1789: /home/albert/busystack/busymark/test/src/validation_consistency_test.dart: linked anchors use dirty buffers and canonical self-links, caching targets
08:57 +1790: /home/albert/busystack/busymark/test/src/validation_consistency_test.dart: large buffered targets parse asynchronously and missing saved targets use their buffers
08:58 +1791: /home/albert/busystack/busymark/test/src/validation_consistency_test.dart: front matter requires complete delimiter lines with LF and CRLF
08:58 +1792: /home/albert/busystack/busymark/test/src/validation_consistency_test.dart: HTML diagnostics exclude prose and literal code without relaxing rendering policy
08:58 +1793: /home/albert/busystack/busymark/test/src/validation_consistency_test.dart: location maps are reused within a parse and released between parses
08:58 +1794: loading /home/albert/busystack/busymark/test/src/nextcloud_login_flow_test.dart
08:58 +1794: /home/albert/busystack/busymark/test/src/nextcloud_login_flow_test.dart: Nextcloud installation URLs normalizes the root URL and preserves installation prefixes
08:58 +1795: /home/albert/busystack/busymark/test/src/nextcloud_login_flow_test.dart: Nextcloud installation URLs rejects malformed and unsafe installation URLs
08:58 +1796: /home/albert/busystack/busymark/test/src/nextcloud_login_flow_test.dart: Nextcloud installation URLs routes cannot reset a prefix or change origin
08:58 +1797: /home/albert/busystack/busymark/test/src/nextcloud_login_flow_test.dart: Login Flow v2 anonymous start, browser, pending poll and canonical exact success
08:58 +1798: /home/albert/busystack/busymark/test/src/nextcloud_login_flow_test.dart: Login Flow v2 production login rejects HTTP before network or browser
08:58 +1799: /home/albert/busystack/busymark/test/src/nextcloud_login_flow_test.dart: Login Flow v2 token expires at twenty minutes without extra poll
08:58 +1800: /home/albert/busystack/busymark/test/src/nextcloud_login_flow_test.dart: Login Flow v2 user can cancel while waiting without another poll
08:58 +1801: /home/albert/busystack/busymark/test/src/nextcloud_login_flow_test.dart: Login Flow v2 cancel racing a success revokes the returned app password
08:58 +1802: /home/albert/busystack/busymark/test/src/nextcloud_login_flow_test.dart: Login Flow v2 failed external browser launch does not begin polling
08:58 +1803: /home/albert/busystack/busymark/test/src/nextcloud_login_flow_test.dart: Login Flow v2 rejects malformed responses and unsafe returned flow endpoints
08:58 +1804: /home/albert/busystack/busymark/test/src/nextcloud_login_flow_test.dart: Login Flow v2 pending status is only 404; other status and redirects are errors
08:58 +1805: /home/albert/busystack/busymark/test/src/nextcloud_login_flow_test.dart: Login Flow v2 malformed credentials never become an account
08:58 +1806: /home/albert/busystack/busymark/test/src/nextcloud_login_flow_test.dart: Login Flow v2 network failures have sanitized diagnostics
08:58 +1807: loading /home/albert/busystack/busymark/test/src/writerside_collapsible_test.dart
08:59 +1807: /home/albert/busystack/busymark/test/src/writerside_collapsible_test.dart: Writerside Markdown collapsible chapter owns its section
08:59 +1808: /home/albert/busystack/busymark/test/src/writerside_collapsible_test.dart: ordinary Markdown keeps Writerside collapse syntax literal
08:59 +1809: /home/albert/busystack/busymark/test/src/writerside_collapsible_test.dart: ordinary Markdown does not assign semantic Writerside collapse
08:59 +1810: /home/albert/busystack/busymark/test/src/writerside_collapsible_test.dart: Writerside fenced code consumes its collapsible attribute line
08:59 +1811: /home/albert/busystack/busymark/test/src/writerside_collapsible_test.dart: edited collapsible blocks serialize valid Writerside attributes
08:59 +1812: /home/albert/busystack/busymark/test/src/writerside_collapsible_test.dart: ordinary fenced code does not consume a collapse attribute line
08:59 +1813: /home/albert/busystack/busymark/test/src/writerside_collapsible_test.dart: semantic collapsible elements become structured preview content
08:59 +1814: /home/albert/busystack/busymark/test/src/writerside_collapsible_test.dart: Writerside XML topic preview keeps collapsible content nested
08:59 +1815: /home/albert/busystack/busymark/test/src/writerside_collapsible_test.dart: shared collapse control honors default state and toggles
09:00 +1816: /home/albert/busystack/busymark/test/src/writerside_collapsible_test.dart: WYSIWYG collapses only Writerside chapter content
09:01 +1817: loading /home/albert/busystack/busymark/test/src/export_review_regression_test.dart
09:01 +1817: /home/albert/busystack/busymark/test/src/export_review_regression_test.dart: Writerside PDF retains percent-encoded non-ASCII footnote labels
09:02 +1818: /home/albert/busystack/busymark/test/src/export_review_regression_test.dart: included footnotes use separate document-occurrence namespaces
09:02 +1819: /home/albert/busystack/busymark/test/src/export_review_regression_test.dart: Writerside diagram and paragraph collisions retain each occurrence (XML=false)
09:02 +1820: /home/albert/busystack/busymark/test/src/export_review_regression_test.dart: Writerside diagram and paragraph collisions retain each occurrence (XML=true)
09:02 +1821: /home/albert/busystack/busymark/test/src/export_review_regression_test.dart: repeated includes receive distinct nested occurrence IDs
09:02 +1822: /home/albert/busystack/busymark/test/src/export_review_regression_test.dart: mapper cannot substitute a diagram for a colliding paragraph
09:02 +1823: /home/albert/busystack/busymark/test/src/export_review_regression_test.dart: Writerside rejects outside file URIs and symlinks while staging shared-module images
09:02 +1824: /home/albert/busystack/busymark/test/src/export_review_regression_test.dart: cross-instance navigation is not published (reference only=false)
09:02 +1825: /home/albert/busystack/busymark/test/src/export_review_regression_test.dart: cross-instance navigation is not published (reference only=true)
09:02 +1826: /home/albert/busystack/busymark/test/src/export_review_regression_test.dart: explicit raw anchor is reserved (first=true)
09:02 +1827: /home/albert/busystack/busymark/test/src/export_review_regression_test.dart: explicit inline anchor is reserved (first=true)
09:02 +1828: /home/albert/busystack/busymark/test/src/export_review_regression_test.dart: explicit raw anchor is reserved (first=false)
09:02 +1829: /home/albert/busystack/busymark/test/src/export_review_regression_test.dart: explicit inline anchor is reserved (first=false)
09:03 +1830: /home/albert/busystack/busymark/test/src/export_review_regression_test.dart: collapsible headings keep numbering and actual outline order
09:03 +1831: /home/albert/busystack/busymark/test/src/export_review_regression_test.dart: malformed encoded link becomes a source warning (false #%FF)
09:03 +1832: /home/albert/busystack/busymark/test/src/export_review_regression_test.dart: malformed encoded link becomes a source warning (false %FF.md)
09:03 +1833: /home/albert/busystack/busymark/test/src/export_review_regression_test.dart: malformed encoded link becomes a source warning (false file%FF.txt)
09:03 +1834: /home/albert/busystack/busymark/test/src/export_review_regression_test.dart: malformed encoded link becomes a source warning (true #%FF)
09:03 +1835: /home/albert/busystack/busymark/test/src/export_review_regression_test.dart: malformed encoded link becomes a source warning (true %FF.md)
09:03 +1836: /home/albert/busystack/busymark/test/src/export_review_regression_test.dart: malformed encoded link becomes a source warning (true file%FF.txt)
09:03 +1837: /home/albert/busystack/busymark/test/src/export_review_regression_test.dart: combined Writerside PDF keeps diagrams and scoped notes without reading an outside image
09:03 +1838: /home/albert/busystack/busymark/test/src/export_review_regression_test.dart: ordinary Markdown footnotes compile with retained definitions and repeated references
09:03 +1839: loading /home/albert/busystack/busymark/test/src/wysiwyg_selection_lifecycle_test.dart
09:04 +1839: /home/albert/busystack/busymark/test/src/wysiwyg_selection_lifecycle_test.dart: table-only committed newline and continued typing replace a table-ended selection
09:06 +1840: /home/albert/busystack/busymark/test/src/wysiwyg_selection_lifecycle_test.dart: leading table committed newline and continued typing replace a table-ended selection
09:06 +1841: /home/albert/busystack/busymark/test/src/wysiwyg_selection_lifecycle_test.dart: trailing table committed newline and continued typing replace a table-ended selection
09:07 +1842: /home/albert/busystack/busymark/test/src/wysiwyg_selection_lifecycle_test.dart: consecutive tables committed newline and continued typing replace a table-ended selection
09:07 +1843: /home/albert/busystack/busymark/test/src/wysiwyg_selection_lifecycle_test.dart: table-only reverse=false collapse Arrow Left control=false
09:08 +1844: /home/albert/busystack/busymark/test/src/wysiwyg_selection_lifecycle_test.dart: table-only reverse=false collapse Arrow Up control=false
09:08 +1845: /home/albert/busystack/busymark/test/src/wysiwyg_selection_lifecycle_test.dart: table-only reverse=false collapse Arrow Right control=false
09:08 +1846: /home/albert/busystack/busymark/test/src/wysiwyg_selection_lifecycle_test.dart: table-only reverse=false collapse Arrow Down control=false
09:08 +1847: /home/albert/busystack/busymark/test/src/wysiwyg_selection_lifecycle_test.dart: table-only reverse=false collapse Arrow Left control=true
09:09 +1848: /home/albert/busystack/busymark/test/src/wysiwyg_selection_lifecycle_test.dart: table-only reverse=false collapse Arrow Right control=true
09:09 +1849: /home/albert/busystack/busymark/test/src/wysiwyg_selection_lifecycle_test.dart: table-only reverse=false composing commit uses real input
09:09 +1850: /home/albert/busystack/busymark/test/src/wysiwyg_selection_lifecycle_test.dart: table-only reverse=false composing cancel uses real input
09:10 +1851: /home/albert/busystack/busymark/test/src/wysiwyg_selection_lifecycle_test.dart: table-only reverse=true collapse Arrow Left control=false
09:10 +1852: /home/albert/busystack/busymark/test/src/wysiwyg_selection_lifecycle_test.dart: table-only reverse=true collapse Arrow Up control=false
09:10 +1853: /home/albert/busystack/busymark/test/src/wysiwyg_selection_lifecycle_test.dart: table-only reverse=true collapse Arrow Right control=false
09:10 +1854: /home/albert/busystack/busymark/test/src/wysiwyg_selection_lifecycle_test.dart: table-only reverse=true collapse Arrow Down control=false
09:10 +1855: /home/albert/busystack/busymark/test/src/wysiwyg_selection_lifecycle_test.dart: table-only reverse=true collapse Arrow Left control=true
09:11 +1856: /home/albert/busystack/busymark/test/src/wysiwyg_selection_lifecycle_test.dart: table-only reverse=true collapse Arrow Right control=true
09:11 +1857: /home/albert/busystack/busymark/test/src/wysiwyg_selection_lifecycle_test.dart: table-only reverse=true composing commit uses real input
09:11 +1858: /home/albert/busystack/busymark/test/src/wysiwyg_selection_lifecycle_test.dart: table-only reverse=true composing cancel uses real input
09:11 +1859: /home/albert/busystack/busymark/test/src/wysiwyg_selection_lifecycle_test.dart: leading table reverse=false collapse Arrow Left control=false
09:12 +1860: /home/albert/busystack/busymark/test/src/wysiwyg_selection_lifecycle_test.dart: leading table reverse=false collapse Arrow Up control=false
09:12 +1861: /home/albert/busystack/busymark/test/src/wysiwyg_selection_lifecycle_test.dart: leading table reverse=false collapse Arrow Right control=false
09:12 +1862: /home/albert/busystack/busymark/test/src/wysiwyg_selection_lifecycle_test.dart: leading table reverse=false collapse Arrow Down control=false
09:12 +1863: /home/albert/busystack/busymark/test/src/wysiwyg_selection_lifecycle_test.dart: leading table reverse=false collapse Arrow Left control=true
09:13 +1864: /home/albert/busystack/busymark/test/src/wysiwyg_selection_lifecycle_test.dart: leading table reverse=false collapse Arrow Right control=true
09:13 +1865: /home/albert/busystack/busymark/test/src/wysiwyg_selection_lifecycle_test.dart: leading table reverse=true collapse Arrow Left control=false
09:13 +1866: /home/albert/busystack/busymark/test/src/wysiwyg_selection_lifecycle_test.dart: leading table reverse=true collapse Arrow Up control=false
09:13 +1867: /home/albert/busystack/busymark/test/src/wysiwyg_selection_lifecycle_test.dart: leading table reverse=true collapse Arrow Right control=false
09:13 +1868: /home/albert/busystack/busymark/test/src/wysiwyg_selection_lifecycle_test.dart: leading table reverse=true collapse Arrow Down control=false
09:14 +1869: /home/albert/busystack/busymark/test/src/wysiwyg_selection_lifecycle_test.dart: leading table reverse=true collapse Arrow Left control=true
09:14 +1870: /home/albert/busystack/busymark/test/src/wysiwyg_selection_lifecycle_test.dart: leading table reverse=true collapse Arrow Right control=true
09:14 +1871: /home/albert/busystack/busymark/test/src/wysiwyg_selection_lifecycle_test.dart: leading table reverse=true composing commit uses real input
09:14 +1872: /home/albert/busystack/busymark/test/src/wysiwyg_selection_lifecycle_test.dart: leading table reverse=true composing cancel uses real input
09:15 +1873: /home/albert/busystack/busymark/test/src/wysiwyg_selection_lifecycle_test.dart: trailing table reverse=false collapse Arrow Left control=false
09:15 +1874: /home/albert/busystack/busymark/test/src/wysiwyg_selection_lifecycle_test.dart: trailing table reverse=false collapse Arrow Up control=false
09:15 +1875: /home/albert/busystack/busymark/test/src/wysiwyg_selection_lifecycle_test.dart: trailing table reverse=false collapse Arrow Right control=false
09:15 +1876: /home/albert/busystack/busymark/test/src/wysiwyg_selection_lifecycle_test.dart: trailing table reverse=false collapse Arrow Down control=false
09:15 +1877: /home/albert/busystack/busymark/test/src/wysiwyg_selection_lifecycle_test.dart: trailing table reverse=false collapse Arrow Left control=true
09:16 +1878: /home/albert/busystack/busymark/test/src/wysiwyg_selection_lifecycle_test.dart: trailing table reverse=false collapse Arrow Right control=true
09:16 +1879: /home/albert/busystack/busymark/test/src/wysiwyg_selection_lifecycle_test.dart: trailing table reverse=false composing commit uses real input
09:16 +1880: /home/albert/busystack/busymark/test/src/wysiwyg_selection_lifecycle_test.dart: trailing table reverse=false composing cancel uses real input
09:16 +1881: /home/albert/busystack/busymark/test/src/wysiwyg_selection_lifecycle_test.dart: trailing table reverse=true collapse Arrow Left control=false
09:16 +1882: /home/albert/busystack/busymark/test/src/wysiwyg_selection_lifecycle_test.dart: trailing table reverse=true collapse Arrow Up control=false
09:17 +1883: /home/albert/busystack/busymark/test/src/wysiwyg_selection_lifecycle_test.dart: trailing table reverse=true collapse Arrow Right control=false
09:17 +1884: /home/albert/busystack/busymark/test/src/wysiwyg_selection_lifecycle_test.dart: trailing table reverse=true collapse Arrow Down control=false
09:17 +1885: /home/albert/busystack/busymark/test/src/wysiwyg_selection_lifecycle_test.dart: trailing table reverse=true collapse Arrow Left control=true
09:17 +1886: /home/albert/busystack/busymark/test/src/wysiwyg_selection_lifecycle_test.dart: trailing table reverse=true collapse Arrow Right control=true
09:17 +1887: /home/albert/busystack/busymark/test/src/wysiwyg_selection_lifecycle_test.dart: consecutive tables reverse=false collapse Arrow Left control=false
09:18 +1888: /home/albert/busystack/busymark/test/src/wysiwyg_selection_lifecycle_test.dart: consecutive tables reverse=false collapse Arrow Up control=false
09:18 +1889: /home/albert/busystack/busymark/test/src/wysiwyg_selection_lifecycle_test.dart: consecutive tables reverse=false collapse Arrow Right control=false
09:18 +1890: /home/albert/busystack/busymark/test/src/wysiwyg_selection_lifecycle_test.dart: consecutive tables reverse=false collapse Arrow Down control=false
09:18 +1891: /home/albert/busystack/busymark/test/src/wysiwyg_selection_lifecycle_test.dart: consecutive tables reverse=false collapse Arrow Left control=true
09:18 +1892: /home/albert/busystack/busymark/test/src/wysiwyg_selection_lifecycle_test.dart: consecutive tables reverse=false collapse Arrow Right control=true
09:19 +1893: /home/albert/busystack/busymark/test/src/wysiwyg_selection_lifecycle_test.dart: consecutive tables reverse=false composing commit uses real input
09:19 +1894: /home/albert/busystack/busymark/test/src/wysiwyg_selection_lifecycle_test.dart: consecutive tables reverse=false composing cancel uses real input
09:19 +1895: /home/albert/busystack/busymark/test/src/wysiwyg_selection_lifecycle_test.dart: consecutive tables reverse=true collapse Arrow Left control=false
09:19 +1896: /home/albert/busystack/busymark/test/src/wysiwyg_selection_lifecycle_test.dart: consecutive tables reverse=true collapse Arrow Up control=false
09:20 +1897: /home/albert/busystack/busymark/test/src/wysiwyg_selection_lifecycle_test.dart: consecutive tables reverse=true collapse Arrow Right control=false
09:20 +1898: /home/albert/busystack/busymark/test/src/wysiwyg_selection_lifecycle_test.dart: consecutive tables reverse=true collapse Arrow Down control=false
09:20 +1899: /home/albert/busystack/busymark/test/src/wysiwyg_selection_lifecycle_test.dart: consecutive tables reverse=true collapse Arrow Left control=true
09:21 +1900: /home/albert/busystack/busymark/test/src/wysiwyg_selection_lifecycle_test.dart: consecutive tables reverse=true collapse Arrow Right control=true
09:21 +1901: /home/albert/busystack/busymark/test/src/wysiwyg_selection_lifecycle_test.dart: consecutive tables reverse=true composing commit uses real input
09:21 +1902: /home/albert/busystack/busymark/test/src/wysiwyg_selection_lifecycle_test.dart: consecutive tables reverse=true composing cancel uses real input
09:21 +1903: /home/albert/busystack/busymark/test/src/wysiwyg_selection_lifecycle_test.dart: text control reverse=false collapse Arrow Left control=false
09:21 +1904: /home/albert/busystack/busymark/test/src/wysiwyg_selection_lifecycle_test.dart: text control reverse=false collapse Arrow Up control=false
09:21 +1905: /home/albert/busystack/busymark/test/src/wysiwyg_selection_lifecycle_test.dart: text control reverse=false collapse Arrow Right control=false
09:22 +1906: /home/albert/busystack/busymark/test/src/wysiwyg_selection_lifecycle_test.dart: text control reverse=false collapse Arrow Down control=false
09:22 +1907: /home/albert/busystack/busymark/test/src/wysiwyg_selection_lifecycle_test.dart: text control reverse=false collapse Arrow Left control=true
09:22 +1908: /home/albert/busystack/busymark/test/src/wysiwyg_selection_lifecycle_test.dart: text control reverse=false collapse Arrow Right control=true
09:22 +1909: /home/albert/busystack/busymark/test/src/wysiwyg_selection_lifecycle_test.dart: text control reverse=true collapse Arrow Left control=false
09:22 +1910: /home/albert/busystack/busymark/test/src/wysiwyg_selection_lifecycle_test.dart: text control reverse=true collapse Arrow Up control=false
09:22 +1911: /home/albert/busystack/busymark/test/src/wysiwyg_selection_lifecycle_test.dart: text control reverse=true collapse Arrow Right control=false
09:22 +1912: /home/albert/busystack/busymark/test/src/wysiwyg_selection_lifecycle_test.dart: text control reverse=true collapse Arrow Down control=false
09:23 +1913: /home/albert/busystack/busymark/test/src/wysiwyg_selection_lifecycle_test.dart: text control reverse=true collapse Arrow Left control=true
09:23 +1914: /home/albert/busystack/busymark/test/src/wysiwyg_selection_lifecycle_test.dart: text control reverse=true collapse Arrow Right control=true
09:23 +1915: /home/albert/busystack/busymark/test/src/wysiwyg_selection_lifecycle_test.dart: keyboard extension includes consecutive tables and returns to a selected table: (next: LogicalKeyboardKey#857a2(keyId: "0x100000303", keyLabel: "Arrow Right", debugName: "Arrow Right"), previous: LogicalKeyboardKey#860f3(keyId: "0x100000302", keyLabel: "Arrow Left", debugName: "Arrow Left"), word: false)
09:23 +1916: /home/albert/busystack/busymark/test/src/wysiwyg_selection_lifecycle_test.dart: keyboard extension includes consecutive tables and returns to a selected table: (next: LogicalKeyboardKey#857a2(keyId: "0x100000303", keyLabel: "Arrow Right", debugName: "Arrow Right"), previous: LogicalKeyboardKey#860f3(keyId: "0x100000302", keyLabel: "Arrow Left", debugName: "Arrow Left"), word: true)
09:23 +1917: /home/albert/busystack/busymark/test/src/wysiwyg_selection_lifecycle_test.dart: keyboard extension includes consecutive tables and returns to a selected table: (next: LogicalKeyboardKey#80d00(keyId: "0x100000301", keyLabel: "Arrow Down", debugName: "Arrow Down"), previous: LogicalKeyboardKey#88515(keyId: "0x100000304", keyLabel: "Arrow Up", debugName: "Arrow Up"), word: false)
09:24 +1918: /home/albert/busystack/busymark/test/src/wysiwyg_selection_lifecycle_test.dart: old table input client is rejected after selection
09:24 +1919: /home/albert/busystack/busymark/test/src/wysiwyg_selection_lifecycle_test.dart: old table input client is rejected after document
09:24 +1920: /home/albert/busystack/busymark/test/src/wysiwyg_selection_lifecycle_test.dart: old table input client is rejected after same document source
09:24 +1921: /home/albert/busystack/busymark/test/src/wysiwyg_selection_lifecycle_test.dart: old table input client is rejected after disposal
09:24 +1922: /home/albert/busystack/busymark/test/src/wysiwyg_selection_lifecycle_test.dart: empty table copy deletion undo externalHistory=false
09:25 +1923: /home/albert/busystack/busymark/test/src/wysiwyg_selection_lifecycle_test.dart: empty table copy deletion undo externalHistory=true
09:25 +1924: /home/albert/busystack/busymark/test/src/wysiwyg_selection_lifecycle_test.dart: clipboard history replaces selected table through document range
09:25 +1925: /home/albert/busystack/busymark/test/src/wysiwyg_selection_lifecycle_test.dart: partial paragraph to table to paragraph replacement preserves outside text and undo
09:25 +1926: /home/albert/busystack/busymark/test/src/wysiwyg_selection_lifecycle_test.dart: cell-local input cut paste and Tab remain local
09:26 +1927: /home/albert/busystack/busymark/test/src/wysiwyg_selection_lifecycle_test.dart: scrolling owned drag terminates safely by up (variant: TargetPlatform.linux)
09:27 +1928: /home/albert/busystack/busymark/test/src/wysiwyg_selection_lifecycle_test.dart: scrolling owned drag terminates safely by cancel (variant: TargetPlatform.linux)
09:27 +1929: /home/albert/busystack/busymark/test/src/wysiwyg_selection_lifecycle_test.dart: scrolling owned drag terminates safely by document (variant: TargetPlatform.linux)
09:28 +1930: /home/albert/busystack/busymark/test/src/wysiwyg_selection_lifecycle_test.dart: scrolling owned drag terminates safely by disposal (variant: TargetPlatform.linux)
09:29 +1931: /home/albert/busystack/busymark/test/src/wysiwyg_selection_lifecycle_test.dart: restored direct input paragraphs reverse=false lifecycle=recreate external=false
09:29 +1932: /home/albert/busystack/busymark/test/src/wysiwyg_selection_lifecycle_test.dart: restored direct input paragraphs reverse=false lifecycle=recreate external=true
09:29 +1933: /home/albert/busystack/busymark/test/src/wysiwyg_selection_lifecycle_test.dart: restored direct input paragraphs reverse=false lifecycle=reuse external=false
09:30 +1934: /home/albert/busystack/busymark/test/src/wysiwyg_selection_lifecycle_test.dart: restored direct input paragraphs reverse=false lifecycle=reuse external=true
09:30 +1935: /home/albert/busystack/busymark/test/src/wysiwyg_selection_lifecycle_test.dart: restored direct input paragraphs reverse=true lifecycle=recreate external=false
09:30 +1936: /home/albert/busystack/busymark/test/src/wysiwyg_selection_lifecycle_test.dart: restored direct input paragraphs reverse=true lifecycle=recreate external=true
09:31 +1937: /home/albert/busystack/busymark/test/src/wysiwyg_selection_lifecycle_test.dart: restored direct input paragraphs reverse=true lifecycle=reuse external=false
09:31 +1938: /home/albert/busystack/busymark/test/src/wysiwyg_selection_lifecycle_test.dart: restored direct input paragraphs reverse=true lifecycle=reuse external=true
09:31 +1939: /home/albert/busystack/busymark/test/src/wysiwyg_selection_lifecycle_test.dart: restored direct input mixed paragraph reverse=false lifecycle=recreate external=false
09:32 +1940: /home/albert/busystack/busymark/test/src/wysiwyg_selection_lifecycle_test.dart: restored direct input mixed paragraph reverse=false lifecycle=recreate external=true
09:32 +1941: /home/albert/busystack/busymark/test/src/wysiwyg_selection_lifecycle_test.dart: restored direct input mixed paragraph reverse=false lifecycle=reuse external=false
09:32 +1942: /home/albert/busystack/busymark/test/src/wysiwyg_selection_lifecycle_test.dart: restored direct input mixed paragraph reverse=false lifecycle=reuse external=true
09:33 +1943: /home/albert/busystack/busymark/test/src/wysiwyg_selection_lifecycle_test.dart: restored direct input mixed paragraph reverse=true lifecycle=recreate external=false
09:33 +1944: /home/albert/busystack/busymark/test/src/wysiwyg_selection_lifecycle_test.dart: restored direct input mixed paragraph reverse=true lifecycle=recreate external=true
09:33 +1945: /home/albert/busystack/busymark/test/src/wysiwyg_selection_lifecycle_test.dart: restored direct input mixed paragraph reverse=true lifecycle=reuse external=false
09:34 +1946: /home/albert/busystack/busymark/test/src/wysiwyg_selection_lifecycle_test.dart: restored direct input mixed paragraph reverse=true lifecycle=reuse external=true
09:34 +1947: /home/albert/busystack/busymark/test/src/wysiwyg_selection_lifecycle_test.dart: restored direct input list extent reverse=false lifecycle=recreate external=false
09:34 +1948: /home/albert/busystack/busymark/test/src/wysiwyg_selection_lifecycle_test.dart: restored direct input list extent reverse=false lifecycle=recreate external=true
09:35 +1949: /home/albert/busystack/busymark/test/src/wysiwyg_selection_lifecycle_test.dart: restored direct input list extent reverse=false lifecycle=reuse external=false
09:35 +1950: /home/albert/busystack/busymark/test/src/wysiwyg_selection_lifecycle_test.dart: restored direct input list extent reverse=false lifecycle=reuse external=true
09:35 +1951: /home/albert/busystack/busymark/test/src/wysiwyg_selection_lifecycle_test.dart: restored direct input list extent reverse=true lifecycle=recreate external=false
09:36 +1952: /home/albert/busystack/busymark/test/src/wysiwyg_selection_lifecycle_test.dart: restored direct input list extent reverse=true lifecycle=recreate external=true
09:36 +1953: /home/albert/busystack/busymark/test/src/wysiwyg_selection_lifecycle_test.dart: restored direct input list extent reverse=true lifecycle=reuse external=false
09:36 +1954: /home/albert/busystack/busymark/test/src/wysiwyg_selection_lifecycle_test.dart: restored direct input list extent reverse=true lifecycle=reuse external=true
09:37 +1955: /home/albert/busystack/busymark/test/src/wysiwyg_selection_lifecycle_test.dart: restored direct input table extent control reverse=false lifecycle=recreate external=false
09:37 +1956: /home/albert/busystack/busymark/test/src/wysiwyg_selection_lifecycle_test.dart: restored direct input table extent control reverse=false lifecycle=recreate external=true
09:38 +1957: /home/albert/busystack/busymark/test/src/wysiwyg_selection_lifecycle_test.dart: restored direct input table extent control reverse=false lifecycle=reuse external=false
09:38 +1958: /home/albert/busystack/busymark/test/src/wysiwyg_selection_lifecycle_test.dart: restored direct input table extent control reverse=false lifecycle=reuse external=true
09:38 +1959: /home/albert/busystack/busymark/test/src/wysiwyg_selection_lifecycle_test.dart: restored direct input table extent control reverse=true lifecycle=recreate external=false
09:39 +1960: /home/albert/busystack/busymark/test/src/wysiwyg_selection_lifecycle_test.dart: restored direct input table extent control reverse=true lifecycle=recreate external=true
09:39 +1961: /home/albert/busystack/busymark/test/src/wysiwyg_selection_lifecycle_test.dart: restored direct input table extent control reverse=true lifecycle=reuse external=false
09:39 +1962: /home/albert/busystack/busymark/test/src/wysiwyg_selection_lifecycle_test.dart: restored direct input table extent control reverse=true lifecycle=reuse external=true
09:40 +1963: /home/albert/busystack/busymark/test/src/wysiwyg_selection_lifecycle_test.dart: restored ordinary composition matches fresh mixed=false reverse=false cancel=false
09:40 +1964: /home/albert/busystack/busymark/test/src/wysiwyg_selection_lifecycle_test.dart: restored ordinary composition matches fresh mixed=false reverse=false cancel=true
09:41 +1965: /home/albert/busystack/busymark/test/src/wysiwyg_selection_lifecycle_test.dart: restored ordinary composition matches fresh mixed=false reverse=true cancel=false
09:41 +1966: /home/albert/busystack/busymark/test/src/wysiwyg_selection_lifecycle_test.dart: restored ordinary composition matches fresh mixed=false reverse=true cancel=true
09:42 +1967: /home/albert/busystack/busymark/test/src/wysiwyg_selection_lifecycle_test.dart: restored ordinary composition matches fresh mixed=true reverse=false cancel=false
09:42 +1968: /home/albert/busystack/busymark/test/src/wysiwyg_selection_lifecycle_test.dart: restored ordinary composition matches fresh mixed=true reverse=false cancel=true
09:43 +1969: /home/albert/busystack/busymark/test/src/wysiwyg_selection_lifecycle_test.dart: restored ordinary composition matches fresh mixed=true reverse=true cancel=false
09:43 +1970: /home/albert/busystack/busymark/test/src/wysiwyg_selection_lifecycle_test.dart: restored ordinary composition matches fresh mixed=true reverse=true cancel=true
09:44 +1971: /home/albert/busystack/busymark/test/src/wysiwyg_selection_lifecycle_test.dart: restored local paragraph accepts immediate Unicode input
09:44 +1972: /home/albert/busystack/busymark/test/src/wysiwyg_selection_lifecycle_test.dart: restored local cell accepts immediate Unicode input
09:44 +1973: /home/albert/busystack/busymark/test/src/wysiwyg_selection_lifecycle_test.dart: restored input focus is superseded by caret before handoff
09:44 +1974: /home/albert/busystack/busymark/test/src/wysiwyg_selection_lifecycle_test.dart: restored input focus is superseded by range before handoff
09:44 +1975: /home/albert/busystack/busymark/test/src/wysiwyg_selection_lifecycle_test.dart: restored input focus is superseded by document before handoff
09:44 +1976: /home/albert/busystack/busymark/test/src/wysiwyg_selection_lifecycle_test.dart: restored input focus is superseded by tab replacement before handoff
09:45 +1977: /home/albert/busystack/busymark/test/src/wysiwyg_selection_lifecycle_test.dart: restored input focus is superseded by disposal before handoff
09:45 +1978: /home/albert/busystack/busymark/test/src/wysiwyg_selection_lifecycle_test.dart: restored ordinary input retains a scrolled viewport
09:45 +1979: /home/albert/busystack/busymark/test/src/wysiwyg_selection_lifecycle_test.dart: restored ordinary input uses clamped session offsets
09:45 +1980: /home/albert/busystack/busymark/test/src/wysiwyg_selection_lifecycle_test.dart: table preedit owns Backspace until committed input
09:46 +1981: /home/albert/busystack/busymark/test/src/wysiwyg_selection_lifecycle_test.dart: table preedit owns Delete until committed input
09:46 +1982: /home/albert/busystack/busymark/test/src/wysiwyg_selection_lifecycle_test.dart: table preedit owns Enter until committed input
09:46 +1983: /home/albert/busystack/busymark/test/src/wysiwyg_selection_lifecycle_test.dart: table preedit owns Arrow Left until committed input
09:47 +1984: /home/albert/busystack/busymark/test/src/wysiwyg_selection_lifecycle_test.dart: table preedit owns Arrow Right until committed input
09:47 +1985: /home/albert/busystack/busymark/test/src/wysiwyg_selection_lifecycle_test.dart: table preedit owns Arrow Up until committed input
09:47 +1986: /home/albert/busystack/busymark/test/src/wysiwyg_selection_lifecycle_test.dart: table preedit owns Arrow Down until committed input
09:47 +1987: /home/albert/busystack/busymark/test/src/wysiwyg_selection_lifecycle_test.dart: table preedit owns Home until committed input
09:47 +1988: /home/albert/busystack/busymark/test/src/wysiwyg_selection_lifecycle_test.dart: table preedit owns End until committed input
09:48 +1989: /home/albert/busystack/busymark/test/src/wysiwyg_selection_lifecycle_test.dart: a new pointer gesture supersedes deferred table caret start=false
09:48 +1990: /home/albert/busystack/busymark/test/src/wysiwyg_selection_lifecycle_test.dart: a new pointer gesture supersedes deferred table caret start=true
09:48 +1991: /home/albert/busystack/busymark/test/src/wysiwyg_selection_lifecycle_test.dart: paragraph-ended drag up retains committed text input
09:48 +1992: /home/albert/busystack/busymark/test/src/wysiwyg_selection_lifecycle_test.dart: paragraph-ended drag cancel retains committed text input
09:48 +1993: /home/albert/busystack/busymark/test/src/wysiwyg_selection_lifecycle_test.dart: a table context menu cannot follow a changed document during clipboard preparation
09:49 +1994: /home/albert/busystack/busymark/test/src/wysiwyg_selection_lifecycle_test.dart: a table context menu cannot follow a changed document during open menu
09:49 +1995: /home/albert/busystack/busymark/test/src/wysiwyg_selection_lifecycle_test.dart: structured table fragment replaces selected table surrounded=false
09:50 +1996: /home/albert/busystack/busymark/test/src/wysiwyg_selection_lifecycle_test.dart: structured table fragment replaces selected table surrounded=true
09:50 +1997: /home/albert/busystack/busymark/test/src/wysiwyg_selection_lifecycle_test.dart: table-only reverse=false switching a reused editor captures outgoing document selection
09:50 +1998: /home/albert/busystack/busymark/test/src/wysiwyg_selection_lifecycle_test.dart: table-only reverse=true switching a reused editor captures outgoing document selection
09:51 +1999: /home/albert/busystack/busymark/test/src/wysiwyg_selection_lifecycle_test.dart: leading table reverse=false switching a reused editor captures outgoing document selection
09:51 +2000: /home/albert/busystack/busymark/test/src/wysiwyg_selection_lifecycle_test.dart: leading table reverse=true switching a reused editor captures outgoing document selection
09:51 +2001: /home/albert/busystack/busymark/test/src/wysiwyg_selection_lifecycle_test.dart: trailing table reverse=false switching a reused editor captures outgoing document selection
09:51 +2002: /home/albert/busystack/busymark/test/src/wysiwyg_selection_lifecycle_test.dart: trailing table reverse=true switching a reused editor captures outgoing document selection
09:52 +2003: /home/albert/busystack/busymark/test/src/wysiwyg_selection_lifecycle_test.dart: consecutive tables reverse=false switching a reused editor captures outgoing document selection
09:52 +2004: /home/albert/busystack/busymark/test/src/wysiwyg_selection_lifecycle_test.dart: consecutive tables reverse=true switching a reused editor captures outgoing document selection
09:52 +2005: /home/albert/busystack/busymark/test/src/wysiwyg_selection_lifecycle_test.dart: surrounded reverse=false switching a reused editor captures outgoing document selection
09:53 +2006: /home/albert/busystack/busymark/test/src/wysiwyg_selection_lifecycle_test.dart: surrounded reverse=true switching a reused editor captures outgoing document selection
09:53 +2007: /home/albert/busystack/busymark/test/src/wysiwyg_selection_lifecycle_test.dart: document context menu Cut edits only the selected table
09:53 +2008: /home/albert/busystack/busymark/test/src/wysiwyg_selection_lifecycle_test.dart: document context menu Paste edits only the selected table
09:54 +2009: /home/albert/busystack/busymark/test/src/wysiwyg_selection_lifecycle_test.dart: document context menu Paste as Plain Text edits only the selected table
09:54 +2010: /home/albert/busystack/busymark/test/src/wysiwyg_selection_lifecycle_test.dart: undo table deletion restores a real cell caret surrounded=false
09:54 +2011: /home/albert/busystack/busymark/test/src/wysiwyg_selection_lifecycle_test.dart: undo table deletion restores a real cell caret surrounded=true
09:54 +2012: /home/albert/busystack/busymark/test/src/wysiwyg_selection_lifecycle_test.dart: returning to an ordinary collapsed endpoint up restores real typing
09:55 +2013: /home/albert/busystack/busymark/test/src/wysiwyg_selection_lifecycle_test.dart: returning to an ordinary collapsed endpoint cancel restores real typing
09:55 +2014: /home/albert/busystack/busymark/test/src/wysiwyg_selection_lifecycle_test.dart: table-only real Select All survives workspace session JSON and editor recreation
09:55 +2015: /home/albert/busystack/busymark/test/src/wysiwyg_selection_lifecycle_test.dart: table-only real reverse drag survives workspace session JSON and editor recreation
09:55 +2016: /home/albert/busystack/busymark/test/src/wysiwyg_selection_lifecycle_test.dart: leading table real Select All survives workspace session JSON and editor recreation
09:56 +2017: /home/albert/busystack/busymark/test/src/wysiwyg_selection_lifecycle_test.dart: leading table real reverse drag survives workspace session JSON and editor recreation
09:56 +2018: /home/albert/busystack/busymark/test/src/wysiwyg_selection_lifecycle_test.dart: trailing table real Select All survives workspace session JSON and editor recreation
09:56 +2019: /home/albert/busystack/busymark/test/src/wysiwyg_selection_lifecycle_test.dart: trailing table real reverse drag survives workspace session JSON and editor recreation
09:56 +2020: /home/albert/busystack/busymark/test/src/wysiwyg_selection_lifecycle_test.dart: consecutive tables real Select All survives workspace session JSON and editor recreation
09:57 +2021: /home/albert/busystack/busymark/test/src/wysiwyg_selection_lifecycle_test.dart: consecutive tables real reverse drag survives workspace session JSON and editor recreation
09:57 +2022: /home/albert/busystack/busymark/test/src/wysiwyg_selection_lifecycle_test.dart: paragraph local reverse selection restores locally
09:58 +2023: /home/albert/busystack/busymark/test/src/wysiwyg_selection_lifecycle_test.dart: cell local reverse selection restores locally
09:58 +2024: /home/albert/busystack/busymark/test/src/wysiwyg_selection_lifecycle_test.dart: saved table target removed uses current-document fallback
09:59 +2025: /home/albert/busystack/busymark/test/src/wysiwyg_selection_lifecycle_test.dart: saved table target changed kind uses current-document fallback
09:59 +2026: /home/albert/busystack/busymark/test/src/wysiwyg_selection_lifecycle_test.dart: saved table target changed text uses current-document fallback
09:59 +2027: /home/albert/busystack/busymark/test/src/wysiwyg_selection_lifecycle_test.dart: unrelated move and cancel preserve owned block drag
10:00 +2028: /home/albert/busystack/busymark/test/src/wysiwyg_selection_lifecycle_test.dart: unrelated move and cancel preserve owned cell drag
10:01 +2029: /home/albert/busystack/busymark/test/src/wysiwyg_selection_lifecycle_test.dart: ordinary caret navigation preserves table traversal forward=false control=false
10:01 +2030: /home/albert/busystack/busymark/test/src/wysiwyg_selection_lifecycle_test.dart: ordinary caret navigation preserves table traversal forward=false control=true
10:01 +2031: /home/albert/busystack/busymark/test/src/wysiwyg_selection_lifecycle_test.dart: ordinary caret navigation preserves table traversal forward=true control=false
10:01 +2032: /home/albert/busystack/busymark/test/src/wysiwyg_selection_lifecycle_test.dart: ordinary caret navigation preserves table traversal forward=true control=true
10:01 +2033: /home/albert/busystack/busymark/test/src/wysiwyg_selection_lifecycle_test.dart: table drag: Delete replaces the selected structured block and undoes
10:01 +2034: /home/albert/busystack/busymark/test/src/wysiwyg_selection_lifecycle_test.dart: table drag: Backspace replaces the selected structured block and undoes
10:02 +2035: /home/albert/busystack/busymark/test/src/wysiwyg_selection_lifecycle_test.dart: table drag: Cut replaces the selected structured block and undoes
10:02 +2036: /home/albert/busystack/busymark/test/src/wysiwyg_selection_lifecycle_test.dart: table drag: Enter replaces the selected structured block and undoes
10:02 +2037: /home/albert/busystack/busymark/test/src/wysiwyg_selection_lifecycle_test.dart: table drag: plain paste replaces the selected structured block and undoes
10:03 +2038: /home/albert/busystack/busymark/test/src/wysiwyg_selection_lifecycle_test.dart: table drag: structured paste replaces the selected structured block and undoes
10:03 +2039: /home/albert/busystack/busymark/test/src/wysiwyg_selection_lifecycle_test.dart: table Select All: Delete replaces the selected structured block and undoes
10:03 +2040: /home/albert/busystack/busymark/test/src/wysiwyg_selection_lifecycle_test.dart: table Select All: Backspace replaces the selected structured block and undoes
10:03 +2041: /home/albert/busystack/busymark/test/src/wysiwyg_selection_lifecycle_test.dart: table Select All: Cut replaces the selected structured block and undoes
10:04 +2042: /home/albert/busystack/busymark/test/src/wysiwyg_selection_lifecycle_test.dart: table Select All: Enter replaces the selected structured block and undoes
10:04 +2043: /home/albert/busystack/busymark/test/src/wysiwyg_selection_lifecycle_test.dart: table Select All: plain paste replaces the selected structured block and undoes
10:05 +2044: /home/albert/busystack/busymark/test/src/wysiwyg_selection_lifecycle_test.dart: table Select All: structured paste replaces the selected structured block and undoes
10:05 +2045: /home/albert/busystack/busymark/test/src/wysiwyg_selection_lifecycle_test.dart: surrounded drag: Delete replaces the selected structured block and undoes
10:05 +2046: /home/albert/busystack/busymark/test/src/wysiwyg_selection_lifecycle_test.dart: surrounded drag: Backspace replaces the selected structured block and undoes
10:05 +2047: /home/albert/busystack/busymark/test/src/wysiwyg_selection_lifecycle_test.dart: surrounded drag: Cut replaces the selected structured block and undoes
10:06 +2048: /home/albert/busystack/busymark/test/src/wysiwyg_selection_lifecycle_test.dart: surrounded drag: Enter replaces the selected structured block and undoes
10:06 +2049: /home/albert/busystack/busymark/test/src/wysiwyg_selection_lifecycle_test.dart: surrounded drag: plain paste replaces the selected structured block and undoes
10:06 +2050: /home/albert/busystack/busymark/test/src/wysiwyg_selection_lifecycle_test.dart: surrounded drag: structured paste replaces the selected structured block and undoes
10:06 +2051: /home/albert/busystack/busymark/test/src/wysiwyg_selection_lifecycle_test.dart: table endpoint arrow collapse: true false LogicalKeyboardKey#860f3(keyId: "0x100000302", keyLabel: "Arrow Left", debugName: "Arrow Left")
10:07 +2052: /home/albert/busystack/busymark/test/src/wysiwyg_selection_lifecycle_test.dart: table endpoint arrow collapse: true false LogicalKeyboardKey#857a2(keyId: "0x100000303", keyLabel: "Arrow Right", debugName: "Arrow Right")
10:07 +2053: /home/albert/busystack/busymark/test/src/wysiwyg_selection_lifecycle_test.dart: table endpoint arrow collapse: true true LogicalKeyboardKey#860f3(keyId: "0x100000302", keyLabel: "Arrow Left", debugName: "Arrow Left")
10:07 +2054: /home/albert/busystack/busymark/test/src/wysiwyg_selection_lifecycle_test.dart: table endpoint arrow collapse: true true LogicalKeyboardKey#857a2(keyId: "0x100000303", keyLabel: "Arrow Right", debugName: "Arrow Right")
10:07 +2055: /home/albert/busystack/busymark/test/src/wysiwyg_selection_lifecycle_test.dart: table endpoint arrow collapse: false false LogicalKeyboardKey#860f3(keyId: "0x100000302", keyLabel: "Arrow Left", debugName: "Arrow Left")
10:07 +2056: /home/albert/busystack/busymark/test/src/wysiwyg_selection_lifecycle_test.dart: table endpoint arrow collapse: false false LogicalKeyboardKey#857a2(keyId: "0x100000303", keyLabel: "Arrow Right", debugName: "Arrow Right")
10:07 +2057: /home/albert/busystack/busymark/test/src/wysiwyg_selection_lifecycle_test.dart: table-ended selection accepts actual committed Unicode input once
10:07 +2058: /home/albert/busystack/busymark/test/src/wysiwyg_selection_lifecycle_test.dart: captured table selection restores highlighting copy and mutation
10:08 +2059: /home/albert/busystack/busymark/test/src/wysiwyg_selection_lifecycle_test.dart: cancel releases cross-block drag without changing its endpoint
10:08 +2060: /home/albert/busystack/busymark/test/src/wysiwyg_selection_lifecycle_test.dart: cancel releases cross-cell drag without changing its endpoint
10:08 +2061: /home/albert/busystack/busymark/test/src/wysiwyg_selection_lifecycle_test.dart: unrelated pointer cannot complete an owned document drag
10:08 +2062: /home/albert/busystack/busymark/test/src/wysiwyg_selection_lifecycle_test.dart: rejected protected document Delete cannot edit a local fallback
10:08 +2063: /home/albert/busystack/busymark/test/src/wysiwyg_selection_lifecycle_test.dart: rejected protected document Enter cannot edit a local fallback
10:08 +2064: /home/albert/busystack/busymark/test/src/wysiwyg_selection_lifecycle_test.dart: rejected protected document plain paste cannot edit a local fallback
10:08 +2065: /home/albert/busystack/busymark/test/src/wysiwyg_selection_lifecycle_test.dart: rejected protected document structured paste cannot edit a local fallback
10:09 +2066: /home/albert/busystack/busymark/test/src/wysiwyg_selection_lifecycle_test.dart: rejected protected document typing cannot edit a local fallback
10:09 +2067: /home/albert/busystack/busymark/test/src/wysiwyg_selection_lifecycle_test.dart: failed document deletion preserves redo history
10:09 +2068: /home/albert/busystack/busymark/test/src/wysiwyg_selection_lifecycle_test.dart: delayed table paste is safe after failure
10:10 +2069: /home/albert/busystack/busymark/test/src/wysiwyg_selection_lifecycle_test.dart: delayed table paste is safe after selection
10:10 +2070: /home/albert/busystack/busymark/test/src/wysiwyg_selection_lifecycle_test.dart: delayed table paste is safe after document
10:10 +2071: /home/albert/busystack/busymark/test/src/wysiwyg_selection_lifecycle_test.dart: delayed table paste is safe after disposal
10:10 +2072: /home/albert/busystack/busymark/test/src/wysiwyg_selection_lifecycle_test.dart: delayed table cut is safe after failure
10:10 +2073: /home/albert/busystack/busymark/test/src/wysiwyg_selection_lifecycle_test.dart: delayed table cut is safe after selection
10:11 +2074: /home/albert/busystack/busymark/test/src/wysiwyg_selection_lifecycle_test.dart: delayed table cut is safe after document
10:11 +2075: /home/albert/busystack/busymark/test/src/wysiwyg_selection_lifecycle_test.dart: delayed table cut is safe after disposal
10:11 +2076: loading /home/albert/busystack/busymark/test/src/busymark_toast_test.dart
10:12 +2076: /home/albert/busystack/busymark/test/src/busymark_toast_test.dart: toast works when hosted above the Navigator
10:13 +2077: /home/albert/busystack/busymark/test/src/busymark_toast_test.dart: toast appears at the bottom center and dismisses itself
10:13 +2078: /home/albert/busystack/busymark/test/src/busymark_toast_test.dart: toast action runs and dismisses the toast
10:13 +2079: /home/albert/busystack/busymark/test/src/busymark_toast_test.dart: toasts queue instead of covering each other
10:13 +2080: loading /home/albert/busystack/busymark/test/src/writerside_web_file_name_test.dart
10:14 +2080: /home/albert/busystack/busymark/test/src/writerside_web_file_name_test.dart: canonical Writerside web filenames normalizes runs, edges, case, and Unicode once
10:14 +2081: /home/albert/busystack/busymark/test/src/writerside_web_file_name_test.dart: canonical Writerside web filenames disabled preprocessing preserves established safe characters
10:14 +2082: /home/albert/busystack/busymark/test/src/writerside_web_file_name_test.dart: canonical Writerside web filenames resolves exact custom values per instance for Markdown and XML
10:14 +2083: /home/albert/busystack/busymark/test/src/writerside_web_file_name_test.dart: project instance URL diagnostics diagnoses default/default collision
10:14 +2084: /home/albert/busystack/busymark/test/src/writerside_web_file_name_test.dart: project instance URL diagnostics diagnoses default/custom collision
10:14 +2085: /home/albert/busystack/busymark/test/src/writerside_web_file_name_test.dart: project instance URL diagnostics diagnoses custom/custom collision
10:14 +2086: /home/albert/busystack/busymark/test/src/writerside_web_file_name_test.dart: project instance URL diagnostics allows the same output name in disjoint instances
10:14 +2087: /home/albert/busystack/busymark/test/src/writerside_web_file_name_test.dart: project instance URL diagnostics deduplicates repeated publication of one physical topic
10:14 +2088: /home/albert/busystack/busymark/test/src/writerside_web_file_name_test.dart: project instance URL diagnostics diagnoses a collision with an origin module topic
10:14 +2089: /home/albert/busystack/busymark/test/src/writerside_web_file_name_test.dart: project instance URL diagnostics resolves conditioned names independently in each instance
10:14 +2090: /home/albert/busystack/busymark/test/src/writerside_web_file_name_test.dart: project instance URL diagnostics diagnoses invalid custom filenames before export
10:14 +2091: loading /home/albert/busystack/busymark/test/src/pdf_title_page_test.dart
10:15 +2091: /home/albert/busystack/busymark/test/src/pdf_title_page_test.dart: cover preference defaults off, serializes and copies independently
10:15 +2092: /home/albert/busystack/busymark/test/src/pdf_title_page_test.dart: cover title and authors use the established metadata precedence
10:15 +2093: /home/albert/busystack/busymark/test/src/pdf_title_page_test.dart: snapshot metadata, display text, explicit clears and plain JSON remain independent
10:15 +2094: /home/albert/busystack/busymark/test/src/pdf_title_page_test.dart: instance title uses its display name and only known project metadata
10:15 +2095: loading /home/albert/busystack/busymark/test/src/path_utils_test.dart
10:17 +2095: /home/albert/busystack/busymark/test/src/path_utils_test.dart: maxTreeEntries cancels a wide directory listing at the limit
10:17 +2096: /home/albert/busystack/busymark/test/src/path_utils_test.dart: maxTreeEntries counts directories against the scan budget
10:17 +2097: /home/albert/busystack/busymark/test/src/path_utils_test.dart: directory listing failure marks traversal incomplete
10:18 +2098: /home/albert/busystack/busymark/test/src/path_utils_test.dart: display scan includes hidden and unsupported entries but not VCS data
10:18 +2099: loading /home/albert/busystack/busymark/test/src/git/git_log_parser_test.dart
10:21 +2099: /home/albert/busystack/busymark/test/src/git/git_log_parser_test.dart: parses multiple commits
10:21 +2100: /home/albert/busystack/busymark/test/src/git/git_log_parser_test.dart: parses merge commit with multiple parents
10:21 +2101: /home/albert/busystack/busymark/test/src/git/git_log_parser_test.dart: preserves author punctuation and separator-like subject text
10:21 +2102: /home/albert/busystack/busymark/test/src/git/git_log_parser_test.dart: parses empty history
10:21 +2103: loading /home/albert/busystack/busymark/test/src/git/git_status_parser_test.dart
10:22 +2103: /home/albert/busystack/busymark/test/src/git/git_status_parser_test.dart: parses clean repository status
10:22 +2104: /home/albert/busystack/busymark/test/src/git/git_status_parser_test.dart: parses modified tracked file
10:22 +2105: /home/albert/busystack/busymark/test/src/git/git_status_parser_test.dart: parses staged modification
10:22 +2106: /home/albert/busystack/busymark/test/src/git/git_status_parser_test.dart: parses unstaged modification
10:22 +2107: /home/albert/busystack/busymark/test/src/git/git_status_parser_test.dart: parses staged and unstaged same file
10:22 +2108: /home/albert/busystack/busymark/test/src/git/git_status_parser_test.dart: keeps staged addition and working-tree deletion separate
10:22 +2109: /home/albert/busystack/busymark/test/src/git/git_status_parser_test.dart: tracks rename state independently in each status column
10:22 +2110: /home/albert/busystack/busymark/test/src/git/git_status_parser_test.dart: parses untracked file
10:22 +2111: /home/albert/busystack/busymark/test/src/git/git_status_parser_test.dart: parses deleted file
10:22 +2112: /home/albert/busystack/busymark/test/src/git/git_status_parser_test.dart: parses renamed file
10:22 +2113: /home/albert/busystack/busymark/test/src/git/git_status_parser_test.dart: parses copied file
10:22 +2114: /home/albert/busystack/busymark/test/src/git/git_status_parser_test.dart: parses conflicted files
10:22 +2115: /home/albert/busystack/busymark/test/src/git/git_status_parser_test.dart: parses branch header and ahead behind counts
10:22 +2116: /home/albert/busystack/busymark/test/src/git/git_status_parser_test.dart: parses detached head header
10:22 +2117: /home/albert/busystack/busymark/test/src/git/git_status_parser_test.dart: preserves spaces, unicode, quotes, and newlines in filenames
10:22 +2118: loading /home/albert/busystack/busymark/test/src/git/git_cli_gateway_integration_test.dart
10:25 +2118: /home/albert/busystack/busymark/test/src/git/git_cli_gateway_integration_test.dart: process-backed Git gateway requires workspace trust
10:25 +2119: /home/albert/busystack/busymark/test/src/git/git_cli_gateway_integration_test.dart: configures a repository author identity without terminal setup
10:26 +2120: /home/albert/busystack/busymark/test/src/git/git_cli_gateway_integration_test.dart: runs core workflow in a temporary Git repository
10:27 +2121: /home/albert/busystack/busymark/test/src/git/git_cli_gateway_integration_test.dart: status lists every non-ignored hidden untracked file
10:27 +2122: /home/albert/busystack/busymark/test/src/git/git_cli_gateway_integration_test.dart: resets the current branch with each explicit Git reset mode
10:28 +2123: /home/albert/busystack/busymark/test/src/git/git_cli_gateway_integration_test.dart: refuses to reset while HEAD is detached
10:29 +2124: /home/albert/busystack/busymark/test/src/git/git_cli_gateway_integration_test.dart: keeps staged and unstaged comparisons separate
10:29 +2125: /home/albert/busystack/busymark/test/src/git/git_cli_gateway_integration_test.dart: staged rename diff and unstage preserve both paths
10:29 +2126: /home/albert/busystack/busymark/test/src/git/git_cli_gateway_integration_test.dart: rollback restores both sides of a staged rename to HEAD
10:29 +2127: /home/albert/busystack/busymark/test/src/git/git_cli_gateway_integration_test.dart: staged addition deleted from the working tree keeps separate diffs
10:30 +2128: /home/albert/busystack/busymark/test/src/git/git_cli_gateway_integration_test.dart: preserves complete deleted content and restores a deleted version
10:30 +2129: /home/albert/busystack/busymark/test/src/git/git_cli_gateway_integration_test.dart: failed historical blob read cannot delete the working file
10:30 +2130: /home/albert/busystack/busymark/test/src/git/git_cli_gateway_integration_test.dart: constructs complete text and binary comparisons for untracked files
10:31 +2131: /home/albert/busystack/busymark/test/src/git/git_cli_gateway_integration_test.dart: direct working-tree operations reject intermediate symlink escapes
10:31 +2132: /home/albert/busystack/busymark/test/src/git/git_cli_gateway_integration_test.dart: fetch updates remote-tracking status without changing files
10:31 +2133: /home/albert/busystack/busymark/test/src/git/git_cli_gateway_integration_test.dart: follows renames, compares complete versions, and restores one file
10:32 +2134: /home/albert/busystack/busymark/test/src/git/git_cli_gateway_integration_test.dart: compares a merge commit with its first parent
10:32 +2135: /home/albert/busystack/busymark/test/src/git/git_cli_gateway_integration_test.dart: switch treats an option-like branch name as an operand
10:33 +2136: /home/albert/busystack/busymark/test/src/git/git_cli_gateway_integration_test.dart: diff and commit details preserve C-quoted UTF-8 paths
10:33 +2137: /home/albert/busystack/busymark/test/src/git/git_cli_gateway_integration_test.dart: pushSetUpstream does not broaden an option-like branch to --all
10:33 +2138: /home/albert/busystack/busymark/test/src/git/git_cli_gateway_integration_test.dart: detects conflicted files in a temporary Git repository
10:34 +2139: /home/albert/busystack/busymark/test/src/git/git_cli_gateway_integration_test.dart: status does not run a repository-configured filesystem monitor
10:34 +2140: /home/albert/busystack/busymark/test/src/git/git_cli_gateway_integration_test.dart: diff APIs do not run a repository-configured textconv
10:35 +2141: /home/albert/busystack/busymark/test/src/git/git_cli_gateway_integration_test.dart: commit details do not run a repository-configured textconv
10:35 +2142: loading /home/albert/busystack/busymark/test/src/git/git_process_runner_test.dart
10:36 +2142: /home/albert/busystack/busymark/test/src/git/git_process_runner_test.dart: runner closes child stdin so commands waiting for EOF can finish
10:36 +2143: /home/albert/busystack/busymark/test/src/git/git_process_runner_test.dart: runner terminates commands that exceed the combined output limit
10:36 +2144: /home/albert/busystack/busymark/test/src/git/git_process_runner_test.dart: normal gateway commands always receive a finite timeout
10:36 +2145: /home/albert/busystack/busymark/test/src/git/git_process_runner_test.dart: gateway classifies a missing commit author identity
10:36 +2146: /home/albert/busystack/busymark/test/src/git/git_process_runner_test.dart: snap packages the Linux process-group launcher
10:36 +2147: /home/albert/busystack/busymark/test/src/git/git_process_runner_test.dart: snap Git uses bundled helpers, templates, and SSH
10:36 +2148: /home/albert/busystack/busymark/test/src/git/git_process_runner_test.dart: snap launcher never falls back to the confined host setsid
10:36 +2149: /home/albert/busystack/busymark/test/src/git/git_process_runner_test.dart: Git locator preserves process launcher failures
10:36 +2150: /home/albert/busystack/busymark/test/src/git/git_process_runner_test.dart: Git locator preserves a failed version probe result
10:36 +2151: /home/albert/busystack/busymark/test/src/git/git_process_runner_test.dart: Git locator reports not found for a genuinely missing command
10:36 +2152: /home/albert/busystack/busymark/test/src/git/git_process_runner_test.dart: runner terminates descendant processes when a command times out
10:37 +2153: /home/albert/busystack/busymark/test/src/git/git_process_runner_test.dart: timeout covers descendants that outlive the direct child and hold stdio
10:39 +2154: loading /home/albert/busystack/busymark/test/src/git/git_widget_test.dart
10:40 +2154: /home/albert/busystack/busymark/test/src/git/git_widget_test.dart: hunk range text hides raw unified diff markers
10:40 +2155: /home/albert/busystack/busymark/test/src/git/git_widget_test.dart: changes are grouped correctly
10:41 +2156: /home/albert/busystack/busymark/test/src/git/git_widget_test.dart: file checkboxes select files for commit
10:41 +2157: /home/albert/busystack/busymark/test/src/git/git_widget_test.dart: a path with staged and unstaged changes appears in both groups
10:41 +2158: /home/albert/busystack/busymark/test/src/git/git_widget_test.dart: AD path shows staged addition and unstaged deletion without open action
10:41 +2159: /home/albert/busystack/busymark/test/src/git/git_widget_test.dart: staged rename preserves both paths and workspace scope
10:41 +2160: /home/albert/busystack/busymark/test/src/git/git_widget_test.dart: rename paths follow the selected Git status column
10:41 +2161: /home/albert/busystack/busymark/test/src/git/git_widget_test.dart: commit panel reports staged count and unsaved editor state
10:41 +2162: /home/albert/busystack/busymark/test/src/git/git_widget_test.dart: commit message uses the grouped multiline form surface
10:41 +2163: /home/albert/busystack/busymark/test/src/git/git_widget_test.dart: AI commit draft is a secondary button immediately before Commit
10:41 +2164: /home/albert/busystack/busymark/test/src/git/git_widget_test.dart: AI commit draft replaces text, trims it, and moves the cursor
10:42 +2165: /home/albert/busystack/busymark/test/src/git/git_widget_test.dart: file history requires an active Markdown file
10:42 +2166: /home/albert/busystack/busymark/test/src/git/git_widget_test.dart: file action menu does not contain commit selection actions
10:42 +2167: /home/albert/busystack/busymark/test/src/git/git_widget_test.dart: untracked file menu uses an explicit delete action
10:42 +2168: /home/albert/busystack/busymark/test/src/git/git_widget_test.dart: unsupported untracked files remain stageable but cannot open
10:42 +2169: /home/albert/busystack/busymark/test/src/git/git_widget_test.dart: commit section colors files by Git status
10:42 +2170: /home/albert/busystack/busymark/test/src/git/git_widget_test.dart: changes view commit panel commits staged files with message
10:42 +2171: /home/albert/busystack/busymark/test/src/git/git_widget_test.dart: commit remains disabled without staged files
10:42 +2172: /home/albert/busystack/busymark/test/src/git/git_widget_test.dart: multiline commit message is retained and committed verbatim
10:42 +2173: /home/albert/busystack/busymark/test/src/git/git_widget_test.dart: failed commit preserves the commit message
10:42 +2174: /home/albert/busystack/busymark/test/src/git/git_widget_test.dart: committing disables actions and retains text until success
10:42 +2175: /home/albert/busystack/busymark/test/src/git/git_widget_test.dart: commit message clears when repository or workspace changes
10:42 +2176: /home/albert/busystack/busymark/test/src/git/git_widget_test.dart: conflict group is visible
10:42 +2177: /home/albert/busystack/busymark/test/src/git/git_widget_test.dart: Git unavailable empty state is shown
10:43 +2178: /home/albert/busystack/busymark/test/src/git/git_widget_test.dart: untrusted workspace shows repository trust prompt
10:43 +2179: /home/albert/busystack/busymark/test/src/git/git_widget_test.dart: commit view shows no repository sync strip when clean
10:43 +2180: /home/albert/busystack/busymark/test/src/git/git_widget_test.dart: commit view does not show branch dropdown
10:43 +2181: /home/albert/busystack/busymark/test/src/git/git_widget_test.dart: commit view does not describe branch sync state
10:43 +2182: /home/albert/busystack/busymark/test/src/git/git_widget_test.dart: file history keeps comparison controls out of the sidebar
10:43 +2183: /home/albert/busystack/busymark/test/src/git/git_widget_test.dart: project history file rows show selected file diff
10:43 +2184: /home/albert/busystack/busymark/test/src/git/git_widget_test.dart: project history reset requires an explicit reset mode
10:43 +2185: /home/albert/busystack/busymark/test/src/git/git_widget_test.dart: dirty editor banner appears in diff viewer
10:43 +2186: /home/albert/busystack/busymark/test/src/git/git_widget_test.dart: embedded diff hides duplicate file header but keeps open action
10:43 +2187: /home/albert/busystack/busymark/test/src/git/git_widget_test.dart: diff open action requires an explicit working-tree target
10:43 +2188: /home/albert/busystack/busymark/test/src/git/git_widget_test.dart: diff open action uses the explicit current path
10:43 +2189: /home/albert/busystack/busymark/test/src/git/git_widget_test.dart: embedded diff keeps rename paths visible
10:43 +2190: /home/albert/busystack/busymark/test/src/git/git_widget_test.dart: diff viewer renders patch rows with shared source view
10:43 +2191: /home/albert/busystack/busymark/test/src/git/git_widget_test.dart: embedded diff can hide hunk headers and file action
10:43 +2192: /home/albert/busystack/busymark/test/src/git/git_widget_test.dart: diff viewer source uses full file snapshot when available
10:43 +2193: /home/albert/busystack/busymark/test/src/git/git_widget_test.dart: deleted diff shows the complete removed file snapshot
10:43 +2194: /home/albert/busystack/busymark/test/src/git/git_widget_test.dart: diff viewer scrolls to the first source change on open
10:44 +2195: /home/albert/busystack/busymark/test/src/git/git_widget_test.dart: diff viewer source rows use configured editor font size
10:44 +2196: /home/albert/busystack/busymark/test/src/git/git_widget_test.dart: diff context lines show old and new number columns
10:44 +2197: /home/albert/busystack/busymark/test/src/git/git_widget_test.dart: diff line numbers use source gutter geometry
10:44 +2198: loading /home/albert/busystack/busymark/test/src/git/git_controller_test.dart
10:44 +2198: /home/albert/busystack/busymark/test/src/git/git_controller_test.dart: diff open target follows the current working-tree context
10:44 +2199: /home/albert/busystack/busymark/test/src/git/git_controller_test.dart: refreshes after workspace attach
10:45 +2200: /home/albert/busystack/busymark/test/src/git/git_controller_test.dart: does not expose repository Git for a single Markdown file
10:45 +2201: /home/albert/busystack/busymark/test/src/git/git_controller_test.dart: trust-required gateway does not inspect workspace before trust
10:45 +2202: /home/albert/busystack/busymark/test/src/git/git_controller_test.dart: clearing trust immediately revokes repository access
10:45 +2203: /home/albert/busystack/busymark/test/src/git/git_controller_test.dart: status failure after trust retains the detected repository
10:45 +2204: /home/albert/busystack/busymark/test/src/git/git_controller_test.dart: trust is scoped to the attached workspace
10:45 +2205: /home/albert/busystack/busymark/test/src/git/git_controller_test.dart: Git executes with the canonical path that was trusted
10:45 +2206: /home/albert/busystack/busymark/test/src/git/git_controller_test.dart: stage and unstage update state
10:45 +2207: /home/albert/busystack/busymark/test/src/git/git_controller_test.dart: loads only the selected change comparison and reconciles after stage
10:45 +2208: /home/albert/busystack/busymark/test/src/git/git_controller_test.dart: routes untracked selections to the untracked comparison
10:45 +2209: /home/albert/busystack/busymark/test/src/git/git_controller_test.dart: staged rename comparison preserves the original path
10:45 +2210: /home/albert/busystack/busymark/test/src/git/git_controller_test.dart: rollback forwards every validated rename path
10:45 +2211: /home/albert/busystack/busymark/test/src/git/git_controller_test.dart: reactivates an open change comparison tab
10:45 +2212: /home/albert/busystack/busymark/test/src/git/git_controller_test.dart: commit blocks empty message
10:45 +2213: /home/albert/busystack/busymark/test/src/git/git_controller_test.dart: commit blocks when no files are staged
10:45 +2214: /home/albert/busystack/busymark/test/src/git/git_controller_test.dart: configures author identity through the active repository
10:45 +2215: /home/albert/busystack/busymark/test/src/git/git_controller_test.dart: AI staged-diff fingerprint rejects obsolete commit context
10:45 +2216: /home/albert/busystack/busymark/test/src/git/git_controller_test.dart: branch switch requires clean BusyMark editor state
10:45 +2217: /home/albert/busystack/busymark/test/src/git/git_controller_test.dart: restore is blocked while the active editor has unsaved content
10:45 +2218: /home/albert/busystack/busymark/test/src/git/git_controller_test.dart: restore is blocked while the current file is staged
10:45 +2219: /home/albert/busystack/busymark/test/src/git/git_controller_test.dart: restore protects a repository-relative file against the repository root
10:45 +2220: /home/albert/busystack/busymark/test/src/git/git_controller_test.dart: project history reset uses the selected commit and mode
10:45 +2221: /home/albert/busystack/busymark/test/src/git/git_controller_test.dart: project history reset is blocked by unsaved editor content
10:45 +2222: /home/albert/busystack/busymark/test/src/git/git_controller_test.dart: fetch refreshes repository status
10:45 +2223: /home/albert/busystack/busymark/test/src/git/git_controller_test.dart: reports Git unavailable state
10:45 +2224: /home/albert/busystack/busymark/test/src/git/git_controller_test.dart: stores operation failure state
10:45 +2225: /home/albert/busystack/busymark/test/src/git/git_controller_test.dart: exposes conflict state
10:45 +2226: /home/albert/busystack/busymark/test/src/git/git_controller_test.dart: clears previous workspace Git state immediately on attach
10:45 +2227: /home/albert/busystack/busymark/test/src/git/git_controller_test.dart: ignores stale refresh results after workspace switch
10:45 +2228: /home/albert/busystack/busymark/test/src/git/git_controller_test.dart: cancels set-upstream push when the workspace changes during remote lookup
10:45 +2229: /home/albert/busystack/busymark/test/src/git/git_controller_test.dart: ignores stale history after a workspace switch
10:45 +2230: /home/albert/busystack/busymark/test/src/git/git_controller_test.dart: history tab reloads project history after workspace switch
10:45 +2231: /home/albert/busystack/busymark/test/src/git/git_controller_test.dart: current file history scopes selected commit details to the file
10:45 +2232: /home/albert/busystack/busymark/test/src/git/git_controller_test.dart: file history switches between commit and working-tree comparisons
10:45 +2233: /home/albert/busystack/busymark/test/src/git/git_controller_test.dart: project history loads selected commit details without a file scope
10:45 +2234: /home/albert/busystack/busymark/test/src/git/git_controller_test.dart: project commit details display the first changed file by default
10:45 +2235: /home/albert/busystack/busymark/test/src/git/git_controller_test.dart: selected commit file opens a project commit diff tab
10:45 +2236: /home/albert/busystack/busymark/test/src/git/git_controller_test.dart: closing a commit diff file tab activates the neighboring tab
10:45 +2237: /home/albert/busystack/busymark/test/src/git/git_controller_test.dart: deactivating a diff file keeps open diff tabs
10:45 +2238: /home/albert/busystack/busymark/test/src/git/git_controller_test.dart: file and project history paginate and retain separate selections
10:45 +2239: loading /home/albert/busystack/busymark/test/src/git/git_author_identity_dialog_test.dart
10:46 +2239: /home/albert/busystack/busymark/test/src/git/git_author_identity_dialog_test.dart: Enter submits Git identity and preserves global scope
10:47 +2240: /home/albert/busystack/busymark/test/src/git/git_author_identity_dialog_test.dart: failed commit saves identity and retries the same commit
10:47 +2241: loading /home/albert/busystack/busymark/test/src/git/git_diff_parser_test.dart
10:48 +2241: /home/albert/busystack/busymark/test/src/git/git_diff_parser_test.dart: parses added file
10:48 +2242: /home/albert/busystack/busymark/test/src/git/git_diff_parser_test.dart: parses deleted file
10:48 +2243: /home/albert/busystack/busymark/test/src/git/git_diff_parser_test.dart: parses modified file with line numbers
10:48 +2244: /home/albert/busystack/busymark/test/src/git/git_diff_parser_test.dart: parses renamed file
10:48 +2245: /home/albert/busystack/busymark/test/src/git/git_diff_parser_test.dart: decodes C-quoted UTF-8 paths emitted by Git
10:48 +2246: /home/albert/busystack/busymark/test/src/git/git_diff_parser_test.dart: decodes C-quoted rename metadata emitted by Git
10:48 +2247: /home/albert/busystack/busymark/test/src/git/git_diff_parser_test.dart: parses binary file marker
10:48 +2248: /home/albert/busystack/busymark/test/src/git/git_diff_parser_test.dart: parses multiple hunks
10:48 +2249: /home/albert/busystack/busymark/test/src/git/git_diff_parser_test.dart: keeps no newline marker as header line
10:48 +2250: /home/albert/busystack/busymark/test/src/git/git_diff_parser_test.dart: tolerates unknown diff header lines
10:48 +2251: loading /home/albert/busystack/busymark/test/src/markdown_pdf_export_test.dart
10:50 +2251: /home/albert/busystack/busymark/test/src/markdown_pdf_export_test.dart: PDF export failure dialog exposes actionable detail
10:51 +2252: /home/albert/busystack/busymark/test/src/markdown_pdf_export_test.dart: PDF export eligibility is limited to active regular Markdown
10:51 +2253: /home/albert/busystack/busymark/test/src/markdown_pdf_export_test.dart: workspace PDF export accepts a Writerside module instance
10:51 +2254: /home/albert/busystack/busymark/test/src/markdown_pdf_export_test.dart: atomic PDF publication never replaces without confirmation
10:51 +2255: /home/albert/busystack/busymark/test/src/markdown_pdf_export_test.dart: service rejects compiler output that is not a PDF
10:51 +2256: /home/albert/busystack/busymark/test/src/markdown_pdf_export_test.dart: compiler locator prefers the explicit development override
10:51 +2257: /home/albert/busystack/busymark/test/src/markdown_pdf_export_test.dart: compiler cancellation force-stops an unresponsive process
10:52 +2258: /home/albert/busystack/busymark/test/src/markdown_pdf_export_test.dart: asset staging accepts passive SVG and rejects external content
10:52 +2259: /home/albert/busystack/busymark/test/src/markdown_pdf_export_test.dart: Linux packaging pins and installs the bundled Typst compiler
10:52 +2260: loading /home/albert/busystack/busymark/test/src/source_search_test.dart
10:52 +2260: /home/albert/busystack/busymark/test/src/source_search_test.dart: regex uses Unicode code points and diagnoses zero-length matches
10:52 +2261: /home/albert/busystack/busymark/test/src/source_search_test.dart: workspace-style bounded matching stops after the sentinel match
10:52 +2262: /home/albert/busystack/busymark/test/src/source_search_test.dart: search worker terminates a running backtracking expression
10:52 +2263: /home/albert/busystack/busymark/test/src/source_search_test.dart: plain search finds case-insensitive matches by default
10:52 +2264: /home/albert/busystack/busymark/test/src/source_search_test.dart: case-sensitive and whole-word options constrain matches
10:52 +2265: /home/albert/busystack/busymark/test/src/source_search_test.dart: whole-word boundaries recognize Unicode letters and marks
10:52 +2266: /home/albert/busystack/busymark/test/src/source_search_test.dart: regex search and invalid regex are safe
10:52 +2267: /home/albert/busystack/busymark/test/src/source_search_test.dart: navigation tracks current index and wraps
10:52 +2268: /home/albert/busystack/busymark/test/src/source_search_test.dart: matches inside folded content are marked hidden and revealable
10:52 +2269: /home/albert/busystack/busymark/test/src/source_search_test.dart: workspace search groups authoring content by file
10:52 +2270: /home/albert/busystack/busymark/test/src/source_search_test.dart: source search worker cancels stale requests
10:52 +2271: /home/albert/busystack/busymark/test/src/source_search_test.dart: source search worker bounds transferred high-match results
10:52 +2272: loading /home/albert/busystack/busymark/test/src/source_commands_test.dart
10:53 +2272: /home/albert/busystack/busymark/test/src/source_commands_test.dart: tab inserts spaces
10:53 +2273: /home/albert/busystack/busymark/test/src/source_commands_test.dart: tab indents selected lines without replacing their text
10:53 +2274: /home/albert/busystack/busymark/test/src/source_commands_test.dart: indent and outdent selected lines
10:53 +2275: /home/albert/busystack/busymark/test/src/source_commands_test.dart: smart Enter continues unordered ordered task and blockquote lines
10:53 +2276: /home/albert/busystack/busymark/test/src/source_commands_test.dart: smart Enter exits empty list item
10:53 +2277: /home/albert/busystack/busymark/test/src/source_commands_test.dart: ordered list numbering restarts for nested source lines
10:53 +2278: /home/albert/busystack/busymark/test/src/source_commands_test.dart: ordered list numbering restarts beneath each source parent
10:53 +2279: /home/albert/busystack/busymark/test/src/source_commands_test.dart: inline commands toggle bold italic code and links
10:53 +2280: /home/albert/busystack/busymark/test/src/source_commands_test.dart: code fence and image insertion keep source-specific placeholders
10:53 +2281: /home/albert/busystack/busymark/test/src/source_commands_test.dart: block insertion accepts localized default content
10:53 +2282: loading /home/albert/busystack/busymark/test/src/source_highlighter_test.dart
10:54 +2282: /home/albert/busystack/busymark/test/src/source_highlighter_test.dart: source highlighting bounds high-match span composition
10:55 +2283: /home/albert/busystack/busymark/test/src/source_highlighter_test.dart: markdown source highlighter colors editor syntax
10:55 +2284: /home/albert/busystack/busymark/test/src/source_highlighter_test.dart: markdown source highlighter formats fenced code
10:55 +2285: /home/albert/busystack/busymark/test/src/source_highlighter_test.dart: markdown highlighter tracks dynamic fence delimiters
10:55 +2286: /home/albert/busystack/busymark/test/src/source_highlighter_test.dart: markdown highlighter does not open on indented code
10:55 +2287: /home/albert/busystack/busymark/test/src/source_highlighter_test.dart: xml source highlighter colors tags attributes and strings
10:55 +2288: /home/albert/busystack/busymark/test/src/source_highlighter_test.dart: plain source highlighter keeps normal editor text color
10:55 +2289: /home/albert/busystack/busymark/test/src/source_highlighter_test.dart: controller can keep editable text transparent for custom render
10:55 +2290: /home/albert/busystack/busymark/test/src/source_highlighter_test.dart: transparent editing layout matches rendered Markdown layout
10:55 +2291: /home/albert/busystack/busymark/test/src/source_highlighter_test.dart: folded regions project body lines out of editable text
10:55 +2292: /home/albert/busystack/busymark/test/src/source_highlighter_test.dart: rendered folded regions hide collapsed header text
10:55 +2293: /home/albert/busystack/busymark/test/src/source_highlighter_test.dart: folded regions collapse measured editor height
10:55 +2294: /home/albert/busystack/busymark/test/src/source_highlighter_test.dart: visual markdown editor keeps syntax markers visible while styling content
10:55 +2295: /home/albert/busystack/busymark/test/src/source_highlighter_test.dart: visual markdown tracks dynamic fence delimiters
10:55 +2296: /home/albert/busystack/busymark/test/src/source_highlighter_test.dart: markdown highlighter merges nested emphasis inside links
10:55 +2297: /home/albert/busystack/busymark/test/src/source_highlighter_test.dart: markdown highlighter keeps inline code inside list items
10:55 +2298: /home/albert/busystack/busymark/test/src/source_highlighter_test.dart: markdown highlighter merges bold and italic nesting
10:55 +2299: /home/albert/busystack/busymark/test/src/source_highlighter_test.dart: markdown highlighter merges links inside blockquotes
10:55 +2300: /home/albert/busystack/busymark/test/src/source_highlighter_test.dart: markdown highlighter keeps emphasis inside table cells
10:55 +2301: /home/albert/busystack/busymark/test/src/source_highlighter_test.dart: markdown highlighter recognizes math without damaging code
10:55 +2302: loading /home/albert/busystack/busymark/test/src/html_export_options_test.dart
10:57 +2302: /home/albert/busystack/busymark/test/src/html_export_options_test.dart: TOC and numbering use the semantic hierarchy and preserve anchor IDs
10:57 +2303: /home/albert/busystack/busymark/test/src/html_export_options_test.dart: HtmlExportTheme.light emits complete color variables, responsive width and metadata
10:57 +2304: /home/albert/busystack/busymark/test/src/html_export_options_test.dart: HtmlExportTheme.dark emits complete color variables, responsive width and metadata
10:57 +2305: /home/albert/busystack/busymark/test/src/html_export_options_test.dart: HtmlExportTheme.automatic emits complete color variables, responsive width and metadata
10:57 +2306: /home/albert/busystack/busymark/test/src/html_export_options_test.dart: custom CSS follows generated rules and is captured before processing
10:58 +2307: /home/albert/busystack/busymark/test/src/html_export_options_test.dart: LF CSS hashes the text seen by the HTML parser
10:58 +2308: /home/albert/busystack/busymark/test/src/html_export_options_test.dart: LF custom and built-in CSS apply in Chromium
11:01 +2309: /home/albert/busystack/busymark/test/src/html_export_options_test.dart: CRLF CSS hashes the text seen by the HTML parser
11:01 +2310: /home/albert/busystack/busymark/test/src/html_export_options_test.dart: CRLF custom and built-in CSS apply in Chromium
11:02 +2311: /home/albert/busystack/busymark/test/src/html_export_options_test.dart: CR CSS hashes the text seen by the HTML parser
11:02 +2312: /home/albert/busystack/busymark/test/src/html_export_options_test.dart: CR custom and built-in CSS apply in Chromium
11:03 +2313: /home/albert/busystack/busymark/test/src/html_export_options_test.dart: single-file attachments retain download names and reject source data URLs
11:03 +2314: /home/albert/busystack/busymark/test/src/html_export_options_test.dart: CSS rejects unsafe URLs, imports, HTML, unreadable and oversized files
11:03 +2315: /home/albert/busystack/busymark/test/src/html_export_options_test.dart: repeated embedded assets are bounded before publication and keep old output
11:03 +2316: /home/albert/busystack/busymark/test/src/html_export_options_test.dart: HtmlPackaging.singleFile packages validated assets without source paths or fetching
11:03 +2317: /home/albert/busystack/busymark/test/src/html_export_options_test.dart: HtmlPackaging.assetsDirectory packages validated assets without source paths or fetching
11:03 +2318: loading /home/albert/busystack/busymark/test/src/rtl_glyphs_test.dart
11:04 +2318: /home/albert/busystack/busymark/test/src/rtl_glyphs_test.dart: navigation glyphs resolve for both reading directions
11:04 +2319: /home/albert/busystack/busymark/test/src/rtl_glyphs_test.dart: editing glyphs resolve for both reading directions
11:04 +2320: /home/albert/busystack/busymark/test/src/rtl_glyphs_test.dart: Git branch glyph does not mirror with reading direction
11:04 +2321: /home/albert/busystack/busymark/test/src/rtl_glyphs_test.dart: Git action glyphs have native menu equivalents
11:04 +2322: /home/albert/busystack/busymark/test/src/rtl_glyphs_test.dart: Arabic and Persian font fallbacks are available in the snap
11:04 +2323: loading /home/albert/busystack/busymark/test/src/source_comparison_test.dart
11:05 +2323: /home/albert/busystack/busymark/test/src/source_comparison_test.dart: keeps separated edits as exact separate changes
11:05 +2324: /home/albert/busystack/busymark/test/src/source_comparison_test.dart: handles repeated lines without losing exact offsets
11:05 +2325: /home/albert/busystack/busymark/test/src/source_comparison_test.dart: refines Unicode intraline ranges on UTF-16 boundaries
11:05 +2326: /home/albert/busystack/busymark/test/src/source_comparison_test.dart: distinguishes whitespace, final newline, empty, and XML changes
11:05 +2327: /home/albert/busystack/busymark/test/src/source_comparison_test.dart: labels an unanchored expensive comparison as simplified
11:05 +2328: /home/albert/busystack/busymark/test/src/source_comparison_test.dart: version identity detects stale comparison inputs
11:05 +2329: loading /home/albert/busystack/busymark/test/src/writerside_project_test.dart
11:07 +2329: /home/albert/busystack/busymark/test/src/writerside_project_test.dart: discovers modules, indexes symbols, and resolves origin references
11:08 +2330: /home/albert/busystack/busymark/test/src/writerside_project_test.dart: discovers and loads a module under build
11:08 +2331: /home/albert/busystack/busymark/test/src/writerside_project_test.dart: discovers and loads a module under a hidden directory
11:08 +2332: /home/albert/busystack/busymark/test/src/writerside_project_test.dart: module discovery hard-excludes VCS metadata directories
11:08 +2333: /home/albert/busystack/busymark/test/src/writerside_project_test.dart: topic ownership is project-wide and prefers the nested module
11:08 +2334: /home/albert/busystack/busymark/test/src/writerside_project_test.dart: workspace promotes a parent directory to a multi-module project
11:08 +2335: /home/albert/busystack/busymark/test/src/writerside_project_test.dart: topic symbols cannot be renamed independently of their files
11:08 +2336: /home/albert/busystack/busymark/test/src/writerside_project_test.dart: workspace module and instance selection changes active context
11:08 +2337: /home/albert/busystack/busymark/test/src/writerside_project_test.dart: reparse overlays indexed symbols and preserves unrelated diagnostics
11:08 +2338: /home/albert/busystack/busymark/test/src/writerside_project_test.dart: reparse of variables updates completion and resolution without reopening
11:08 +2339: /home/albert/busystack/busymark/test/src/writerside_project_test.dart: reparse of an instance tree updates active project context
11:08 +2340: /home/albert/busystack/busymark/test/src/writerside_project_test.dart: BusyMark matches the official builder semantic snapshot for the fixture
11:08 +2341: /home/albert/busystack/busymark/test/src/writerside_project_test.dart: conformance fixture preserves source and resolves semantic content
11:08 +2342: loading /home/albert/busystack/busymark/test/src/math_renderer_test.dart
11:09 +2342: /home/albert/busystack/busymark/test/src/math_renderer_test.dart: renders multiple expressions in one batch and isolates failure
11:09 +2343: /home/albert/busystack/busymark/test/src/math_renderer_test.dart: coalesces a large page, caches successes, and rebases local IDs
11:09 +2344: /home/albert/busystack/busymark/test/src/math_renderer_test.dart: deduplicates identical formulas pending in the same batch
11:09 +2345: /home/albert/busystack/busymark/test/src/math_renderer_test.dart: discards an obsolete block revision
11:09 +2346: /home/albert/busystack/busymark/test/src/math_renderer_test.dart: cancels WebKit work after a sole request is superseded
11:09 +2347: /home/albert/busystack/busymark/test/src/math_renderer_test.dart: maps timeout and unavailable hosts to local math failures
11:09 +2348: /home/albert/busystack/busymark/test/src/math_renderer_test.dart: rejects oversized input before invoking WebKit
11:09 +2349: /home/albert/busystack/busymark/test/src/math_renderer_test.dart: extracts baseline style and preserves vector-safe MathJax SVG
11:09 +2350: /home/albert/busystack/busymark/test/src/math_renderer_test.dart: resolves currentColor without flattening explicit SVG colors
11:09 +2351: /home/albert/busystack/busymark/test/src/math_renderer_test.dart: rebases wide MathJax coordinates before secure normalization
11:09 +2352: loading /home/albert/busystack/busymark/test/src/markdown_visualization_export_test.dart
11:10 +2352: /home/albert/busystack/busymark/test/src/markdown_visualization_export_test.dart: stages vector/raster assets, maps OpenAPI, and preserves failed source
11:13 +2353: /home/albert/busystack/busymark/test/src/markdown_visualization_export_test.dart: enforces the export block count without failing the document
11:13 +2354: /home/albert/busystack/busymark/test/src/markdown_visualization_export_test.dart: loads a Writerside referenced diagram before PDF rendering
11:13 +2355: /home/albert/busystack/busymark/test/src/markdown_visualization_export_test.dart: static OpenAPI export contains selectable reference sections
11:13 +2356: /home/albert/busystack/busymark/test/src/markdown_visualization_export_test.dart: Typst exports generated vector/raster assets and falls back on failure
11:13 +2357: loading /home/albert/busystack/busymark/test/src/gtk_window_preferences_service_test.dart
11:14 +2357: /home/albert/busystack/busymark/test/src/gtk_window_preferences_service_test.dart: parses every GTK 3 decoration token in physical order
11:14 +2358: /home/albert/busystack/busymark/test/src/gtk_window_preferences_service_test.dart: ignores unknown controls and actions safely
11:14 +2359: /home/albert/busystack/busymark/test/src/gtk_window_preferences_service_test.dart: loads preferences and delegates the narrowly scoped lower action
11:14 +2360: /home/albert/busystack/busymark/test/src/gtk_window_preferences_service_test.dart: window preference values have stable equality
11:14 +2361: /home/albert/busystack/busymark/test/src/gtk_window_preferences_service_test.dart: null decoration layout uses the documented GTK 3 default
11:14 +2362: loading /home/albert/busystack/busymark/test/src/visualization_release_smoke_test.dart
11:16 +2362: /home/albert/busystack/busymark/test/src/visualization_release_smoke_test.dart: release smoke report path requires an explicit nonempty argument
11:16 +2363: loading /home/albert/busystack/busymark/test/src/spelling_release_smoke_test.dart
11:18 +2363: /home/albert/busystack/busymark/test/src/spelling_release_smoke_test.dart: spelling release smoke requires an explicit guarded report path
11:18 +2364: loading /home/albert/busystack/busymark/test/src/system_accent_test.dart
11:19 +2364: /home/albert/busystack/busymark/test/src/system_accent_test.dart: uses the native Yaru orange accent as the offline fallback
11:19 +2365: /home/albert/busystack/busymark/test/src/system_accent_test.dart: keeps exact RGB portal accent color values authoritative
11:19 +2366: /home/albert/busystack/busymark/test/src/system_accent_test.dart: maps Ubuntu accent names when RGB portal value is unavailable
11:19 +2367: /home/albert/busystack/busymark/test/src/system_accent_test.dart: falls back to RGB when the Ubuntu accent is unavailable
11:19 +2368: /home/albert/busystack/busymark/test/src/system_accent_test.dart: Yaru accent wins over a different generic portal RGB
11:19 +2369: /home/albert/busystack/busymark/test/src/system_accent_test.dart: a Yaru accent signal remains authoritative over generic RGB
11:19 +2370: /home/albert/busystack/busymark/test/src/system_accent_test.dart: an unavailable named accent releases the current generic RGB
11:19 +2371: /home/albert/busystack/busymark/test/src/system_accent_test.dart: portal subscribes before both reads and retains changes during reads
11:19 +2372: /home/albert/busystack/busymark/test/src/system_accent_test.dart: missing portal keys, malformed signals, cancellation and resubscription
11:19 +2373: /home/albert/busystack/busymark/test/src/system_accent_test.dart: generic portal initialization cannot overwrite a newer generic change
11:19 +2374: /home/albert/busystack/busymark/test/src/system_accent_test.dart: GTK wins with gtkFirst=true; unavailability selects current portal
11:19 +2375: /home/albert/busystack/busymark/test/src/system_accent_test.dart: GTK wins with gtkFirst=false; unavailability selects current portal
11:19 +2376: /home/albert/busystack/busymark/test/src/system_accent_test.dart: source errors remain independent and healthy native updates continue
11:19 +2377: /home/albert/busystack/busymark/test/src/system_accent_test.dart: startup changes supersede native snapshots, including unavailable changes
11:19 +2378: /home/albert/busystack/busymark/test/src/system_accent_test.dart: disposal completes pending startup and cancels each owned source once
11:19 +2379: /home/albert/busystack/busymark/test/src/system_accent_test.dart: valid GTK releases startup while portal reads stay pending
11:19 +2380: /home/albert/busystack/busymark/test/src/system_accent_test.dart: generic signal cannot resolve startup before pending named read
11:19 +2381: /home/albert/busystack/busymark/test/src/system_accent_test.dart: valid named portal releases startup without pending RGB
11:19 +2382: /home/albert/busystack/busymark/test/src/system_accent_test.dart: pending GTK blocks ready portal until GTK arrives before deadline
11:19 +2383: /home/albert/busystack/busymark/test/src/system_accent_test.dart: pending named releases retained RGB on unavailable
11:19 +2384: /home/albert/busystack/busymark/test/src/system_accent_test.dart: pending named releases retained RGB on failure
11:19 +2385: /home/albert/busystack/busymark/test/src/system_accent_test.dart: pending named releases retained RGB on deadline
11:19 +2386: /home/albert/busystack/busymark/test/src/system_accent_test.dart: all silent sources time out to orange and late sources recover
11:19 +2387: /home/albert/busystack/busymark/test/src/system_accent_test.dart: pending initialization disposal cancels timers and portal session once
11:19 +2388: loading /home/albert/busystack/busymark/test/src/pdf_front_matter_render_test.dart
11:22 +2388: /home/albert/busystack/busymark/test/src/pdf_front_matter_render_test.dart: Markdown: cover=false toc=false section order and native links
11:22 +2389: /home/albert/busystack/busymark/test/src/pdf_front_matter_render_test.dart: Markdown: cover=false toc=true section order and native links
11:22 +2390: /home/albert/busystack/busymark/test/src/pdf_front_matter_render_test.dart: Markdown: cover=true toc=false section order and native links
11:23 +2391: /home/albert/busystack/busymark/test/src/pdf_front_matter_render_test.dart: Markdown: cover=true toc=true section order and native links
11:23 +2392: /home/albert/busystack/busymark/test/src/pdf_front_matter_render_test.dart: Writerside: cover=false toc=false section order and native links
11:23 +2393: /home/albert/busystack/busymark/test/src/pdf_front_matter_render_test.dart: Writerside: cover=false toc=true section order and native links
11:23 +2394: /home/albert/busystack/busymark/test/src/pdf_front_matter_render_test.dart: Writerside: cover=true toc=false section order and native links
11:23 +2395: /home/albert/busystack/busymark/test/src/pdf_front_matter_render_test.dart: Writerside: cover=true toc=true section order and native links
11:23 +2396: /home/albert/busystack/busymark/test/src/pdf_front_matter_render_test.dart: multipage native outline ends before any body paragraphs; links and page references stay correct
11:24 +2397: /home/albert/busystack/busymark/test/src/pdf_front_matter_render_test.dart: cover suppresses running text, physical first=false numbers=bottomCenter
11:24 +2398: /home/albert/busystack/busymark/test/src/pdf_front_matter_render_test.dart: cover suppresses running text, physical first=false numbers=off
11:24 +2399: /home/albert/busystack/busymark/test/src/pdf_front_matter_render_test.dart: cover suppresses running text, physical first=true numbers=bottomCenter
11:24 +2400: /home/albert/busystack/busymark/test/src/pdf_front_matter_render_test.dart: cover suppresses running text, physical first=true numbers=off
11:24 +2401: /home/albert/busystack/busymark/test/src/pdf_front_matter_render_test.dart: cover wraps Unicode and multiline metadata within sansSerif portrait margins
11:25 +2402: /home/albert/busystack/busymark/test/src/pdf_front_matter_render_test.dart: cover wraps Unicode and multiline metadata within sansSerif landscape margins
11:25 +2403: /home/albert/busystack/busymark/test/src/pdf_front_matter_render_test.dart: cover wraps Unicode and multiline metadata within serif portrait margins
11:25 +2404: /home/albert/busystack/busymark/test/src/pdf_front_matter_render_test.dart: cover wraps Unicode and multiline metadata within serif landscape margins
11:26 +2405: /home/albert/busystack/busymark/test/src/pdf_front_matter_render_test.dart: request defaults come from source metadata and native outline title stays localized
11:26 +2406: /home/albert/busystack/busymark/test/src/pdf_front_matter_render_test.dart: an oversized cover fails clearly and leaves the existing PDF untouched
11:26 +2407: /home/albert/busystack/busymark/test/src/pdf_front_matter_render_test.dart: Chinese cover without spaces wraps onto two lines in sansSerif
11:26 +2408: /home/albert/busystack/busymark/test/src/pdf_front_matter_render_test.dart: Chinese cover without spaces wraps onto two lines in serif
11:26 +2409: /home/albert/busystack/busymark/test/src/pdf_front_matter_render_test.dart: CJK non-breaking sequence U+a0 fails without replacing the PDF
11:27 +2410: /home/albert/busystack/busymark/test/src/pdf_front_matter_render_test.dart: CJK non-breaking sequence U+2060 fails without replacing the PDF
11:27 +2411: /home/albert/busystack/busymark/test/src/pdf_front_matter_render_test.dart: unbroken title stays within A4 cover bounds or fails without replacing the PDF
11:27 +2412: /home/albert/busystack/busymark/test/src/pdf_front_matter_render_test.dart: unbroken subtitle stays within A4 cover bounds or fails without replacing the PDF
11:28 +2413: /home/albert/busystack/busymark/test/src/pdf_front_matter_render_test.dart: unbroken author stays within A4 cover bounds or fails without replacing the PDF
11:28 +2414: /home/albert/busystack/busymark/test/src/pdf_front_matter_render_test.dart: unbroken organization stays within A4 cover bounds or fails without replacing the PDF
11:28 +2415: /home/albert/busystack/busymark/test/src/pdf_front_matter_render_test.dart: unbroken version stays within A4 cover bounds or fails without replacing the PDF
11:28 +2416: /home/albert/busystack/busymark/test/src/pdf_front_matter_render_test.dart: unbroken date stays within A4 cover bounds or fails without replacing the PDF
11:29 +2417: /home/albert/busystack/busymark/test/src/pdf_front_matter_render_test.dart: unbroken title stays within narrow custom cover bounds or fails without replacing the PDF
11:29 +2418: /home/albert/busystack/busymark/test/src/pdf_front_matter_render_test.dart: unbroken subtitle stays within narrow custom cover bounds or fails without replacing the PDF
11:29 +2419: /home/albert/busystack/busymark/test/src/pdf_front_matter_render_test.dart: unbroken author stays within narrow custom cover bounds or fails without replacing the PDF
11:29 +2420: /home/albert/busystack/busymark/test/src/pdf_front_matter_render_test.dart: unbroken organization stays within narrow custom cover bounds or fails without replacing the PDF
11:29 +2421: /home/albert/busystack/busymark/test/src/pdf_front_matter_render_test.dart: unbroken version stays within narrow custom cover bounds or fails without replacing the PDF
11:29 +2422: /home/albert/busystack/busymark/test/src/pdf_front_matter_render_test.dart: unbroken date stays within narrow custom cover bounds or fails without replacing the PDF
11:30 +2423: loading /home/albert/busystack/busymark/test/src/spelling_workspace_test.dart
11:30 +2423: /home/albert/busystack/busymark/test/src/spelling_workspace_test.dart: workspace spelling UI has no obsolete floating or Material chooser
11:30 +2424: /home/albert/busystack/busymark/test/src/spelling_workspace_test.dart: Writerside nested TOC and comment retain rich spelling through correction
11:36 +2425: /home/albert/busystack/busymark/test/src/spelling_workspace_test.dart: rich image review preserves authored source through undo and redo
11:40 +2426: /home/albert/busystack/busymark/test/src/spelling_workspace_test.dart: rich review preserves nested code image beside math through undo and redo
11:43 +2427: /home/albert/busystack/busymark/test/src/spelling_workspace_test.dart: rich review preserves nested address image beside math through undo and redo
11:46 +2428: /home/albert/busystack/busymark/test/src/spelling_workspace_test.dart: Ctrl+N typing paints live spelling targets and corrects with undo
11:49 +2429: /home/albert/busystack/busymark/test/src/spelling_workspace_test.dart: confirmed spelling underline survives continued typing
11:50 +2430: /home/albert/busystack/busymark/test/src/spelling_workspace_test.dart: real rich review retains later visits after serialization: helo caf&#233;

wrld

11:52 +2431: /home/albert/busystack/busymark/test/src/spelling_workspace_test.dart: real rich review retains later visits after serialization: helo  
world

wrld

11:55 +2432: /home/albert/busystack/busymark/test/src/spelling_workspace_test.dart: real rich review retains later visits after serialization: | helo caf&#233; |
| --- |
| hello |

wrld

11:58 +2433: /home/albert/busystack/busymark/test/src/spelling_workspace_test.dart: missing dictionary uses one integrated banner in editor
11:58 +2434: /home/albert/busystack/busymark/test/src/spelling_workspace_test.dart: missing dictionary uses one integrated banner in split
11:59 +2435: /home/albert/busystack/busymark/test/src/spelling_workspace_test.dart: language-required state uses compact document status instead of a banner
12:00 +2436: /home/albert/busystack/busymark/test/src/spelling_workspace_test.dart: general Markdown fixture finishes automatic rich spelling
12:05 +2437: /home/albert/busystack/busymark/test/src/spelling_workspace_test.dart: pasted formatted job finishes automatic spelling in editor
12:06 +2438: /home/albert/busystack/busymark/test/src/spelling_workspace_test.dart: pasted formatted job finishes automatic spelling in source
12:07 +2439: /home/albert/busystack/busymark/test/src/spelling_workspace_test.dart: new rich document checks spelling after choosing its language
12:09 +2440: /home/albert/busystack/busymark/test/src/spelling_workspace_test.dart: new source document checks spelling after choosing its language
12:10 +2441: /home/albert/busystack/busymark/test/src/spelling_workspace_test.dart: uses one document status strip in editor mode
12:11 +2442: /home/albert/busystack/busymark/test/src/spelling_workspace_test.dart: uses one document status strip in source mode
12:11 +2443: /home/albert/busystack/busymark/test/src/spelling_workspace_test.dart: uses one document status strip in preview mode
12:12 +2444: /home/albert/busystack/busymark/test/src/spelling_workspace_test.dart: uses one document status strip in split mode
12:13 +2445: /home/albert/busystack/busymark/test/src/spelling_workspace_test.dart: spelling-off status remains an actionable language control
12:14 +2446: /home/albert/busystack/busymark/test/src/spelling_workspace_test.dart: status initializes the chooser when automatic spelling is off
12:15 +2447: /home/albert/busystack/busymark/test/src/spelling_workspace_test.dart: banner installs the required dictionary and then conceals
12:17 +2448: /home/albert/busystack/busymark/test/src/spelling_workspace_test.dart: failed banner installation keeps the unresolved state
12:18 +2449: /home/albert/busystack/busymark/test/src/spelling_workspace_test.dart: routine checking does not create persistent editor chrome
12:19 +2450: /home/albert/busystack/busymark/test/src/spelling_workspace_test.dart: automatic spelling failure is visible in the compact banner
12:19 +2451: /home/albert/busystack/busymark/test/src/spelling_workspace_test.dart: automatic incomplete projection is visible in the compact banner
12:20 +2452: /home/albert/busystack/busymark/test/src/spelling_workspace_test.dart: native spelling submenu applies immediate language choices
12:21 +2453: /home/albert/busystack/busymark/test/src/spelling_workspace_test.dart: cancelling document dictionary install preserves override
12:22 +2454: /home/albert/busystack/busymark/test/src/spelling_workspace_test.dart: document language changes only after dictionary installation
12:25 +2455: /home/albert/busystack/busymark/test/src/spelling_workspace_test.dart: failed document dictionary install preserves override
12:27 +2456: loading /home/albert/busystack/busymark/test/src/wysiwyg_clipboard_test.dart
12:27 +2456: /home/albert/busystack/busymark/test/src/wysiwyg_clipboard_test.dart: native fragment preserves formatting and structured blocks through JSON
12:28 +2457: /home/albert/busystack/busymark/test/src/wysiwyg_clipboard_test.dart: single rich paragraphs preserve list descendants through source
12:28 +2458: /home/albert/busystack/busymark/test/src/wysiwyg_clipboard_test.dart: fragment rejects invalid versions, ranges, kinds, and excessive nesting
12:28 +2459: /home/albert/busystack/busymark/test/src/wysiwyg_clipboard_test.dart: relative links are rebased for another document
12:28 +2460: /home/albert/busystack/busymark/test/src/wysiwyg_clipboard_test.dart: inline images retain their source media path between projects
12:28 +2461: /home/albert/busystack/busymark/test/src/wysiwyg_clipboard_test.dart: Writerside structure survives the fragment and insertion
12:28 +2462: /home/albert/busystack/busymark/test/src/wysiwyg_clipboard_test.dart: styled table-cell insertion preserves emphasis and table structure
12:28 +2463: /home/albert/busystack/busymark/test/src/wysiwyg_clipboard_test.dart: clipboard service serializes writes and reads the latest result
12:28 +2464: /home/albert/busystack/busymark/test/src/wysiwyg_clipboard_test.dart: clipboard HTML carries headings, emphasis, tasks, tables, and code
12:28 +2465: /home/albert/busystack/busymark/test/src/wysiwyg_clipboard_test.dart: external HTML blockquotes survive Editor serialization
12:28 +2466: /home/albert/busystack/busymark/test/src/wysiwyg_clipboard_test.dart: clipboard fragment serializes its selected structure as Markdown
12:28 +2467: /home/albert/busystack/busymark/test/src/wysiwyg_clipboard_test.dart: HTML normalization preserves supported CSS and checkbox state safely
12:28 +2468: /home/albert/busystack/busymark/test/src/wysiwyg_clipboard_test.dart: Editor clipboard text-only URL paste then ordinary Enter recognizes a live link (plainText=false)
12:30 +2469: /home/albert/busystack/busymark/test/src/wysiwyg_clipboard_test.dart: Editor clipboard text-only URL paste then ordinary Enter recognizes a live link (plainText=true)
12:30 +2470: /home/albert/busystack/busymark/test/src/wysiwyg_clipboard_test.dart: Editor clipboard text-only URL suffix < survives Enter, source reload and label edit
12:31 +2471: /home/albert/busystack/busymark/test/src/wysiwyg_clipboard_test.dart: Editor clipboard text-only URL suffix *< survives Enter, source reload and label edit
12:31 +2472: /home/albert/busystack/busymark/test/src/wysiwyg_clipboard_test.dart: Editor clipboard text-only URL suffix * survives Enter, source reload and label edit
12:31 +2473: /home/albert/busystack/busymark/test/src/wysiwyg_clipboard_test.dart: Editor clipboard text-only URL character-reference suffix survives Enter and reopening: &copy;
12:32 +2474: /home/albert/busystack/busymark/test/src/wysiwyg_clipboard_test.dart: Editor clipboard text-only URL character-reference suffix survives Enter and reopening: &amp;
12:32 +2475: /home/albert/busystack/busymark/test/src/wysiwyg_clipboard_test.dart: Editor clipboard text-only URL character-reference suffix survives Enter and reopening: &amp;*<tag>
12:32 +2476: /home/albert/busystack/busymark/test/src/wysiwyg_clipboard_test.dart: Editor clipboard formatting only a pasted URL suffix preserves the boundary (nested=false)
12:32 +2477: /home/albert/busystack/busymark/test/src/wysiwyg_clipboard_test.dart: Editor clipboard formatting only a pasted URL suffix preserves the boundary (nested=true)
12:33 +2478: /home/albert/busystack/busymark/test/src/wysiwyg_clipboard_test.dart: Editor clipboard pasted URL retains live link coverage through split, Backspace and suffix formatting
12:33 +2479: /home/albert/busystack/busymark/test/src/wysiwyg_clipboard_test.dart: Editor clipboard fresh Editor restores system clipboard formatting and undo
12:33 +2480: /home/albert/busystack/busymark/test/src/wysiwyg_clipboard_test.dart: Editor clipboard Editor pastes a web layout table as a complete document
12:34 +2481: /home/albert/busystack/busymark/test/src/wysiwyg_clipboard_test.dart: Editor clipboard complete heading list and code blocks retain structure at every paragraph position
12:35 +2482: /home/albert/busystack/busymark/test/src/wysiwyg_clipboard_test.dart: Editor clipboard complete blocks in list items preserve descendants and undo tree
12:36 +2483: /home/albert/busystack/busymark/test/src/wysiwyg_clipboard_test.dart: Editor clipboard single rich paragraph field replacement preserves every list subtree
12:36 +2484: /home/albert/busystack/busymark/test/src/wysiwyg_clipboard_test.dart: Editor clipboard history rich paste keeps the committed caret and typing position
12:36 +2485: /home/albert/busystack/busymark/test/src/wysiwyg_clipboard_test.dart: Editor clipboard rich paste in math fields uses source coordinates
12:37 +2486: /home/albert/busystack/busymark/test/src/wysiwyg_clipboard_test.dart: Editor clipboard math structural paste returns the committed block caret
12:37 +2487: /home/albert/busystack/busymark/test/src/wysiwyg_clipboard_test.dart: Editor clipboard math structural paste preserves list descendants through Undo and Redo
12:37 +2488: /home/albert/busystack/busymark/test/src/wysiwyg_clipboard_test.dart: Editor clipboard plain paste persists intentional whitespace through history
12:38 +2489: /home/albert/busystack/busymark/test/src/wysiwyg_clipboard_test.dart: Editor clipboard whole-document paste preserves whitespace and heading replacement scope
12:38 +2490: /home/albert/busystack/busymark/test/src/wysiwyg_clipboard_test.dart: Editor clipboard history rich paste restores table-cell focus and committed caret
12:38 +2491: /home/albert/busystack/busymark/test/src/wysiwyg_clipboard_test.dart: Editor clipboard history multi-paragraph paste focuses the committed last paragraph
12:39 +2492: /home/albert/busystack/busymark/test/src/wysiwyg_clipboard_test.dart: Editor clipboard copy all does not duplicate nested list children
12:39 +2493: /home/albert/busystack/busymark/test/src/wysiwyg_clipboard_test.dart: Editor clipboard whole-document copy preserves a structured blockquote
12:39 +2494: /home/albert/busystack/busymark/test/src/wysiwyg_clipboard_test.dart: Editor clipboard right-click opens the menu for a whole-document selection
12:39 +2495: /home/albert/busystack/busymark/test/src/wysiwyg_clipboard_test.dart: Editor clipboard image-only clipboard context menu offers only normal Paste
12:39 +2496: /home/albert/busystack/busymark/test/src/wysiwyg_clipboard_test.dart: Editor clipboard Copy Plain Text strips formatting in another Editor
12:40 +2497: /home/albert/busystack/busymark/test/src/wysiwyg_clipboard_test.dart: Editor clipboard document selection menu can copy plain text
12:40 +2498: /home/albert/busystack/busymark/test/src/wysiwyg_clipboard_test.dart: Editor clipboard partial inline copy keeps formatting inside another paragraph
12:40 +2499: /home/albert/busystack/busymark/test/src/wysiwyg_clipboard_test.dart: Editor clipboard cut transfers formatting before deleting the selection
12:40 +2500: /home/albert/busystack/busymark/test/src/wysiwyg_clipboard_test.dart: Editor clipboard malformed native fragment falls back to HTML
12:40 +2501: /home/albert/busystack/busymark/test/src/wysiwyg_clipboard_test.dart: Editor clipboard HTML-only clipboard imports into a fresh Editor
12:40 +2502: /home/albert/busystack/busymark/test/src/wysiwyg_clipboard_test.dart: Editor clipboard HTML clipboard plain paste inserts only its text
12:40 +2503: /home/albert/busystack/busymark/test/src/wysiwyg_clipboard_test.dart: Editor clipboard retained external HTML preserves structure on history paste
12:41 +2504: /home/albert/busystack/busymark/test/src/wysiwyg_clipboard_test.dart: Editor clipboard current HTML-only and malformed HTML use ordinary importer fallbacks
12:41 +2505: /home/albert/busystack/busymark/test/src/wysiwyg_clipboard_test.dart: Editor clipboard external image history retains the bytes ingested before its dialog
12:45 +2506: /home/albert/busystack/busymark/test/src/wysiwyg_clipboard_test.dart: Editor clipboard history panel path paste has one editor-owned retention write
12:48 +2507: /home/albert/busystack/busymark/test/src/wysiwyg_clipboard_test.dart: Editor clipboard copied local video can be pasted from history in Editor
12:49 +2508: /home/albert/busystack/busymark/test/src/wysiwyg_clipboard_test.dart: Editor clipboard image paste cancellation is terminal and cleans new assets
12:53 +2509: /home/albert/busystack/busymark/test/src/wysiwyg_clipboard_test.dart: Editor clipboard image picker alternatives stay provisional until acceptance
13:05 +2510: /home/albert/busystack/busymark/test/src/wysiwyg_clipboard_test.dart: Editor clipboard image finalization failure preserves the inserted reference and file
13:07 +2511: /home/albert/busystack/busymark/test/src/wysiwyg_clipboard_test.dart: Editor clipboard native and history image filesystem failures are handled outcomes
13:07 +2512: /home/albert/busystack/busymark/test/src/wysiwyg_clipboard_test.dart: Editor clipboard plain history paste replaces a document selection ending at a non-field block
13:07 +2513: /home/albert/busystack/busymark/test/src/wysiwyg_clipboard_test.dart: Editor clipboard image history follows table and multi-block destinations
13:09 +2514: /home/albert/busystack/busymark/test/src/wysiwyg_clipboard_test.dart: Editor clipboard Ctrl+Shift+V pastes only interoperable plain text
13:10 +2515: /home/albert/busystack/busymark/test/src/wysiwyg_clipboard_test.dart: Editor clipboard plain paste never probes or ingests an existing image path
13:10 +2516: /home/albert/busystack/busymark/test/src/wysiwyg_clipboard_test.dart: Editor clipboard failed clipboard write leaves cut selection intact
13:10 +2517: /home/albert/busystack/busymark/test/src/wysiwyg_clipboard_test.dart: Editor clipboard paste does not edit a destination changed during the read
13:10 +2518: /home/albert/busystack/busymark/test/src/wysiwyg_clipboard_test.dart: Editor clipboard Editor paste preserves composition before and during reads
13:10 +2519: /home/albert/busystack/busymark/test/src/wysiwyg_clipboard_test.dart: Editor clipboard table-cell paste shortcut is consumed during composition
13:10 +2520: /home/albert/busystack/busymark/test/src/wysiwyg_clipboard_test.dart: Editor clipboard composition starting during image ingestion invalidates and cleans paste
13:11 +2521: /home/albert/busystack/busymark/test/src/wysiwyg_clipboard_test.dart: Editor clipboard cut does not delete a selection changed during the write
13:11 +2522: /home/albert/busystack/busymark/test/src/wysiwyg_clipboard_test.dart: Editor clipboard paste is cancelled when the destination Editor is replaced
13:12 +2523: loading /home/albert/busystack/busymark/test/src/surface_palette_render_test.dart
13:13 +2523: /home/albert/busystack/busymark/test/src/surface_palette_render_test.dart: renders the reviewed light surface palette
13:14 +2524: /home/albert/busystack/busymark/test/src/surface_palette_render_test.dart: renders the reviewed dark surface palette
13:14 +2525: loading /home/albert/busystack/busymark/test/src/writerside_title_regressions_test.dart
13:16 +2525: /home/albert/busystack/busymark/test/src/writerside_title_regressions_test.dart: title edit preserves the resolved topic owner across modules
13:17 +2526: /home/albert/busystack/busymark/test/src/writerside_title_regressions_test.dart: multiline quoted titles change and clear safely (1, ")
13:17 +2527: /home/albert/busystack/busymark/test/src/writerside_title_regressions_test.dart: clearing a multiline TOC override removes the existing attribute (1, ")
13:17 +2528: /home/albert/busystack/busymark/test/src/writerside_title_regressions_test.dart: multiline quoted titles change and clear safely (1, ')
13:17 +2529: /home/albert/busystack/busymark/test/src/writerside_title_regressions_test.dart: clearing a multiline TOC override removes the existing attribute (1, ')
13:17 +2530: /home/albert/busystack/busymark/test/src/writerside_title_regressions_test.dart: multiline quoted titles change and clear safely (2, ")
13:18 +2531: /home/albert/busystack/busymark/test/src/writerside_title_regressions_test.dart: clearing a multiline TOC override removes the existing attribute (2, ")
13:18 +2532: /home/albert/busystack/busymark/test/src/writerside_title_regressions_test.dart: multiline quoted titles change and clear safely (2, ')
13:18 +2533: /home/albert/busystack/busymark/test/src/writerside_title_regressions_test.dart: clearing a multiline TOC override removes the existing attribute (2, ')
13:18 +2534: /home/albert/busystack/busymark/test/src/writerside_title_regressions_test.dart: normalized title identity still rejects changed content and raw matching stays exact
13:18 +2535: /home/albert/busystack/busymark/test/src/writerside_title_regressions_test.dart: title transaction rejects missing attribute ranges before publication
13:18 +2536: /home/albert/busystack/busymark/test/src/writerside_title_regressions_test.dart: title transaction rejects corrupt attribute ranges before publication
13:18 +2537: /home/albert/busystack/busymark/test/src/writerside_title_regressions_test.dart: title publication rejects duplicate attributes in resulting XML
13:18 +2538: /home/albert/busystack/busymark/test/src/writerside_title_regressions_test.dart: semantic Markdown instance titles ignore fenced examples and decode once (")
13:18 +2539: /home/albert/busystack/busymark/test/src/writerside_title_regressions_test.dart: semantic Markdown instance titles ignore fenced examples and decode once (')
13:18 +2540: /home/albert/busystack/busymark/test/src/writerside_title_regressions_test.dart: instance title save, reopen, unchanged OK, and edit keep one escaping layer
13:20 +2541: /home/albert/busystack/busymark/test/src/writerside_title_regressions_test.dart: single-quoted Markdown override reopens decoded and edits without touching example
13:20 +2542: loading /home/albert/busystack/busymark/test/src/linux_accent_provider_test.dart
13:21 +2542: /home/albert/busystack/busymark/test/src/linux_accent_provider_test.dart: production provider consumes an older GTK accent without portals
13:21 +2543: /home/albert/busystack/busymark/test/src/linux_accent_provider_test.dart: non-Linux never creates platform listeners
13:21 +2544: /home/albert/busystack/busymark/test/src/linux_accent_provider_test.dart: missing native snapshot uses portal, then native events regain priority
13:21 +2545: /home/albert/busystack/busymark/test/src/linux_accent_provider_test.dart: first application frame and live light/dark themes: GTK with silent portals
13:22 +2546: /home/albert/busystack/busymark/test/src/linux_accent_provider_test.dart: first application frame and live light/dark themes: named with silent RGB
13:22 +2547: /home/albert/busystack/busymark/test/src/linux_accent_provider_test.dart: first application frame and live light/dark themes: pending GTK before deadline
13:22 +2548: /home/albert/busystack/busymark/test/src/linux_accent_provider_test.dart: first application frame and live light/dark themes: pending GTK at deadline
13:22 +2549: /home/albert/busystack/busymark/test/src/linux_accent_provider_test.dart: first application frame and live light/dark themes: pending named becomes valid
13:22 +2550: /home/albert/busystack/busymark/test/src/linux_accent_provider_test.dart: first application frame and live light/dark themes: pending named becomes unavailable
13:22 +2551: /home/albert/busystack/busymark/test/src/linux_accent_provider_test.dart: first application frame and live light/dark themes: pending named at deadline
13:22 +2552: /home/albert/busystack/busymark/test/src/linux_accent_provider_test.dart: first application frame and live light/dark themes: all silent at deadline
13:22 +2553: /home/albert/busystack/busymark/test/src/linux_accent_provider_test.dart: application scope teardown cancels unresolved startup deadlines
13:22 +2554: loading /home/albert/busystack/busymark/test/src/markdown_parser_test.dart
13:23 +2554: /home/albert/busystack/busymark/test/src/markdown_parser_test.dart: inline source mapping uses parsed formatting boundaries
13:23 +2555: /home/albert/busystack/busymark/test/src/markdown_parser_test.dart: inline source mapping locates partially consumed delimiter runs
13:23 +2556: /home/albert/busystack/busymark/test/src/markdown_parser_test.dart: inline source mapping retains escaped collapsed references
13:23 +2557: /home/albert/busystack/busymark/test/src/markdown_parser_test.dart: inline source mapping keeps original autolink semantics
13:23 +2558: /home/albert/busystack/busymark/test/src/markdown_parser_test.dart: inline source mapping preserves supported autolink variants
13:23 +2559: /home/albert/busystack/busymark/test/src/markdown_parser_test.dart: inline source mapping uses parser case folding for references
13:23 +2560: /home/albert/busystack/busymark/test/src/markdown_parser_test.dart: ordinary reference parsing retains pinned sharp-S folding behavior
13:23 +2561: /home/albert/busystack/busymark/test/src/markdown_parser_test.dart: invalid email-like text cannot orphan a later mapped link
13:23 +2562: /home/albert/busystack/busymark/test/src/markdown_parser_test.dart: block inline mapping projects logical content to container source
13:23 +2563: /home/albert/busystack/busymark/test/src/markdown_parser_test.dart: positioned block mapping accepts a trailing empty logical line
13:23 +2564: /home/albert/busystack/busymark/test/src/markdown_parser_test.dart: block inline mapping ignores title and code-span source breaks
13:23 +2565: /home/albert/busystack/busymark/test/src/markdown_parser_test.dart: block inline mapping keeps each hard-break occurrence range
13:23 +2566: /home/albert/busystack/busymark/test/src/markdown_parser_test.dart: block inline mapping matches standalone HTML break layout
13:23 +2567: /home/albert/busystack/busymark/test/src/markdown_parser_test.dart: block inline mapping projects HTML break layout through containers
13:23 +2568: /home/albert/busystack/busymark/test/src/markdown_parser_test.dart: HTML break layout mapping preserves soft breaks and literal code
13:23 +2569: /home/albert/busystack/busymark/test/src/markdown_parser_test.dart: extracts title, outline, links, images, and code fences
13:24 +2570: /home/albert/busystack/busymark/test/src/markdown_parser_test.dart: extracts front matter title
13:24 +2571: /home/albert/busystack/busymark/test/src/markdown_parser_test.dart: Writerside Markdown title comes from H1, not front matter
13:24 +2572: /home/albert/busystack/busymark/test/src/markdown_parser_test.dart: Writerside front matter title does not satisfy missing H1
13:24 +2573: /home/albert/busystack/busymark/test/src/markdown_parser_test.dart: parseAsync handles documents above the background threshold
13:24 +2574: /home/albert/busystack/busymark/test/src/markdown_parser_test.dart: generates Unicode heading anchors for supported languages
13:24 +2575: /home/albert/busystack/busymark/test/src/markdown_parser_test.dart: deduplicates generated heading IDs in source order
13:24 +2576: /home/albert/busystack/busymark/test/src/markdown_parser_test.dart: generates heading IDs from semantic inline text
13:24 +2577: /home/albert/busystack/busymark/test/src/markdown_parser_test.dart: canonicalizes valid ATX and setext heading variants
13:24 +2578: /home/albert/busystack/busymark/test/src/markdown_parser_test.dart: retains Writerside title when complex list source needs fallback
13:24 +2579: /home/albert/busystack/busymark/test/src/markdown_parser_test.dart: detects unresolved links, missing images, and missing alt text
13:24 +2580: /home/albert/busystack/busymark/test/src/markdown_parser_test.dart: does not validate schemed URIs as local references
13:24 +2581: /home/albert/busystack/busymark/test/src/markdown_parser_test.dart: resolves home-relative local image references
13:24 +2582: /home/albert/busystack/busymark/test/src/markdown_parser_test.dart: derives diagnostic links and images from Markdown AST semantics
13:24 +2583: /home/albert/busystack/busymark/test/src/markdown_parser_test.dart: normal Markdown image diagnostics stay within the workspace root
13:24 +2584: /home/albert/busystack/busymark/test/src/markdown_parser_test.dart: local reference diagnostics allow absolute images but reject other escapes
13:24 +2585: /home/albert/busystack/busymark/test/src/markdown_parser_test.dart: cross-linked Markdown anchor validation does not recurse forever
13:24 +2586: /home/albert/busystack/busymark/test/src/markdown_parser_test.dart: local link validation stays inside the workspace root
13:24 +2587: /home/albert/busystack/busymark/test/src/markdown_parser_test.dart: local link validation does not read unsupported anchor targets
13:24 +2588: /home/albert/busystack/busymark/test/src/markdown_parser_test.dart: local link validation does not read oversized Markdown targets
13:25 +2589: /home/albert/busystack/busymark/test/src/markdown_parser_test.dart: detects unsafe raw HTML
13:25 +2590: /home/albert/busystack/busymark/test/src/markdown_parser_test.dart: safe raw HTML does not produce unsafe diagnostics
13:25 +2591: /home/albert/busystack/busymark/test/src/markdown_parser_test.dart: Markdown headings inside paired raw HTML are not outline headings
13:25 +2592: /home/albert/busystack/busymark/test/src/markdown_parser_test.dart: unsafe raw HTML tags produce unsafe diagnostics
13:25 +2593: /home/albert/busystack/busymark/test/src/markdown_parser_test.dart: unsafe raw HTML attributes produce unsafe diagnostics
13:25 +2594: /home/albert/busystack/busymark/test/src/markdown_parser_test.dart: unsafe raw HTML URLs produce unsafe diagnostics
13:25 +2595: /home/albert/busystack/busymark/test/src/markdown_parser_test.dart: deeply nested raw HTML produces unsafe diagnostic
13:25 +2596: /home/albert/busystack/busymark/test/src/markdown_parser_test.dart: safe HTML tags do not become Writerside XML blocks
13:25 +2597: /home/albert/busystack/busymark/test/src/markdown_parser_test.dart: extracts Writerside Markdown XML blocks and variables
13:25 +2598: /home/albert/busystack/busymark/test/src/markdown_parser_test.dart: emits deterministic Markdown accessibility diagnostics
13:25 +2599: /home/albert/busystack/busymark/test/src/markdown_parser_test.dart: does not report populated table headers as empty
13:25 +2600: loading /home/albert/busystack/busymark/test/src/feedback_submission_test.dart
13:25 +2600: /home/albert/busystack/busymark/test/src/feedback_submission_test.dart: FeedbackValidator requires category and enforces subject and message bounds
13:25 +2601: /home/albert/busystack/busymark/test/src/feedback_submission_test.dart: FeedbackValidator accepts inclusive subject and message boundaries
13:27 +2602: /home/albert/busystack/busymark/test/src/feedback_submission_test.dart: FeedbackValidator rejects oversized fields and invalid optional email
13:27 +2603: /home/albert/busystack/busymark/test/src/feedback_submission_test.dart: FeedbackValidator counts Unicode code points at subject and message boundaries
13:27 +2604: /home/albert/busystack/busymark/test/src/feedback_submission_test.dart: FeedbackValidator accepts practical valid email syntax
13:27 +2605: /home/albert/busystack/busymark/test/src/feedback_submission_test.dart: FeedbackValidator rejects malformed email syntax and length boundaries
13:27 +2606: /home/albert/busystack/busymark/test/src/feedback_submission_test.dart: FeedbackSubmission serializes required metadata and omits unapproved details
13:27 +2607: /home/albert/busystack/busymark/test/src/feedback_submission_test.dart: FeedbackSubmission serializes only explicitly approved technical details
13:27 +2608: /home/albert/busystack/busymark/test/src/feedback_submission_test.dart: FeedbackSubmission uses every declared category wire value
13:27 +2609: loading /home/albert/busystack/busymark/test/src/native_headerbar_audit_test.dart
13:28 +2609: /home/albert/busystack/busymark/test/src/native_headerbar_audit_test.dart: Flutter owns application chrome; native bridge carries no split geometry
13:28 +2610: /home/albert/busystack/busymark/test/src/native_headerbar_audit_test.dart: Workspace, Welcome and Settings use the shared full-height frame
13:28 +2611: /home/albert/busystack/busymark/test/src/native_headerbar_audit_test.dart: native clipboard, menus, Writerside media and rendering hosts remain registered
13:28 +2612: /home/albert/busystack/busymark/test/src/native_headerbar_audit_test.dart: Linux desktop identity uses the standard Snap launcher mapping
13:28 +2613: /home/albert/busystack/busymark/test/src/native_headerbar_audit_test.dart: strict Snap keeps the GTK SVG loader ABI-aligned with GNOME
13:28 +2614: /home/albert/busystack/busymark/test/src/native_headerbar_audit_test.dart: local snap builder stages bundled Git tools
13:28 +2615: /home/albert/busystack/busymark/test/src/native_headerbar_audit_test.dart: local repack replaces clean-snap font links with new bundle fonts
13:28 +2616: /home/albert/busystack/busymark/test/src/native_headerbar_audit_test.dart: confined dependency checks reject missing and wrong resolutions
13:29 +2617: /home/albert/busystack/busymark/test/src/native_headerbar_audit_test.dart: Snap reuses verified platform libraries and retains private tools
13:29 +2618: /home/albert/busystack/busymark/test/src/native_headerbar_audit_test.dart: local snap builder uses the project Flutter toolchain
13:29 +2619: /home/albert/busystack/busymark/test/src/native_headerbar_audit_test.dart: Snapcraft pins the same Flutter release as the project
13:29 +2620: /home/albert/busystack/busymark/test/src/native_headerbar_audit_test.dart: local snap builder keeps compiler output off the system tmpfs
13:29 +2621: /home/albert/busystack/busymark/test/src/native_headerbar_audit_test.dart: Flutter content menus use native GTK popup menu semantics
13:29 +2622: /home/albert/busystack/busymark/test/src/native_headerbar_audit_test.dart: native content menus clean up direct GTK popup sessions
13:29 +2623: /home/albert/busystack/busymark/test/src/native_headerbar_audit_test.dart: Snap packaging hooks consolidate resources and keep required fixes
13:29 +2624: /home/albert/busystack/busymark/test/src/native_headerbar_audit_test.dart: native GTK theme follows brightness without replacing a valid user theme
13:29 +2625: loading /home/albert/busystack/busymark/test/src/clipboard_paste_resolver_test.dart
13:30 +2625: /home/albert/busystack/busymark/test/src/clipboard_paste_resolver_test.dart: valid native fragment wins over HTML and text
13:30 +2626: /home/albert/busystack/busymark/test/src/clipboard_paste_resolver_test.dart: malformed native fragment falls through to valid HTML
13:30 +2627: /home/albert/busystack/busymark/test/src/clipboard_paste_resolver_test.dart: unusable HTML falls through to source and plain text
13:30 +2628: /home/albert/busystack/busymark/test/src/clipboard_paste_resolver_test.dart: HTML-only blockquotes are usable through descendant content
13:30 +2629: /home/albert/busystack/busymark/test/src/clipboard_paste_resolver_test.dart: mixed external HTML preserves every block for Editor and Markdown Source
13:30 +2630: /home/albert/busystack/busymark/test/src/clipboard_paste_resolver_test.dart: plain mode uses only interoperable text
13:30 +2631: /home/albert/busystack/busymark/test/src/clipboard_paste_resolver_test.dart: plain mode rejects source-only and image-only payloads
13:30 +2632: /home/albert/busystack/busymark/test/src/clipboard_paste_resolver_test.dart: whitespace text is valid and empty text is unavailable
13:30 +2633: /home/albert/busystack/busymark/test/src/clipboard_paste_resolver_test.dart: explicit image is first in normal mode
13:30 +2634: /home/albert/busystack/busymark/test/src/clipboard_paste_resolver_test.dart: Editor and Source use their required textual fallback order
13:30 +2635: /home/albert/busystack/busymark/test/src/clipboard_paste_resolver_test.dart: structured source serialization accepts the destination mode
13:30 +2636: /home/albert/busystack/busymark/test/src/clipboard_paste_resolver_test.dart: native inline serialization preserves whitespace without a newline
13:30 +2637: /home/albert/busystack/busymark/test/src/clipboard_paste_resolver_test.dart: table-cell fragment serialization escapes pipes and flattens lines
13:30 +2638: /home/albert/busystack/busymark/test/src/clipboard_paste_resolver_test.dart: local image path detection is safe and rejects altered URI meaning
13:30 +2639: loading /home/albert/busystack/busymark/test/src/uri_utils_test.dart
13:32 +2639: /home/albert/busystack/busymark/test/src/uri_utils_test.dart: external launch policy is an explicit safe-list
13:32 +2640: /home/albert/busystack/busymark/test/src/uri_utils_test.dart: scheme detection remains broader than launch policy
13:32 +2641: /home/albert/busystack/busymark/test/src/uri_utils_test.dart: remote resources only allow http and https
13:32 +2642: loading /home/albert/busystack/busymark/test/src/ai_usage_store_test.dart
13:34 +2642: /home/albert/busystack/busymark/test/src/ai_usage_store_test.dart: usage ledger aggregates locally by month and provider
13:36 +2643: /home/albert/busystack/busymark/test/src/ai_usage_store_test.dart: usage ledger starts a clean aggregate in a new month
13:36 +2644: /home/albert/busystack/busymark/test/src/ai_usage_store_test.dart: malformed ledger data is treated as empty, not surfaced
13:36 +2645: loading /home/albert/busystack/busymark/test/src/busymark_design_test.dart
13:37 +2645: /home/albert/busystack/busymark/test/src/busymark_design_test.dart: switch suppresses state halos and preserves focus borders
13:38 +2646: /home/albert/busystack/busymark/test/src/busymark_design_test.dart: checked switch follows blue track states in dark
13:38 +2647: /home/albert/busystack/busymark/test/src/busymark_design_test.dart: checked switch follows purple track states in dark
13:38 +2648: /home/albert/busystack/busymark/test/src/busymark_design_test.dart: checked switch follows blue track states in light
13:38 +2649: /home/albert/busystack/busymark/test/src/busymark_design_test.dart: checked switch follows purple track states in light
13:38 +2650: /home/albert/busystack/busymark/test/src/busymark_design_test.dart: disabled switch preserves inherited disabled styling
13:38 +2651: /home/albert/busystack/busymark/test/src/busymark_design_test.dart: switch row owns its control and activates exactly once
13:38 +2652: /home/albert/busystack/busymark/test/src/busymark_design_test.dart: switch preserves Yaru drag activation
13:38 +2653: /home/albert/busystack/busymark/test/src/busymark_design_test.dart: radio suppresses state halos and preserves focus borders
13:38 +2654: /home/albert/busystack/busymark/test/src/busymark_design_test.dart: selected radio follows blue accent states in dark
13:38 +2655: /home/albert/busystack/busymark/test/src/busymark_design_test.dart: selected radio follows purple accent states in dark
13:38 +2656: /home/albert/busystack/busymark/test/src/busymark_design_test.dart: selected radio follows blue accent states in light
13:38 +2657: /home/albert/busystack/busymark/test/src/busymark_design_test.dart: selected radio follows purple accent states in light
13:38 +2658: /home/albert/busystack/busymark/test/src/busymark_design_test.dart: informational dialog keeps the close control at the right edge
13:38 +2659: /home/albert/busystack/busymark/test/src/busymark_design_test.dart: Split Preview stays fluid without copying Source-only chrome
13:38 +2660: /home/albert/busystack/busymark/test/src/busymark_design_test.dart: document frame centers wide content and honors physical safe edges
13:38 +2661: /home/albert/busystack/busymark/test/src/busymark_design_test.dart: toolbar clearance is applied only to the toolbar edge
13:38 +2662: /home/albert/busystack/busymark/test/src/busymark_design_test.dart: sidebar header and list compose the shared vertical gap
13:38 +2663: /home/albert/busystack/busymark/test/src/busymark_design_test.dart: header controls delegate geometry and elevation to Yaru
13:39 +2664: /home/albert/busystack/busymark/test/src/busymark_design_test.dart: dark header menu delegates its tooltip to IconButton
13:39 +2665: /home/albert/busystack/busymark/test/src/busymark_design_test.dart: settings dropdowns use the framework tooltip
13:39 +2666: /home/albert/busystack/busymark/test/src/busymark_design_test.dart: desktop tooltips use one explicit natural-width geometry
13:39 +2667: /home/albert/busystack/busymark/test/src/busymark_design_test.dart: popup menu rows show shortcuts without redundant hover tooltips
13:39 +2668: /home/albert/busystack/busymark/test/src/busymark_design_test.dart: header popup sends shortcuts and separators to GTK and maps selection
13:39 +2669: /home/albert/busystack/busymark/test/src/busymark_design_test.dart: colored popup icons stay on the native menu path
13:39 +2670: /home/albert/busystack/busymark/test/src/busymark_design_test.dart: header popup preserves asynchronous menu loading
13:39 +2671: /home/albert/busystack/busymark/test/src/busymark_design_test.dart: semantic theme retains Yaru geometry, typography, and interaction
13:39 +2672: /home/albert/busystack/busymark/test/src/busymark_design_test.dart: accent controls use the native Yaru foreground and fill roles
13:39 +2673: /home/albert/busystack/busymark/test/src/busymark_design_test.dart: semantic surfaces use one modern neutral Linux role ladder
13:39 +2674: /home/albert/busystack/busymark/test/src/busymark_design_test.dart: equal-choice segmented selection stays neutral
13:39 +2675: /home/albert/busystack/busymark/test/src/busymark_design_test.dart: grouped cards use native boxed-list depth and roles
13:39 +2676: /home/albert/busystack/busymark/test/src/busymark_design_test.dart: grouped list headings use the native semantic heading style
13:39 +2677: /home/albert/busystack/busymark/test/src/busymark_design_test.dart: contextual banner uses semantic surfaces in light and dark
13:39 +2678: /home/albert/busystack/busymark/test/src/busymark_design_test.dart: contextual banner animates its mounted layout height
13:39 +2679: /home/albert/busystack/busymark/test/src/busymark_design_test.dart: contextual banner reveal honors reduced motion
13:40 +2680: /home/albert/busystack/busymark/test/src/busymark_design_test.dart: dialog grouped cards resolve the contextual native layer
13:40 +2681: /home/albert/busystack/busymark/test/src/busymark_design_test.dart: grouped rows use the native dark hover role
13:40 +2682: /home/albert/busystack/busymark/test/src/busymark_design_test.dart: grouped rows use the native light hover role
13:40 +2683: /home/albert/busystack/busymark/test/src/busymark_design_test.dart: grouped row subtitles use semantic native text roles
13:40 +2684: /home/albert/busystack/busymark/test/src/busymark_design_test.dart: dialog roles and popup selectors use real themed buttons
13:40 +2685: /home/albert/busystack/busymark/test/src/busymark_design_test.dart: WYSIWYG toolbar uses accent controls in dark
13:40 +2686: /home/albert/busystack/busymark/test/src/busymark_design_test.dart: WYSIWYG toolbar uses accent controls in light
13:40 +2687: /home/albert/busystack/busymark/test/src/busymark_design_test.dart: dialog actions wrap at narrow localized text widths
13:40 +2688: /home/albert/busystack/busymark/test/src/busymark_design_test.dart: action rows use semantic destructive foreground in light and dark themes
13:41 +2689: /home/albert/busystack/busymark/test/src/busymark_design_test.dart: shared text-entry group delegates fields to the framework
13:41 +2690: /home/albert/busystack/busymark/test/src/busymark_design_test.dart: grouped text entry uses the native row-owned form surface
13:41 +2691: /home/albert/busystack/busymark/test/src/busymark_design_test.dart: grouped text entry forwards readOnly without disabling input
13:41 +2692: /home/albert/busystack/busymark/test/src/busymark_design_test.dart: semantic standard icon button delegates to FilledButton.icon
13:41 +2693: /home/albert/busystack/busymark/test/src/busymark_design_test.dart: sidebar surface owns one directional semantic boundary
13:41 +2694: loading /home/albert/busystack/busymark/test/src/source_document_test.dart
13:42 +2694: /home/albert/busystack/busymark/test/src/source_document_test.dart: empty document mapping is stable
13:42 +2695: /home/albert/busystack/busymark/test/src/source_document_test.dart: no-fold mapping preserves offsets and ranges
13:42 +2696: /home/albert/busystack/busymark/test/src/source_document_test.dart: single fold projects visible text and maps offsets
13:42 +2697: /home/albert/busystack/busymark/test/src/source_document_test.dart: fold-boundary selection mapping preserves direction, not coverage
13:42 +2698: /home/albert/busystack/busymark/test/src/source_document_test.dart: multiple adjacent and overlapping ranges normalize safely
13:42 +2699: /home/albert/busystack/busymark/test/src/source_document_test.dart: full and visible ranges report hidden clipping
13:42 +2700: /home/albert/busystack/busymark/test/src/source_document_test.dart: CRLF line endings keep line starts and projection correct
13:42 +2701: /home/albert/busystack/busymark/test/src/source_document_test.dart: visible edits before and after folds preserve unrelated folds
13:42 +2702: /home/albert/busystack/busymark/test/src/source_document_test.dart: full editing values preserve composing through folded projection
13:42 +2703: /home/albert/busystack/busymark/test/src/source_document_test.dart: visible edits incrementally retain unaffected line entries
13:42 +2704: /home/albert/busystack/busymark/test/src/source_document_test.dart: incremental line indexes match full indexes across line-break edits
13:42 +2705: /home/albert/busystack/busymark/test/src/source_document_test.dart: visible edit intersecting a fold unfolds only affected region
13:42 +2706: /home/albert/busystack/busymark/test/src/source_document_test.dart: collapsed-boundary insertion preserves hidden folded content
13:42 +2707: /home/albert/busystack/busymark/test/src/source_document_test.dart: visible insertions before and after a fold keep hidden text
13:42 +2708: /home/albert/busystack/busymark/test/src/source_document_test.dart: visible deletions near a fold keep hidden text
13:42 +2709: /home/albert/busystack/busymark/test/src/source_document_test.dart: visible replacement spanning a fold replaces the hidden range
13:42 +2710: loading /home/albert/busystack/busymark/test/src/markdown_math_export_test.dart
13:44 +2710: /home/albert/busystack/busymark/test/src/markdown_math_export_test.dart: uses each heading level effective text size for inline math
13:46 +2711: /home/albert/busystack/busymark/test/src/markdown_math_export_test.dart: custom typography and four margins control actual math jobs
13:46 +2712: /home/albert/busystack/busymark/test/src/markdown_math_export_test.dart: prepares inline and display math as deterministic vector assets
13:46 +2713: /home/albert/busystack/busymark/test/src/markdown_math_export_test.dart: footnote inline and display math retain surrounding semantics
13:46 +2714: /home/albert/busystack/busymark/test/src/markdown_math_export_test.dart: Typst compiles footnote math through the math renderer
13:46 +2715: /home/albert/busystack/busymark/test/src/markdown_math_export_test.dart: Typst keeps MathJax SVG inline and exports failed math visibly
13:46 +2716: loading /home/albert/busystack/busymark/test/src/writerside_semantic_widgets_test.dart
13:47 +2716: /home/albert/busystack/busymark/test/src/writerside_semantic_widgets_test.dart: tabs synchronize and support arrow, Home and End keys
13:48 +2717: /home/albert/busystack/busymark/test/src/writerside_semantic_widgets_test.dart: table sorting is numeric and excludes disabled columns
13:48 +2718: /home/albert/busystack/busymark/test/src/writerside_semantic_widgets_test.dart: Markdown table keeps empty columns equal width
13:48 +2719: /home/albert/busystack/busymark/test/src/writerside_semantic_widgets_test.dart: Writerside table preserves declared column width
13:48 +2720: /home/albert/busystack/busymark/test/src/writerside_semantic_widgets_test.dart: table spans preserve geometry and sticky header position
13:48 +2721: loading /home/albert/busystack/busymark/test/src/clipboard_history_panel_test.dart
13:50 +2721: /home/albert/busystack/busymark/test/src/clipboard_history_panel_test.dart: records balance a two-line source preview with visible metadata
13:51 +2722: /home/albert/busystack/busymark/test/src/clipboard_history_panel_test.dart: large records use a short preview and do not create a tooltip
13:51 +2723: /home/albert/busystack/busymark/test/src/clipboard_history_panel_test.dart: actions menu is right of search and owns refresh and clear
13:52 +2724: /home/albert/busystack/busymark/test/src/clipboard_history_panel_test.dart: keyboard navigation keeps the selected history entry visible
13:54 +2725: /home/albert/busystack/busymark/test/src/clipboard_history_panel_test.dart: Delete edits the focused search without removing history
13:54 +2726: /home/albert/busystack/busymark/test/src/clipboard_history_panel_test.dart: unsupported payload disables paste for the destination
13:54 +2727: /home/albert/busystack/busymark/test/src/clipboard_history_panel_test.dart: double-clicking a shared history row pastes the item
13:54 +2728: /home/albert/busystack/busymark/test/src/clipboard_history_panel_test.dart: plain-text paste remains enabled when rich paste is unavailable
13:54 +2729: /home/albert/busystack/busymark/test/src/clipboard_history_panel_test.dart: source-only payload has no plain-text action
13:54 +2730: /home/albert/busystack/busymark/test/src/clipboard_history_panel_test.dart: image exposes plain paste only with real text
13:54 +2731: /home/albert/busystack/busymark/test/src/clipboard_history_panel_test.dart: failed insertion reports visible feedback
13:54 +2732: /home/albert/busystack/busymark/test/src/clipboard_history_panel_test.dart: cancelled insertion is terminal without an error toast
13:54 +2733: /home/albert/busystack/busymark/test/src/clipboard_history_panel_test.dart: current external HTML is transient until panel insertion and remains reusable
13:55 +2734: /home/albert/busystack/busymark/test/src/clipboard_history_panel_test.dart: failed current-item paste is not retained and plain paste stays explicit
13:55 +2735: /home/albert/busystack/busymark/test/src/clipboard_history_panel_test.dart: successful external paste retains after the panel is disposed
13:55 +2736: /home/albert/busystack/busymark/test/src/clipboard_history_panel_test.dart: plain source and Editor copies stay text and de-duplicate
13:55 +2737: loading /home/albert/busystack/busymark/test/src/feedback_metadata_test.dart
13:56 +2737: /home/albert/busystack/busymark/test/src/feedback_metadata_test.dart: loads version and build number from package metadata
13:56 +2738: /home/albert/busystack/busymark/test/src/feedback_metadata_test.dart: uses zero when package build metadata is absent
13:56 +2739: /home/albert/busystack/busymark/test/src/feedback_metadata_test.dart: rejects missing package version metadata
13:56 +2740: loading /home/albert/busystack/busymark/test/src/writerside_topic_creator_test.dart
13:59 +2740: /home/albert/busystack/busymark/test/src/writerside_topic_creator_test.dart: creates XML child topic and registers it under parent TOC node
13:59 +2741: /home/albert/busystack/busymark/test/src/writerside_topic_creator_test.dart: creates Unicode Markdown and XML topic filenames
14:00 +2742: /home/albert/busystack/busymark/test/src/writerside_topic_creator_test.dart: rejects custom XML source without a root ID before publication
14:00 +2743: /home/albert/busystack/busymark/test/src/writerside_topic_creator_test.dart: rejects custom XML source whose root ID differs from filename
14:00 +2744: /home/albert/busystack/busymark/test/src/writerside_topic_creator_test.dart: accepts custom XML source whose root ID matches filename
14:00 +2745: /home/albert/busystack/busymark/test/src/writerside_topic_creator_test.dart: requires a reference for every non-root placement
14:00 +2746: /home/albert/busystack/busymark/test/src/writerside_topic_creator_test.dart: creates a child under an exact topic-less TOC node path
14:00 +2747: /home/albert/busystack/busymark/test/src/writerside_topic_creator_test.dart: first real topic under an empty group becomes the home page
14:00 +2748: /home/albert/busystack/busymark/test/src/writerside_topic_creator_test.dart: exact TOC path disambiguates sibling insertion
14:00 +2749: /home/albert/busystack/busymark/test/src/writerside_topic_creator_test.dart: rejects an exact TOC path whose expected node has moved
14:00 +2750: /home/albert/busystack/busymark/test/src/writerside_topic_creator_test.dart: invalid exact TOC path does not fall back to topic reference
14:00 +2751: /home/albert/busystack/busymark/test/src/writerside_topic_creator_test.dart: rejects duplicate topic IDs before writing
14:00 +2752: /home/albert/busystack/busymark/test/src/writerside_topic_creator_test.dart: creates a missing nested topics directory
14:00 +2753: /home/albert/busystack/busymark/test/src/writerside_topic_creator_test.dart: rejects a symlinked topics directory without writing outside
14:00 +2754: /home/albert/busystack/busymark/test/src/writerside_topic_creator_test.dart: does not overwrite a concurrently changed tree or leave an orphan topic
14:00 +2755: /home/albert/busystack/busymark/test/src/writerside_topic_creator_test.dart: rollback preserves a created topic changed by another writer
14:00 +2756: /home/albert/busystack/busymark/test/src/writerside_topic_creator_test.dart: atomic tree publication preserves its POSIX mode
14:00 +2757: /home/albert/busystack/busymark/test/src/writerside_topic_creator_test.dart: final module-wide topic ID validation blocks a concurrent same ID with a different extension
14:00 +2758: /home/albert/busystack/busymark/test/src/writerside_topic_creator_test.dart: final module-wide topic ID validation blocks a concurrent same ID in a different directory
14:00 +2759: /home/albert/busystack/busymark/test/src/writerside_topic_creator_test.dart: final module-wide topic ID validation blocks a concurrent same ID in another configured root
14:00 +2760: /home/albert/busystack/busymark/test/src/writerside_topic_creator_test.dart: final module-wide topic ID validation allows an unrelated concurrent topic ID
14:00 +2761: loading /home/albert/busystack/busymark/test/src/writerside_template_dialogs_test.dart
14:01 +2761: /home/albert/busystack/busymark/test/src/writerside_template_dialogs_test.dart: creation selects real variants, validates and submits in TextDirection.rtl
14:04 +2762: /home/albert/busystack/busymark/test/src/writerside_template_dialogs_test.dart: creation selects real variants, validates and submits in TextDirection.ltr
14:06 +2763: /home/albert/busystack/busymark/test/src/writerside_template_dialogs_test.dart: creation uses native master-detail controls and filters
14:08 +2764: /home/albert/busystack/busymark/test/src/writerside_template_dialogs_test.dart: creation opens both template editor entry points
14:11 +2765: /home/albert/busystack/busymark/test/src/writerside_template_dialogs_test.dart: catalog failure keeps BusyMark status and retry controls
14:12 +2766: /home/albert/busystack/busymark/test/src/writerside_template_dialogs_test.dart: Files editor stages new content, cancels and persists on OK
14:16 +2767: /home/albert/busystack/busymark/test/src/writerside_template_dialogs_test.dart: source surface exposes its label and focus boundary
14:17 +2768: /home/albert/busystack/busymark/test/src/writerside_template_dialogs_test.dart: New toolbar command stages an editable draft and Cancel drops it
14:18 +2769: /home/albert/busystack/busymark/test/src/writerside_template_dialogs_test.dart: custom XML template cannot publish a mismatching root ID
14:20 +2770: /home/albert/busystack/busymark/test/src/writerside_template_dialogs_test.dart: save-as-template appears under Custom; edit, duplicate and delete preserve cancel
14:22 +2771: /home/albert/busystack/busymark/test/src/writerside_template_dialogs_test.dart: stale settings reject OK and retain draft for recovery
14:24 +2772: /home/albert/busystack/busymark/test/src/writerside_template_dialogs_test.dart: Internal reset is staged, cancellable, and publishable
14:27 +2773: /home/albert/busystack/busymark/test/src/writerside_template_dialogs_test.dart: Files and Internal Starter.md both save (custom first: true)
14:28 +2774: /home/albert/busystack/busymark/test/src/writerside_template_dialogs_test.dart: Files and Internal Starter.md both save (custom first: false)
14:30 +2775: loading /home/albert/busystack/busymark/test/src/writerside_toc_source_widget_test.dart
14:30 +2775: /home/albert/busystack/busymark/test/src/writerside_toc_source_widget_test.dart: tree exact reveal unfolds and line movement is one undoable full-source edit
14:32 +2776: loading /home/albert/busystack/busymark/test/src/math_parser_test.dart
14:32 +2776: /home/albert/busystack/busymark/test/src/math_parser_test.dart: parses several dollar formulas as semantic inline math
14:32 +2777: /home/albert/busystack/busymark/test/src/math_parser_test.dart: parses the GitHub dollar-backtick form without delimiters
14:32 +2778: /home/albert/busystack/busymark/test/src/math_parser_test.dart: parses single-line and multiline display math as blocks
14:32 +2779: /home/albert/busystack/busymark/test/src/math_parser_test.dart: math scanner stays aligned around every neighboring block kind
14:32 +2780: /home/albert/busystack/busymark/test/src/math_parser_test.dart: math and Writerside tex fences follow document compatibility
14:32 +2781: /home/albert/busystack/busymark/test/src/math_parser_test.dart: Writerside semantic math is inline and remains source-preserving
14:32 +2782: /home/albert/busystack/busymark/test/src/math_parser_test.dart: Writerside semantic math decodes XML entities but preserves source
14:32 +2783: /home/albert/busystack/busymark/test/src/math_parser_test.dart: escaped dollars, code, currency, empty and malformed forms stay text
14:32 +2784: /home/albert/busystack/busymark/test/src/math_parser_test.dart: inline math survives list, blockquote, and table structure
14:32 +2785: /home/albert/busystack/busymark/test/src/math_parser_test.dart: CRLF math input and every original form round-trip untouched
14:32 +2786: /home/albert/busystack/busymark/test/src/math_parser_test.dart: preview builder creates first-class inline and display math nodes
14:32 +2787: loading /home/albert/busystack/busymark/test/src/busymark_document_test.dart
14:35 +2787: /home/albert/busystack/busymark/test/src/busymark_document_test.dart: WYSIWYG hit testing includes shared document surface borders
14:35 +2788: /home/albert/busystack/busymark/test/src/busymark_document_test.dart: document image width resolution is bounded consistently
14:35 +2789: /home/albert/busystack/busymark/test/src/busymark_document_test.dart: package markdown AST imports into BusyDocument core blocks
14:35 +2790: /home/albert/busystack/busymark/test/src/busymark_document_test.dart: linked remote image paragraphs import as editable image blocks
14:35 +2791: /home/albert/busystack/busymark/test/src/busymark_document_test.dart: serializer emits Markdown source for edited semantic blocks
14:35 +2792: /home/albert/busystack/busymark/test/src/busymark_document_test.dart: serializer preserves unchanged raw blocks
14:35 +2793: /home/albert/busystack/busymark/test/src/busymark_document_test.dart: serializer preserves safe raw HTML source byte for byte
14:35 +2794: /home/albert/busystack/busymark/test/src/busymark_document_test.dart: serializer preserves unsafe raw HTML source while preview remains raw
14:35 +2795: /home/albert/busystack/busymark/test/src/busymark_document_test.dart: serializer patches dirty blocks without canonicalizing unchanged source
14:35 +2796: /home/albert/busystack/busymark/test/src/busymark_document_test.dart: WYSIWYG text edits preserve unrelated block instances
14:35 +2797: /home/albert/busystack/busymark/test/src/busymark_document_test.dart: unrelated edits preserve source-only reference definitions
14:35 +2798: /home/albert/busystack/busymark/test/src/busymark_document_test.dart: source-only definitions survive scanner and AST count mismatches
14:35 +2799: /home/albert/busystack/busymark/test/src/busymark_document_test.dart: preserved reference definitions still resolve after an edit
14:35 +2800: /home/albert/busystack/busymark/test/src/busymark_document_test.dart: unrelated edits preserve GFM footnote definitions
14:35 +2801: /home/albert/busystack/busymark/test/src/busymark_document_test.dart: containers with nested definitions are source-protected
14:35 +2802: /home/albert/busystack/busymark/test/src/busymark_document_test.dart: scanner mismatches conservatively protect nested definitions
14:35 +2803: /home/albert/busystack/busymark/test/src/busymark_document_test.dart: opaque source IDs cannot collide with semantic heading IDs
14:35 +2804: /home/albert/busystack/busymark/test/src/busymark_document_test.dart: full list serialization preserves reference definitions
14:35 +2805: /home/albert/busystack/busymark/test/src/busymark_document_test.dart: full serialization omits generated footnote output
14:35 +2806: /home/albert/busystack/busymark/test/src/busymark_document_test.dart: invalid reference-like prose remains a modeled block
14:35 +2807: /home/albert/busystack/busymark/test/src/busymark_document_test.dart: large inline-link documents do not create source-only blocks
14:36 +2808: /home/albert/busystack/busymark/test/src/busymark_document_test.dart: large adjacent definition sets stay distinct and preserved
14:37 +2809: /home/albert/busystack/busymark/test/src/busymark_document_test.dart: destructive selections reject read-only source endpoints
14:37 +2810: /home/albert/busystack/busymark/test/src/busymark_document_test.dart: list indentation cannot attach content to a protected item
14:37 +2811: /home/albert/busystack/busymark/test/src/busymark_document_test.dart: WYSIWYG nested list text edit updates Markdown source
14:37 +2812: /home/albert/busystack/busymark/test/src/busymark_document_test.dart: WYSIWYG ordered list edits preserve nested children
14:37 +2813: /home/albert/busystack/busymark/test/src/busymark_document_test.dart: WYSIWYG ordered task edits preserve marker and nested children
14:37 +2814: /home/albert/busystack/busymark/test/src/busymark_document_test.dart: WYSIWYG nested blockquote edit preserves surrounding source
14:37 +2815: /home/albert/busystack/busymark/test/src/busymark_document_test.dart: WYSIWYG cross-block deletion prunes an emptied blockquote
14:37 +2816: /home/albert/busystack/busymark/test/src/busymark_document_test.dart: WYSIWYG nested inline edit updates Markdown source
14:37 +2817: /home/albert/busystack/busymark/test/src/busymark_document_test.dart: WYSIWYG nested block removal updates Markdown source
14:37 +2818: /home/albert/busystack/busymark/test/src/busymark_document_test.dart: parser includes setext headings in heading metadata
14:37 +2819: /home/albert/busystack/busymark/test/src/busymark_document_test.dart: live document outline follows top-level generated heading order
14:37 +2820: /home/albert/busystack/busymark/test/src/busymark_document_test.dart: duplicate anchors retain distinct editor block identities
14:37 +2821: /home/albert/busystack/busymark/test/src/busymark_document_test.dart: preview and WYSIWYG use the same semantic document
14:37 +2822: /home/albert/busystack/busymark/test/src/busymark_document_test.dart: WYSIWYG text edit updates Markdown source
14:37 +2823: /home/albert/busystack/busymark/test/src/busymark_document_test.dart: WYSIWYG empty documents have one editable paragraph
14:37 +2824: /home/albert/busystack/busymark/test/src/busymark_document_test.dart: WYSIWYG editor accepts typing in an empty document
14:38 +2825: /home/albert/busystack/busymark/test/src/busymark_document_test.dart: WYSIWYG heading navigation skips across large documents
14:42 +2826: /home/albert/busystack/busymark/test/src/busymark_document_test.dart: WYSIWYG renders a blockquote around its editable text
14:42 +2827: /home/albert/busystack/busymark/test/src/busymark_document_test.dart: WYSIWYG uses one quote frame for multiple quote paragraphs
14:42 +2828: /home/albert/busystack/busymark/test/src/busymark_document_test.dart: WYSIWYG quote frame focuses its first editable child
14:42 +2829: /home/albert/busystack/busymark/test/src/busymark_document_test.dart: WYSIWYG inherits RTL indentation inside a blockquote
14:42 +2830: /home/albert/busystack/busymark/test/src/busymark_document_test.dart: WYSIWYG keeps a generated leaf blockquote editable
14:42 +2831: /home/albert/busystack/busymark/test/src/busymark_document_test.dart: WYSIWYG hides a definition-only source and preserves it
14:42 +2832: /home/albert/busystack/busymark/test/src/busymark_document_test.dart: WYSIWYG editor undo and redo restore document edits
14:43 +2833: /home/albert/busystack/busymark/test/src/busymark_document_test.dart: WYSIWYG editor replaces document when active file changes
14:43 +2834: /home/albert/busystack/busymark/test/src/busymark_document_test.dart: WYSIWYG editor applies heading keyboard shortcuts
14:43 +2835: /home/albert/busystack/busymark/test/src/busymark_document_test.dart: Ctrl+Shift+- inserts a thematic break
14:43 +2836: /home/albert/busystack/busymark/test/src/busymark_document_test.dart: WYSIWYG Tab nests eligible list items and Shift+Tab lifts them
14:43 +2837: /home/albert/busystack/busymark/test/src/busymark_document_test.dart: WYSIWYG arrow keys move focus between paragraphs
14:43 +2838: /home/albert/busystack/busymark/test/src/busymark_document_test.dart: WYSIWYG Ctrl+Arrow crosses paragraph boundaries
14:43 +2839: /home/albert/busystack/busymark/test/src/busymark_document_test.dart: WYSIWYG Ctrl+Shift+Arrow extends into the next paragraph
14:44 +2840: /home/albert/busystack/busymark/test/src/busymark_document_test.dart: WYSIWYG repeated arrow keys keep moving between paragraphs
14:44 +2841: /home/albert/busystack/busymark/test/src/busymark_document_test.dart: WYSIWYG Shift+Down selection continues character by character in the next paragraph
14:44 +2842: /home/albert/busystack/busymark/test/src/busymark_document_test.dart: WYSIWYG repeated Shift+Arrow extends one selection
14:44 +2843: /home/albert/busystack/busymark/test/src/busymark_document_test.dart: WYSIWYG horizontal selection continues vertically into the next paragraph
14:44 +2844: /home/albert/busystack/busymark/test/src/busymark_document_test.dart: WYSIWYG reverse Shift+Up selection continues left in the previous paragraph
14:44 +2845: /home/albert/busystack/busymark/test/src/busymark_document_test.dart: WYSIWYG ignores redundant source blank lines
14:44 +2846: /home/albert/busystack/busymark/test/src/busymark_document_test.dart: typing replaces a WYSIWYG selection across paragraphs
14:44 +2847: /home/albert/busystack/busymark/test/src/busymark_document_test.dart: deleting a selected paragraph boundary merges paragraphs
14:44 +2848: /home/albert/busystack/busymark/test/src/busymark_document_test.dart: WYSIWYG Shift+Down follows visual lines before paragraphs
14:45 +2849: /home/albert/busystack/busymark/test/src/busymark_document_test.dart: WYSIWYG Shift+Arrow selects whole grapheme clusters
14:45 +2850: /home/albert/busystack/busymark/test/src/busymark_document_test.dart: WYSIWYG drag selection can copy multiple paragraphs
14:45 +2851: /home/albert/busystack/busymark/test/src/busymark_document_test.dart: WYSIWYG click elsewhere clears previous block selection
14:45 +2852: /home/albert/busystack/busymark/test/src/busymark_document_test.dart: WYSIWYG Shift click selects text across paragraphs
14:45 +2853: /home/albert/busystack/busymark/test/src/busymark_document_test.dart: WYSIWYG Shift drag extends selection across paragraphs
14:45 +2854: /home/albert/busystack/busymark/test/src/busymark_document_test.dart: WYSIWYG Shift drag from heading end hides native selection
14:45 +2855: /home/albert/busystack/busymark/test/src/busymark_document_test.dart: WYSIWYG reverse drag updates selection on pointer up
14:45 +2856: /home/albert/busystack/busymark/test/src/busymark_document_test.dart: WYSIWYG reverse drag aligns wrapped trailing word highlight
14:45 +2857: /home/albert/busystack/busymark/test/src/busymark_document_test.dart: WYSIWYG Ctrl+X cuts block selection
14:46 +2858: /home/albert/busystack/busymark/test/src/busymark_document_test.dart: WYSIWYG cut paste preserves inline formatting
14:46 +2859: /home/albert/busystack/busymark/test/src/busymark_document_test.dart: WYSIWYG cut paste preserves whole block formatting
14:46 +2860: /home/albert/busystack/busymark/test/src/busymark_document_test.dart: WYSIWYG drag selection preserves partial paragraph boundaries
14:46 +2861: /home/albert/busystack/busymark/test/src/busymark_document_test.dart: WYSIWYG toolbar bold applies to selected paragraphs
14:46 +2862: /home/albert/busystack/busymark/test/src/busymark_document_test.dart: WYSIWYG toolbar toggle stays vertically aligned when collapsed
14:46 +2863: /home/albert/busystack/busymark/test/src/busymark_document_test.dart: editing toolbar reserves its document edge
14:47 +2864: /home/albert/busystack/busymark/test/src/busymark_document_test.dart: restoring the first block does not duplicate the Editor top inset
14:48 +2865: /home/albert/busystack/busymark/test/src/busymark_document_test.dart: vertical WYSIWYG toolbar is bounded and extends from its edge
14:48 +2866: /home/albert/busystack/busymark/test/src/busymark_document_test.dart: editing toolbar corners remain physical in LTR and RTL
14:49 +2867: /home/albert/busystack/busymark/test/src/busymark_document_test.dart: editing toolbar context menu changes placement and direction when shown or hidden
14:50 +2868: /home/albert/busystack/busymark/test/src/busymark_document_test.dart: WYSIWYG toolbar list applies to selected paragraphs
14:50 +2869: /home/albert/busystack/busymark/test/src/busymark_document_test.dart: WYSIWYG renders safe HTML blocks and edits raw source
14:50 +2870: /home/albert/busystack/busymark/test/src/busymark_document_test.dart: WYSIWYG toolbar inserts an HTML block
14:50 +2871: /home/albert/busystack/busymark/test/src/busymark_document_test.dart: WYSIWYG dialog submission is discarded after the active file changes
14:50 +2872: /home/albert/busystack/busymark/test/src/busymark_document_test.dart: WYSIWYG dialog submission is discarded after document generation changes
14:51 +2873: /home/albert/busystack/busymark/test/src/busymark_document_test.dart: WYSIWYG dialogs stop app-level tab navigation shortcuts
14:51 +2874: /home/albert/busystack/busymark/test/src/busymark_document_test.dart: WYSIWYG dialogs activate the native headerbar barrier
14:51 +2875: /home/albert/busystack/busymark/test/src/busymark_document_test.dart: WYSIWYG typing preserves existing inline formatting
14:51 +2876: /home/albert/busystack/busymark/test/src/busymark_document_test.dart: WYSIWYG Backspace at block start merges with previous block
14:51 +2877: /home/albert/busystack/busymark/test/src/busymark_document_test.dart: WYSIWYG Ctrl+A twice selects all text for deletion
14:52 +2878: /home/albert/busystack/busymark/test/src/busymark_document_test.dart: WYSIWYG select-all deletion preserves source-protected definitions
14:52 +2879: /home/albert/busystack/busymark/test/src/busymark_document_test.dart: WYSIWYG inline ranges do not duplicate formatted text
14:52 +2880: /home/albert/busystack/busymark/test/src/busymark_document_test.dart: WYSIWYG inline commands serialize bold italic and links
14:52 +2881: /home/albert/busystack/busymark/test/src/busymark_document_test.dart: WYSIWYG serializes italic nested at the end of bold text
14:52 +2882: /home/albert/busystack/busymark/test/src/busymark_document_test.dart: WYSIWYG text edits preserve inline ranges where possible
14:52 +2883: /home/albert/busystack/busymark/test/src/busymark_document_test.dart: WYSIWYG text edits preserve empty-alt inline images
14:52 +2884: /home/albert/busystack/busymark/test/src/busymark_document_test.dart: WYSIWYG edits preserve escaped literal punctuation semantics
14:52 +2885: /home/albert/busystack/busymark/test/src/busymark_document_test.dart: WYSIWYG link dialog submits with Enter
14:52 +2886: /home/albert/busystack/busymark/test/src/busymark_document_test.dart: WYSIWYG link dialog edits an existing link when caret is inside it
14:52 +2887: /home/albert/busystack/busymark/test/src/busymark_document_test.dart: WYSIWYG link dialog edits an existing link when its text is selected
14:52 +2888: /home/albert/busystack/busymark/test/src/busymark_document_test.dart: WYSIWYG inline command toggles selected mark without dropping links
14:52 +2889: /home/albert/busystack/busymark/test/src/busymark_document_test.dart: WYSIWYG inline code command serializes selected text
14:52 +2890: /home/albert/busystack/busymark/test/src/busymark_document_test.dart: serializer chooses inline code delimiters that preserve backticks
14:52 +2891: /home/albert/busystack/busymark/test/src/busymark_document_test.dart: link title backslashes use standards-safe character references
14:52 +2892: /home/albert/busystack/busymark/test/src/busymark_document_test.dart: inline serialization distinguishes every hard-break run boundary
14:52 +2893: /home/albert/busystack/busymark/test/src/busymark_document_test.dart: link titles round-trip decoded punctuation and line endings
14:52 +2894: /home/albert/busystack/busymark/test/src/busymark_document_test.dart: table link titles retain multiline values without physical rows
14:52 +2895: /home/albert/busystack/busymark/test/src/busymark_document_test.dart: serializer preserves fenced code delimiters and trailing whitespace
14:52 +2896: /home/albert/busystack/busymark/test/src/busymark_document_test.dart: parser preserves meaningful trailing fenced-code whitespace
14:52 +2897: /home/albert/busystack/busymark/test/src/busymark_document_test.dart: parser closes dynamic code fences only with a matching delimiter
14:52 +2898: /home/albert/busystack/busymark/test/src/busymark_document_test.dart: parser does not treat indented code as a fenced block
14:52 +2899: /home/albert/busystack/busymark/test/src/busymark_document_test.dart: WYSIWYG inline commands preserve existing sibling formatting
14:52 +2900: /home/albert/busystack/busymark/test/src/busymark_document_test.dart: WYSIWYG block commands apply to multiple selected blocks
14:52 +2901: /home/albert/busystack/busymark/test/src/busymark_document_test.dart: WYSIWYG inline commands apply to multiple selected blocks
14:52 +2902: /home/albert/busystack/busymark/test/src/busymark_document_test.dart: WYSIWYG image command serializes a real image block
14:52 +2903: /home/albert/busystack/busymark/test/src/busymark_document_test.dart: WYSIWYG editor renders Writerside images by basename
14:53 +2904: /home/albert/busystack/busymark/test/src/busymark_document_test.dart: WYSIWYG editor renders absolute local image paths
14:53 +2905: /home/albert/busystack/busymark/test/src/busymark_document_test.dart: WYSIWYG editor renders linked remote image blocks
14:53 +2906: /home/albert/busystack/busymark/test/src/busymark_document_test.dart: WYSIWYG Enter recognizes a pasted bare URL in commonMark
14:53 +2907: /home/albert/busystack/busymark/test/src/busymark_document_test.dart: WYSIWYG Enter recognizes a pasted bare URL in writersideMarkdown
14:53 +2908: /home/albert/busystack/busymark/test/src/busymark_document_test.dart: WYSIWYG Enter recognizes a pasted bare URL in gfm
14:53 +2909: /home/albert/busystack/busymark/test/src/busymark_document_test.dart: WYSIWYG Enter uses parser URL boundaries without parsing other syntax
14:53 +2910: /home/albert/busystack/busymark/test/src/busymark_document_test.dart: WYSIWYG Enter excludes code and keeps explicit equal-label links explicit
14:53 +2911: /home/albert/busystack/busymark/test/src/busymark_document_test.dart: bare URL destinations follow edits and splits while explicit destinations stay authored
14:53 +2912: /home/albert/busystack/busymark/test/src/busymark_document_test.dart: rejoining only extends existing bare URLs and preserves code and explicit links
14:53 +2913: /home/albert/busystack/busymark/test/src/busymark_document_test.dart: structural URL slices update derived destinations and link editing authors an explicit destination
14:53 +2914: /home/albert/busystack/busymark/test/src/busymark_document_test.dart: WYSIWYG Enter splits one block into separate Markdown paragraphs
14:53 +2915: /home/albert/busystack/busymark/test/src/busymark_document_test.dart: WYSIWYG reload ignores an empty paragraph represented only by blanks
14:53 +2916: /home/albert/busystack/busymark/test/src/busymark_document_test.dart: WYSIWYG reload ignores trailing blank lines
14:53 +2917: /home/albert/busystack/busymark/test/src/busymark_document_test.dart: WYSIWYG does not create blocks for redundant source whitespace
14:53 +2918: /home/albert/busystack/busymark/test/src/busymark_document_test.dart: WYSIWYG Enter in unordered list creates next item then exits list
14:53 +2919: /home/albert/busystack/busymark/test/src/busymark_document_test.dart: WYSIWYG Enter in ordered list creates next numbered item
14:53 +2920: /home/albert/busystack/busymark/test/src/busymark_document_test.dart: WYSIWYG thematic break inserts after current block
14:53 +2921: /home/albert/busystack/busymark/test/src/busymark_document_test.dart: WYSIWYG Enter key creates a new paragraph block
14:53 +2922: /home/albert/busystack/busymark/test/src/busymark_document_test.dart: WYSIWYG Enter carries active inline style to next paragraph
14:54 +2923: /home/albert/busystack/busymark/test/src/busymark_document_test.dart: WYSIWYG Enter at paragraph end preserves inner bold span
14:54 +2924: /home/albert/busystack/busymark/test/src/busymark_document_test.dart: WYSIWYG newline text edit preserves inner bold span
14:54 +2925: /home/albert/busystack/busymark/test/src/busymark_document_test.dart: WYSIWYG text input newlines become Markdown paragraphs
14:54 +2926: /home/albert/busystack/busymark/test/src/busymark_document_test.dart: WYSIWYG typing preserves an existing hard break
14:54 +2927: /home/albert/busystack/busymark/test/src/busymark_document_test.dart: hard-break toolbar command retains focus and advances caret
14:54 +2928: /home/albert/busystack/busymark/test/src/busymark_document_test.dart: formatting toolbar command retains editor focus and selection
14:54 +2929: /home/albert/busystack/busymark/test/src/busymark_document_test.dart: Shift+Enter retains focus and advances past the hard break
14:54 +2930: /home/albert/busystack/busymark/test/src/busymark_document_test.dart: blank-line toolbar command round-trips and remains one focused edit
14:55 +2931: /home/albert/busystack/busymark/test/src/busymark_document_test.dart: WYSIWYG editor lazily builds large documents
14:55 +2932: /home/albert/busystack/busymark/test/src/busymark_document_test.dart: WYSIWYG task checkbox toggles directly when clicked
14:55 +2933: /home/albert/busystack/busymark/test/src/busymark_document_test.dart: WYSIWYG block commands serialize headings and lists
14:55 +2934: /home/albert/busystack/busymark/test/src/busymark_document_test.dart: WYSIWYG extended toolbar commands serialize Markdown
14:55 +2935: /home/albert/busystack/busymark/test/src/busymark_document_test.dart: blank-line command keeps repeated terminal markers off the text line
14:55 +2936: /home/albert/busystack/busymark/test/src/busymark_document_test.dart: WYSIWYG table and code language commands serialize Markdown
14:55 +2937: /home/albert/busystack/busymark/test/src/busymark_document_test.dart: WYSIWYG table cell pipes round-trip without shifting columns
14:55 +2938: /home/albert/busystack/busymark/test/src/busymark_document_test.dart: table escaping protects pipes inside formatted cell content
14:55 +2939: /home/albert/busystack/busymark/test/src/busymark_document_test.dart: table code preserves a backslash immediately before a pipe
14:55 +2940: /home/albert/busystack/busymark/test/src/busymark_document_test.dart: WYSIWYG table row and column commands serialize Markdown
14:55 +2941: /home/albert/busystack/busymark/test/src/busymark_document_test.dart: WYSIWYG table dialog validates and synchronizes its size grid
14:56 +2942: /home/albert/busystack/busymark/test/src/busymark_document_test.dart: table alignment survives parsing, edits, and structural changes
14:56 +2943: /home/albert/busystack/busymark/test/src/busymark_document_test.dart: table column alignment command supports all Markdown alignments
14:56 +2944: /home/albert/busystack/busymark/test/src/busymark_document_test.dart: WYSIWYG table cells apply Markdown column alignment
14:56 +2945: /home/albert/busystack/busymark/test/src/busymark_document_test.dart: WYSIWYG table cells are formatted and editable
14:56 +2946: /home/albert/busystack/busymark/test/src/busymark_document_test.dart: WYSIWYG table overlay menus survive structural rebuilds
14:57 +2947: /home/albert/busystack/busymark/test/src/busymark_document_test.dart: Tab travels through WYSIWYG table cells and extends the table
14:57 +2948: /home/albert/busystack/busymark/test/src/busymark_document_test.dart: WYSIWYG list indent outdent and task toggle commands serialize
14:57 +2949: /home/albert/busystack/busymark/test/src/busymark_document_test.dart: WYSIWYG ordered indentation starts a nested list at one
14:57 +2950: /home/albert/busystack/busymark/test/src/busymark_document_test.dart: WYSIWYG ordered indentation preserves a top-level start value
14:57 +2951: /home/albert/busystack/busymark/test/src/busymark_document_test.dart: WYSIWYG ordered indentation numbers multiple nested siblings
14:57 +2952: /home/albert/busystack/busymark/test/src/busymark_document_test.dart: WYSIWYG ordered outdent continues the parent list numbering
14:57 +2953: /home/albert/busystack/busymark/test/src/busymark_document_test.dart: WYSIWYG converts an unordered item to a valid ordered marker
14:57 +2954: /home/albert/busystack/busymark/test/src/busymark_document_test.dart: WYSIWYG converts selected nested items at each list depth
14:57 +2955: loading /home/albert/busystack/busymark/test/src/source_paste_engine_test.dart
14:58 +2955: /home/albert/busystack/busymark/test/src/source_paste_engine_test.dart: single rich paragraph repairs independently surviving endpoints
14:58 +2956: /home/albert/busystack/busymark/test/src/source_paste_engine_test.dart: table cells repair independently formatted selection endpoints
14:58 +2957: /home/albert/busystack/busymark/test/src/source_paste_engine_test.dart: block insertion replaces only a heading own prefix at content start
14:58 +2958: /home/albert/busystack/busymark/test/src/source_paste_engine_test.dart: block insertion removes complete ATX and Setext heading syntax
14:58 +2959: /home/albert/busystack/busymark/test/src/source_paste_engine_test.dart: block insertion retains literal paragraph hashes
14:58 +2960: /home/albert/busystack/busymark/test/src/source_paste_engine_test.dart: whole heading replacement removes every authored marker
14:58 +2961: /home/albert/busystack/busymark/test/src/source_paste_engine_test.dart: heading insertion at middle and end preserves only the leading heading
14:58 +2962: /home/albert/busystack/busymark/test/src/source_paste_engine_test.dart: paragraph sequence removes nested heading marker at content start
14:58 +2963: /home/albert/busystack/busymark/test/src/source_paste_engine_test.dart: external HTML blockquotes remain structured in Source
14:58 +2964: /home/albert/busystack/busymark/test/src/source_paste_engine_test.dart: HTML break layout stays behind a caret after the semantic break
14:58 +2965: /home/albert/busystack/busymark/test/src/source_paste_engine_test.dart: caret immediately before an HTML break keeps the break after paste
14:58 +2966: /home/albert/busystack/busymark/test/src/source_paste_engine_test.dart: selection crossing an HTML break preserves both outside slices
14:58 +2967: /home/albert/busystack/busymark/test/src/source_paste_engine_test.dart: complete inline HTML survives rich link insertion as one fragment
14:58 +2968: /home/albert/busystack/busymark/test/src/source_paste_engine_test.dart: native rich trailing space survives inherited HTML insertion
14:58 +2969: /home/albert/busystack/busymark/test/src/source_paste_engine_test.dart: native incoming edge whitespace survives inherited HTML styles
14:58 +2970: /home/albert/busystack/busymark/test/src/source_paste_engine_test.dart: selection replacement retains native whitespace and link titles
14:58 +2971: /home/albert/busystack/busymark/test/src/source_paste_engine_test.dart: multiple native inline runs retain text styles links and spaces
14:58 +2972: /home/albert/busystack/busymark/test/src/source_paste_engine_test.dart: rich insertion maps collapsed HTML whitespace as content
14:58 +2973: /home/albert/busystack/busymark/test/src/source_paste_engine_test.dart: collapsed whitespace maps through supported raw HTML styles
14:58 +2974: /home/albert/busystack/busymark/test/src/source_paste_engine_test.dart: collapsed whitespace maps through a supported raw HTML link
14:58 +2975: /home/albert/busystack/busymark/test/src/source_paste_engine_test.dart: supported content corpus always plans a rich insertion
14:58 +2976: /home/albert/busystack/busymark/test/src/source_paste_engine_test.dart: repeated mapped siblings avoid fallback and preserve final paste
15:00 +2977: /home/albert/busystack/busymark/test/src/source_paste_engine_test.dart: complete blocks split and preserve enclosing inline contexts
15:00 +2978: /home/albert/busystack/busymark/test/src/source_paste_engine_test.dart: paragraph-only block sequences match Editor merge semantics
15:00 +2979: /home/albert/busystack/busymark/test/src/source_paste_engine_test.dart: block paste preserves independent formatted selection boundaries
15:00 +2980: /home/albert/busystack/busymark/test/src/source_paste_engine_test.dart: structured paste spans partial first and last destination blocks
15:00 +2981: /home/albert/busystack/busymark/test/src/source_paste_engine_test.dart: paragraph sequences retain destination block and container paths
15:00 +2982: /home/albert/busystack/busymark/test/src/source_paste_engine_test.dart: paste output is valid input for a second paste at returned caret
15:00 +2983: /home/albert/busystack/busymark/test/src/source_paste_engine_test.dart: CRLF blockquote projection retains its authored prefixes
15:00 +2984: /home/albert/busystack/busymark/test/src/source_paste_engine_test.dart: structured complete blocks generate only CRLF boundaries
15:00 +2985: /home/albert/busystack/busymark/test/src/source_paste_engine_test.dart: structured inline hard breaks use destination CRLF
15:00 +2986: /home/albert/busystack/busymark/test/src/source_paste_engine_test.dart: mapped and generated structured breaks retain CRLF and caret width
15:00 +2987: /home/albert/busystack/busymark/test/src/source_paste_engine_test.dart: protected Source context explicitly permits textual fallback
15:00 +2988: /home/albert/busystack/busymark/test/src/source_paste_engine_test.dart: syntax-only positions explicitly permit textual fallback
15:00 +2989: /home/albert/busystack/busymark/test/src/source_paste_engine_test.dart: unmappable destination links stop rather than permit fallback
15:00 +2990: loading /home/albert/busystack/busymark/test/src/visualization_coordinator_test.dart
15:01 +2990: /home/albert/busystack/busymark/test/src/visualization_coordinator_test.dart: rejects a superseded render even when its engine finishes last
15:02 +2991: /home/albert/busystack/busymark/test/src/visualization_coordinator_test.dart: retains the last successful render after invalid source
15:02 +2992: /home/albert/busystack/busymark/test/src/visualization_coordinator_test.dart: limits concurrency and gives export work queue priority
15:03 +2993: /home/albert/busystack/busymark/test/src/visualization_coordinator_test.dart: reuses a successful content-addressed cache entry
15:03 +2994: /home/albert/busystack/busymark/test/src/visualization_coordinator_test.dart: validates concurrency and returns a typed unavailable result
15:03 +2995: /home/albert/busystack/busymark/test/src/visualization_coordinator_test.dart: bounds last-successful render retention with LRU eviction
15:03 +2996: loading /home/albert/busystack/busymark/test/src/writerside_toc_actions_test.dart
15:03 +2996: /home/albert/busystack/busymark/test/src/writerside_toc_actions_test.dart: source navigation distinguishes repeated references on one line
15:03 +2997: /home/albert/busystack/busymark/test/src/writerside_toc_actions_test.dart: explicit synchronization follows installed breadth-first topic matching
15:03 +2998: /home/albert/busystack/busymark/test/src/writerside_toc_actions_test.dart: Markdown title edits preserve other instances, content and occurrence
15:03 +2999: /home/albert/busystack/busymark/test/src/writerside_toc_actions_test.dart: Markdown title edit changes H1 and preserves front matter title
15:03 +3000: /home/albert/busystack/busymark/test/src/writerside_toc_actions_test.dart: Markdown title round trip preserves ampersands and entity spellings
15:03 +3001: /home/albert/busystack/busymark/test/src/writerside_toc_actions_test.dart: unchanged inherited values do not add overrides
15:03 +3002: /home/albert/busystack/busymark/test/src/writerside_toc_actions_test.dart: XML title edits escape attributes and expand self-closing root
15:03 +3003: /home/albert/busystack/busymark/test/src/writerside_toc_actions_test.dart: clearing overrides removes only the selected instance and occurrence
15:03 +3004: /home/albert/busystack/busymark/test/src/writerside_toc_actions_test.dart: before-drop preserves complete subtrees and returns all moved paths
15:05 +3005: /home/albert/busystack/busymark/test/src/writerside_toc_actions_test.dart: grouping uses source order and rejects cross-parent selections
15:05 +3006: /home/albert/busystack/busymark/test/src/writerside_toc_actions_test.dart: line moves retain CRLF, caret, reversed selection and boundaries
15:05 +3007: loading /home/albert/busystack/busymark/test/src/markdown_section_editor_test.dart
15:06 +3007: /home/albert/busystack/busymark/test/src/markdown_section_editor_test.dart: section includes descendants and stops at the next sibling
15:06 +3008: /home/albert/busystack/busymark/test/src/markdown_section_editor_test.dart: move up and down swap complete sibling subtrees
15:06 +3009: /home/albert/busystack/busymark/test/src/markdown_section_editor_test.dart: promote and demote preserve descendant hierarchy
15:06 +3010: /home/albert/busystack/busymark/test/src/markdown_section_editor_test.dart: demote is unavailable when a descendant is already H6
15:06 +3011: /home/albert/busystack/busymark/test/src/markdown_section_editor_test.dart: level changes preserve and convert Setext headings
15:06 +3012: loading /home/albert/busystack/busymark/test/src/visualization_models_test.dart
15:08 +3012: /home/albert/busystack/busymark/test/src/visualization_models_test.dart: visualization fence classification recognizes canonical names and aliases without changing spelling
15:08 +3013: /home/albert/busystack/busymark/test/src/visualization_models_test.dart: preserves dependency diagnostic source locations
15:08 +3014: /home/albert/busystack/busymark/test/src/visualization_models_test.dart: visualization cache keys canonicalizes options and dependency order
15:08 +3015: /home/albert/busystack/busymark/test/src/visualization_models_test.dart: visualization cache keys invalidates on engine, source, theme, profile, option, and dependency
15:08 +3016: /home/albert/busystack/busymark/test/src/visualization_models_test.dart: visualization cache keys invalidates entries produced by the previous render pipeline
15:08 +3017: /home/albert/busystack/busymark/test/src/visualization_models_test.dart: visualization disk cache round-trips SVG, raster, and structured OpenAPI successes
15:09 +3018: /home/albert/busystack/busymark/test/src/visualization_models_test.dart: visualization disk cache does not persist failures and repairs malformed entries
15:09 +3019: /home/albert/busystack/busymark/test/src/visualization_models_test.dart: visualization disk cache derives the XDG cache path without changing the environment
15:09 +3020: loading /home/albert/busystack/busymark/test/src/writerside_video_test.dart
15:10 +3020: /home/albert/busystack/busymark/test/src/writerside_video_test.dart: Writerside Markdown models video and preserves its exact source
15:10 +3021: /home/albert/busystack/busymark/test/src/writerside_video_test.dart: video remains blocked raw HTML outside Writerside Markdown
15:10 +3022: /home/albert/busystack/busymark/test/src/writerside_video_test.dart: multiline Writerside video attributes remain one semantic block
15:10 +3023: /home/albert/busystack/busymark/test/src/writerside_video_test.dart: video markup inside an ordinary code fence is not interpreted
15:10 +3024: /home/albert/busystack/busymark/test/src/writerside_video_test.dart: Writerside topic parser exposes video attributes
15:10 +3025: /home/albert/busystack/busymark/test/src/writerside_video_test.dart: Writerside .topic preview creates a first-class video block
15:10 +3026: /home/albert/busystack/busymark/test/src/writerside_video_test.dart: safe video resolver accepts documented hosts and local media
15:10 +3027: /home/albert/busystack/busymark/test/src/writerside_video_test.dart: Writerside module reports invalid and incomplete video sources
15:10 +3028: /home/albert/busystack/busymark/test/src/writerside_video_test.dart: local poster defaults to matching PNG and can be overridden
15:10 +3029: /home/albert/busystack/busymark/test/src/writerside_video_test.dart: hosted video posters resolve from trusted provider sources
15:10 +3030: /home/albert/busystack/busymark/test/src/writerside_video_test.dart: Vimeo poster metadata cannot point images to another host
15:10 +3031: /home/albert/busystack/busymark/test/src/writerside_video_test.dart: PDF export carries a first-class linked video poster
15:10 +3032: loading /home/albert/busystack/busymark/test/src/app_router_test.dart
15:12 +3032: /home/albert/busystack/busymark/test/src/app_router_test.dart: settings return targets are explicit and validated
15:12 +3033: /home/albert/busystack/busymark/test/src/app_router_test.dart: opening Settings preserves a validated Settings origin
15:12 +3034: /home/albert/busystack/busymark/test/src/app_router_test.dart: settings page routes are explicit and validated
15:12 +3035: /home/albert/busystack/busymark/test/src/app_router_test.dart: Settings opened from Welcome returns to Welcome with a stale workspace
15:14 +3036: /home/albert/busystack/busymark/test/src/app_router_test.dart: returning to Welcome does not restore the session again
15:14 +3037: loading /home/albert/busystack/busymark/test/src/writerside_resolution_regression_test.dart
15:15 +3037: /home/albert/busystack/busymark/test/src/writerside_resolution_regression_test.dart: mixed Markdown protects fenced code and CDATA while preserving spans
15:16 +3038: /home/albert/busystack/busymark/test/src/writerside_resolution_regression_test.dart: lazy defaults respect caller arguments and percent escaping
15:16 +3039: /home/albert/busystack/busymark/test/src/writerside_resolution_regression_test.dart: empty links use the target title for the selected instance
15:16 +3040: /home/albert/busystack/busymark/test/src/writerside_resolution_regression_test.dart: conditional chapter content and links follow the selected instance
15:16 +3041: /home/albert/busystack/busymark/test/src/writerside_resolution_regression_test.dart: malformed markup and unresolved reuse stay visible with diagnostics
15:16 +3042: /home/albert/busystack/busymark/test/src/writerside_resolution_regression_test.dart: Markdown IDs include whole chapters and retain mixed-content spans
15:16 +3043: /home/albert/busystack/busymark/test/src/writerside_resolution_regression_test.dart: conditional globals and include arguments override snippet defaults
15:16 +3044: /home/albert/busystack/busymark/test/src/writerside_resolution_regression_test.dart: links resolve labels, separate anchors and nullable availability
15:16 +3045: /home/albert/busystack/busymark/test/src/writerside_resolution_regression_test.dart: included code uses its source topic and unsaved source overrides
15:16 +3046: /home/albert/busystack/busymark/test/src/writerside_resolution_regression_test.dart: summaries stay metadata and starting pages suppress outside content
15:16 +3047: /home/albert/busystack/busymark/test/src/writerside_resolution_regression_test.dart: configured shortcuts, glossary and binary resources have visible references
15:16 +3048: /home/albert/busystack/busymark/test/src/writerside_resolution_regression_test.dart: line and symbol selectors reject invalid selections
15:16 +3049: loading /home/albert/busystack/busymark/test/src/nextcloud_secret_store_test.dart
15:17 +3049: /home/albert/busystack/busymark/test/src/nextcloud_secret_store_test.dart: reads exact app password in dedicated stable account namespace
15:17 +3050: /home/albert/busystack/busymark/test/src/nextcloud_secret_store_test.dart: writes and deletes only the selected account secret
15:17 +3051: /home/albert/busystack/busymark/test/src/nextcloud_secret_store_test.dart: rejects app passwords that cannot be stored as an exact C string
15:17 +3052: /home/albert/busystack/busymark/test/src/nextcloud_secret_store_test.dart: rejects caller-controlled keys and non-random UUIDs before native calls
15:17 +3053: /home/albert/busystack/busymark/test/src/nextcloud_secret_store_test.dart: unavailable keyring fails safely without plaintext fallback
15:17 +3054: loading /home/albert/busystack/busymark/test/src/status_semantics_test.dart
15:18 +3054: /home/albert/busystack/busymark/test/src/status_semantics_test.dart: status colors stay semantic across accents and brightness
15:19 +3055: /home/albert/busystack/busymark/test/src/status_semantics_test.dart: workspace messages use semantic status roles
15:19 +3056: /home/albert/busystack/busymark/test/src/status_semantics_test.dart: Git failures use window-level toasts
15:19 +3057: /home/albert/busystack/busymark/test/src/status_semantics_test.dart: successful Git operations use window-level toasts
15:20 +3058: loading /home/albert/busystack/busymark/test/src/workspace_service_test.dart
15:20 +3058: /home/albert/busystack/busymark/test/src/workspace_service_test.dart: opens a single Markdown file workspace
15:20 +3059: /home/albert/busystack/busymark/test/src/workspace_service_test.dart: resolves an unindexed sibling document within the workspace
15:20 +3060: /home/albert/busystack/busymark/test/src/workspace_service_test.dart: opens a Markdown file from a file URI path
15:21 +3061: /home/albert/busystack/busymark/test/src/workspace_service_test.dart: opens a generic Markdown folder workspace
15:21 +3062: /home/albert/busystack/busymark/test/src/workspace_service_test.dart: canonicalizes a workspace opened through a directory symlink
15:21 +3063: /home/albert/busystack/busymark/test/src/workspace_service_test.dart: rejects a workspace root replaced by a symlink after opening
15:21 +3064: /home/albert/busystack/busymark/test/src/workspace_service_test.dart: opens a Writerside module workspace
15:21 +3065: /home/albert/busystack/busymark/test/src/workspace_service_test.dart: untitled Markdown in Writerside reparses, previews, and outlines as CommonMark
15:21 +3066: /home/albert/busystack/busymark/test/src/workspace_service_test.dart: genuine Writerside Markdown topic keeps Writerside semantics
15:21 +3067: /home/albert/busystack/busymark/test/src/workspace_service_test.dart: creates and opens a Writerside starter project
15:21 +3068: /home/albert/busystack/busymark/test/src/workspace_service_test.dart: reparses and previews Writerside Markdown without generic link validation
15:21 +3069: /home/albert/busystack/busymark/test/src/workspace_service_test.dart: creates a Writerside Markdown topic and registers it in the TOC
15:21 +3070: /home/albert/busystack/busymark/test/src/workspace_service_test.dart: imports Markdown topics into the selected instance and opens the first
15:21 +3071: /home/albert/busystack/busymark/test/src/workspace_service_test.dart: Markdown import reloads stale UI inventory before planning
15:21 +3072: /home/albert/busystack/busymark/test/src/workspace_service_test.dart: topic creation revalidates module IDs after its candidate is written
15:21 +3073: /home/albert/busystack/busymark/test/src/workspace_service_test.dart: creates a topic in the explicitly selected instance and TOC node
15:21 +3074: /home/albert/busystack/busymark/test/src/workspace_service_test.dart: unparsed topic basename reserves its module-wide topic ID for creation
15:22 +3075: /home/albert/busystack/busymark/test/src/workspace_service_test.dart: topic under build reserves its module-wide ID for creation
15:22 +3076: /home/albert/busystack/busymark/test/src/workspace_service_test.dart: topic under a hidden directory reserves its module-wide ID for creation
15:22 +3077: /home/albert/busystack/busymark/test/src/workspace_service_test.dart: duplicate topic cannot reuse an unparsed topic basename
15:22 +3078: /home/albert/busystack/busymark/test/src/workspace_service_test.dart: template source cannot reuse an unparsed topic basename
15:22 +3079: /home/albert/busystack/busymark/test/src/workspace_service_test.dart: topic creation refuses incomplete topic discovery
15:22 +3080: /home/albert/busystack/busymark/test/src/workspace_service_test.dart: rejects topic creation when the configured instance tree is outside the module
15:22 +3081: /home/albert/busystack/busymark/test/src/workspace_service_test.dart: prepared topic rename is stale when a new module is discovered
15:22 +3082: /home/albert/busystack/busymark/test/src/workspace_service_test.dart: topic rename planning rejects incomplete project module discovery
15:22 +3083: /home/albert/busystack/busymark/test/src/workspace_service_test.dart: prepared topic rename rejects incomplete module discovery on apply
15:22 +3084: /home/albert/busystack/busymark/test/src/workspace_service_test.dart: project module discovery reports directory listing failure
15:22 +3085: /home/albert/busystack/busymark/test/src/workspace_service_test.dart: ordinary directory creation does not stale a prepared rename
15:22 +3086: /home/albert/busystack/busymark/test/src/workspace_service_test.dart: normalizes portal-style document paths as filesystem paths
15:22 +3087: /home/albert/busystack/busymark/test/src/workspace_service_test.dart: saveText writes content and returns the saved file snapshot
15:22 +3088: /home/albert/busystack/busymark/test/src/workspace_service_test.dart: file change detection ignores timestamp-only changes
15:22 +3089: /home/albert/busystack/busymark/test/src/workspace_service_test.dart: saveNewText writes a missing file and returns its snapshot
15:22 +3090: /home/albert/busystack/busymark/test/src/workspace_service_test.dart: saveNewText refuses an existing file without changing it
15:22 +3091: /home/albert/busystack/busymark/test/src/workspace_service_test.dart: saveNewText does not replace a file arriving before publication
15:22 +3092: /home/albert/busystack/busymark/test/src/workspace_service_test.dart: saveNewText does not write inside a directory arriving before publication
15:22 +3093: /home/albert/busystack/busymark/test/src/workspace_service_test.dart: saveTextReplacingPath replaces a final symlink without following it
15:22 +3094: /home/albert/busystack/busymark/test/src/workspace_service_test.dart: conditional replacement cannot overwrite a post-validation writer
15:22 +3095: /home/albert/busystack/busymark/test/src/workspace_service_test.dart: conditional replacement validates a displaced relative symlink
15:22 +3096: /home/albert/busystack/busymark/test/src/workspace_service_test.dart: conditional replacement detects a changed relative symlink target
15:22 +3097: /home/albert/busystack/busymark/test/src/workspace_service_test.dart: conditional replacement restores a post-validation directory
15:22 +3098: /home/albert/busystack/busymark/test/src/workspace_service_test.dart: conditional replacement restores a post-validation FIFO without reading
15:22 +3099: /home/albert/busystack/busymark/test/src/workspace_service_test.dart: saveText follows file symlinks and preserves target permissions
15:22 +3100: /home/albert/busystack/busymark/test/src/workspace_service_test.dart: createFile rejects a directory reached through an intermediate symlink
15:22 +3101: /home/albert/busystack/busymark/test/src/workspace_service_test.dart: renameEntity rejects a source reached through an intermediate symlink
15:22 +3102: /home/albert/busystack/busymark/test/src/workspace_service_test.dart: moveEntity rejects a target reached through an intermediate symlink
15:22 +3103: /home/albert/busystack/busymark/test/src/workspace_service_test.dart: deleteEntity rejects a directory reached through an intermediate symlink
15:22 +3104: /home/albert/busystack/busymark/test/src/workspace_service_test.dart: deleteEntity removes a final symlink without deleting its target
15:22 +3105: /home/albert/busystack/busymark/test/src/workspace_service_test.dart: generic deletion rejects topics and containing folders in a non-active module
15:22 +3106: /home/albert/busystack/busymark/test/src/workspace_service_test.dart: an unparsed topic cannot bypass generic deletion
15:22 +3107: /home/albert/busystack/busymark/test/src/workspace_service_test.dart: missing nested mutation paths keep domain-specific errors
15:22 +3108: /home/albert/busystack/busymark/test/src/workspace_service_test.dart: fileChangedSince treats deleted files as changed
15:22 +3109: /home/albert/busystack/busymark/test/src/workspace_service_test.dart: fileChangedSince detects content changes with unchanged modified time
15:22 +3110: /home/albert/busystack/busymark/test/src/workspace_service_test.dart: folder workspace lists all content except version-control metadata
15:22 +3111: /home/albert/busystack/busymark/test/src/workspace_service_test.dart: folder workspace lists unsupported legacy Markdown extensions
15:22 +3112: /home/albert/busystack/busymark/test/src/workspace_service_test.dart: limited folder scan prefers shallow siblings before deep subtree
15:22 +3113: /home/albert/busystack/busymark/test/src/workspace_service_test.dart: invalid UTF-8 Markdown does not fail the whole workspace
15:22 +3114: /home/albert/busystack/busymark/test/src/workspace_service_test.dart: large Markdown files are listed but not parsed automatically
15:22 +3115: /home/albert/busystack/busymark/test/src/workspace_service_test.dart: large Writerside topics are listed but not parsed automatically
15:22 +3116: /home/albert/busystack/busymark/test/src/workspace_service_test.dart: Writerside topic loading honors the document limit
15:22 +3117: loading /home/albert/busystack/busymark/test/src/ai_policy_test.dart
15:23 +3117: /home/albert/busystack/busymark/test/src/ai_policy_test.dart: AI editing is enabled only for Markdown document kinds
15:23 +3118: /home/albert/busystack/busymark/test/src/ai_policy_test.dart: Markdown preservation accepts a prose-only replacement in the complete document
15:23 +3119: /home/albert/busystack/busymark/test/src/ai_policy_test.dart: Markdown preservation rejects swapped URL associations even when the URL set is equal
15:23 +3120: /home/albert/busystack/busymark/test/src/ai_policy_test.dart: Markdown preservation full-document validation catches edits made inside protected syntax
15:23 +3121: /home/albert/busystack/busymark/test/src/ai_policy_test.dart: Markdown preservation protects front matter, references, footnotes, tables, HTML and IDs
15:23 +3122: /home/albert/busystack/busymark/test/src/ai_policy_test.dart: Markdown preservation protects list and heading structure
15:23 +3123: /home/albert/busystack/busymark/test/src/ai_policy_test.dart: Markdown preservation protects implicit heading identifiers from prose rewrites
15:23 +3124: /home/albert/busystack/busymark/test/src/ai_policy_test.dart: the prompt contains only the context explicitly selected by the user
15:23 +3125: /home/albert/busystack/busymark/test/src/ai_policy_test.dart: instructions and direct prompts have explicit token budgets
15:23 +3126: /home/albert/busystack/busymark/test/src/ai_policy_test.dart: token estimates are independent from UTF-8 transport bytes
15:23 +3127: /home/albert/busystack/busymark/test/src/ai_policy_test.dart: generated-output byte limits are independent from provider tokens
15:23 +3128: /home/albert/busystack/busymark/test/src/ai_policy_test.dart: user-selected Markdown target and context selection target and block context remain independent
15:23 +3129: /home/albert/busystack/busymark/test/src/ai_policy_test.dart: user-selected Markdown target and context insert-after-block target can send no document context
15:23 +3130: /home/albert/busystack/busymark/test/src/ai_policy_test.dart: user-selected Markdown target and context current block can use complete-document context
15:23 +3131: /home/albert/busystack/busymark/test/src/ai_policy_test.dart: user-selected Markdown target and context current section includes descendants but not its sibling
15:23 +3132: /home/albert/busystack/busymark/test/src/ai_policy_test.dart: user-selected Markdown target and context complete-document target is explicit
15:23 +3133: /home/albert/busystack/busymark/test/src/ai_policy_test.dart: user-selected Markdown target and context partial protected selections are rejected instead of expanded
15:23 +3134: /home/albert/busystack/busymark/test/src/ai_policy_test.dart: user-selected Markdown target and context validation and application use the exact block insertion
15:23 +3135: /home/albert/busystack/busymark/test/src/ai_policy_test.dart: commit proposals require a bounded subject and blank separator
15:23 +3136: loading /home/albert/busystack/busymark/test/src/linux_window_host_test.dart
15:24 +3136: /home/albert/busystack/busymark/test/src/linux_window_host_test.dart: dialogs cover application header actions while system Close uses the guarded service
15:25 +3137: /home/albert/busystack/busymark/test/src/linux_window_host_test.dart: icon uses its physical GTK side and contributes to the inset
unhandled element <filter/>; Picture key: Svg loader
15:26 +3138: /home/albert/busystack/busymark/test/src/linux_window_host_test.dart: fallback application menu is absent while titlebar menu still works
15:26 +3139: /home/albert/busystack/busymark/test/src/linux_window_host_test.dart: window-state stream survives unrelated host rebuilds
15:26 +3140: /home/albert/busystack/busymark/test/src/linux_window_host_test.dart: normal maximize decoration has matching behavior
15:26 +3141: /home/albert/busystack/busymark/test/src/linux_window_host_test.dart: maximized maximize decoration has matching behavior
15:26 +3142: /home/albert/busystack/busymark/test/src/linux_window_host_test.dart: fullscreen maximize decoration has matching behavior
15:26 +3143: /home/albert/busystack/busymark/test/src/linux_window_host_test.dart: fullscreen titlebar double-click still restores
15:26 +3144: /home/albert/busystack/busymark/test/src/linux_window_host_test.dart: the document title itself handles titlebar double-click
15:26 +3145: /home/albert/busystack/busymark/test/src/linux_window_host_test.dart: live GTK layout removal retains each decoration identity
15:26 +3146: /home/albert/busystack/busymark/test/src/linux_window_host_test.dart: reduced motion settles maximize and restore icons (GTK=false)
15:26 +3147: /home/albert/busystack/busymark/test/src/linux_window_host_test.dart: reduced motion settles maximize and restore icons (GTK=true)
15:26 +3148: /home/albert/busystack/busymark/test/src/linux_window_host_test.dart: GTK reduced motion settles window-control hover immediately
15:26 +3149: /home/albert/busystack/busymark/test/src/linux_window_host_test.dart: enabling reduced motion settles an in-flight window icon morph
15:26 +3150: /home/albert/busystack/busymark/test/src/linux_window_host_test.dart: enabled motion retains the normal active-window fade
15:26 +3151: /home/albert/busystack/busymark/test/src/linux_window_host_test.dart: Flutter reduced motion settles the host fade immediately
15:26 +3152: /home/albert/busystack/busymark/test/src/linux_window_host_test.dart: GTK animation policy reaches the actual host overlay
15:26 +3153: /home/albert/busystack/busymark/test/src/linux_window_host_test.dart: enabling reduced motion stops a fade and later fades can run
15:26 +3154: loading /home/albert/busystack/busymark/test/src/editor_ui_primitives_audit_test.dart
15:27 +3154: /home/albert/busystack/busymark/test/src/editor_ui_primitives_audit_test.dart: source editor overlays use shared semantic surfaces
15:27 +3155: /home/albert/busystack/busymark/test/src/editor_ui_primitives_audit_test.dart: WYSIWYG content actions and table menus use shared controls
15:27 +3156: /home/albert/busystack/busymark/test/src/editor_ui_primitives_audit_test.dart: problems dialog delegates its list surface to shared grouping
15:27 +3157: loading /home/albert/busystack/busymark/test/src/writerside_document_test.dart
15:29 +3157: /home/albert/busystack/busymark/test/src/writerside_document_test.dart: complex Markdown retains semantic XML spans (protected=false)
15:29 +3158: /home/albert/busystack/busymark/test/src/writerside_document_test.dart: complex Markdown retains semantic XML spans (protected=true)
15:30 +3159: /home/albert/busystack/busymark/test/src/writerside_document_test.dart: Writerside heading aliases prefer exact IDs and reject ambiguity
15:30 +3160: /home/albert/busystack/busymark/test/src/writerside_document_test.dart: malformed semantic XML is still reported after a scanner mismatch
15:30 +3161: /home/albert/busystack/busymark/test/src/writerside_document_test.dart: lossless XML nodes preserve exact duplicate ranges and generic markup
15:30 +3162: /home/albert/busystack/busymark/test/src/writerside_document_test.dart: Writerside Markdown round-trips native and generic markup
15:30 +3163: /home/albert/busystack/busymark/test/src/writerside_document_test.dart: modified semantic XML reconstructs equivalent escaped markup
15:30 +3164: /home/albert/busystack/busymark/test/src/writerside_document_test.dart: modified conformance topic retains qualified namespace names
15:30 +3165: /home/albert/busystack/busymark/test/src/writerside_document_test.dart: resolver applies includes, filters, groups, variables, and cycles
15:30 +3166: /home/albert/busystack/busymark/test/src/writerside_document_test.dart: resolver negates the complete instance list
15:30 +3167: /home/albert/busystack/busymark/test/src/writerside_document_test.dart: XML list type is inherited by every list item
15:30 +3168: /home/albert/busystack/busymark/test/src/writerside_document_test.dart: XML lists retain numeric ordinals and their container identity
15:30 +3169: /home/albert/busystack/busymark/test/src/writerside_document_test.dart: repeated list includes have distinct occurrence IDs and original source spans
15:30 +3170: /home/albert/busystack/busymark/test/src/writerside_document_test.dart: workspace exposes resolver errors with exact source spans
15:30 +3171: loading /home/albert/busystack/busymark/test/src/writerside_api_test.dart
15:30 +3171: /home/albert/busystack/busymark/test/src/writerside_api_test.dart: platform-backed API model remains on the host path and transfers complete semantics
15:31 +3172: /home/albert/busystack/busymark/test/src/writerside_api_test.dart: API tags select operations through the existing OpenAPI parser
15:31 +3173: /home/albert/busystack/busymark/test/src/writerside_api_test.dart: API child selectors inherit the specification and preserve sample overrides
15:31 +3174: /home/albert/busystack/busymark/test/src/writerside_api_test.dart: API schemas resolve references and honor nesting depth
15:31 +3175: /home/albert/busystack/busymark/test/src/writerside_api_test.dart: schema and webhook elements are visible
15:31 +3176: /home/albert/busystack/busymark/test/src/writerside_api_test.dart: invalid API selection has a visible fallback and source diagnostic
15:31 +3177: loading /home/albert/busystack/busymark/test/src/local_history_store_test.dart
15:32 +3177: /home/albert/busystack/busymark/test/src/local_history_store_test.dart: capture commit guard rejects stale policy (memory=false)
15:32 +3178: /home/albert/busystack/busymark/test/src/local_history_store_test.dart: capture commit guard rejects stale policy (memory=true)
15:32 +3179: /home/albert/busystack/busymark/test/src/local_history_store_test.dart: real process contention waits and captures without a warning
15:39 +3180: /home/albert/busystack/busymark/test/src/local_history_store_test.dart: lock timeout closes acquisition and queues recover without late capture
15:43 +3181: /home/albert/busystack/busymark/test/src/local_history_store_test.dart: non-contention acquisition failure is prompt and closes the handle
15:43 +3182: /home/albert/busystack/busymark/test/src/local_history_store_test.dart: body contention-shaped error never replays the transaction
15:43 +3183: /home/albert/busystack/busymark/test/src/local_history_store_test.dart: independent production writers preserve both identities and revisions
15:49 +3184: /home/albert/busystack/busymark/test/src/local_history_store_test.dart: identity-targeted reconciliation cannot mutate process replacements
15:53 +3185: /home/albert/busystack/busymark/test/src/local_history_store_test.dart: identity-targeted reconciliation rejects an intervening process checkpoint
15:57 +3186: /home/albert/busystack/busymark/test/src/local_history_store_test.dart: promotion repair rechecks the stale owner atomically (memory=false)
15:57 +3187: /home/albert/busystack/busymark/test/src/local_history_store_test.dart: promotion repair rechecks the stale owner atomically (memory=true)
15:57 +3188: /home/albert/busystack/busymark/test/src/local_history_store_test.dart: persists full revisions and stable document identity across restart
15:57 +3189: /home/albert/busystack/busymark/test/src/local_history_store_test.dart: persists untitled first-save promotion without a new revision
15:57 +3190: /home/albert/busystack/busymark/test/src/local_history_store_test.dart: untitled promotion refuses an already-owned destination path
15:57 +3191: /home/albert/busystack/busymark/test/src/local_history_store_test.dart: deleted paths never own promotion, lookup, or remap
15:57 +3192: /home/albert/busystack/busymark/test/src/local_history_store_test.dart: deduplicates only adjacent ordinary captures and preserves A-B-A
15:57 +3193: /home/albert/busystack/busymark/test/src/local_history_store_test.dart: forced protective capture preserves an identical revision
15:57 +3194: /home/albert/busystack/busymark/test/src/local_history_store_test.dart: stable capture identity makes a protective retry idempotent
15:57 +3195: /home/albert/busystack/busymark/test/src/local_history_store_test.dart: idempotent capture stays complete after its lineage advances
15:58 +3196: /home/albert/busystack/busymark/test/src/local_history_store_test.dart: promotion retry accepts the same lineage after a later move
15:58 +3197: /home/albert/busystack/busymark/test/src/local_history_store_test.dart: atomic path preflight accepts the same target already reconciled elsewhere
15:58 +3198: /home/albert/busystack/busymark/test/src/local_history_store_test.dart: clearing one identity does not poison another identity capture
15:58 +3199: /home/albert/busystack/busymark/test/src/local_history_store_test.dart: repairs a damaged index from intact independently checksummed records
15:58 +3200: /home/albert/busystack/busymark/test/src/local_history_store_test.dart: repair rejects a record associated with a different document
15:58 +3201: /home/albert/busystack/busymark/test/src/local_history_store_test.dart: does not resurrect explicitly cleared revisions during repair
15:58 +3202: /home/albert/busystack/busymark/test/src/local_history_store_test.dart: rejects an unknown future index format without rewriting it
15:58 +3203: /home/albert/busystack/busymark/test/src/local_history_store_test.dart: age retention uses the injected capture time deterministically
15:58 +3204: /home/albert/busystack/busymark/test/src/local_history_store_test.dart: age retention is enforced when an idle store is reopened
15:58 +3205: /home/albert/busystack/busymark/test/src/local_history_store_test.dart: rename, directory move, delete, and per-document clearing retain lineage
15:58 +3206: /home/albert/busystack/busymark/test/src/local_history_store_test.dart: ID-bound captures cannot implicitly move document paths
15:58 +3207: /home/albert/busystack/busymark/test/src/local_history_store_test.dart: serializes concurrent captures without losing index entries
15:59 +3208: /home/albert/busystack/busymark/test/src/local_history_store_test.dart: oversized capture cannot evict the previous revision
15:59 +3209: /home/albert/busystack/busymark/test/src/local_history_store_test.dart: different paths with the same basename keep separate identities
15:59 +3210: /home/albert/busystack/busymark/test/src/local_history_store_test.dart: an intentional empty revision after content is retained
15:59 +3211: /home/albert/busystack/busymark/test/src/local_history_store_test.dart: missing and corrupt revision records do not damage intact entries
15:59 +3212: /home/albert/busystack/busymark/test/src/local_history_store_test.dart: incomplete staging artifacts are never discovered as revisions
15:59 +3213: /home/albert/busystack/busymark/test/src/local_history_store_test.dart: global clear tombstones prevent repair resurrection
15:59 +3214: /home/albert/busystack/busymark/test/src/local_history_store_test.dart: durable Clear All replay cannot erase post-clear history
16:00 +3215: /home/albert/busystack/busymark/test/src/local_history_store_test.dart: durable Clear Document replay cannot erase replacement history
16:00 +3216: /home/albert/busystack/busymark/test/src/local_history_store_test.dart: clear barrier rejects accepted pathless work from its lineage (memory=false)
16:00 +3217: /home/albert/busystack/busymark/test/src/local_history_store_test.dart: clear barrier retains a deleted document path without a replacement (memory=false)
16:00 +3218: /home/albert/busystack/busymark/test/src/local_history_store_test.dart: clear barrier rejects accepted pathless work from its lineage (memory=true)
16:00 +3219: /home/albert/busystack/busymark/test/src/local_history_store_test.dart: clear barrier retains a deleted document path without a replacement (memory=true)
16:00 +3220: /home/albert/busystack/busymark/test/src/local_history_store_test.dart: stable capture replay resolves identity before path checks (memory=false)
16:00 +3221: /home/albert/busystack/busymark/test/src/local_history_store_test.dart: stable capture replay resolves identity before path checks (memory=true)
16:00 +3222: /home/albert/busystack/busymark/test/src/local_history_store_test.dart: file capture rolls back cancellation during revision publication
16:00 +3223: /home/albert/busystack/busymark/test/src/local_history_store_test.dart: file dedup capture rolls back cancellation during index publication
16:00 +3224: /home/albert/busystack/busymark/test/src/local_history_store_test.dart: multiple store instances coordinate concurrent index publication
16:00 +3225: /home/albert/busystack/busymark/test/src/local_history_store_test.dart: storage permission failures surface without touching document data
16:00 +3226: /home/albert/busystack/busymark/test/src/local_history_store_test.dart: path exclusions use injected Windows path semantics
16:00 +3227: loading /home/albert/busystack/busymark/test/src/web_render_host_test.dart
16:01 +3227: /home/albert/busystack/busymark/test/src/web_render_host_test.dart: sends explicit request IDs and decodes a typed map response
16:01 +3228: /home/albert/busystack/busymark/test/src/web_render_host_test.dart: sends a MathJax batch in one cancellable host request
16:01 +3229: /home/albert/busystack/busymark/test/src/web_render_host_test.dart: scales the MathJax timeout for sequential batch conversion
16:01 +3230: /home/albert/busystack/busymark/test/src/web_render_host_test.dart: applies the scaled timeout to a maximum accepted batch
16:01 +3231: /home/albert/busystack/busymark/test/src/web_render_host_test.dart: cancels the matching native request and rejects a late success
16:01 +3232: /home/albert/busystack/busymark/test/src/web_render_host_test.dart: times out and requests native cancellation
16:01 +3233: /home/albert/busystack/busymark/test/src/web_render_host_test.dart: rejects an invalid native response shape
16:01 +3234: /home/albert/busystack/busymark/test/src/web_render_host_test.dart: decodes OpenAPI references with source locations
16:01 +3235: /home/albert/busystack/busymark/test/src/web_render_host_test.dart: sends PNG bytes to the native image clipboard
16:01 +3236: loading /home/albert/busystack/busymark/test/src/document_persistence_test.dart
16:03 +3236: /home/albert/busystack/busymark/test/src/document_persistence_test.dart: file-backed edits update final-newline metadata
16:03 +3237: /home/albert/busystack/busymark/test/src/document_persistence_test.dart: session store keeps tab state and pending history identity without text
16:03 +3238: /home/albert/busystack/busymark/test/src/document_persistence_test.dart: session merge keys first-save promotions by durable operation owner
16:03 +3239: /home/albert/busystack/busymark/test/src/document_persistence_test.dart: recovery store distinguishes clean and unclean runs
16:03 +3240: /home/albert/busystack/busymark/test/src/document_persistence_test.dart: recovery keeps valid entries when another record is malformed
16:03 +3241: /home/albert/busystack/busymark/test/src/document_persistence_test.dart: recovery ownership keeps same buffer IDs isolated by process
16:04 +3242: /home/albert/busystack/busymark/test/src/document_persistence_test.dart: restored dead-owner recovery is adopted and can be retired
16:04 +3243: /home/albert/busystack/busymark/test/src/document_persistence_test.dart: recovery state is written with private POSIX permissions
16:04 +3244: loading /home/albert/busystack/busymark/test/src/source_intrinsic_width_test.dart
16:05 +3244: /home/albert/busystack/busymark/test/src/source_intrinsic_width_test.dart: intrinsic width remeasures only edited source lines
16:05 +3245: /home/albert/busystack/busymark/test/src/source_intrinsic_width_test.dart: large source width uses a bounded estimate
16:05 +3246: loading /home/albert/busystack/busymark/test/src/search_replace_service_test.dart
16:06 +3246: /home/albert/busystack/busymark/test/src/search_replace_service_test.dart: Unicode regex replacement preserves complete characters
16:06 +3247: /home/albert/busystack/busymark/test/src/search_replace_service_test.dart: zero-length replacement limitation survives worker transfer
16:06 +3248: /home/albert/busystack/busymark/test/src/search_replace_service_test.dart: workspace replacement limit at 4999 actual matches
16:06 +3249: /home/albert/busystack/busymark/test/src/search_replace_service_test.dart: workspace replacement limit at 5000 actual matches
16:06 +3250: /home/albert/busystack/busymark/test/src/search_replace_service_test.dart: workspace replacement limit at 5001 actual matches
16:06 +3251: /home/albert/busystack/busymark/test/src/search_replace_service_test.dart: workspace replacement cancels a running expensive regex
16:06 +3252: /home/albert/busystack/busymark/test/src/search_replace_service_test.dart: workspace scope includes closed Writerside documents and ignores unrelated open files
16:08 +3253: /home/albert/busystack/busymark/test/src/search_replace_service_test.dart: previews and applies plain whole-word replacements
16:08 +3254: /home/albert/busystack/busymark/test/src/search_replace_service_test.dart: text replacement previews enforce their match limit
16:08 +3255: /home/albert/busystack/busymark/test/src/search_replace_service_test.dart: replacement worker expands one accepted regex match
16:08 +3256: /home/albert/busystack/busymark/test/src/search_replace_service_test.dart: replacement worker cancels stale plans
16:08 +3257: /home/albert/busystack/busymark/test/src/search_replace_service_test.dart: expands numbered and named regex capture groups
16:08 +3258: /home/albert/busystack/busymark/test/src/search_replace_service_test.dart: applies only selected preview matches
16:08 +3259: /home/albert/busystack/busymark/test/src/search_replace_service_test.dart: workspace preview uses dirty buffers and writes closed files
16:08 +3260: /home/albert/busystack/busymark/test/src/search_replace_service_test.dart: workspace apply skips stale dirty buffers
16:08 +3261: /home/albert/busystack/busymark/test/src/search_replace_service_test.dart: truncated workspace previews cannot be applied
16:08 +3262: /home/albert/busystack/busymark/test/src/search_replace_service_test.dart: stale later files abort before earlier files are changed
16:08 +3263: /home/albert/busystack/busymark/test/src/search_replace_service_test.dart: rollback preserves a concurrent edit and reports displaced content
16:08 +3264: /home/albert/busystack/busymark/test/src/search_replace_service_test.dart: workspace apply revalidates open buffers after disk writes
16:08 +3265: loading /home/albert/busystack/busymark/test/src/export_options_editor_test.dart
16:09 +3265: /home/albert/busystack/busymark/test/src/export_options_editor_test.dart: Escape closes Export before a control receives focus
16:10 +3266: /home/albert/busystack/busymark/test/src/export_options_editor_test.dart: Export keeps breathing room below its final option
16:10 +3267: /home/albert/busystack/busymark/test/src/export_options_editor_test.dart: Markdown PDF loads confirmed settings and shares controls
16:11 +3268: /home/albert/busystack/busymark/test/src/export_options_editor_test.dart: Writerside PDF loads confirmed settings and shares controls
16:11 +3269: /home/albert/busystack/busymark/test/src/export_options_editor_test.dart: Markdown HTML loads confirmed settings and shares controls
16:12 +3270: /home/albert/busystack/busymark/test/src/export_options_editor_test.dart: Writerside HTML loads confirmed settings and shares controls
16:12 +3271: /home/albert/busystack/busymark/test/src/export_options_editor_test.dart: one Export modal switches between PDF and HTML
16:12 +3272: /home/albert/busystack/busymark/test/src/export_options_editor_test.dart: custom geometry controls, TOC enablement and invalid input at minimum size
16:13 +3273: /home/albert/busystack/busymark/test/src/export_options_editor_test.dart: cancelling settings does not confirm or persist edits
16:13 +3274: /home/albert/busystack/busymark/test/src/export_options_editor_test.dart: JSON settings store retains both format settings across controllers
16:13 +3275: loading /home/albert/busystack/busymark/test/src/writerside_toc_menu_test.dart
16:14 +3275: /home/albert/busystack/busymark/test/src/writerside_toc_menu_test.dart: existing-topic picker filters names and selects by keyboard
16:15 +3276: /home/albert/busystack/busymark/test/src/writerside_toc_menu_test.dart: picker returns the supplied topic identity for duplicate names
16:15 +3277: /home/albert/busystack/busymark/test/src/writerside_toc_menu_test.dart: Group keeps raw input and Enter-only acceptance
16:15 +3278: /home/albert/busystack/busymark/test/src/writerside_toc_menu_test.dart: rename preserves validation and Preview/Refactor results
16:15 +3279: /home/albert/busystack/busymark/test/src/writerside_toc_menu_test.dart: nested menus use the native host in TextDirection.rtl
16:16 +3280: /home/albert/busystack/busymark/test/src/writerside_toc_menu_test.dart: unavailable-host fallback supports keyboard and Escape in TextDirection.rtl
16:16 +3281: /home/albert/busystack/busymark/test/src/writerside_toc_menu_test.dart: nested menus use the native host in TextDirection.ltr
16:16 +3282: /home/albert/busystack/busymark/test/src/writerside_toc_menu_test.dart: unavailable-host fallback supports keyboard and Escape in TextDirection.ltr
16:17 +3283: loading /home/albert/busystack/busymark/test/src/native_writerside_dialog_source_test.dart
16:17 +3283: /home/albert/busystack/busymark/test/src/native_writerside_dialog_source_test.dart: Linux Writerside title and duplicate dialogs are GTK-owned
16:17 +3284: /home/albert/busystack/busymark/test/src/native_writerside_dialog_source_test.dart: GTK Writerside contents follow application direction, filenames stay LTR
16:19 +3285: loading /home/albert/busystack/busymark/test/src/wysiwyg_rtl_test.dart
16:19 +3285: /home/albert/busystack/busymark/test/src/wysiwyg_rtl_test.dart: raw HTML preserves inherited and overridden block directions
16:19 +3286: /home/albert/busystack/busymark/test/src/wysiwyg_rtl_test.dart: preview model retains HTML direction for code and quotes
16:19 +3287: /home/albert/busystack/busymark/test/src/wysiwyg_rtl_test.dart: rendered HTML honors rtl, ltr, and auto directions
16:20 +3288: /home/albert/busystack/busymark/test/src/wysiwyg_rtl_test.dart: nested WYSIWYG blocks indent from the RTL start edge
16:20 +3289: /home/albert/busystack/busymark/test/src/wysiwyg_rtl_test.dart: English prose stays LTR in a Persian RTL UI and navigates LTR
16:21 +3290: /home/albert/busystack/busymark/test/src/wysiwyg_rtl_test.dart: Arabic prose stays RTL in an English UI and navigates RTL
16:21 +3291: /home/albert/busystack/busymark/test/src/wysiwyg_rtl_test.dart: raw Writerside technical blocks stay LTR with Arabic content
16:21 +3292: /home/albert/busystack/busymark/test/src/wysiwyg_rtl_test.dart: rendered Arabic HTML without dir follows its content
16:21 +3293: /home/albert/busystack/busymark/test/src/wysiwyg_rtl_test.dart: WYSIWYG technical dialog inputs stay LTR in an RTL UI
16:22 +3294: /home/albert/busystack/busymark/test/src/wysiwyg_rtl_test.dart: RTL horizontal arrows cross paragraph boundaries visually
16:22 +3295: /home/albert/busystack/busymark/test/src/wysiwyg_rtl_test.dart: RTL Ctrl+Shift+Arrow extends word selection across paragraphs
16:22 +3296: /home/albert/busystack/busymark/test/src/wysiwyg_rtl_test.dart: code blocks stay LTR and use LTR boundary arrows in RTL UI
16:22 +3297: /home/albert/busystack/busymark/test/src/wysiwyg_rtl_test.dart: rendered HTML pre is LTR unless dir overrides it
16:22 +3298: /home/albert/busystack/busymark/test/src/wysiwyg_rtl_test.dart: RTL prefix hit testing maps the text start at the right edge
16:22 +3299: loading /home/albert/busystack/busymark/test/src/ai_edit_ui_test.dart
16:23 +3299: /home/albert/busystack/busymark/test/src/ai_edit_ui_test.dart: remote source AI proposal applies with logical identity
16:28 +3300: /home/albert/busystack/busymark/test/src/ai_edit_ui_test.dart: remote WYSIWYG AI proposal applies with logical identity
16:29 +3301: /home/albert/busystack/busymark/test/src/ai_edit_ui_test.dart: document-only AI snapshot opens a usable configuration
16:29 +3302: /home/albert/busystack/busymark/test/src/ai_edit_ui_test.dart: AI configuration uses native rows without duplicate choices
16:29 +3303: /home/albert/busystack/busymark/test/src/ai_edit_ui_test.dart: Refine with AI sends the explicitly selected model
16:29 +3304: /home/albert/busystack/busymark/test/src/ai_edit_ui_test.dart: AI proposal uses an explicitly selected provider
16:29 +3305: /home/albert/busystack/busymark/test/src/ai_edit_ui_test.dart: provider chooser exposes only configured providers
16:29 +3306: /home/albert/busystack/busymark/test/src/ai_edit_ui_test.dart: configured local provider remains available when Gemini is default
16:29 +3307: /home/albert/busystack/busymark/test/src/ai_edit_ui_test.dart: fixed AI target cannot widen a sidebar selection
16:29 +3308: /home/albert/busystack/busymark/test/src/ai_edit_ui_test.dart: proposal Apply refuses stale external source content
16:30 +3309: loading /home/albert/busystack/busymark/test/src/writerside_input_snapshot_test.dart
16:30 +3309: /home/albert/busystack/busymark/test/src/writerside_input_snapshot_test.dart: remaining observations partial prefix grows compatibly
16:30 +3310: /home/albert/busystack/busymark/test/src/writerside_input_snapshot_test.dart: remaining observations partial becomes complete and clears marker
16:30 +3311: /home/albert/busystack/busymark/test/src/writerside_input_snapshot_test.dart: remaining observations identical complete listings remain consistent
16:30 +3312: /home/albert/busystack/busymark/test/src/writerside_input_snapshot_test.dart: remaining observations incompatible repeated listing rejects
16:30 +3313: /home/albert/busystack/busymark/test/src/writerside_input_snapshot_test.dart: remaining observations known failed prefix recovers completely
16:30 +3314: /home/albert/busystack/busymark/test/src/writerside_input_snapshot_test.dart: remaining observations failure without a known prefix cannot prove recovery
16:30 +3315: /home/albert/busystack/busymark/test/src/writerside_input_snapshot_test.dart: remaining observations successful listing followed by failure rejects
16:30 +3316: /home/albert/busystack/busymark/test/src/writerside_input_snapshot_test.dart: remaining observations real entry replacement between complete reads rejects
16:30 +3317: /home/albert/busystack/busymark/test/src/writerside_input_snapshot_test.dart: remaining observations real entry removal between complete reads rejects
16:30 +3318: /home/albert/busystack/busymark/test/src/writerside_input_snapshot_test.dart: remaining observations shorter compatible scan keeps stronger proof
16:30 +3319: /home/albert/busystack/busymark/test/src/writerside_input_snapshot_test.dart: remaining observations complete proof survives compatible limited rescan
16:30 +3320: /home/albert/busystack/busymark/test/src/writerside_input_snapshot_test.dart: remaining observations partial rescan cannot erase a previous failure
16:30 +3321: /home/albert/busystack/busymark/test/src/writerside_input_snapshot_test.dart: remaining observations complete recovery must retain failed-prefix entries
16:30 +3322: /home/albert/busystack/busymark/test/src/writerside_input_snapshot_test.dart: remaining observations shorter failed retry retains its consumed prefix
16:30 +3323: loading /home/albert/busystack/busymark/test/src/asset_ingestion_service_test.dart
16:32 +3323: /home/albert/busystack/busymark/test/src/asset_ingestion_service_test.dart: ingests workspace images with safe names and portable paths
16:33 +3324: /home/albert/busystack/busymark/test/src/asset_ingestion_service_test.dart: reuses identical assets and resolves name collisions
16:33 +3325: /home/albert/busystack/busymark/test/src/asset_ingestion_service_test.dart: overlapping identical publications keep the committed owner
16:33 +3326: /home/albert/busystack/busymark/test/src/asset_ingestion_service_test.dart: overlapping different publications keep the committed owner
16:33 +3327: /home/albert/busystack/busymark/test/src/asset_ingestion_service_test.dart: separate processes protect identical pending publications with equal filenames
16:36 +3328: /home/albert/busystack/busymark/test/src/asset_ingestion_service_test.dart: separate processes protect different pending publications with equal filenames
16:39 +3329: /home/albert/busystack/busymark/test/src/asset_ingestion_service_test.dart: failed publication releases only its own filesystem reservation
16:42 +3330: /home/albert/busystack/busymark/test/src/asset_ingestion_service_test.dart: terminated provisional owner remains reserved across processes
16:45 +3331: /home/albert/busystack/busymark/test/src/asset_ingestion_service_test.dart: rollback cannot delete an asset after its publication is committed
16:45 +3332: /home/albert/busystack/busymark/test/src/asset_ingestion_service_test.dart: uses the configured Writerside images directory
16:45 +3333: /home/albert/busystack/busymark/test/src/asset_ingestion_service_test.dart: restores retained Writerside video bytes without widening image paste
16:45 +3334: /home/albert/busystack/busymark/test/src/asset_ingestion_service_test.dart: requires saving untitled documents and rejects non-images
16:45 +3335: loading /home/albert/busystack/busymark/test/src/ai_test.dart
16:46 +3335: /home/albert/busystack/busymark/test/src/ai_test.dart: local endpoint policy allows literal loopback and localhost origins
16:46 +3336: /home/albert/busystack/busymark/test/src/ai_test.dart: local endpoint policy rejects remote, credential-bearing, and path endpoints
16:46 +3337: /home/albert/busystack/busymark/test/src/ai_test.dart: prompt serializes untrusted document data as a JSON field
16:46 +3338: /home/albert/busystack/busymark/test/src/ai_test.dart: plain-text edit prompts never request Markdown
16:46 +3339: /home/albert/busystack/busymark/test/src/ai_test.dart: Markdown proposal guard accepts prose edits that retain protected Markdown
16:46 +3340: /home/albert/busystack/busymark/test/src/ai_test.dart: Markdown proposal guard rejects changed links and fenced code
16:46 +3341: /home/albert/busystack/busymark/test/src/ai_test.dart: Markdown proposal guard protects fences with longer valid closing markers
16:46 +3342: /home/albert/busystack/busymark/test/src/ai_test.dart: NDJSON decoder handles UTF-8 and JSON split across arbitrary byte chunks
16:46 +3343: /home/albert/busystack/busymark/test/src/ai_test.dart: NDJSON decoder rejects malformed records and oversized responses
16:46 +3344: /home/albert/busystack/busymark/test/src/ai_test.dart: Ollama provider lists models and streams chat content and usage
16:46 +3345: /home/albert/busystack/busymark/test/src/ai_test.dart: Ollama provider stops at completion and ignores trailing stream records
16:46 +3346: /home/albert/busystack/busymark/test/src/ai_test.dart: Ollama provider uses the documented low thinking level for GPT-OSS
16:46 +3347: /home/albert/busystack/busymark/test/src/ai_test.dart: Ollama provider bounds the model-list response while reading it
16:46 +3348: /home/albert/busystack/busymark/test/src/ai_test.dart: Ollama provider rejects redirects without following them
16:46 +3349: /home/albert/busystack/busymark/test/src/ai_test.dart: Ollama provider does not list or run Ollama cloud models
16:46 +3350: /home/albert/busystack/busymark/test/src/ai_test.dart: Ollama provider cancellation interrupts a silent response stream
16:46 +3351: /home/albert/busystack/busymark/test/src/ai_test.dart: coordinator cancels the older request for the same target
16:46 +3352: /home/albert/busystack/busymark/test/src/ai_test.dart: coordinator rejects a provider stream without completion
16:46 +3353: loading /home/albert/busystack/busymark/test/src/wysiwyg_structured_regression_test.dart
16:49 +3353: /home/albert/busystack/busymark/test/src/wysiwyg_structured_regression_test.dart: formatting a URL suffix retains the complete live link and round trips
16:49 +3354: /home/albert/busystack/busymark/test/src/wysiwyg_structured_regression_test.dart: Enter URL recognition preserves formatting, literal syntax, anchors, breaks and descendants
16:49 +3355: /home/albert/busystack/busymark/test/src/wysiwyg_structured_regression_test.dart: Enter recognition preserves formatting within a URL and does not enter math fields
16:49 +3356: /home/albert/busystack/busymark/test/src/wysiwyg_structured_regression_test.dart: text whitespace preservation metadata follows pasted whitespace
16:49 +3357: /home/albert/busystack/busymark/test/src/wysiwyg_structured_regression_test.dart: paste-only whitespace keeps list descendants exactly once
16:49 +3358: /home/albert/busystack/busymark/test/src/wysiwyg_structured_regression_test.dart: plain whitespace paste keeps list descendants through Undo and Redo
16:52 +3359: /home/albert/busystack/busymark/test/src/wysiwyg_structured_regression_test.dart: replacement scope distinguishes a heading field from its document block
16:52 +3360: /home/albert/busystack/busymark/test/src/wysiwyg_structured_regression_test.dart: complete blocks inserted in list content retain every descendant
16:52 +3361: /home/albert/busystack/busymark/test/src/wysiwyg_structured_regression_test.dart: generic block commands cannot convert tables or preserved raw blocks
16:52 +3362: /home/albert/busystack/busymark/test/src/wysiwyg_structured_regression_test.dart: nested list-to-blockquote conversion preserves parent text
16:52 +3363: /home/albert/busystack/busymark/test/src/wysiwyg_structured_regression_test.dart: every admonition style preserves nested list parent text
16:52 +3364: /home/albert/busystack/busymark/test/src/wysiwyg_structured_regression_test.dart: Backspace merge preserves the current list item descendants
16:52 +3365: /home/albert/busystack/busymark/test/src/wysiwyg_structured_regression_test.dart: Backspace merge preserves descendants of an empty list item
16:52 +3366: /home/albert/busystack/busymark/test/src/wysiwyg_structured_regression_test.dart: Backspace rejects a merge that cannot represent descendants
16:52 +3367: /home/albert/busystack/busymark/test/src/wysiwyg_structured_regression_test.dart: complete clipboard snapshots reconstruct a table transactionally
16:52 +3368: /home/albert/busystack/busymark/test/src/wysiwyg_structured_regression_test.dart: same-editor cut and paste preserves complete tables
16:52 +3369: /home/albert/busystack/busymark/test/src/wysiwyg_structured_regression_test.dart: table cell edits normalize every newline form before updating
16:52 +3370: /home/albert/busystack/busymark/test/src/wysiwyg_structured_regression_test.dart: table cell edits preserve block-marker prefixes as literal text
16:52 +3371: /home/albert/busystack/busymark/test/src/wysiwyg_structured_regression_test.dart: ordinary table cell edits preserve formatting and links
16:52 +3372: /home/albert/busystack/busymark/test/src/wysiwyg_structured_regression_test.dart: ordinary cell edits retain toolbar-applied formatting
16:52 +3373: /home/albert/busystack/busymark/test/src/wysiwyg_structured_regression_test.dart: structural edits preserve empty-alt inline images
16:52 +3374: /home/albert/busystack/busymark/test/src/wysiwyg_structured_regression_test.dart: structural edits preserve existing hard line breaks
16:52 +3375: /home/albert/busystack/busymark/test/src/wysiwyg_structured_regression_test.dart: editing preserves a literal bang before an inline link
16:52 +3376: /home/albert/busystack/busymark/test/src/wysiwyg_structured_regression_test.dart: editing escapes block syntax at the start of a list item
16:52 +3377: /home/albert/busystack/busymark/test/src/wysiwyg_structured_regression_test.dart: table field edits preserve rendered formatting and links
16:53 +3378: /home/albert/busystack/busymark/test/src/wysiwyg_structured_regression_test.dart: table fields reject multiline input and reconcile the model
16:53 +3379: /home/albert/busystack/busymark/test/src/wysiwyg_structured_regression_test.dart: table fields preserve block-marker-prefixed cell values
16:53 +3380: /home/albert/busystack/busymark/test/src/wysiwyg_structured_regression_test.dart: exact source ranges select repeated text and table cells
16:54 +3381: /home/albert/busystack/busymark/test/src/wysiwyg_structured_regression_test.dart: exact source navigation rebases spans after earlier edits
16:54 +3382: /home/albert/busystack/busymark/test/src/wysiwyg_structured_regression_test.dart: source navigation expands collapsed Writerside ancestors
16:54 +3383: /home/albert/busystack/busymark/test/src/wysiwyg_structured_regression_test.dart: outline navigation expands a collapsed heading ancestor
16:54 +3384: /home/albert/busystack/busymark/test/src/wysiwyg_structured_regression_test.dart: table cells own shortcuts, formatting, and restored selection
16:54 +3385: /home/albert/busystack/busymark/test/src/wysiwyg_structured_regression_test.dart: external undo groups continuous typing but not transactions
16:54 +3386: /home/albert/busystack/busymark/test/src/wysiwyg_structured_regression_test.dart: external history coalesces editor typing without local copies
16:54 +3387: /home/albert/busystack/busymark/test/src/wysiwyg_structured_regression_test.dart: undo controllers are disposed when blocks disappear
16:55 +3388: loading /home/albert/busystack/busymark/test/src/ai_cloud_provider_test.dart
16:55 +3388: /home/albert/busystack/busymark/test/src/ai_cloud_provider_test.dart: SSE decoder handles split UTF-8 frames and multiline data
16:55 +3389: /home/albert/busystack/busymark/test/src/ai_cloud_provider_test.dart: OpenAI Responses adapter is stateless and maps text and usage
16:55 +3390: /home/albert/busystack/busymark/test/src/ai_cloud_provider_test.dart: Gemini Interactions adapter uses stable v1 and text deltas only
16:55 +3391: /home/albert/busystack/busymark/test/src/ai_cloud_provider_test.dart: cloud provider never includes a secret in surfaced failures
16:55 +3392: /home/albert/busystack/busymark/test/src/ai_cloud_provider_test.dart: cloud provider rejects malformed usage records
16:55 +3393: /home/albert/busystack/busymark/test/src/ai_cloud_provider_test.dart: Gemini rejects an incomplete status update
16:55 +3394: /home/albert/busystack/busymark/test/src/ai_cloud_provider_test.dart: cloud provider rejects EOF without a typed completion event
16:55 +3395: loading /home/albert/busystack/busymark/test/src/modal_barrier_test.dart
16:57 +3395: /home/albert/busystack/busymark/test/src/modal_barrier_test.dart: Brightness.light modal barriers use the semantic shade role
16:58 +3396: /home/albert/busystack/busymark/test/src/modal_barrier_test.dart: Brightness.dark modal barriers use the semantic shade role
16:58 +3397: loading /home/albert/busystack/busymark/test/src/native_menu_service_test.dart
17:00 +3397: /home/albert/busystack/busymark/test/src/native_menu_service_test.dart: show serializes native menu presentation and returns its selection
17:00 +3398: /home/albert/busystack/busymark/test/src/native_menu_service_test.dart: dismiss is scoped to the native menu session
17:00 +3399: /home/albert/busystack/busymark/test/src/native_menu_service_test.dart: missing native host reports unavailable for a themed fallback
17:00 +3400: loading /home/albert/busystack/busymark/test/src/workspace_controller_test.dart
17:01 +3400: /home/albert/busystack/busymark/test/src/workspace_controller_test.dart: Writerside tab preparation loads once and current activation loads zero
17:01 +3401: /home/albert/busystack/busymark/test/src/workspace_controller_test.dart: configuration preview does not reparse in a derived loop and closing all buffers relinquishes overlays
17:01 +3402: /home/albert/busystack/busymark/test/src/workspace_controller_test.dart: closing all Writerside tabs completes override relinquishment
17:01 +3403: /home/albert/busystack/busymark/test/src/workspace_controller_test.dart: closed-tab reconciliation rejects obsolete disk models and keeps tabs closed
17:02 +3404: /home/albert/busystack/busymark/test/src/workspace_controller_test.dart: Writerside preparation rejects obsolete full input state: active
17:02 +3405: /home/albert/busystack/busymark/test/src/workspace_controller_test.dart: Writerside preparation rejects obsolete full input state: inactive
17:02 +3406: /home/albert/busystack/busymark/test/src/workspace_controller_test.dart: Writerside preparation rejects obsolete full input state: closure
17:02 +3407: /home/albert/busystack/busymark/test/src/workspace_controller_test.dart: Writerside preparation rejects obsolete full input state: workspace
17:02 +3408: /home/albert/busystack/busymark/test/src/workspace_controller_test.dart: Writerside preparation rejects obsolete full input state: external
17:03 +3409: /home/albert/busystack/busymark/test/src/workspace_controller_test.dart: Writerside preparation rejects obsolete full input state: disposal
17:03 +3410: /home/albert/busystack/busymark/test/src/workspace_controller_test.dart: rapid Writerside activation keeps derived work bounded and publishes the latest request
17:03 +3411: /home/albert/busystack/busymark/test/src/workspace_controller_test.dart: covered creation notifications are acknowledged, external same-size writes remain visible
17:04 +3412: /home/albert/busystack/busymark/test/src/workspace_controller_test.dart: a failed mutation cannot acknowledge its write notifications
17:05 +3413: /home/albert/busystack/busymark/test/src/workspace_controller_test.dart: quarantine and duplicate delayed deletion events acknowledge incorporated absence
17:06 +3414: /home/albert/busystack/busymark/test/src/workspace_controller_test.dart: an external same-size write during acknowledgement invalidates the consumed fingerprint
17:06 +3415: /home/albert/busystack/busymark/test/src/workspace_controller_test.dart: disposal during covered notification verification is safe: anchor
17:07 +3416: /home/albert/busystack/busymark/test/src/workspace_controller_test.dart: disposal during covered notification verification is safe: disk
17:07 +3417: /home/albert/busystack/busymark/test/src/workspace_controller_test.dart: covered TOC removal notifications require no subsequent module processing
17:08 +3418: /home/albert/busystack/busymark/test/src/workspace_controller_test.dart: remaining removal replacement accepts clean navigation return=false
17:08 +3419: /home/albert/busystack/busymark/test/src/workspace_controller_test.dart: remaining removal replacement accepts clean navigation return=true
17:08 +3420: /home/albert/busystack/busymark/test/src/workspace_controller_test.dart: remaining removal quarantine accepts clean navigation return=false
17:08 +3421: /home/albert/busystack/busymark/test/src/workspace_controller_test.dart: remaining removal quarantine accepts clean navigation return=true
17:08 +3422: /home/albert/busystack/busymark/test/src/workspace_controller_test.dart: remaining removal final deletion accepts clean navigation return=false
17:08 +3423: /home/albert/busystack/busymark/test/src/workspace_controller_test.dart: remaining removal final deletion accepts clean navigation return=true
17:09 +3424: /home/albert/busystack/busymark/test/src/workspace_controller_test.dart: remaining removal replacement rejects inactive edit after clean navigation
17:09 +3425: /home/albert/busystack/busymark/test/src/workspace_controller_test.dart: remaining removal replacement rejects reopen after clean navigation
17:09 +3426: /home/albert/busystack/busymark/test/src/workspace_controller_test.dart: remaining removal replacement rejects close all after clean navigation
17:09 +3427: /home/albert/busystack/busymark/test/src/workspace_controller_test.dart: remaining removal replacement rejects dispose after clean navigation
17:10 +3428: /home/albert/busystack/busymark/test/src/workspace_controller_test.dart: remaining removal replacement rejects disk input after clean navigation
17:10 +3429: /home/albert/busystack/busymark/test/src/workspace_controller_test.dart: remaining removal quarantine rejects inactive edit after clean navigation
17:10 +3430: /home/albert/busystack/busymark/test/src/workspace_controller_test.dart: remaining removal quarantine rejects reopen after clean navigation
17:10 +3431: /home/albert/busystack/busymark/test/src/workspace_controller_test.dart: remaining removal quarantine rejects close all after clean navigation
17:10 +3432: /home/albert/busystack/busymark/test/src/workspace_controller_test.dart: remaining removal quarantine rejects dispose after clean navigation
17:10 +3433: /home/albert/busystack/busymark/test/src/workspace_controller_test.dart: remaining removal quarantine rejects disk input after clean navigation
17:10 +3434: /home/albert/busystack/busymark/test/src/workspace_controller_test.dart: remaining removal final deletion rejects inactive edit after clean navigation
17:10 +3435: /home/albert/busystack/busymark/test/src/workspace_controller_test.dart: remaining removal final deletion rejects reopen after clean navigation
17:11 +3436: /home/albert/busystack/busymark/test/src/workspace_controller_test.dart: remaining removal final deletion rejects close all after clean navigation
17:11 +3437: /home/albert/busystack/busymark/test/src/workspace_controller_test.dart: remaining removal final deletion rejects dispose after clean navigation
17:11 +3438: /home/albert/busystack/busymark/test/src/workspace_controller_test.dart: remaining removal final deletion rejects disk input after clean navigation
17:11 +3439: /home/albert/busystack/busymark/test/src/workspace_controller_test.dart: remaining resource discovery presents stable limited inputs
17:11 +3440: /home/albert/busystack/busymark/test/src/workspace_controller_test.dart: correction removal replacement rejects edit during verification
17:11 +3441: /home/albert/busystack/busymark/test/src/workspace_controller_test.dart: correction removal replacement rejects inactive edit during verification
17:11 +3442: /home/albert/busystack/busymark/test/src/workspace_controller_test.dart: correction removal replacement rejects workspace replacement during verification
17:12 +3443: /home/albert/busystack/busymark/test/src/workspace_controller_test.dart: correction removal replacement rejects same-project reopening during verification
17:12 +3444: /home/albert/busystack/busymark/test/src/workspace_controller_test.dart: correction removal quarantine rejects edit during verification
17:12 +3445: /home/albert/busystack/busymark/test/src/workspace_controller_test.dart: correction removal quarantine rejects inactive edit during verification
17:12 +3446: /home/albert/busystack/busymark/test/src/workspace_controller_test.dart: correction removal quarantine rejects workspace replacement during verification
17:12 +3447: /home/albert/busystack/busymark/test/src/workspace_controller_test.dart: correction removal quarantine rejects same-project reopening during verification
17:12 +3448: /home/albert/busystack/busymark/test/src/workspace_controller_test.dart: correction removal final deletion rejects edit during verification
17:12 +3449: /home/albert/busystack/busymark/test/src/workspace_controller_test.dart: correction removal final deletion rejects inactive edit during verification
17:12 +3450: /home/albert/busystack/busymark/test/src/workspace_controller_test.dart: correction removal final deletion rejects workspace replacement during verification
17:12 +3451: /home/albert/busystack/busymark/test/src/workspace_controller_test.dart: correction removal final deletion rejects same-project reopening during verification
17:12 +3452: /home/albert/busystack/busymark/test/src/workspace_controller_test.dart: correction deletion reconciliation preserves a newer accepted edit disk before refresh inactive=false
17:13 +3453: /home/albert/busystack/busymark/test/src/workspace_controller_test.dart: correction deletion reconciliation preserves a newer accepted edit disk before refresh inactive=true
17:13 +3454: /home/albert/busystack/busymark/test/src/workspace_controller_test.dart: correction deletion reconciliation preserves a newer accepted edit preparation after disk scan inactive=false
17:13 +3455: /home/albert/busystack/busymark/test/src/workspace_controller_test.dart: correction deletion reconciliation preserves a newer accepted edit preparation after disk scan inactive=true
17:13 +3456: /home/albert/busystack/busymark/test/src/workspace_controller_test.dart: correction initial open recovers model/read mismatch automatic=false
17:13 +3457: /home/albert/busystack/busymark/test/src/workspace_controller_test.dart: correction initial open recovers model/read mismatch automatic=true
17:13 +3458: /home/albert/busystack/busymark/test/src/workspace_controller_test.dart: correction initial creation recovers model/read mismatch automatic=false
17:13 +3459: /home/albert/busystack/busymark/test/src/workspace_controller_test.dart: correction initial creation recovers model/read mismatch automatic=true
17:13 +3460: /home/albert/busystack/busymark/test/src/workspace_controller_test.dart: correction limited preparation rejects superseded inactive edit
17:13 +3461: /home/albert/busystack/busymark/test/src/workspace_controller_test.dart: correction limited preparation rejects superseded configuration write
17:13 +3462: /home/albert/busystack/busymark/test/src/workspace_controller_test.dart: correction discovery refresh keeps the live selected instance through reconciliation
17:13 +3463: /home/albert/busystack/busymark/test/src/workspace_controller_test.dart: correction incomplete tree traversal publishes readable edited content and settles limit=4
17:14 +3464: /home/albert/busystack/busymark/test/src/workspace_controller_test.dart: correction incomplete tree traversal publishes readable edited content and settles limit=2
17:15 +3465: /home/albert/busystack/busymark/test/src/workspace_controller_test.dart: Welcome creation cannot overwrite an edit made during history flush
17:15 +3466: /home/albert/busystack/busymark/test/src/workspace_controller_test.dart: starting a Welcome workspace cannot discard a dirty buffer
17:15 +3467: /home/albert/busystack/busymark/test/src/workspace_controller_test.dart: Welcome replaces clean buffers but workspace New remains additive
17:15 +3468: /home/albert/busystack/busymark/test/src/workspace_controller_test.dart: Safe Delete closes the topic buffer, selects a survivor, and records history
17:15 +3469: /home/albert/busystack/busymark/test/src/workspace_controller_test.dart: Safe Delete journal removes the deleted tab after refresh failure restart
17:16 +3470: /home/albert/busystack/busymark/test/src/workspace_controller_test.dart: TOC writes reject an inactive dirty tree without discarding either buffer
17:16 +3471: /home/albert/busystack/busymark/test/src/workspace_controller_test.dart: TOC creation defers its monitor events until the new document is open
17:16 +3472: /home/albert/busystack/busymark/test/src/workspace_controller_test.dart: Markdown topic import opens its first topic in an editable buffer
17:17 +3473: /home/albert/busystack/busymark/test/src/workspace_controller_test.dart: failed Markdown import preserves the active document and workspace
17:17 +3474: /home/albert/busystack/busymark/test/src/workspace_controller_test.dart: Validate publishes a valid table containing an escaped pipe
17:17 +3475: /home/albert/busystack/busymark/test/src/workspace_controller_test.dart: validation reports stale, busy and failed outcomes without publishing old results
17:17 +3476: /home/albert/busystack/busymark/test/src/workspace_controller_test.dart: validation preserves the latest runtime diagnostic change: clear=false
17:17 +3477: /home/albert/busystack/busymark/test/src/workspace_controller_test.dart: validation preserves the latest runtime diagnostic change: clear=true
17:17 +3478: /home/albert/busystack/busymark/test/src/workspace_controller_test.dart: math callbacks from an older editor revision cannot republish errors
17:17 +3479: /home/albert/busystack/busymark/test/src/workspace_controller_test.dart: Markdown validation uses the unsaved linked tab snapshot
17:17 +3480: /home/albert/busystack/busymark/test/src/workspace_controller_test.dart: discarding an inactive Writerside tab restores disk dependencies: savedAnchor=true
17:17 +3481: /home/albert/busystack/busymark/test/src/workspace_controller_test.dart: discarding an inactive Writerside tab restores disk dependencies: savedAnchor=false
17:17 +3482: /home/albert/busystack/busymark/test/src/workspace_controller_test.dart: Writerside rename stages verified edits across unsaved tabs with undo
17:17 +3483: /home/albert/busystack/busymark/test/src/workspace_controller_test.dart: records opened Markdown files by file path in recent workspaces
17:17 +3484: /home/albert/busystack/busymark/test/src/workspace_controller_test.dart: records opened folders by folder path in recent workspaces
17:17 +3485: /home/albert/busystack/busymark/test/src/workspace_controller_test.dart: workspace file operations refresh and preserve active moved files
17:17 +3486: /home/albert/busystack/busymark/test/src/workspace_controller_test.dart: creates an unsaved Markdown file without adding it to recent
17:17 +3487: /home/albert/busystack/busymark/test/src/workspace_controller_test.dart: creates CommonMark inside Writerside without replacing project or dirty topic
17:17 +3488: /home/albert/busystack/busymark/test/src/workspace_controller_test.dart: identical untitled buffers remain distinct by buffer id
17:17 +3489: /home/albert/busystack/busymark/test/src/workspace_controller_test.dart: delayed untitled preview cannot publish into another untitled tab
17:17 +3490: /home/albert/busystack/busymark/test/src/workspace_controller_test.dart: new Markdown files leave preview mode for editor mode
17:17 +3491: /home/albert/busystack/busymark/test/src/workspace_controller_test.dart: new Markdown files preserve non-preview view modes
17:17 +3492: /home/albert/busystack/busymark/test/src/workspace_controller_test.dart: discarding an untitled Markdown file clears the workspace
17:17 +3493: /home/albert/busystack/busymark/test/src/workspace_controller_test.dart: discarding a saved file reloads disk text and clears dirty state
17:18 +3494: /home/albert/busystack/busymark/test/src/workspace_controller_test.dart: creates a Writerside project and records it as recent
17:18 +3495: /home/albert/busystack/busymark/test/src/workspace_controller_test.dart: creates a Writerside topic and opens it without changing recents
17:18 +3496: /home/albert/busystack/busymark/test/src/workspace_controller_test.dart: topic TOC actions refresh the workspace and preserve file state
17:18 +3497: /home/albert/busystack/busymark/test/src/workspace_controller_test.dart: reviewed topic rename is rejected after a project buffer becomes dirty
17:18 +3498: /home/albert/busystack/busymark/test/src/workspace_controller_test.dart: save as writes a new Markdown file and records it as recent
17:18 +3499: /home/albert/busystack/busymark/test/src/workspace_controller_test.dart: saving untitled Markdown in Writerside keeps ordinary files CommonMark
17:18 +3500: /home/albert/busystack/busymark/test/src/workspace_controller_test.dart: Writerside refresh preserves saved Markdown outside the workspace root
17:18 +3501: /home/albert/busystack/busymark/test/src/workspace_controller_test.dart: saving untitled Markdown into discovered topics reclassifies it
17:19 +3502: /home/albert/busystack/busymark/test/src/workspace_controller_test.dart: saving multiple untitled documents creates normal file buffers
17:19 +3503: /home/albert/busystack/busymark/test/src/workspace_controller_test.dart: save as refuses an existing file unless overwrite is explicit
17:19 +3504: /home/albert/busystack/busymark/test/src/workspace_controller_test.dart: save as explicit overwrite replaces the final symlink only
17:19 +3505: /home/albert/busystack/busymark/test/src/workspace_controller_test.dart: save as preserves source edits for an untitled Markdown file
17:19 +3506: /home/albert/busystack/busymark/test/src/workspace_controller_test.dart: save as preserves edits made while writing the file
17:19 +3507: /home/albert/busystack/busymark/test/src/workspace_controller_test.dart: save as completes against its buffer after switching tabs
17:19 +3508: /home/albert/busystack/busymark/test/src/workspace_controller_test.dart: save as preserves edits made while reopening the file
17:19 +3509: /home/albert/busystack/busymark/test/src/workspace_controller_test.dart: switching active files reparses outline for the new file
17:19 +3510: /home/albert/busystack/busymark/test/src/workspace_controller_test.dart: stale validation after save and tab switch does not restore previous file
17:19 +3511: /home/albert/busystack/busymark/test/src/workspace_controller_test.dart: validation completing after save preserves the saved snapshot
17:19 +3512: /home/albert/busystack/busymark/test/src/workspace_controller_test.dart: Source defers preview work until a preview mode is visible
17:19 +3513: /home/albert/busystack/busymark/test/src/workspace_controller_test.dart: Source-only validation still runs when validate-on-edit is enabled
17:19 +3514: /home/albert/busystack/busymark/test/src/workspace_controller_test.dart: stale text update from previous file cannot dirty active tab
17:19 +3515: /home/albert/busystack/busymark/test/src/workspace_controller_test.dart: folder workspaces track open file tabs without duplicates
17:19 +3516: /home/albert/busystack/busymark/test/src/workspace_controller_test.dart: Save All writes every dirty file-backed buffer
17:19 +3517: /home/albert/busystack/busymark/test/src/workspace_controller_test.dart: Save All can be scoped without saving unrelated dirty buffers
17:19 +3518: /home/albert/busystack/busymark/test/src/workspace_controller_test.dart: selected dirty buffers can be discarded without changing tabs
17:19 +3519: /home/albert/busystack/busymark/test/src/workspace_controller_test.dart: closing active file tabs selects a neighboring tab
17:19 +3520: /home/albert/busystack/busymark/test/src/workspace_controller_test.dart: activating sibling file tabs wraps around the open tabs
17:19 +3521: /home/albert/busystack/busymark/test/src/workspace_controller_test.dart: closing all file tabs clears the active editor state
17:20 +3522: /home/albert/busystack/busymark/test/src/workspace_controller_test.dart: closing all tabs aborts when a document changes during history flush
17:20 +3523: /home/albert/busystack/busymark/test/src/workspace_controller_test.dart: closing all tabs cannot clear workspace state replaced during flush
17:20 +3524: /home/albert/busystack/busymark/test/src/workspace_controller_test.dart: failed open clears stale workspace state
17:20 +3525: /home/albert/busystack/busymark/test/src/workspace_controller_test.dart: math renderer failures become source-linked runtime diagnostics
17:20 +3526: /home/albert/busystack/busymark/test/src/workspace_controller_test.dart: validate on edit setting controls live diagnostics only
17:20 +3527: /home/albert/busystack/busymark/test/src/workspace_controller_test.dart: auto save waits for an idle delay before writing
17:21 +3528: /home/albert/busystack/busymark/test/src/workspace_controller_test.dart: Undo and Redo reschedule autosave after the prior save settled
17:26 +3529: /home/albert/busystack/busymark/test/src/workspace_controller_test.dart: inactive document updates schedule autosave without changing tabs
17:28 +3530: /home/albert/busystack/busymark/test/src/workspace_controller_test.dart: failed workspace refresh restores eligible autosave scheduling
17:29 +3531: /home/albert/busystack/busymark/test/src/workspace_controller_test.dart: disabled autosave stays disabled after a failed refresh
17:31 +3532: /home/albert/busystack/busymark/test/src/workspace_controller_test.dart: auto save remains scheduled independently for inactive tabs
17:32 +3533: /home/albert/busystack/busymark/test/src/workspace_controller_test.dart: auto save preserves dirty state when edits happen during save
17:32 +3534: /home/albert/busystack/busymark/test/src/workspace_controller_test.dart: overlapping manual save writes the newer requested revision
17:32 +3535: /home/albert/busystack/busymark/test/src/workspace_controller_test.dart: manual save completes against its buffer after switching tabs
17:32 +3536: /home/albert/busystack/busymark/test/src/workspace_controller_test.dart: closing a buffer waits for its in-flight autosave
17:32 +3537: /home/albert/busystack/busymark/test/src/workspace_controller_test.dart: discard aborts when the document changes during protective history capture
17:32 +3538: /home/albert/busystack/busymark/test/src/workspace_controller_test.dart: discard waits for its buffer in-flight autosave
17:32 +3539: /home/albert/busystack/busymark/test/src/workspace_controller_test.dart: manual save waits for an in-flight autosave of the same buffer
17:32 +3540: /home/albert/busystack/busymark/test/src/workspace_controller_test.dart: Save All waits for an in-flight autosave of the same buffer
17:32 +3541: /home/albert/busystack/busymark/test/src/workspace_controller_test.dart: Save As waits for an in-flight autosave of the same buffer
17:32 +3542: /home/albert/busystack/busymark/test/src/workspace_controller_test.dart: clean shutdown waits for in-flight document writes
17:32 +3543: /home/albert/busystack/busymark/test/src/workspace_controller_test.dart: pending history from a closed clean tab prevents a clean shutdown marker
17:32 +3544: /home/albert/busystack/busymark/test/src/workspace_controller_test.dart: save refuses to overwrite external file changes without force
17:32 +3545: /home/albert/busystack/busymark/test/src/workspace_controller_test.dart: save treats a deleted active file as an external conflict
17:32 +3546: /home/albert/busystack/busymark/test/src/workspace_controller_test.dart: save detects external rewrites with unchanged modified time
17:32 +3547: /home/albert/busystack/busymark/test/src/workspace_controller_test.dart: saving preserves a manually removed final newline
17:32 +3548: /home/albert/busystack/busymark/test/src/workspace_controller_test.dart: WYSIWYG list edits preserve a missing final newline
17:32 +3549: /home/albert/busystack/busymark/test/src/workspace_controller_test.dart: spelling correction undo and redo restore source and rich selections
17:33 +3550: /home/albert/busystack/busymark/test/src/workspace_controller_test.dart: Keep Mine retains the conflict snapshot until explicit overwrite
17:33 +3551: /home/albert/busystack/busymark/test/src/workspace_controller_test.dart: monitor refresh waits for an active foreground refresh
17:33 +3552: /home/albert/busystack/busymark/test/src/workspace_controller_test.dart: workspace refresh preserves an active edit and editor history made during reparse
17:33 +3553: /home/albert/busystack/busymark/test/src/workspace_controller_test.dart: tab activation reconciles edits accepted while its reparse is pending
17:33 +3554: /home/albert/busystack/busymark/test/src/workspace_controller_test.dart: opening a new tab preserves live edits and editor history in the visible document
17:33 +3555: /home/albert/busystack/busymark/test/src/workspace_controller_test.dart: closing the active tab aborts if it changes during next-tab activation
17:33 +3556: /home/albert/busystack/busymark/test/src/workspace_controller_test.dart: aborted discard close preserves dirty state after an editor-only change
17:33 +3557: /home/albert/busystack/busymark/test/src/workspace_controller_test.dart: discard close autosave disposition: aborted
17:33 +3558: /home/albert/busystack/busymark/test/src/workspace_controller_test.dart: discard close autosave disposition: closed
17:33 +3559: /home/albert/busystack/busymark/test/src/workspace_controller_test.dart: discard close autosave disposition: disabled
17:33 +3560: /home/albert/busystack/busymark/test/src/workspace_controller_test.dart: discard close autosave disposition: shutdown
17:33 +3561: /home/albert/busystack/busymark/test/src/workspace_controller_test.dart: discard close autosave disposition: replaced
17:33 +3562: /home/albert/busystack/busymark/test/src/workspace_controller_test.dart: tab activation does not resurrect another tab closed while waiting
17:33 +3563: /home/albert/busystack/busymark/test/src/workspace_controller_test.dart: workspace refresh preserves inactive edits and does not resurrect a closed tab
17:33 +3564: /home/albert/busystack/busymark/test/src/workspace_controller_test.dart: workspace refresh rejects a disk load superseded by typing
17:33 +3565: /home/albert/busystack/busymark/test/src/workspace_controller_test.dart: external file moves remap the open document buffer
17:33 +3566: /home/albert/busystack/busymark/test/src/workspace_controller_test.dart: monitors saved standalone tabs outside the workspace root
17:33 +3567: /home/albert/busystack/busymark/test/src/workspace_controller_test.dart: standalone refresh preserves saved tabs in different directories
17:33 +3568: /home/albert/busystack/busymark/test/src/workspace_controller_test.dart: startup leaves a clean session closed unless reopening is enabled
17:33 +3569: /home/albert/busystack/busymark/test/src/workspace_controller_test.dart: startup restores an interrupted session without an opt-in
17:33 +3570: /home/albert/busystack/busymark/test/src/workspace_controller_test.dart: restored sessions retain tabs whose files are missing
17:33 +3571: /home/albert/busystack/busymark/test/src/workspace_controller_test.dart: restored standalone sessions retain a missing document
17:33 +3572: /home/albert/busystack/busymark/test/src/workspace_controller_test.dart: mixed untitled and saved session restores as a standalone workspace
17:33 +3573: /home/albert/busystack/busymark/test/src/workspace_controller_test.dart: Writerside session restores recovered untitled CommonMark active
17:34 +3574: /home/albert/busystack/busymark/test/src/workspace_controller_test.dart: Writerside session restores recovered untitled CommonMark inactive
17:34 +3575: /home/albert/busystack/busymark/test/src/workspace_controller_test.dart: clean marker cannot hide remaining recovery entries
17:34 +3576: /home/albert/busystack/busymark/test/src/workspace_controller_test.dart: recovery text remains restorable when the later session save fails
17:34 +3577: /home/albert/busystack/busymark/test/src/workspace_controller_test.dart: single-document session uses no workspace path after saved tabs close
17:34 +3578: loading /home/albert/busystack/busymark/test/src/markdown_source_map_test.dart
17:34 +3578: /home/albert/busystack/busymark/test/src/markdown_source_map_test.dart: mapped image-description text follows Markdown image alt semantics
17:34 +3579: /home/albert/busystack/busymark/test/src/markdown_source_map_test.dart: annotated parsing has ordinary semantics across supported corpus
17:34 +3580: /home/albert/busystack/busymark/test/src/markdown_source_map_test.dart: image ranges identify only resolved source occurrences
17:34 +3581: /home/albert/busystack/busymark/test/src/markdown_source_map_test.dart: positioned label breaks retain raw endings and container prefixes
17:34 +3582: /home/albert/busystack/busymark/test/src/markdown_source_map_test.dart: mapped link and image titles retain exact raw boundaries
17:34 +3583: /home/albert/busystack/busymark/test/src/markdown_source_map_test.dart: destination-only links and images have no mapped title
17:34 +3584: /home/albert/busystack/busymark/test/src/markdown_source_map_test.dart: position records do not change HTML or link semantics
17:34 +3585: /home/albert/busystack/busymark/test/src/markdown_source_map_test.dart: selection endpoints crossing HTML retain one semantic fragment
17:34 +3586: /home/albert/busystack/busymark/test/src/markdown_source_map_test.dart: supported HTML whitespace positions have complete position records
17:34 +3587: /home/albert/busystack/busymark/test/src/markdown_source_map_test.dart: only operation-local markers are ignored
17:34 +3588: /home/albert/busystack/busymark/test/src/markdown_source_map_test.dart: delimiter-only positions are explicitly incomplete
17:34 +3589: /home/albert/busystack/busymark/test/src/markdown_source_map_test.dart: syntax-boundary probes retain the ordinary semantic oracle
17:34 +3590: /home/albert/busystack/busymark/test/src/markdown_source_map_test.dart: deterministic inline combinations preserve annotated semantics
17:34 +3591: /home/albert/busystack/busymark/test/src/markdown_source_map_test.dart: standalone HTML break ownership uses one indexed lookup per break
17:34 +3592: /home/albert/busystack/busymark/test/src/markdown_source_map_test.dart: AST source boundary lookahead is linear and maps the final link
17:35 +3593: /home/albert/busystack/busymark/test/src/markdown_source_map_test.dart: fallback mapping is bounded for entities repetitions and code spans
17:35 +3594: /home/albert/busystack/busymark/test/src/markdown_source_map_test.dart: tag-looking attribute text does not claim break layout
17:35 +3595: loading /home/albert/busystack/busymark/test/src/wysiwyg_session_test.dart
17:36 +3595: /home/albert/busystack/busymark/test/src/wysiwyg_session_test.dart: restores WYSIWYG selection from document session state
17:37 +3596: /home/albert/busystack/busymark/test/src/wysiwyg_session_test.dart: reports the old document session before switching tabs
17:37 +3597: /home/albert/busystack/busymark/test/src/wysiwyg_session_test.dart: defers session provider updates until document rebuild ends
17:38 +3598: /home/albert/busystack/busymark/test/src/wysiwyg_session_test.dart: workspace mode delegates WYSIWYG undo to buffer history
17:38 +3599: loading /home/albert/busystack/busymark/test/src/writerside_identity_test.dart
17:38 +3599: /home/albert/busystack/busymark/test/src/writerside_identity_test.dart: anchor identity includes topic and all instances participate in usages
17:39 +3600: /home/albert/busystack/busymark/test/src/writerside_identity_test.dart: conditional globals and snippet variables have distinct scopes
17:39 +3601: /home/albert/busystack/busymark/test/src/writerside_identity_test.dart: completion filters context and target identity before limiting
17:39 +3602: /home/albert/busystack/busymark/test/src/writerside_identity_test.dart: validation uses relationships, typed values and current configuration syntax
17:39 +3603: loading /home/albert/busystack/busymark/test/src/html_export_ui_test.dart
17:40 +3603: /home/albert/busystack/busymark/test/src/html_export_ui_test.dart: one Export command retains Ctrl+Shift+E
17:40 +3604: /home/albert/busystack/busymark/test/src/html_export_ui_test.dart: Flutter Main menu exposes document export
17:41 +3605: /home/albert/busystack/busymark/test/src/html_export_ui_test.dart: untitled active text stays captured while destination picker is open
17:43 +3606: /home/albert/busystack/busymark/test/src/html_export_ui_test.dart: Writerside HTML follows Cancel handling before instance selection
17:43 +3607: /home/albert/busystack/busymark/test/src/html_export_ui_test.dart: Writerside HTML follows Discard handling before instance selection
17:44 +3608: /home/albert/busystack/busymark/test/src/html_export_ui_test.dart: Writerside HTML follows Save handling before instance selection
17:45 +3609: loading /home/albert/busystack/busymark/test/src/nextcloud_document_model_test.dart
17:46 +3609: /home/albert/busystack/busymark/test/src/nextcloud_document_model_test.dart: remote identity is independent of paths, title and publication
17:46 +3610: /home/albert/busystack/busymark/test/src/nextcloud_document_model_test.dart: remote context stays Markdown and has no disk root or disk path
17:46 +3611: /home/albert/busystack/busymark/test/src/nextcloud_document_model_test.dart: session v2 stores remote identity and editor state without content
17:46 +3612: /home/albert/busystack/busymark/test/src/nextcloud_document_model_test.dart: remote history binds reopened and renamed notes to one logical document
17:46 +3613: loading /home/albert/busystack/busymark/test/src/markdown_export_mapper_test.dart
17:48 +3613: /home/albert/busystack/busymark/test/src/markdown_export_mapper_test.dart: Writerside numeric list starts and container boundaries reach PDF
17:48 +3614: /home/albert/busystack/busymark/test/src/markdown_export_mapper_test.dart: list items and visualization replacements retain source anchors
17:48 +3615: /home/albert/busystack/busymark/test/src/markdown_export_mapper_test.dart: maps Markdown semantics into renderer-neutral export blocks
17:48 +3616: /home/albert/busystack/busymark/test/src/markdown_export_mapper_test.dart: omits reference definitions while preserving their resolved links
17:48 +3617: /home/albert/busystack/busymark/test/src/markdown_export_mapper_test.dart: Typst payload contains data but never raw local image paths
17:48 +3618: loading /home/albert/busystack/busymark/test/src/visualization_markdown_integration_test.dart
17:50 +3618: /home/albert/busystack/busymark/test/src/visualization_markdown_integration_test.dart: basic fixture uses a renderable OpenAPI fence
17:50 +3619: /home/albert/busystack/busymark/test/src/visualization_markdown_integration_test.dart: visualizer fences remain generic code and round-trip byte-for-byte
17:50 +3620: /home/albert/busystack/busymark/test/src/visualization_markdown_integration_test.dart: dedicated visualizer rules highlight comments, keys, and keywords
17:51 +3621: loading /home/albert/busystack/busymark/test/src/workspace_monitor_endpoints_test.dart
17:53 +3621: /home/albert/busystack/busymark/test/src/workspace_monitor_endpoints_test.dart: temporary-to-real move retains publication: /tmp/.guide.tree.busymark-topic-create-10-100-0
17:53 +3622: /home/albert/busystack/busymark/test/src/workspace_monitor_endpoints_test.dart: real-to-temporary move retains deletion: /tmp/.guide.tree.busymark-topic-create-10-100-0
17:53 +3623: /home/albert/busystack/busymark/test/src/workspace_monitor_endpoints_test.dart: temporary-to-real move retains publication: /tmp/.guide.tree.busymark-safe-delete-10-100-0
17:53 +3624: /home/albert/busystack/busymark/test/src/workspace_monitor_endpoints_test.dart: real-to-temporary move retains deletion: /tmp/.guide.tree.busymark-safe-delete-10-100-0
17:53 +3625: /home/albert/busystack/busymark/test/src/workspace_monitor_endpoints_test.dart: temporary-to-real move retains publication: /tmp/.topic.md.busymark-safe-delete-quarantine-10-100-0
17:53 +3626: /home/albert/busystack/busymark/test/src/workspace_monitor_endpoints_test.dart: real-to-temporary move retains deletion: /tmp/.topic.md.busymark-safe-delete-quarantine-10-100-0
17:53 +3627: /home/albert/busystack/busymark/test/src/workspace_monitor_endpoints_test.dart: external moves, missing destinations and authored hidden names stay visible
17:53 +3628: loading /home/albert/busystack/busymark/test/src/html_rich_export_test.dart
17:55 +3628: /home/albert/busystack/busymark/test/src/html_rich_export_test.dart: rendered mermaid retains a linked Writerside block ID
17:57 +3629: /home/albert/busystack/busymark/test/src/html_rich_export_test.dart: rendered openapi retains a linked Writerside block ID
17:57 +3630: /home/albert/busystack/busymark/test/src/html_rich_export_test.dart: HTML uses unique occurrence jobs, standalone math and diagram/static API engines
17:57 +3631: /home/albert/busystack/busymark/test/src/html_rich_export_test.dart: custom HTML metrics and embedded rich assets stay self-contained
17:57 +3632: /home/albert/busystack/busymark/test/src/html_rich_export_test.dart: all diagram dependencies are captured before rendering begins
17:57 +3633: /home/albert/busystack/busymark/test/src/html_rich_export_test.dart: cancelling an active render retains existing output and removes staging
17:57 +3634: /home/albert/busystack/busymark/test/src/html_rich_export_test.dart: render timeout is bounded and cancellation interrupts a pending job
17:57 +3635: loading /home/albert/busystack/busymark/test/src/writerside_html_reference_scanner_test.dart
17:58 +3635: /home/albert/busystack/busymark/test/src/writerside_html_reference_scanner_test.dart: finds exact href and body spans for every supported quote form
17:58 +3636: /home/albert/busystack/busymark/test/src/writerside_html_reference_scanner_test.dart: ignores comments, fenced code, and inline code but keeps containers
17:58 +3637: /home/albert/busystack/busymark/test/src/writerside_html_reference_scanner_test.dart: multiline anchors are exact and malformed anchors remain manual
17:58 +3638: All tests passed!
