snapcraft 8.11.1
Initialising lifecycle
Installing build-packages
The following snaps are required but not installed as the application is running inside docker or podman container: gnome-46-2404, gnome-46-2404-sdk, core24, mesa-2404, node/24/stable, gtk-common-themes.
Please ensure the environment is properly setup before continuing.
Ignore this message if the appropriate measures have already been taken.
Skipping pull for busymark (already ran)
Skipping pull for desktop-integration (already ran)
Skipping pull for gnome/sdk (already ran)
Skipping build for busymark (already ran)
Skipping build for desktop-integration (already ran)
Skipping build for gnome/sdk (already ran)
Skipping stage for busymark (already ran)
Skipping stage for desktop-integration (already ran)
Skipping stage for gnome/sdk (already ran)
Skipping prime for busymark (already ran)
Priming desktop-integration
:: + craftctl default
:: + for bundled_elf in "/project/prime/busymark" "/project/prime/lib"/*.so
:: ++ patchelf --print-rpath /project/prime/busymark
:: + existing_rpath='$ORIGIN/usr/lib/x86_64-linux-gnu:$ORIGIN/lib:/snap/core24/current/lib/x86_64-linux-gnu'
:: + '[' -n '$ORIGIN/usr/lib/x86_64-linux-gnu:$ORIGIN/lib:/snap/core24/current/lib/x86_64-linux-gnu' ']'
:: + patchelf --set-rpath '$ORIGIN/usr/lib/x86_64-linux-gnu:$ORIGIN/lib:/snap/core24/current/lib/x86_64-linux-gnu' /project/prime/busymark
:: + for bundled_elf in "/project/prime/busymark" "/project/prime/lib"/*.so
:: ++ patchelf --print-rpath /project/prime/lib/libapp.so
:: + existing_rpath=
:: + '[' -n '' ']'
:: + for bundled_elf in "/project/prime/busymark" "/project/prime/lib"/*.so
:: ++ patchelf --print-rpath /project/prime/lib/libbusymark_spellcheck_native.so
:: + existing_rpath='$ORIGIN:$ORIGIN/../usr/lib/x86_64-linux-gnu:/snap/core24/current/lib/x86_64-linux-gnu'
:: + '[' -n '$ORIGIN:$ORIGIN/../usr/lib/x86_64-linux-gnu:/snap/core24/current/lib/x86_64-linux-gnu' ']'
:: + patchelf --set-rpath '$ORIGIN:$ORIGIN/../usr/lib/x86_64-linux-gnu:/snap/core24/current/lib/x86_64-linux-gnu' /project/prime/lib/libbusymark_spellcheck_native.so
:: + for bundled_elf in "/project/prime/busymark" "/project/prime/lib"/*.so
:: ++ patchelf --print-rpath /project/prime/lib/libfile_selector_linux_plugin.so
:: + existing_rpath='$ORIGIN/../usr/lib/x86_64-linux-gnu:$ORIGIN:/snap/core24/current/lib/x86_64-linux-gnu'
:: + '[' -n '$ORIGIN/../usr/lib/x86_64-linux-gnu:$ORIGIN:/snap/core24/current/lib/x86_64-linux-gnu' ']'
:: + patchelf --set-rpath '$ORIGIN/../usr/lib/x86_64-linux-gnu:$ORIGIN:/snap/core24/current/lib/x86_64-linux-gnu' /project/prime/lib/libfile_selector_linux_plugin.so
:: + for bundled_elf in "/project/prime/busymark" "/project/prime/lib"/*.so
:: ++ patchelf --print-rpath /project/prime/lib/libflutter_linux_gtk.so
:: + existing_rpath='$ORIGIN:$ORIGIN/../usr/lib/x86_64-linux-gnu:/snap/core24/current/lib/x86_64-linux-gnu'
:: + '[' -n '$ORIGIN:$ORIGIN/../usr/lib/x86_64-linux-gnu:/snap/core24/current/lib/x86_64-linux-gnu' ']'
:: + patchelf --set-rpath '$ORIGIN:$ORIGIN/../usr/lib/x86_64-linux-gnu:/snap/core24/current/lib/x86_64-linux-gnu' /project/prime/lib/libflutter_linux_gtk.so
:: + for bundled_elf in "/project/prime/busymark" "/project/prime/lib"/*.so
:: ++ patchelf --print-rpath /project/prime/lib/libgtk_plugin.so
:: + existing_rpath='$ORIGIN/../usr/lib/x86_64-linux-gnu:$ORIGIN:/snap/core24/current/lib/x86_64-linux-gnu'
:: + '[' -n '$ORIGIN/../usr/lib/x86_64-linux-gnu:$ORIGIN:/snap/core24/current/lib/x86_64-linux-gnu' ']'
:: + patchelf --set-rpath '$ORIGIN/../usr/lib/x86_64-linux-gnu:$ORIGIN:/snap/core24/current/lib/x86_64-linux-gnu' /project/prime/lib/libgtk_plugin.so
:: + for bundled_elf in "/project/prime/busymark" "/project/prime/lib"/*.so
:: ++ patchelf --print-rpath /project/prime/lib/libscreen_retriever_linux_plugin.so
:: + existing_rpath='$ORIGIN/../usr/lib/x86_64-linux-gnu:$ORIGIN:/snap/core24/current/lib/x86_64-linux-gnu'
:: + '[' -n '$ORIGIN/../usr/lib/x86_64-linux-gnu:$ORIGIN:/snap/core24/current/lib/x86_64-linux-gnu' ']'
:: + patchelf --set-rpath '$ORIGIN/../usr/lib/x86_64-linux-gnu:$ORIGIN:/snap/core24/current/lib/x86_64-linux-gnu' /project/prime/lib/libscreen_retriever_linux_plugin.so
:: + for bundled_elf in "/project/prime/busymark" "/project/prime/lib"/*.so
:: ++ patchelf --print-rpath /project/prime/lib/libsqlite3.so
:: + existing_rpath='$ORIGIN:/snap/core24/current/lib/x86_64-linux-gnu'
:: + '[' -n '$ORIGIN:/snap/core24/current/lib/x86_64-linux-gnu' ']'
:: + patchelf --set-rpath '$ORIGIN:/snap/core24/current/lib/x86_64-linux-gnu' /project/prime/lib/libsqlite3.so
:: + for bundled_elf in "/project/prime/busymark" "/project/prime/lib"/*.so
:: ++ patchelf --print-rpath /project/prime/lib/liburl_launcher_linux_plugin.so
:: + existing_rpath='$ORIGIN/../usr/lib/x86_64-linux-gnu:$ORIGIN:/snap/core24/current/lib/x86_64-linux-gnu'
:: + '[' -n '$ORIGIN/../usr/lib/x86_64-linux-gnu:$ORIGIN:/snap/core24/current/lib/x86_64-linux-gnu' ']'
:: + patchelf --set-rpath '$ORIGIN/../usr/lib/x86_64-linux-gnu:$ORIGIN:/snap/core24/current/lib/x86_64-linux-gnu' /project/prime/lib/liburl_launcher_linux_plugin.so
:: + for bundled_elf in "/project/prime/busymark" "/project/prime/lib"/*.so
:: ++ patchelf --print-rpath /project/prime/lib/libwindow_manager_plugin.so
:: + existing_rpath='$ORIGIN/../usr/lib/x86_64-linux-gnu:$ORIGIN:/snap/core24/current/lib/x86_64-linux-gnu'
:: + '[' -n '$ORIGIN/../usr/lib/x86_64-linux-gnu:$ORIGIN:/snap/core24/current/lib/x86_64-linux-gnu' ']'
:: + patchelf --set-rpath '$ORIGIN/../usr/lib/x86_64-linux-gnu:$ORIGIN:/snap/core24/current/lib/x86_64-linux-gnu' /project/prime/lib/libwindow_manager_plugin.so
:: + for bundled_elf in "/project/prime/busymark" "/project/prime/lib"/*.so
:: ++ patchelf --print-rpath /project/prime/lib/libyaru_window_linux_plugin.so
:: + existing_rpath='$ORIGIN/../usr/lib/x86_64-linux-gnu:$ORIGIN:/snap/core24/current/lib/x86_64-linux-gnu'
:: + '[' -n '$ORIGIN/../usr/lib/x86_64-linux-gnu:$ORIGIN:/snap/core24/current/lib/x86_64-linux-gnu' ']'
:: + patchelf --set-rpath '$ORIGIN/../usr/lib/x86_64-linux-gnu:$ORIGIN:/snap/core24/current/lib/x86_64-linux-gnu' /project/prime/lib/libyaru_window_linux_plugin.so
:: + IFS=
:: + read -r runtime_path
:: + case "$runtime_path" in
:: + continue
:: + IFS=
:: + read -r runtime_path
:: + case "$runtime_path" in
:: + continue
:: + IFS=
:: + read -r runtime_path
:: + case "$runtime_path" in
:: + continue
:: + IFS=
:: + read -r runtime_path
:: + case "$runtime_path" in
:: + continue
:: + IFS=
:: + read -r runtime_path
:: + case "$runtime_path" in
:: + continue
:: + IFS=
:: + read -r runtime_path
:: + case "$runtime_path" in
:: + continue
:: + IFS=
:: + read -r runtime_path
:: + case "$runtime_path" in
:: + continue
:: + IFS=
:: + read -r runtime_path
:: + case "$runtime_path" in
:: + private_path=/project/prime/usr/lib/x86_64-linux-gnu/gstreamer-1.0/libgst1394.so
:: + '[' '!' -e /project/prime/usr/lib/x86_64-linux-gnu/gstreamer-1.0/libgst1394.so ']'
:: + rm -f /project/prime/usr/lib/x86_64-linux-gnu/gstreamer-1.0/libgst1394.so
:: + IFS=
:: + read -r runtime_path
:: + case "$runtime_path" in
:: + private_path=/project/prime/usr/lib/x86_64-linux-gnu/gstreamer-1.0/libgstaasink.so
:: + '[' '!' -e /project/prime/usr/lib/x86_64-linux-gnu/gstreamer-1.0/libgstaasink.so ']'
:: + rm -f /project/prime/usr/lib/x86_64-linux-gnu/gstreamer-1.0/libgstaasink.so
:: + IFS=
:: + read -r runtime_path
:: + case "$runtime_path" in
:: + private_path=/project/prime/usr/lib/x86_64-linux-gnu/gstreamer-1.0/libgstadaptivedemux2.so
:: + '[' '!' -e /project/prime/usr/lib/x86_64-linux-gnu/gstreamer-1.0/libgstadaptivedemux2.so ']'
:: + rm -f /project/prime/usr/lib/x86_64-linux-gnu/gstreamer-1.0/libgstadaptivedemux2.so
:: + IFS=
:: + read -r runtime_path
:: + case "$runtime_path" in
:: + private_path=/project/prime/usr/lib/x86_64-linux-gnu/gstreamer-1.0/libgstadder.so
:: + '[' '!' -e /project/prime/usr/lib/x86_64-linux-gnu/gstreamer-1.0/libgstadder.so ']'
:: + rm -f /project/prime/usr/lib/x86_64-linux-gnu/gstreamer-1.0/libgstadder.so
:: + IFS=
:: + read -r runtime_path
:: + case "$runtime_path" in
:: + private_path=/project/prime/usr/lib/x86_64-linux-gnu/gstreamer-1.0/libgstalaw.so
:: + '[' '!' -e /project/prime/usr/lib/x86_64-linux-gnu/gstreamer-1.0/libgstalaw.so ']'
:: + rm -f /project/prime/usr/lib/x86_64-linux-gnu/gstreamer-1.0/libgstalaw.so
:: + IFS=
:: + read -r runtime_path
:: + case "$runtime_path" in
:: + private_path=/project/prime/usr/lib/x86_64-linux-gnu/gstreamer-1.0/libgstalpha.so
:: + '[' '!' -e /project/prime/usr/lib/x86_64-linux-gnu/gstreamer-1.0/libgstalpha.so ']'
:: + rm -f /project/prime/usr/lib/x86_64-linux-gnu/gstreamer-1.0/libgstalpha.so
:: + IFS=
:: + read -r runtime_path
:: + case "$runtime_path" in
:: + private_path=/project/prime/usr/lib/x86_64-linux-gnu/gstreamer-1.0/libgstalphacolor.so
:: + '[' '!' -e /project/prime/usr/lib/x86_64-linux-gnu/gstreamer-1.0/libgstalphacolor.so ']'
:: + rm -f /project/prime/usr/lib/x86_64-linux-gnu/gstreamer-1.0/libgstalphacolor.so
:: + IFS=
:: + read -r runtime_path
:: + case "$runtime_path" in
:: + private_path=/project/prime/usr/lib/x86_64-linux-gnu/gstreamer-1.0/libgstapetag.so
:: + '[' '!' -e /project/prime/usr/lib/x86_64-linux-gnu/gstreamer-1.0/libgstapetag.so ']'
:: + rm -f /project/prime/usr/lib/x86_64-linux-gnu/gstreamer-1.0/libgstapetag.so
:: + IFS=
:: + read -r runtime_path
:: + case "$runtime_path" in
:: + private_path=/project/prime/usr/lib/x86_64-linux-gnu/gstreamer-1.0/libgstapp.so
:: + '[' '!' -e /project/prime/usr/lib/x86_64-linux-gnu/gstreamer-1.0/libgstapp.so ']'
:: + rm -f /project/prime/usr/lib/x86_64-linux-gnu/gstreamer-1.0/libgstapp.so
:: + IFS=
:: + read -r runtime_path
:: + case "$runtime_path" in
:: + private_path=/project/prime/usr/lib/x86_64-linux-gnu/gstreamer-1.0/libgstaudioconvert.so
:: + '[' '!' -e /project/prime/usr/lib/x86_64-linux-gnu/gstreamer-1.0/libgstaudioconvert.so ']'
:: + rm -f /project/prime/usr/lib/x86_64-linux-gnu/gstreamer-1.0/libgstaudioconvert.so
:: + IFS=
:: + read -r runtime_path
:: + case "$runtime_path" in
:: + private_path=/project/prime/usr/lib/x86_64-linux-gnu/gstreamer-1.0/libgstaudiofx.so
:: + '[' '!' -e /project/prime/usr/lib/x86_64-linux-gnu/gstreamer-1.0/libgstaudiofx.so ']'
:: + rm -f /project/prime/usr/lib/x86_64-linux-gnu/gstreamer-1.0/libgstaudiofx.so
:: + IFS=
:: + read -r runtime_path
:: + case "$runtime_path" in
:: + private_path=/project/prime/usr/lib/x86_64-linux-gnu/gstreamer-1.0/libgstaudiomixer.so
:: + '[' '!' -e /project/prime/usr/lib/x86_64-linux-gnu/gstreamer-1.0/libgstaudiomixer.so ']'
:: + rm -f /project/prime/usr/lib/x86_64-linux-gnu/gstreamer-1.0/libgstaudiomixer.so
:: + IFS=
:: + read -r runtime_path
:: + case "$runtime_path" in
:: + private_path=/project/prime/usr/lib/x86_64-linux-gnu/gstreamer-1.0/libgstaudioparsers.so
:: + '[' '!' -e /project/prime/usr/lib/x86_64-linux-gnu/gstreamer-1.0/libgstaudioparsers.so ']'
:: + rm -f /project/prime/usr/lib/x86_64-linux-gnu/gstreamer-1.0/libgstaudioparsers.so
:: + IFS=
:: + read -r runtime_path
:: + case "$runtime_path" in
:: + private_path=/project/prime/usr/lib/x86_64-linux-gnu/gstreamer-1.0/libgstaudiorate.so
:: + '[' '!' -e /project/prime/usr/lib/x86_64-linux-gnu/gstreamer-1.0/libgstaudiorate.so ']'
:: + rm -f /project/prime/usr/lib/x86_64-linux-gnu/gstreamer-1.0/libgstaudiorate.so
:: + IFS=
:: + read -r runtime_path
:: + case "$runtime_path" in
:: + private_path=/project/prime/usr/lib/x86_64-linux-gnu/gstreamer-1.0/libgstaudioresample.so
:: + '[' '!' -e /project/prime/usr/lib/x86_64-linux-gnu/gstreamer-1.0/libgstaudioresample.so ']'
:: + rm -f /project/prime/usr/lib/x86_64-linux-gnu/gstreamer-1.0/libgstaudioresample.so
:: + IFS=
:: + read -r runtime_path
:: + case "$runtime_path" in
:: + private_path=/project/prime/usr/lib/x86_64-linux-gnu/gstreamer-1.0/libgstaudiotestsrc.so
:: + '[' '!' -e /project/prime/usr/lib/x86_64-linux-gnu/gstreamer-1.0/libgstaudiotestsrc.so ']'
:: + rm -f /project/prime/usr/lib/x86_64-linux-gnu/gstreamer-1.0/libgstaudiotestsrc.so
:: + IFS=
:: + read -r runtime_path
:: + case "$runtime_path" in
:: + private_path=/project/prime/usr/lib/x86_64-linux-gnu/gstreamer-1.0/libgstauparse.so
:: + '[' '!' -e /project/prime/usr/lib/x86_64-linux-gnu/gstreamer-1.0/libgstauparse.so ']'
:: + rm -f /project/prime/usr/lib/x86_64-linux-gnu/gstreamer-1.0/libgstauparse.so
:: + IFS=
:: + read -r runtime_path
:: + case "$runtime_path" in
:: + private_path=/project/prime/usr/lib/x86_64-linux-gnu/gstreamer-1.0/libgstautodetect.so
:: + '[' '!' -e /project/prime/usr/lib/x86_64-linux-gnu/gstreamer-1.0/libgstautodetect.so ']'
:: + rm -f /project/prime/usr/lib/x86_64-linux-gnu/gstreamer-1.0/libgstautodetect.so
:: + IFS=
:: + read -r runtime_path
:: + case "$runtime_path" in
:: + private_path=/project/prime/usr/lib/x86_64-linux-gnu/gstreamer-1.0/libgstavi.so
:: + '[' '!' -e /project/prime/usr/lib/x86_64-linux-gnu/gstreamer-1.0/libgstavi.so ']'
:: + rm -f /project/prime/usr/lib/x86_64-linux-gnu/gstreamer-1.0/libgstavi.so
:: + IFS=
:: + read -r runtime_path
:: + case "$runtime_path" in
:: + private_path=/project/prime/usr/lib/x86_64-linux-gnu/gstreamer-1.0/libgstbasedebug.so
:: + '[' '!' -e /project/prime/usr/lib/x86_64-linux-gnu/gstreamer-1.0/libgstbasedebug.so ']'
:: + rm -f /project/prime/usr/lib/x86_64-linux-gnu/gstreamer-1.0/libgstbasedebug.so
:: + IFS=
:: + read -r runtime_path
:: + case "$runtime_path" in
:: + private_path=/project/prime/usr/lib/x86_64-linux-gnu/gstreamer-1.0/libgstcacasink.so
:: + '[' '!' -e /project/prime/usr/lib/x86_64-linux-gnu/gstreamer-1.0/libgstcacasink.so ']'
:: + rm -f /project/prime/usr/lib/x86_64-linux-gnu/gstreamer-1.0/libgstcacasink.so
:: + IFS=
:: + read -r runtime_path
:: + case "$runtime_path" in
:: + private_path=/project/prime/usr/lib/x86_64-linux-gnu/gstreamer-1.0/libgstcairo.so
:: + '[' '!' -e /project/prime/usr/lib/x86_64-linux-gnu/gstreamer-1.0/libgstcairo.so ']'
:: + rm -f /project/prime/usr/lib/x86_64-linux-gnu/gstreamer-1.0/libgstcairo.so
:: + IFS=
:: + read -r runtime_path
:: + case "$runtime_path" in
:: + private_path=/project/prime/usr/lib/x86_64-linux-gnu/gstreamer-1.0/libgstcamerabin.so
:: + '[' '!' -e /project/prime/usr/lib/x86_64-linux-gnu/gstreamer-1.0/libgstcamerabin.so ']'
:: + rm -f /project/prime/usr/lib/x86_64-linux-gnu/gstreamer-1.0/libgstcamerabin.so
:: + IFS=
:: + read -r runtime_path
:: + case "$runtime_path" in
:: + private_path=/project/prime/usr/lib/x86_64-linux-gnu/gstreamer-1.0/libgstcdparanoia.so
:: + '[' '!' -e /project/prime/usr/lib/x86_64-linux-gnu/gstreamer-1.0/libgstcdparanoia.so ']'
:: + rm -f /project/prime/usr/lib/x86_64-linux-gnu/gstreamer-1.0/libgstcdparanoia.so
:: + IFS=
:: + read -r runtime_path
:: + case "$runtime_path" in
:: + private_path=/project/prime/usr/lib/x86_64-linux-gnu/gstreamer-1.0/libgstcompositor.so
:: + '[' '!' -e /project/prime/usr/lib/x86_64-linux-gnu/gstreamer-1.0/libgstcompositor.so ']'
:: + rm -f /project/prime/usr/lib/x86_64-linux-gnu/gstreamer-1.0/libgstcompositor.so
:: + IFS=
:: + read -r runtime_path
:: + case "$runtime_path" in
:: + private_path=/project/prime/usr/lib/x86_64-linux-gnu/gstreamer-1.0/libgstcoreelements.so
:: + '[' '!' -e /project/prime/usr/lib/x86_64-linux-gnu/gstreamer-1.0/libgstcoreelements.so ']'
:: + rm -f /project/prime/usr/lib/x86_64-linux-gnu/gstreamer-1.0/libgstcoreelements.so
:: + IFS=
:: + read -r runtime_path
:: + case "$runtime_path" in
:: + private_path=/project/prime/usr/lib/x86_64-linux-gnu/gstreamer-1.0/libgstcoretracers.so
:: + '[' '!' -e /project/prime/usr/lib/x86_64-linux-gnu/gstreamer-1.0/libgstcoretracers.so ']'
:: + rm -f /project/prime/usr/lib/x86_64-linux-gnu/gstreamer-1.0/libgstcoretracers.so
:: + IFS=
:: + read -r runtime_path
:: + case "$runtime_path" in
:: + private_path=/project/prime/usr/lib/x86_64-linux-gnu/gstreamer-1.0/libgstcutter.so
:: + '[' '!' -e /project/prime/usr/lib/x86_64-linux-gnu/gstreamer-1.0/libgstcutter.so ']'
:: + rm -f /project/prime/usr/lib/x86_64-linux-gnu/gstreamer-1.0/libgstcutter.so
:: + IFS=
:: + read -r runtime_path
:: + case "$runtime_path" in
:: + private_path=/project/prime/usr/lib/x86_64-linux-gnu/gstreamer-1.0/libgstdebug.so
:: + '[' '!' -e /project/prime/usr/lib/x86_64-linux-gnu/gstreamer-1.0/libgstdebug.so ']'
:: + rm -f /project/prime/usr/lib/x86_64-linux-gnu/gstreamer-1.0/libgstdebug.so
:: + IFS=
:: + read -r runtime_path
:: + case "$runtime_path" in
:: + private_path=/project/prime/usr/lib/x86_64-linux-gnu/gstreamer-1.0/libgstdeinterlace.so
:: + '[' '!' -e /project/prime/usr/lib/x86_64-linux-gnu/gstreamer-1.0/libgstdeinterlace.so ']'
:: + rm -f /project/prime/usr/lib/x86_64-linux-gnu/gstreamer-1.0/libgstdeinterlace.so
:: + IFS=
:: + read -r runtime_path
:: + case "$runtime_path" in
:: + private_path=/project/prime/usr/lib/x86_64-linux-gnu/gstreamer-1.0/libgstdsd.so
:: + '[' '!' -e /project/prime/usr/lib/x86_64-linux-gnu/gstreamer-1.0/libgstdsd.so ']'
:: + rm -f /project/prime/usr/lib/x86_64-linux-gnu/gstreamer-1.0/libgstdsd.so
:: + IFS=
:: + read -r runtime_path
:: + case "$runtime_path" in
:: + private_path=/project/prime/usr/lib/x86_64-linux-gnu/gstreamer-1.0/libgstdtmf.so
:: + '[' '!' -e /project/prime/usr/lib/x86_64-linux-gnu/gstreamer-1.0/libgstdtmf.so ']'
:: + rm -f /project/prime/usr/lib/x86_64-linux-gnu/gstreamer-1.0/libgstdtmf.so
:: + IFS=
:: + read -r runtime_path
:: + case "$runtime_path" in
:: + private_path=/project/prime/usr/lib/x86_64-linux-gnu/gstreamer-1.0/libgstdv.so
:: + '[' '!' -e /project/prime/usr/lib/x86_64-linux-gnu/gstreamer-1.0/libgstdv.so ']'
:: + rm -f /project/prime/usr/lib/x86_64-linux-gnu/gstreamer-1.0/libgstdv.so
:: + IFS=
:: + read -r runtime_path
:: + case "$runtime_path" in
:: + private_path=/project/prime/usr/lib/x86_64-linux-gnu/gstreamer-1.0/libgsteffectv.so
:: + '[' '!' -e /project/prime/usr/lib/x86_64-linux-gnu/gstreamer-1.0/libgsteffectv.so ']'
:: + rm -f /project/prime/usr/lib/x86_64-linux-gnu/gstreamer-1.0/libgsteffectv.so
:: + IFS=
:: + read -r runtime_path
:: + case "$runtime_path" in
:: + private_path=/project/prime/usr/lib/x86_64-linux-gnu/gstreamer-1.0/libgstencoding.so
:: + '[' '!' -e /project/prime/usr/lib/x86_64-linux-gnu/gstreamer-1.0/libgstencoding.so ']'
:: + rm -f /project/prime/usr/lib/x86_64-linux-gnu/gstreamer-1.0/libgstencoding.so
:: + IFS=
:: + read -r runtime_path
:: + case "$runtime_path" in
:: + private_path=/project/prime/usr/lib/x86_64-linux-gnu/gstreamer-1.0/libgstequalizer.so
:: + '[' '!' -e /project/prime/usr/lib/x86_64-linux-gnu/gstreamer-1.0/libgstequalizer.so ']'
:: + rm -f /project/prime/usr/lib/x86_64-linux-gnu/gstreamer-1.0/libgstequalizer.so
:: + IFS=
:: + read -r runtime_path
:: + case "$runtime_path" in
:: + private_path=/project/prime/usr/lib/x86_64-linux-gnu/gstreamer-1.0/libgstflac.so
:: + '[' '!' -e /project/prime/usr/lib/x86_64-linux-gnu/gstreamer-1.0/libgstflac.so ']'
:: + rm -f /project/prime/usr/lib/x86_64-linux-gnu/gstreamer-1.0/libgstflac.so
:: + IFS=
:: + read -r runtime_path
:: + case "$runtime_path" in
:: + private_path=/project/prime/usr/lib/x86_64-linux-gnu/gstreamer-1.0/libgstflv.so
:: + '[' '!' -e /project/prime/usr/lib/x86_64-linux-gnu/gstreamer-1.0/libgstflv.so ']'
:: + rm -f /project/prime/usr/lib/x86_64-linux-gnu/gstreamer-1.0/libgstflv.so
:: + IFS=
:: + read -r runtime_path
:: + case "$runtime_path" in
:: + private_path=/project/prime/usr/lib/x86_64-linux-gnu/gstreamer-1.0/libgstflxdec.so
:: + '[' '!' -e /project/prime/usr/lib/x86_64-linux-gnu/gstreamer-1.0/libgstflxdec.so ']'
:: + rm -f /project/prime/usr/lib/x86_64-linux-gnu/gstreamer-1.0/libgstflxdec.so
:: + IFS=
:: + read -r runtime_path
:: + case "$runtime_path" in
:: + private_path=/project/prime/usr/lib/x86_64-linux-gnu/gstreamer-1.0/libgstgdkpixbuf.so
:: + '[' '!' -e /project/prime/usr/lib/x86_64-linux-gnu/gstreamer-1.0/libgstgdkpixbuf.so ']'
:: + rm -f /project/prime/usr/lib/x86_64-linux-gnu/gstreamer-1.0/libgstgdkpixbuf.so
:: + IFS=
:: + read -r runtime_path
:: + case "$runtime_path" in
:: + private_path=/project/prime/usr/lib/x86_64-linux-gnu/gstreamer-1.0/libgstgio.so
:: + '[' '!' -e /project/prime/usr/lib/x86_64-linux-gnu/gstreamer-1.0/libgstgio.so ']'
:: + rm -f /project/prime/usr/lib/x86_64-linux-gnu/gstreamer-1.0/libgstgio.so
:: + IFS=
:: + read -r runtime_path
:: + case "$runtime_path" in
:: + private_path=/project/prime/usr/lib/x86_64-linux-gnu/gstreamer-1.0/libgstgoom.so
:: + '[' '!' -e /project/prime/usr/lib/x86_64-linux-gnu/gstreamer-1.0/libgstgoom.so ']'
:: + rm -f /project/prime/usr/lib/x86_64-linux-gnu/gstreamer-1.0/libgstgoom.so
:: + IFS=
:: + read -r runtime_path
:: + case "$runtime_path" in
:: + private_path=/project/prime/usr/lib/x86_64-linux-gnu/gstreamer-1.0/libgstgoom2k1.so
:: + '[' '!' -e /project/prime/usr/lib/x86_64-linux-gnu/gstreamer-1.0/libgstgoom2k1.so ']'
:: + rm -f /project/prime/usr/lib/x86_64-linux-gnu/gstreamer-1.0/libgstgoom2k1.so
:: + IFS=
:: + read -r runtime_path
:: + case "$runtime_path" in
:: + private_path=/project/prime/usr/lib/x86_64-linux-gnu/gstreamer-1.0/libgsticydemux.so
:: + '[' '!' -e /project/prime/usr/lib/x86_64-linux-gnu/gstreamer-1.0/libgsticydemux.so ']'
:: + rm -f /project/prime/usr/lib/x86_64-linux-gnu/gstreamer-1.0/libgsticydemux.so
:: + IFS=
:: + read -r runtime_path
:: + case "$runtime_path" in
:: + private_path=/project/prime/usr/lib/x86_64-linux-gnu/gstreamer-1.0/libgstid3demux.so
:: + '[' '!' -e /project/prime/usr/lib/x86_64-linux-gnu/gstreamer-1.0/libgstid3demux.so ']'
:: + rm -f /project/prime/usr/lib/x86_64-linux-gnu/gstreamer-1.0/libgstid3demux.so
:: + IFS=
:: + read -r runtime_path
:: + case "$runtime_path" in
:: + private_path=/project/prime/usr/lib/x86_64-linux-gnu/gstreamer-1.0/libgstimagefreeze.so
:: + '[' '!' -e /project/prime/usr/lib/x86_64-linux-gnu/gstreamer-1.0/libgstimagefreeze.so ']'
:: + rm -f /project/prime/usr/lib/x86_64-linux-gnu/gstreamer-1.0/libgstimagefreeze.so
:: + IFS=
:: + read -r runtime_path
:: + case "$runtime_path" in
:: + private_path=/project/prime/usr/lib/x86_64-linux-gnu/gstreamer-1.0/libgstinterleave.so
:: + '[' '!' -e /project/prime/usr/lib/x86_64-linux-gnu/gstreamer-1.0/libgstinterleave.so ']'
:: + rm -f /project/prime/usr/lib/x86_64-linux-gnu/gstreamer-1.0/libgstinterleave.so
:: + IFS=
:: + read -r runtime_path
:: + case "$runtime_path" in
:: + private_path=/project/prime/usr/lib/x86_64-linux-gnu/gstreamer-1.0/libgstisomp4.so
:: + '[' '!' -e /project/prime/usr/lib/x86_64-linux-gnu/gstreamer-1.0/libgstisomp4.so ']'
:: + rm -f /project/prime/usr/lib/x86_64-linux-gnu/gstreamer-1.0/libgstisomp4.so
:: + IFS=
:: + read -r runtime_path
:: + case "$runtime_path" in
:: + private_path=/project/prime/usr/lib/x86_64-linux-gnu/gstreamer-1.0/libgstjack.so
:: + '[' '!' -e /project/prime/usr/lib/x86_64-linux-gnu/gstreamer-1.0/libgstjack.so ']'
:: + rm -f /project/prime/usr/lib/x86_64-linux-gnu/gstreamer-1.0/libgstjack.so
:: + IFS=
:: + read -r runtime_path
:: + case "$runtime_path" in
:: + private_path=/project/prime/usr/lib/x86_64-linux-gnu/gstreamer-1.0/libgstjpeg.so
:: + '[' '!' -e /project/prime/usr/lib/x86_64-linux-gnu/gstreamer-1.0/libgstjpeg.so ']'
:: + rm -f /project/prime/usr/lib/x86_64-linux-gnu/gstreamer-1.0/libgstjpeg.so
:: + IFS=
:: + read -r runtime_path
:: + case "$runtime_path" in
:: + private_path=/project/prime/usr/lib/x86_64-linux-gnu/gstreamer-1.0/libgstjpegformat.so
:: + '[' '!' -e /project/prime/usr/lib/x86_64-linux-gnu/gstreamer-1.0/libgstjpegformat.so ']'
:: + rm -f /project/prime/usr/lib/x86_64-linux-gnu/gstreamer-1.0/libgstjpegformat.so
:: + IFS=
:: + read -r runtime_path
:: + case "$runtime_path" in
:: + private_path=/project/prime/usr/lib/x86_64-linux-gnu/gstreamer-1.0/libgstlame.so
:: + '[' '!' -e /project/prime/usr/lib/x86_64-linux-gnu/gstreamer-1.0/libgstlame.so ']'
:: + rm -f /project/prime/usr/lib/x86_64-linux-gnu/gstreamer-1.0/libgstlame.so
:: + IFS=
:: + read -r runtime_path
:: + case "$runtime_path" in
:: + private_path=/project/prime/usr/lib/x86_64-linux-gnu/gstreamer-1.0/libgstlevel.so
:: + '[' '!' -e /project/prime/usr/lib/x86_64-linux-gnu/gstreamer-1.0/libgstlevel.so ']'
:: + rm -f /project/prime/usr/lib/x86_64-linux-gnu/gstreamer-1.0/libgstlevel.so
:: + IFS=
:: + read -r runtime_path
:: + case "$runtime_path" in
:: + private_path=/project/prime/usr/lib/x86_64-linux-gnu/gstreamer-1.0/libgstlibvisual.so
:: + '[' '!' -e /project/prime/usr/lib/x86_64-linux-gnu/gstreamer-1.0/libgstlibvisual.so ']'
:: + rm -f /project/prime/usr/lib/x86_64-linux-gnu/gstreamer-1.0/libgstlibvisual.so
:: + IFS=
:: + read -r runtime_path
:: + case "$runtime_path" in
:: + private_path=/project/prime/usr/lib/x86_64-linux-gnu/gstreamer-1.0/libgstmatroska.so
:: + '[' '!' -e /project/prime/usr/lib/x86_64-linux-gnu/gstreamer-1.0/libgstmatroska.so ']'
:: + rm -f /project/prime/usr/lib/x86_64-linux-gnu/gstreamer-1.0/libgstmatroska.so
:: + IFS=
:: + read -r runtime_path
:: + case "$runtime_path" in
:: + private_path=/project/prime/usr/lib/x86_64-linux-gnu/gstreamer-1.0/libgstmonoscope.so
:: + '[' '!' -e /project/prime/usr/lib/x86_64-linux-gnu/gstreamer-1.0/libgstmonoscope.so ']'
:: + rm -f /project/prime/usr/lib/x86_64-linux-gnu/gstreamer-1.0/libgstmonoscope.so
:: + IFS=
:: + read -r runtime_path
:: + case "$runtime_path" in
:: + private_path=/project/prime/usr/lib/x86_64-linux-gnu/gstreamer-1.0/libgstmpg123.so
:: + '[' '!' -e /project/prime/usr/lib/x86_64-linux-gnu/gstreamer-1.0/libgstmpg123.so ']'
:: + rm -f /project/prime/usr/lib/x86_64-linux-gnu/gstreamer-1.0/libgstmpg123.so
:: + IFS=
:: + read -r runtime_path
:: + case "$runtime_path" in
:: + private_path=/project/prime/usr/lib/x86_64-linux-gnu/gstreamer-1.0/libgstmulaw.so
:: + '[' '!' -e /project/prime/usr/lib/x86_64-linux-gnu/gstreamer-1.0/libgstmulaw.so ']'
:: + rm -f /project/prime/usr/lib/x86_64-linux-gnu/gstreamer-1.0/libgstmulaw.so
:: + IFS=
:: + read -r runtime_path
:: + case "$runtime_path" in
:: + private_path=/project/prime/usr/lib/x86_64-linux-gnu/gstreamer-1.0/libgstmultifile.so
:: + '[' '!' -e /project/prime/usr/lib/x86_64-linux-gnu/gstreamer-1.0/libgstmultifile.so ']'
:: + rm -f /project/prime/usr/lib/x86_64-linux-gnu/gstreamer-1.0/libgstmultifile.so
:: + IFS=
:: + read -r runtime_path
:: + case "$runtime_path" in
:: + private_path=/project/prime/usr/lib/x86_64-linux-gnu/gstreamer-1.0/libgstmultipart.so
:: + '[' '!' -e /project/prime/usr/lib/x86_64-linux-gnu/gstreamer-1.0/libgstmultipart.so ']'
:: + rm -f /project/prime/usr/lib/x86_64-linux-gnu/gstreamer-1.0/libgstmultipart.so
:: + IFS=
:: + read -r runtime_path
:: + case "$runtime_path" in
:: + private_path=/project/prime/usr/lib/x86_64-linux-gnu/gstreamer-1.0/libgstnavigationtest.so
:: + '[' '!' -e /project/prime/usr/lib/x86_64-linux-gnu/gstreamer-1.0/libgstnavigationtest.so ']'
:: + rm -f /project/prime/usr/lib/x86_64-linux-gnu/gstreamer-1.0/libgstnavigationtest.so
:: + IFS=
:: + read -r runtime_path
:: + case "$runtime_path" in
:: + private_path=/project/prime/usr/lib/x86_64-linux-gnu/gstreamer-1.0/libgstogg.so
:: + '[' '!' -e /project/prime/usr/lib/x86_64-linux-gnu/gstreamer-1.0/libgstogg.so ']'
:: + rm -f /project/prime/usr/lib/x86_64-linux-gnu/gstreamer-1.0/libgstogg.so
:: + IFS=
:: + read -r runtime_path
:: + case "$runtime_path" in
:: + private_path=/project/prime/usr/lib/x86_64-linux-gnu/gstreamer-1.0/libgstopus.so
:: + '[' '!' -e /project/prime/usr/lib/x86_64-linux-gnu/gstreamer-1.0/libgstopus.so ']'
:: + rm -f /project/prime/usr/lib/x86_64-linux-gnu/gstreamer-1.0/libgstopus.so
:: + IFS=
:: + read -r runtime_path
:: + case "$runtime_path" in
:: + private_path=/project/prime/usr/lib/x86_64-linux-gnu/gstreamer-1.0/libgstoss4.so
:: + '[' '!' -e /project/prime/usr/lib/x86_64-linux-gnu/gstreamer-1.0/libgstoss4.so ']'
:: + rm -f /project/prime/usr/lib/x86_64-linux-gnu/gstreamer-1.0/libgstoss4.so
:: + IFS=
:: + read -r runtime_path
:: + case "$runtime_path" in
:: + private_path=/project/prime/usr/lib/x86_64-linux-gnu/gstreamer-1.0/libgstossaudio.so
:: + '[' '!' -e /project/prime/usr/lib/x86_64-linux-gnu/gstreamer-1.0/libgstossaudio.so ']'
:: + rm -f /project/prime/usr/lib/x86_64-linux-gnu/gstreamer-1.0/libgstossaudio.so
:: + IFS=
:: + read -r runtime_path
:: + case "$runtime_path" in
:: + private_path=/project/prime/usr/lib/x86_64-linux-gnu/gstreamer-1.0/libgstoverlaycomposition.so
:: + '[' '!' -e /project/prime/usr/lib/x86_64-linux-gnu/gstreamer-1.0/libgstoverlaycomposition.so ']'
:: + rm -f /project/prime/usr/lib/x86_64-linux-gnu/gstreamer-1.0/libgstoverlaycomposition.so
:: + IFS=
:: + read -r runtime_path
:: + case "$runtime_path" in
:: + private_path=/project/prime/usr/lib/x86_64-linux-gnu/gstreamer-1.0/libgstpbtypes.so
:: + '[' '!' -e /project/prime/usr/lib/x86_64-linux-gnu/gstreamer-1.0/libgstpbtypes.so ']'
:: + rm -f /project/prime/usr/lib/x86_64-linux-gnu/gstreamer-1.0/libgstpbtypes.so
:: + IFS=
:: + read -r runtime_path
:: + case "$runtime_path" in
:: + private_path=/project/prime/usr/lib/x86_64-linux-gnu/gstreamer-1.0/libgstplayback.so
:: + '[' '!' -e /project/prime/usr/lib/x86_64-linux-gnu/gstreamer-1.0/libgstplayback.so ']'
:: + rm -f /project/prime/usr/lib/x86_64-linux-gnu/gstreamer-1.0/libgstplayback.so
:: + IFS=
:: + read -r runtime_path
:: + case "$runtime_path" in
:: + private_path=/project/prime/usr/lib/x86_64-linux-gnu/gstreamer-1.0/libgstpng.so
:: + '[' '!' -e /project/prime/usr/lib/x86_64-linux-gnu/gstreamer-1.0/libgstpng.so ']'
:: + rm -f /project/prime/usr/lib/x86_64-linux-gnu/gstreamer-1.0/libgstpng.so
:: + IFS=
:: + read -r runtime_path
:: + case "$runtime_path" in
:: + private_path=/project/prime/usr/lib/x86_64-linux-gnu/gstreamer-1.0/libgstpulseaudio.so
:: + '[' '!' -e /project/prime/usr/lib/x86_64-linux-gnu/gstreamer-1.0/libgstpulseaudio.so ']'
:: + rm -f /project/prime/usr/lib/x86_64-linux-gnu/gstreamer-1.0/libgstpulseaudio.so
:: + IFS=
:: + read -r runtime_path
:: + case "$runtime_path" in
:: + private_path=/project/prime/usr/lib/x86_64-linux-gnu/gstreamer-1.0/libgstrawparse.so
:: + '[' '!' -e /project/prime/usr/lib/x86_64-linux-gnu/gstreamer-1.0/libgstrawparse.so ']'
:: + rm -f /project/prime/usr/lib/x86_64-linux-gnu/gstreamer-1.0/libgstrawparse.so
:: + IFS=
:: + read -r runtime_path
:: + case "$runtime_path" in
:: + private_path=/project/prime/usr/lib/x86_64-linux-gnu/gstreamer-1.0/libgstreplaygain.so
:: + '[' '!' -e /project/prime/usr/lib/x86_64-linux-gnu/gstreamer-1.0/libgstreplaygain.so ']'
:: + rm -f /project/prime/usr/lib/x86_64-linux-gnu/gstreamer-1.0/libgstreplaygain.so
:: + IFS=
:: + read -r runtime_path
:: + case "$runtime_path" in
:: + private_path=/project/prime/usr/lib/x86_64-linux-gnu/gstreamer-1.0/libgstrtp.so
:: + '[' '!' -e /project/prime/usr/lib/x86_64-linux-gnu/gstreamer-1.0/libgstrtp.so ']'
:: + rm -f /project/prime/usr/lib/x86_64-linux-gnu/gstreamer-1.0/libgstrtp.so
:: + IFS=
:: + read -r runtime_path
:: + case "$runtime_path" in
:: + private_path=/project/prime/usr/lib/x86_64-linux-gnu/gstreamer-1.0/libgstrtpmanager.so
:: + '[' '!' -e /project/prime/usr/lib/x86_64-linux-gnu/gstreamer-1.0/libgstrtpmanager.so ']'
:: + rm -f /project/prime/usr/lib/x86_64-linux-gnu/gstreamer-1.0/libgstrtpmanager.so
:: + IFS=
:: + read -r runtime_path
:: + case "$runtime_path" in
:: + private_path=/project/prime/usr/lib/x86_64-linux-gnu/gstreamer-1.0/libgstrtsp.so
:: + '[' '!' -e /project/prime/usr/lib/x86_64-linux-gnu/gstreamer-1.0/libgstrtsp.so ']'
:: + rm -f /project/prime/usr/lib/x86_64-linux-gnu/gstreamer-1.0/libgstrtsp.so
:: + IFS=
:: + read -r runtime_path
:: + case "$runtime_path" in
:: + private_path=/project/prime/usr/lib/x86_64-linux-gnu/gstreamer-1.0/libgstshapewipe.so
:: + '[' '!' -e /project/prime/usr/lib/x86_64-linux-gnu/gstreamer-1.0/libgstshapewipe.so ']'
:: + rm -f /project/prime/usr/lib/x86_64-linux-gnu/gstreamer-1.0/libgstshapewipe.so
:: + IFS=
:: + read -r runtime_path
:: + case "$runtime_path" in
:: + private_path=/project/prime/usr/lib/x86_64-linux-gnu/gstreamer-1.0/libgstshout2.so
:: + '[' '!' -e /project/prime/usr/lib/x86_64-linux-gnu/gstreamer-1.0/libgstshout2.so ']'
:: + rm -f /project/prime/usr/lib/x86_64-linux-gnu/gstreamer-1.0/libgstshout2.so
:: + IFS=
:: + read -r runtime_path
:: + case "$runtime_path" in
:: + private_path=/project/prime/usr/lib/x86_64-linux-gnu/gstreamer-1.0/libgstsmpte.so
:: + '[' '!' -e /project/prime/usr/lib/x86_64-linux-gnu/gstreamer-1.0/libgstsmpte.so ']'
:: + rm -f /project/prime/usr/lib/x86_64-linux-gnu/gstreamer-1.0/libgstsmpte.so
:: + IFS=
:: + read -r runtime_path
:: + case "$runtime_path" in
:: + private_path=/project/prime/usr/lib/x86_64-linux-gnu/gstreamer-1.0/libgstsoup.so
:: + '[' '!' -e /project/prime/usr/lib/x86_64-linux-gnu/gstreamer-1.0/libgstsoup.so ']'
:: + rm -f /project/prime/usr/lib/x86_64-linux-gnu/gstreamer-1.0/libgstsoup.so
:: + IFS=
:: + read -r runtime_path
:: + case "$runtime_path" in
:: + private_path=/project/prime/usr/lib/x86_64-linux-gnu/gstreamer-1.0/libgstspectrum.so
:: + '[' '!' -e /project/prime/usr/lib/x86_64-linux-gnu/gstreamer-1.0/libgstspectrum.so ']'
:: + rm -f /project/prime/usr/lib/x86_64-linux-gnu/gstreamer-1.0/libgstspectrum.so
:: + IFS=
:: + read -r runtime_path
:: + case "$runtime_path" in
:: + private_path=/project/prime/usr/lib/x86_64-linux-gnu/gstreamer-1.0/libgstspeex.so
:: + '[' '!' -e /project/prime/usr/lib/x86_64-linux-gnu/gstreamer-1.0/libgstspeex.so ']'
:: + rm -f /project/prime/usr/lib/x86_64-linux-gnu/gstreamer-1.0/libgstspeex.so
:: + IFS=
:: + read -r runtime_path
:: + case "$runtime_path" in
:: + private_path=/project/prime/usr/lib/x86_64-linux-gnu/gstreamer-1.0/libgstsubparse.so
:: + '[' '!' -e /project/prime/usr/lib/x86_64-linux-gnu/gstreamer-1.0/libgstsubparse.so ']'
:: + rm -f /project/prime/usr/lib/x86_64-linux-gnu/gstreamer-1.0/libgstsubparse.so
:: + IFS=
:: + read -r runtime_path
:: + case "$runtime_path" in
:: + private_path=/project/prime/usr/lib/x86_64-linux-gnu/gstreamer-1.0/libgsttaglib.so
:: + '[' '!' -e /project/prime/usr/lib/x86_64-linux-gnu/gstreamer-1.0/libgsttaglib.so ']'
:: + rm -f /project/prime/usr/lib/x86_64-linux-gnu/gstreamer-1.0/libgsttaglib.so
:: + IFS=
:: + read -r runtime_path
:: + case "$runtime_path" in
:: + private_path=/project/prime/usr/lib/x86_64-linux-gnu/gstreamer-1.0/libgsttcp.so
:: + '[' '!' -e /project/prime/usr/lib/x86_64-linux-gnu/gstreamer-1.0/libgsttcp.so ']'
:: + rm -f /project/prime/usr/lib/x86_64-linux-gnu/gstreamer-1.0/libgsttcp.so
:: + IFS=
:: + read -r runtime_path
:: + case "$runtime_path" in
:: + private_path=/project/prime/usr/lib/x86_64-linux-gnu/gstreamer-1.0/libgsttheora.so
:: + '[' '!' -e /project/prime/usr/lib/x86_64-linux-gnu/gstreamer-1.0/libgsttheora.so ']'
:: + rm -f /project/prime/usr/lib/x86_64-linux-gnu/gstreamer-1.0/libgsttheora.so
:: + IFS=
:: + read -r runtime_path
:: + case "$runtime_path" in
:: + private_path=/project/prime/usr/lib/x86_64-linux-gnu/gstreamer-1.0/libgsttwolame.so
:: + '[' '!' -e /project/prime/usr/lib/x86_64-linux-gnu/gstreamer-1.0/libgsttwolame.so ']'
:: + rm -f /project/prime/usr/lib/x86_64-linux-gnu/gstreamer-1.0/libgsttwolame.so
:: + IFS=
:: + read -r runtime_path
:: + case "$runtime_path" in
:: + private_path=/project/prime/usr/lib/x86_64-linux-gnu/gstreamer-1.0/libgsttypefindfunctions.so
:: + '[' '!' -e /project/prime/usr/lib/x86_64-linux-gnu/gstreamer-1.0/libgsttypefindfunctions.so ']'
:: + rm -f /project/prime/usr/lib/x86_64-linux-gnu/gstreamer-1.0/libgsttypefindfunctions.so
:: + IFS=
:: + read -r runtime_path
:: + case "$runtime_path" in
:: + private_path=/project/prime/usr/lib/x86_64-linux-gnu/gstreamer-1.0/libgstudp.so
:: + '[' '!' -e /project/prime/usr/lib/x86_64-linux-gnu/gstreamer-1.0/libgstudp.so ']'
:: + rm -f /project/prime/usr/lib/x86_64-linux-gnu/gstreamer-1.0/libgstudp.so
:: + IFS=
:: + read -r runtime_path
:: + case "$runtime_path" in
:: + private_path=/project/prime/usr/lib/x86_64-linux-gnu/gstreamer-1.0/libgstvideo4linux2.so
:: + '[' '!' -e /project/prime/usr/lib/x86_64-linux-gnu/gstreamer-1.0/libgstvideo4linux2.so ']'
:: + rm -f /project/prime/usr/lib/x86_64-linux-gnu/gstreamer-1.0/libgstvideo4linux2.so
:: + IFS=
:: + read -r runtime_path
:: + case "$runtime_path" in
:: + private_path=/project/prime/usr/lib/x86_64-linux-gnu/gstreamer-1.0/libgstvideobox.so
:: + '[' '!' -e /project/prime/usr/lib/x86_64-linux-gnu/gstreamer-1.0/libgstvideobox.so ']'
:: + rm -f /project/prime/usr/lib/x86_64-linux-gnu/gstreamer-1.0/libgstvideobox.so
:: + IFS=
:: + read -r runtime_path
:: + case "$runtime_path" in
:: + private_path=/project/prime/usr/lib/x86_64-linux-gnu/gstreamer-1.0/libgstvideoconvertscale.so
:: + '[' '!' -e /project/prime/usr/lib/x86_64-linux-gnu/gstreamer-1.0/libgstvideoconvertscale.so ']'
:: + rm -f /project/prime/usr/lib/x86_64-linux-gnu/gstreamer-1.0/libgstvideoconvertscale.so
:: + IFS=
:: + read -r runtime_path
:: + case "$runtime_path" in
:: + private_path=/project/prime/usr/lib/x86_64-linux-gnu/gstreamer-1.0/libgstvideocrop.so
:: + '[' '!' -e /project/prime/usr/lib/x86_64-linux-gnu/gstreamer-1.0/libgstvideocrop.so ']'
:: + rm -f /project/prime/usr/lib/x86_64-linux-gnu/gstreamer-1.0/libgstvideocrop.so
:: + IFS=
:: + read -r runtime_path
:: + case "$runtime_path" in
:: + private_path=/project/prime/usr/lib/x86_64-linux-gnu/gstreamer-1.0/libgstvideofilter.so
:: + '[' '!' -e /project/prime/usr/lib/x86_64-linux-gnu/gstreamer-1.0/libgstvideofilter.so ']'
:: + rm -f /project/prime/usr/lib/x86_64-linux-gnu/gstreamer-1.0/libgstvideofilter.so
:: + IFS=
:: + read -r runtime_path
:: + case "$runtime_path" in
:: + private_path=/project/prime/usr/lib/x86_64-linux-gnu/gstreamer-1.0/libgstvideomixer.so
:: + '[' '!' -e /project/prime/usr/lib/x86_64-linux-gnu/gstreamer-1.0/libgstvideomixer.so ']'
:: + rm -f /project/prime/usr/lib/x86_64-linux-gnu/gstreamer-1.0/libgstvideomixer.so
:: + IFS=
:: + read -r runtime_path
:: + case "$runtime_path" in
:: + private_path=/project/prime/usr/lib/x86_64-linux-gnu/gstreamer-1.0/libgstvideorate.so
:: + '[' '!' -e /project/prime/usr/lib/x86_64-linux-gnu/gstreamer-1.0/libgstvideorate.so ']'
:: + rm -f /project/prime/usr/lib/x86_64-linux-gnu/gstreamer-1.0/libgstvideorate.so
:: + IFS=
:: + read -r runtime_path
:: + case "$runtime_path" in
:: + private_path=/project/prime/usr/lib/x86_64-linux-gnu/gstreamer-1.0/libgstvideotestsrc.so
:: + '[' '!' -e /project/prime/usr/lib/x86_64-linux-gnu/gstreamer-1.0/libgstvideotestsrc.so ']'
:: + rm -f /project/prime/usr/lib/x86_64-linux-gnu/gstreamer-1.0/libgstvideotestsrc.so
:: + IFS=
:: + read -r runtime_path
:: + case "$runtime_path" in
:: + private_path=/project/prime/usr/lib/x86_64-linux-gnu/gstreamer-1.0/libgstvolume.so
:: + '[' '!' -e /project/prime/usr/lib/x86_64-linux-gnu/gstreamer-1.0/libgstvolume.so ']'
:: + rm -f /project/prime/usr/lib/x86_64-linux-gnu/gstreamer-1.0/libgstvolume.so
:: + IFS=
:: + read -r runtime_path
:: + case "$runtime_path" in
:: + private_path=/project/prime/usr/lib/x86_64-linux-gnu/gstreamer-1.0/libgstvorbis.so
:: + '[' '!' -e /project/prime/usr/lib/x86_64-linux-gnu/gstreamer-1.0/libgstvorbis.so ']'
:: + rm -f /project/prime/usr/lib/x86_64-linux-gnu/gstreamer-1.0/libgstvorbis.so
:: + IFS=
:: + read -r runtime_path
:: + case "$runtime_path" in
:: + private_path=/project/prime/usr/lib/x86_64-linux-gnu/gstreamer-1.0/libgstvpx.so
:: + '[' '!' -e /project/prime/usr/lib/x86_64-linux-gnu/gstreamer-1.0/libgstvpx.so ']'
:: + rm -f /project/prime/usr/lib/x86_64-linux-gnu/gstreamer-1.0/libgstvpx.so
:: + IFS=
:: + read -r runtime_path
:: + case "$runtime_path" in
:: + private_path=/project/prime/usr/lib/x86_64-linux-gnu/gstreamer-1.0/libgstwavenc.so
:: + '[' '!' -e /project/prime/usr/lib/x86_64-linux-gnu/gstreamer-1.0/libgstwavenc.so ']'
:: + rm -f /project/prime/usr/lib/x86_64-linux-gnu/gstreamer-1.0/libgstwavenc.so
:: + IFS=
:: + read -r runtime_path
:: + case "$runtime_path" in
:: + private_path=/project/prime/usr/lib/x86_64-linux-gnu/gstreamer-1.0/libgstwavpack.so
:: + '[' '!' -e /project/prime/usr/lib/x86_64-linux-gnu/gstreamer-1.0/libgstwavpack.so ']'
:: + rm -f /project/prime/usr/lib/x86_64-linux-gnu/gstreamer-1.0/libgstwavpack.so
:: + IFS=
:: + read -r runtime_path
:: + case "$runtime_path" in
:: + private_path=/project/prime/usr/lib/x86_64-linux-gnu/gstreamer-1.0/libgstwavparse.so
:: + '[' '!' -e /project/prime/usr/lib/x86_64-linux-gnu/gstreamer-1.0/libgstwavparse.so ']'
:: + rm -f /project/prime/usr/lib/x86_64-linux-gnu/gstreamer-1.0/libgstwavparse.so
:: + IFS=
:: + read -r runtime_path
:: + case "$runtime_path" in
:: + private_path=/project/prime/usr/lib/x86_64-linux-gnu/gstreamer-1.0/libgstximagesrc.so
:: + '[' '!' -e /project/prime/usr/lib/x86_64-linux-gnu/gstreamer-1.0/libgstximagesrc.so ']'
:: + rm -f /project/prime/usr/lib/x86_64-linux-gnu/gstreamer-1.0/libgstximagesrc.so
:: + IFS=
:: + read -r runtime_path
:: + case "$runtime_path" in
:: + private_path=/project/prime/usr/lib/x86_64-linux-gnu/gstreamer-1.0/libgstxingmux.so
:: + '[' '!' -e /project/prime/usr/lib/x86_64-linux-gnu/gstreamer-1.0/libgstxingmux.so ']'
:: + rm -f /project/prime/usr/lib/x86_64-linux-gnu/gstreamer-1.0/libgstxingmux.so
:: + IFS=
:: + read -r runtime_path
:: + case "$runtime_path" in
:: + private_path=/project/prime/usr/lib/x86_64-linux-gnu/gstreamer-1.0/libgsty4menc.so
:: + '[' '!' -e /project/prime/usr/lib/x86_64-linux-gnu/gstreamer-1.0/libgsty4menc.so ']'
:: + rm -f /project/prime/usr/lib/x86_64-linux-gnu/gstreamer-1.0/libgsty4menc.so
:: + IFS=
:: + read -r runtime_path
:: + case "$runtime_path" in
:: + private_path=/project/prime/usr/lib/x86_64-linux-gnu/gstreamer1.0/gstreamer-1.0/gst-plugin-scanner
:: + '[' '!' -e /project/prime/usr/lib/x86_64-linux-gnu/gstreamer1.0/gstreamer-1.0/gst-plugin-scanner ']'
:: + rm -f /project/prime/usr/lib/x86_64-linux-gnu/gstreamer1.0/gstreamer-1.0/gst-plugin-scanner
:: + IFS=
:: + read -r runtime_path
:: + case "$runtime_path" in
:: + private_path=/project/prime/usr/lib/x86_64-linux-gnu/gstreamer1.0/gstreamer-1.0/gst-ptp-helper
:: + '[' '!' -e /project/prime/usr/lib/x86_64-linux-gnu/gstreamer1.0/gstreamer-1.0/gst-ptp-helper ']'
:: + rm -f /project/prime/usr/lib/x86_64-linux-gnu/gstreamer1.0/gstreamer-1.0/gst-ptp-helper
:: + IFS=
:: + read -r runtime_path
:: + case "$runtime_path" in
:: + private_path=/project/prime/usr/lib/x86_64-linux-gnu/gtk-3.0/3.0.0/immodules/im-am-et.so
:: + '[' '!' -e /project/prime/usr/lib/x86_64-linux-gnu/gtk-3.0/3.0.0/immodules/im-am-et.so ']'
:: + rm -f /project/prime/usr/lib/x86_64-linux-gnu/gtk-3.0/3.0.0/immodules/im-am-et.so
:: + IFS=
:: + read -r runtime_path
:: + case "$runtime_path" in
:: + private_path=/project/prime/usr/lib/x86_64-linux-gnu/gtk-3.0/3.0.0/immodules/im-broadway.so
:: + '[' '!' -e /project/prime/usr/lib/x86_64-linux-gnu/gtk-3.0/3.0.0/immodules/im-broadway.so ']'
:: + rm -f /project/prime/usr/lib/x86_64-linux-gnu/gtk-3.0/3.0.0/immodules/im-broadway.so
:: + IFS=
:: + read -r runtime_path
:: + case "$runtime_path" in
:: + private_path=/project/prime/usr/lib/x86_64-linux-gnu/gtk-3.0/3.0.0/immodules/im-cedilla.so
:: + '[' '!' -e /project/prime/usr/lib/x86_64-linux-gnu/gtk-3.0/3.0.0/immodules/im-cedilla.so ']'
:: + rm -f /project/prime/usr/lib/x86_64-linux-gnu/gtk-3.0/3.0.0/immodules/im-cedilla.so
:: + IFS=
:: + read -r runtime_path
:: + case "$runtime_path" in
:: + private_path=/project/prime/usr/lib/x86_64-linux-gnu/gtk-3.0/3.0.0/immodules/im-cyrillic-translit.so
:: + '[' '!' -e /project/prime/usr/lib/x86_64-linux-gnu/gtk-3.0/3.0.0/immodules/im-cyrillic-translit.so ']'
:: + rm -f /project/prime/usr/lib/x86_64-linux-gnu/gtk-3.0/3.0.0/immodules/im-cyrillic-translit.so
:: + IFS=
:: + read -r runtime_path
:: + case "$runtime_path" in
:: + private_path=/project/prime/usr/lib/x86_64-linux-gnu/gtk-3.0/3.0.0/immodules/im-inuktitut.so
:: + '[' '!' -e /project/prime/usr/lib/x86_64-linux-gnu/gtk-3.0/3.0.0/immodules/im-inuktitut.so ']'
:: + rm -f /project/prime/usr/lib/x86_64-linux-gnu/gtk-3.0/3.0.0/immodules/im-inuktitut.so
:: + IFS=
:: + read -r runtime_path
:: + case "$runtime_path" in
:: + private_path=/project/prime/usr/lib/x86_64-linux-gnu/gtk-3.0/3.0.0/immodules/im-ipa.so
:: + '[' '!' -e /project/prime/usr/lib/x86_64-linux-gnu/gtk-3.0/3.0.0/immodules/im-ipa.so ']'
:: + rm -f /project/prime/usr/lib/x86_64-linux-gnu/gtk-3.0/3.0.0/immodules/im-ipa.so
:: + IFS=
:: + read -r runtime_path
:: + case "$runtime_path" in
:: + private_path=/project/prime/usr/lib/x86_64-linux-gnu/gtk-3.0/3.0.0/immodules/im-multipress.so
:: + '[' '!' -e /project/prime/usr/lib/x86_64-linux-gnu/gtk-3.0/3.0.0/immodules/im-multipress.so ']'
:: + rm -f /project/prime/usr/lib/x86_64-linux-gnu/gtk-3.0/3.0.0/immodules/im-multipress.so
:: + IFS=
:: + read -r runtime_path
:: + case "$runtime_path" in
:: + private_path=/project/prime/usr/lib/x86_64-linux-gnu/gtk-3.0/3.0.0/immodules/im-thai.so
:: + '[' '!' -e /project/prime/usr/lib/x86_64-linux-gnu/gtk-3.0/3.0.0/immodules/im-thai.so ']'
:: + rm -f /project/prime/usr/lib/x86_64-linux-gnu/gtk-3.0/3.0.0/immodules/im-thai.so
:: + IFS=
:: + read -r runtime_path
:: + case "$runtime_path" in
:: + private_path=/project/prime/usr/lib/x86_64-linux-gnu/gtk-3.0/3.0.0/immodules/im-ti-er.so
:: + '[' '!' -e /project/prime/usr/lib/x86_64-linux-gnu/gtk-3.0/3.0.0/immodules/im-ti-er.so ']'
:: + rm -f /project/prime/usr/lib/x86_64-linux-gnu/gtk-3.0/3.0.0/immodules/im-ti-er.so
:: + IFS=
:: + read -r runtime_path
:: + case "$runtime_path" in
:: + private_path=/project/prime/usr/lib/x86_64-linux-gnu/gtk-3.0/3.0.0/immodules/im-ti-et.so
:: + '[' '!' -e /project/prime/usr/lib/x86_64-linux-gnu/gtk-3.0/3.0.0/immodules/im-ti-et.so ']'
:: + rm -f /project/prime/usr/lib/x86_64-linux-gnu/gtk-3.0/3.0.0/immodules/im-ti-et.so
:: + IFS=
:: + read -r runtime_path
:: + case "$runtime_path" in
:: + private_path=/project/prime/usr/lib/x86_64-linux-gnu/gtk-3.0/3.0.0/immodules/im-viqr.so
:: + '[' '!' -e /project/prime/usr/lib/x86_64-linux-gnu/gtk-3.0/3.0.0/immodules/im-viqr.so ']'
:: + rm -f /project/prime/usr/lib/x86_64-linux-gnu/gtk-3.0/3.0.0/immodules/im-viqr.so
:: + IFS=
:: + read -r runtime_path
:: + case "$runtime_path" in
:: + private_path=/project/prime/usr/lib/x86_64-linux-gnu/gtk-3.0/3.0.0/immodules/im-wayland.so
:: + '[' '!' -e /project/prime/usr/lib/x86_64-linux-gnu/gtk-3.0/3.0.0/immodules/im-wayland.so ']'
:: + rm -f /project/prime/usr/lib/x86_64-linux-gnu/gtk-3.0/3.0.0/immodules/im-wayland.so
:: + IFS=
:: + read -r runtime_path
:: + case "$runtime_path" in
:: + private_path=/project/prime/usr/lib/x86_64-linux-gnu/gtk-3.0/3.0.0/immodules/im-xim.so
:: + '[' '!' -e /project/prime/usr/lib/x86_64-linux-gnu/gtk-3.0/3.0.0/immodules/im-xim.so ']'
:: + rm -f /project/prime/usr/lib/x86_64-linux-gnu/gtk-3.0/3.0.0/immodules/im-xim.so
:: + IFS=
:: + read -r runtime_path
:: + case "$runtime_path" in
:: + private_path=/project/prime/usr/lib/x86_64-linux-gnu/gtk-3.0/3.0.0/printbackends/libprintbackend-cups.so
:: + '[' '!' -e /project/prime/usr/lib/x86_64-linux-gnu/gtk-3.0/3.0.0/printbackends/libprintbackend-cups.so ']'
:: + rm -f /project/prime/usr/lib/x86_64-linux-gnu/gtk-3.0/3.0.0/printbackends/libprintbackend-cups.so
:: + IFS=
:: + read -r runtime_path
:: + case "$runtime_path" in
:: + private_path=/project/prime/usr/lib/x86_64-linux-gnu/gtk-3.0/3.0.0/printbackends/libprintbackend-file.so
:: + '[' '!' -e /project/prime/usr/lib/x86_64-linux-gnu/gtk-3.0/3.0.0/printbackends/libprintbackend-file.so ']'
:: + rm -f /project/prime/usr/lib/x86_64-linux-gnu/gtk-3.0/3.0.0/printbackends/libprintbackend-file.so
:: + IFS=
:: + read -r runtime_path
:: + case "$runtime_path" in
:: + private_path=/project/prime/usr/lib/x86_64-linux-gnu/libgdk-3.so.0
:: + '[' '!' -e /project/prime/usr/lib/x86_64-linux-gnu/libgdk-3.so.0 ']'
:: + rm -f /project/prime/usr/lib/x86_64-linux-gnu/libgdk-3.so.0
:: + IFS=
:: + read -r runtime_path
:: + case "$runtime_path" in
:: + private_path=/project/prime/usr/lib/x86_64-linux-gnu/libgdk-3.so.0.2409.32
:: + '[' '!' -e /project/prime/usr/lib/x86_64-linux-gnu/libgdk-3.so.0.2409.32 ']'
:: + rm -f /project/prime/usr/lib/x86_64-linux-gnu/libgdk-3.so.0.2409.32
:: + IFS=
:: + read -r runtime_path
:: + case "$runtime_path" in
:: + private_path=/project/prime/usr/lib/x86_64-linux-gnu/libX11.so.6
:: + '[' '!' -e /project/prime/usr/lib/x86_64-linux-gnu/libX11.so.6 ']'
:: + rm -f /project/prime/usr/lib/x86_64-linux-gnu/libX11.so.6
:: + IFS=
:: + read -r runtime_path
:: + case "$runtime_path" in
:: + private_path=/project/prime/usr/lib/x86_64-linux-gnu/libX11.so.6.4.0
:: + '[' '!' -e /project/prime/usr/lib/x86_64-linux-gnu/libX11.so.6.4.0 ']'
:: + rm -f /project/prime/usr/lib/x86_64-linux-gnu/libX11.so.6.4.0
:: + IFS=
:: + read -r runtime_path
:: + case "$runtime_path" in
:: + private_path=/project/prime/usr/lib/x86_64-linux-gnu/libXdamage.so.1
:: + '[' '!' -e /project/prime/usr/lib/x86_64-linux-gnu/libXdamage.so.1 ']'
:: + rm -f /project/prime/usr/lib/x86_64-linux-gnu/libXdamage.so.1
:: + IFS=
:: + read -r runtime_path
:: + case "$runtime_path" in
:: + private_path=/project/prime/usr/lib/x86_64-linux-gnu/libXdamage.so.1.1.0
:: + '[' '!' -e /project/prime/usr/lib/x86_64-linux-gnu/libXdamage.so.1.1.0 ']'
:: + rm -f /project/prime/usr/lib/x86_64-linux-gnu/libXdamage.so.1.1.0
:: + IFS=
:: + read -r runtime_path
:: + case "$runtime_path" in
:: + private_path=/project/prime/usr/lib/x86_64-linux-gnu/libXext.so.6
:: + '[' '!' -e /project/prime/usr/lib/x86_64-linux-gnu/libXext.so.6 ']'
:: + rm -f /project/prime/usr/lib/x86_64-linux-gnu/libXext.so.6
:: + IFS=
:: + read -r runtime_path
:: + case "$runtime_path" in
:: + private_path=/project/prime/usr/lib/x86_64-linux-gnu/libXext.so.6.4.0
:: + '[' '!' -e /project/prime/usr/lib/x86_64-linux-gnu/libXext.so.6.4.0 ']'
:: + rm -f /project/prime/usr/lib/x86_64-linux-gnu/libXext.so.6.4.0
:: + IFS=
:: + read -r runtime_path
:: + case "$runtime_path" in
:: + private_path=/project/prime/usr/lib/x86_64-linux-gnu/libXfixes.so.3
:: + '[' '!' -e /project/prime/usr/lib/x86_64-linux-gnu/libXfixes.so.3 ']'
:: + rm -f /project/prime/usr/lib/x86_64-linux-gnu/libXfixes.so.3
:: + IFS=
:: + read -r runtime_path
:: + case "$runtime_path" in
:: + private_path=/project/prime/usr/lib/x86_64-linux-gnu/libXfixes.so.3.1.0
:: + '[' '!' -e /project/prime/usr/lib/x86_64-linux-gnu/libXfixes.so.3.1.0 ']'
:: + rm -f /project/prime/usr/lib/x86_64-linux-gnu/libXfixes.so.3.1.0
:: + IFS=
:: + read -r runtime_path
:: + case "$runtime_path" in
:: + private_path=/project/prime/usr/lib/x86_64-linux-gnu/libgstallocators-1.0.so.0
:: + '[' '!' -e /project/prime/usr/lib/x86_64-linux-gnu/libgstallocators-1.0.so.0 ']'
:: + rm -f /project/prime/usr/lib/x86_64-linux-gnu/libgstallocators-1.0.so.0
:: + IFS=
:: + read -r runtime_path
:: + case "$runtime_path" in
:: + private_path=/project/prime/usr/lib/x86_64-linux-gnu/libgstallocators-1.0.so.0.2402.0
:: + '[' '!' -e /project/prime/usr/lib/x86_64-linux-gnu/libgstallocators-1.0.so.0.2402.0 ']'
:: + rm -f /project/prime/usr/lib/x86_64-linux-gnu/libgstallocators-1.0.so.0.2402.0
:: + IFS=
:: + read -r runtime_path
:: + case "$runtime_path" in
:: + private_path=/project/prime/usr/lib/x86_64-linux-gnu/libgstapp-1.0.so.0
:: + '[' '!' -e /project/prime/usr/lib/x86_64-linux-gnu/libgstapp-1.0.so.0 ']'
:: + rm -f /project/prime/usr/lib/x86_64-linux-gnu/libgstapp-1.0.so.0
:: + IFS=
:: + read -r runtime_path
:: + case "$runtime_path" in
:: + private_path=/project/prime/usr/lib/x86_64-linux-gnu/libgstapp-1.0.so.0.2402.0
:: + '[' '!' -e /project/prime/usr/lib/x86_64-linux-gnu/libgstapp-1.0.so.0.2402.0 ']'
:: + rm -f /project/prime/usr/lib/x86_64-linux-gnu/libgstapp-1.0.so.0.2402.0
:: + IFS=
:: + read -r runtime_path
:: + case "$runtime_path" in
:: + private_path=/project/prime/usr/lib/x86_64-linux-gnu/libgstaudio-1.0.so.0
:: + '[' '!' -e /project/prime/usr/lib/x86_64-linux-gnu/libgstaudio-1.0.so.0 ']'
:: + rm -f /project/prime/usr/lib/x86_64-linux-gnu/libgstaudio-1.0.so.0
:: + IFS=
:: + read -r runtime_path
:: + case "$runtime_path" in
:: + private_path=/project/prime/usr/lib/x86_64-linux-gnu/libgstaudio-1.0.so.0.2402.0
:: + '[' '!' -e /project/prime/usr/lib/x86_64-linux-gnu/libgstaudio-1.0.so.0.2402.0 ']'
:: + rm -f /project/prime/usr/lib/x86_64-linux-gnu/libgstaudio-1.0.so.0.2402.0
:: + IFS=
:: + read -r runtime_path
:: + case "$runtime_path" in
:: + private_path=/project/prime/usr/lib/x86_64-linux-gnu/libgstbase-1.0.so.0
:: + '[' '!' -e /project/prime/usr/lib/x86_64-linux-gnu/libgstbase-1.0.so.0 ']'
:: + rm -f /project/prime/usr/lib/x86_64-linux-gnu/libgstbase-1.0.so.0
:: + IFS=
:: + read -r runtime_path
:: + case "$runtime_path" in
:: + private_path=/project/prime/usr/lib/x86_64-linux-gnu/libgstbase-1.0.so.0.2402.0
:: + '[' '!' -e /project/prime/usr/lib/x86_64-linux-gnu/libgstbase-1.0.so.0.2402.0 ']'
:: + rm -f /project/prime/usr/lib/x86_64-linux-gnu/libgstbase-1.0.so.0.2402.0
:: + IFS=
:: + read -r runtime_path
:: + case "$runtime_path" in
:: + private_path=/project/prime/usr/lib/x86_64-linux-gnu/libgstbasecamerabinsrc-1.0.so.0
:: + '[' '!' -e /project/prime/usr/lib/x86_64-linux-gnu/libgstbasecamerabinsrc-1.0.so.0 ']'
:: + rm -f /project/prime/usr/lib/x86_64-linux-gnu/libgstbasecamerabinsrc-1.0.so.0
:: + IFS=
:: + read -r runtime_path
:: + case "$runtime_path" in
:: + private_path=/project/prime/usr/lib/x86_64-linux-gnu/libgstbasecamerabinsrc-1.0.so.0.2402.0
:: + '[' '!' -e /project/prime/usr/lib/x86_64-linux-gnu/libgstbasecamerabinsrc-1.0.so.0.2402.0 ']'
:: + rm -f /project/prime/usr/lib/x86_64-linux-gnu/libgstbasecamerabinsrc-1.0.so.0.2402.0
:: + IFS=
:: + read -r runtime_path
:: + case "$runtime_path" in
:: + private_path=/project/prime/usr/lib/x86_64-linux-gnu/libgstcheck-1.0.so.0
:: + '[' '!' -e /project/prime/usr/lib/x86_64-linux-gnu/libgstcheck-1.0.so.0 ']'
:: + rm -f /project/prime/usr/lib/x86_64-linux-gnu/libgstcheck-1.0.so.0
:: + IFS=
:: + read -r runtime_path
:: + case "$runtime_path" in
:: + private_path=/project/prime/usr/lib/x86_64-linux-gnu/libgstcheck-1.0.so.0.2402.0
:: + '[' '!' -e /project/prime/usr/lib/x86_64-linux-gnu/libgstcheck-1.0.so.0.2402.0 ']'
:: + rm -f /project/prime/usr/lib/x86_64-linux-gnu/libgstcheck-1.0.so.0.2402.0
:: + IFS=
:: + read -r runtime_path
:: + case "$runtime_path" in
:: + private_path=/project/prime/usr/lib/x86_64-linux-gnu/libgstcontroller-1.0.so.0
:: + '[' '!' -e /project/prime/usr/lib/x86_64-linux-gnu/libgstcontroller-1.0.so.0 ']'
:: + rm -f /project/prime/usr/lib/x86_64-linux-gnu/libgstcontroller-1.0.so.0
:: + IFS=
:: + read -r runtime_path
:: + case "$runtime_path" in
:: + private_path=/project/prime/usr/lib/x86_64-linux-gnu/libgstcontroller-1.0.so.0.2402.0
:: + '[' '!' -e /project/prime/usr/lib/x86_64-linux-gnu/libgstcontroller-1.0.so.0.2402.0 ']'
:: + rm -f /project/prime/usr/lib/x86_64-linux-gnu/libgstcontroller-1.0.so.0.2402.0
:: + IFS=
:: + read -r runtime_path
:: + case "$runtime_path" in
:: + private_path=/project/prime/usr/lib/x86_64-linux-gnu/libgstfft-1.0.so.0
:: + '[' '!' -e /project/prime/usr/lib/x86_64-linux-gnu/libgstfft-1.0.so.0 ']'
:: + rm -f /project/prime/usr/lib/x86_64-linux-gnu/libgstfft-1.0.so.0
:: + IFS=
:: + read -r runtime_path
:: + case "$runtime_path" in
:: + private_path=/project/prime/usr/lib/x86_64-linux-gnu/libgstfft-1.0.so.0.2402.0
:: + '[' '!' -e /project/prime/usr/lib/x86_64-linux-gnu/libgstfft-1.0.so.0.2402.0 ']'
:: + rm -f /project/prime/usr/lib/x86_64-linux-gnu/libgstfft-1.0.so.0.2402.0
:: + IFS=
:: + read -r runtime_path
:: + case "$runtime_path" in
:: + private_path=/project/prime/usr/lib/x86_64-linux-gnu/libgstnet-1.0.so.0
:: + '[' '!' -e /project/prime/usr/lib/x86_64-linux-gnu/libgstnet-1.0.so.0 ']'
:: + rm -f /project/prime/usr/lib/x86_64-linux-gnu/libgstnet-1.0.so.0
:: + IFS=
:: + read -r runtime_path
:: + case "$runtime_path" in
:: + private_path=/project/prime/usr/lib/x86_64-linux-gnu/libgstnet-1.0.so.0.2402.0
:: + '[' '!' -e /project/prime/usr/lib/x86_64-linux-gnu/libgstnet-1.0.so.0.2402.0 ']'
:: + rm -f /project/prime/usr/lib/x86_64-linux-gnu/libgstnet-1.0.so.0.2402.0
:: + IFS=
:: + read -r runtime_path
:: + case "$runtime_path" in
:: + private_path=/project/prime/usr/lib/x86_64-linux-gnu/libgstpbutils-1.0.so.0
:: + '[' '!' -e /project/prime/usr/lib/x86_64-linux-gnu/libgstpbutils-1.0.so.0 ']'
:: + rm -f /project/prime/usr/lib/x86_64-linux-gnu/libgstpbutils-1.0.so.0
:: + IFS=
:: + read -r runtime_path
:: + case "$runtime_path" in
:: + private_path=/project/prime/usr/lib/x86_64-linux-gnu/libgstpbutils-1.0.so.0.2402.0
:: + '[' '!' -e /project/prime/usr/lib/x86_64-linux-gnu/libgstpbutils-1.0.so.0.2402.0 ']'
:: + rm -f /project/prime/usr/lib/x86_64-linux-gnu/libgstpbutils-1.0.so.0.2402.0
:: + IFS=
:: + read -r runtime_path
:: + case "$runtime_path" in
:: + private_path=/project/prime/usr/lib/x86_64-linux-gnu/libgstphotography-1.0.so.0
:: + '[' '!' -e /project/prime/usr/lib/x86_64-linux-gnu/libgstphotography-1.0.so.0 ']'
:: + rm -f /project/prime/usr/lib/x86_64-linux-gnu/libgstphotography-1.0.so.0
:: + IFS=
:: + read -r runtime_path
:: + case "$runtime_path" in
:: + private_path=/project/prime/usr/lib/x86_64-linux-gnu/libgstphotography-1.0.so.0.2402.0
:: + '[' '!' -e /project/prime/usr/lib/x86_64-linux-gnu/libgstphotography-1.0.so.0.2402.0 ']'
:: + rm -f /project/prime/usr/lib/x86_64-linux-gnu/libgstphotography-1.0.so.0.2402.0
:: + IFS=
:: + read -r runtime_path
:: + case "$runtime_path" in
:: + private_path=/project/prime/usr/lib/x86_64-linux-gnu/libgstreamer-1.0.so.0
:: + '[' '!' -e /project/prime/usr/lib/x86_64-linux-gnu/libgstreamer-1.0.so.0 ']'
:: + rm -f /project/prime/usr/lib/x86_64-linux-gnu/libgstreamer-1.0.so.0
:: + IFS=
:: + read -r runtime_path
:: + case "$runtime_path" in
:: + private_path=/project/prime/usr/lib/x86_64-linux-gnu/libgstreamer-1.0.so.0.2402.0
:: + '[' '!' -e /project/prime/usr/lib/x86_64-linux-gnu/libgstreamer-1.0.so.0.2402.0 ']'
:: + rm -f /project/prime/usr/lib/x86_64-linux-gnu/libgstreamer-1.0.so.0.2402.0
:: + IFS=
:: + read -r runtime_path
:: + case "$runtime_path" in
:: + private_path=/project/prime/usr/lib/x86_64-linux-gnu/libgstriff-1.0.so.0
:: + '[' '!' -e /project/prime/usr/lib/x86_64-linux-gnu/libgstriff-1.0.so.0 ']'
:: + rm -f /project/prime/usr/lib/x86_64-linux-gnu/libgstriff-1.0.so.0
:: + IFS=
:: + read -r runtime_path
:: + case "$runtime_path" in
:: + private_path=/project/prime/usr/lib/x86_64-linux-gnu/libgstriff-1.0.so.0.2402.0
:: + '[' '!' -e /project/prime/usr/lib/x86_64-linux-gnu/libgstriff-1.0.so.0.2402.0 ']'
:: + rm -f /project/prime/usr/lib/x86_64-linux-gnu/libgstriff-1.0.so.0.2402.0
:: + IFS=
:: + read -r runtime_path
:: + case "$runtime_path" in
:: + private_path=/project/prime/usr/lib/x86_64-linux-gnu/libgstrtp-1.0.so.0
:: + '[' '!' -e /project/prime/usr/lib/x86_64-linux-gnu/libgstrtp-1.0.so.0 ']'
:: + rm -f /project/prime/usr/lib/x86_64-linux-gnu/libgstrtp-1.0.so.0
:: + IFS=
:: + read -r runtime_path
:: + case "$runtime_path" in
:: + private_path=/project/prime/usr/lib/x86_64-linux-gnu/libgstrtp-1.0.so.0.2402.0
:: + '[' '!' -e /project/prime/usr/lib/x86_64-linux-gnu/libgstrtp-1.0.so.0.2402.0 ']'
:: + rm -f /project/prime/usr/lib/x86_64-linux-gnu/libgstrtp-1.0.so.0.2402.0
:: + IFS=
:: + read -r runtime_path
:: + case "$runtime_path" in
:: + private_path=/project/prime/usr/lib/x86_64-linux-gnu/libgstrtsp-1.0.so.0
:: + '[' '!' -e /project/prime/usr/lib/x86_64-linux-gnu/libgstrtsp-1.0.so.0 ']'
:: + rm -f /project/prime/usr/lib/x86_64-linux-gnu/libgstrtsp-1.0.so.0
:: + IFS=
:: + read -r runtime_path
:: + case "$runtime_path" in
:: + private_path=/project/prime/usr/lib/x86_64-linux-gnu/libgstrtsp-1.0.so.0.2402.0
:: + '[' '!' -e /project/prime/usr/lib/x86_64-linux-gnu/libgstrtsp-1.0.so.0.2402.0 ']'
:: + rm -f /project/prime/usr/lib/x86_64-linux-gnu/libgstrtsp-1.0.so.0.2402.0
:: + IFS=
:: + read -r runtime_path
:: + case "$runtime_path" in
:: + private_path=/project/prime/usr/lib/x86_64-linux-gnu/libgstsdp-1.0.so.0
:: + '[' '!' -e /project/prime/usr/lib/x86_64-linux-gnu/libgstsdp-1.0.so.0 ']'
:: + rm -f /project/prime/usr/lib/x86_64-linux-gnu/libgstsdp-1.0.so.0
:: + IFS=
:: + read -r runtime_path
:: + case "$runtime_path" in
:: + private_path=/project/prime/usr/lib/x86_64-linux-gnu/libgstsdp-1.0.so.0.2402.0
:: + '[' '!' -e /project/prime/usr/lib/x86_64-linux-gnu/libgstsdp-1.0.so.0.2402.0 ']'
:: + rm -f /project/prime/usr/lib/x86_64-linux-gnu/libgstsdp-1.0.so.0.2402.0
:: + IFS=
:: + read -r runtime_path
:: + case "$runtime_path" in
:: + private_path=/project/prime/usr/lib/x86_64-linux-gnu/libgsttag-1.0.so.0
:: + '[' '!' -e /project/prime/usr/lib/x86_64-linux-gnu/libgsttag-1.0.so.0 ']'
:: + rm -f /project/prime/usr/lib/x86_64-linux-gnu/libgsttag-1.0.so.0
:: + IFS=
:: + read -r runtime_path
:: + case "$runtime_path" in
:: + private_path=/project/prime/usr/lib/x86_64-linux-gnu/libgsttag-1.0.so.0.2402.0
:: + '[' '!' -e /project/prime/usr/lib/x86_64-linux-gnu/libgsttag-1.0.so.0.2402.0 ']'
:: + rm -f /project/prime/usr/lib/x86_64-linux-gnu/libgsttag-1.0.so.0.2402.0
:: + IFS=
:: + read -r runtime_path
:: + case "$runtime_path" in
:: + private_path=/project/prime/usr/lib/x86_64-linux-gnu/libgstvideo-1.0.so.0
:: + '[' '!' -e /project/prime/usr/lib/x86_64-linux-gnu/libgstvideo-1.0.so.0 ']'
:: + rm -f /project/prime/usr/lib/x86_64-linux-gnu/libgstvideo-1.0.so.0
:: + IFS=
:: + read -r runtime_path
:: + case "$runtime_path" in
:: + private_path=/project/prime/usr/lib/x86_64-linux-gnu/libgstvideo-1.0.so.0.2402.0
:: + '[' '!' -e /project/prime/usr/lib/x86_64-linux-gnu/libgstvideo-1.0.so.0.2402.0 ']'
:: + rm -f /project/prime/usr/lib/x86_64-linux-gnu/libgstvideo-1.0.so.0.2402.0
:: + IFS=
:: + read -r runtime_path
:: + case "$runtime_path" in
:: + private_path=/project/prime/usr/lib/x86_64-linux-gnu/libgtk-3-0t64/gtk-query-immodules-3.0
:: + '[' '!' -e /project/prime/usr/lib/x86_64-linux-gnu/libgtk-3-0t64/gtk-query-immodules-3.0 ']'
:: + rm -f /project/prime/usr/lib/x86_64-linux-gnu/libgtk-3-0t64/gtk-query-immodules-3.0
:: + IFS=
:: + read -r runtime_path
:: + case "$runtime_path" in
:: + private_path=/project/prime/usr/lib/x86_64-linux-gnu/libgtk-3.so.0
:: + '[' '!' -e /project/prime/usr/lib/x86_64-linux-gnu/libgtk-3.so.0 ']'
:: + rm -f /project/prime/usr/lib/x86_64-linux-gnu/libgtk-3.so.0
:: + IFS=
:: + read -r runtime_path
:: + case "$runtime_path" in
:: + private_path=/project/prime/usr/lib/x86_64-linux-gnu/libgtk-3.so.0.2409.32
:: + '[' '!' -e /project/prime/usr/lib/x86_64-linux-gnu/libgtk-3.so.0.2409.32 ']'
:: + rm -f /project/prime/usr/lib/x86_64-linux-gnu/libgtk-3.so.0.2409.32
:: + IFS=
:: + read -r runtime_path
:: + case "$runtime_path" in
:: + private_path=/project/prime/usr/lib/x86_64-linux-gnu/libpango-1.0.so.0
:: + '[' '!' -e /project/prime/usr/lib/x86_64-linux-gnu/libpango-1.0.so.0 ']'
:: + rm -f /project/prime/usr/lib/x86_64-linux-gnu/libpango-1.0.so.0
:: + IFS=
:: + read -r runtime_path
:: + case "$runtime_path" in
:: + private_path=/project/prime/usr/lib/x86_64-linux-gnu/libpango-1.0.so.0.5200.1
:: + '[' '!' -e /project/prime/usr/lib/x86_64-linux-gnu/libpango-1.0.so.0.5200.1 ']'
:: + rm -f /project/prime/usr/lib/x86_64-linux-gnu/libpango-1.0.so.0.5200.1
:: + IFS=
:: + read -r runtime_path
:: + case "$runtime_path" in
:: + private_path=/project/prime/usr/lib/x86_64-linux-gnu/libpangocairo-1.0.so.0
:: + '[' '!' -e /project/prime/usr/lib/x86_64-linux-gnu/libpangocairo-1.0.so.0 ']'
:: + rm -f /project/prime/usr/lib/x86_64-linux-gnu/libpangocairo-1.0.so.0
:: + IFS=
:: + read -r runtime_path
:: + case "$runtime_path" in
:: + private_path=/project/prime/usr/lib/x86_64-linux-gnu/libpangocairo-1.0.so.0.5200.1
:: + '[' '!' -e /project/prime/usr/lib/x86_64-linux-gnu/libpangocairo-1.0.so.0.5200.1 ']'
:: + rm -f /project/prime/usr/lib/x86_64-linux-gnu/libpangocairo-1.0.so.0.5200.1
:: + IFS=
:: + read -r runtime_path
:: + case "$runtime_path" in
:: + private_path=/project/prime/usr/lib/x86_64-linux-gnu/libpangoft2-1.0.so.0
:: + '[' '!' -e /project/prime/usr/lib/x86_64-linux-gnu/libpangoft2-1.0.so.0 ']'
:: + rm -f /project/prime/usr/lib/x86_64-linux-gnu/libpangoft2-1.0.so.0
:: + IFS=
:: + read -r runtime_path
:: + case "$runtime_path" in
:: + private_path=/project/prime/usr/lib/x86_64-linux-gnu/libpangoft2-1.0.so.0.5200.1
:: + '[' '!' -e /project/prime/usr/lib/x86_64-linux-gnu/libpangoft2-1.0.so.0.5200.1 ']'
:: + rm -f /project/prime/usr/lib/x86_64-linux-gnu/libpangoft2-1.0.so.0.5200.1
:: + IFS=
:: + read -r runtime_path
:: + case "$runtime_path" in
:: + private_path=/project/prime/usr/lib/x86_64-linux-gnu/libwayland-client.so.0
:: + '[' '!' -e /project/prime/usr/lib/x86_64-linux-gnu/libwayland-client.so.0 ']'
:: + rm -f /project/prime/usr/lib/x86_64-linux-gnu/libwayland-client.so.0
:: + IFS=
:: + read -r runtime_path
:: + case "$runtime_path" in
:: + private_path=/project/prime/usr/lib/x86_64-linux-gnu/libwayland-client.so.0.22.0
:: + '[' '!' -e /project/prime/usr/lib/x86_64-linux-gnu/libwayland-client.so.0.22.0 ']'
:: + rm -f /project/prime/usr/lib/x86_64-linux-gnu/libwayland-client.so.0.22.0
:: + IFS=
:: + read -r runtime_path
:: + case "$runtime_path" in
:: + private_path=/project/prime/usr/lib/x86_64-linux-gnu/libwayland-cursor.so.0
:: + '[' '!' -e /project/prime/usr/lib/x86_64-linux-gnu/libwayland-cursor.so.0 ']'
:: + rm -f /project/prime/usr/lib/x86_64-linux-gnu/libwayland-cursor.so.0
:: + IFS=
:: + read -r runtime_path
:: + case "$runtime_path" in
:: + private_path=/project/prime/usr/lib/x86_64-linux-gnu/libwayland-cursor.so.0.22.0
:: + '[' '!' -e /project/prime/usr/lib/x86_64-linux-gnu/libwayland-cursor.so.0.22.0 ']'
:: + rm -f /project/prime/usr/lib/x86_64-linux-gnu/libwayland-cursor.so.0.22.0
:: + IFS=
:: + read -r runtime_path
:: + case "$runtime_path" in
:: + private_path=/project/prime/usr/lib/x86_64-linux-gnu/libwayland-egl.so.1
:: + '[' '!' -e /project/prime/usr/lib/x86_64-linux-gnu/libwayland-egl.so.1 ']'
:: + rm -f /project/prime/usr/lib/x86_64-linux-gnu/libwayland-egl.so.1
:: + IFS=
:: + read -r runtime_path
:: + case "$runtime_path" in
:: + private_path=/project/prime/usr/lib/x86_64-linux-gnu/libwayland-egl.so.1.22.0
:: + '[' '!' -e /project/prime/usr/lib/x86_64-linux-gnu/libwayland-egl.so.1.22.0 ']'
:: + rm -f /project/prime/usr/lib/x86_64-linux-gnu/libwayland-egl.so.1.22.0
:: + IFS=
:: + read -r runtime_path
:: + case "$runtime_path" in
:: + private_path=/project/prime/usr/lib/x86_64-linux-gnu/libxcb-shm.so.0
:: + '[' '!' -e /project/prime/usr/lib/x86_64-linux-gnu/libxcb-shm.so.0 ']'
:: + rm -f /project/prime/usr/lib/x86_64-linux-gnu/libxcb-shm.so.0
:: + IFS=
:: + read -r runtime_path
:: + case "$runtime_path" in
:: + private_path=/project/prime/usr/lib/x86_64-linux-gnu/libxcb-shm.so.0.0.0
:: + '[' '!' -e /project/prime/usr/lib/x86_64-linux-gnu/libxcb-shm.so.0.0.0 ']'
:: + rm -f /project/prime/usr/lib/x86_64-linux-gnu/libxcb-shm.so.0.0.0
:: + IFS=
:: + read -r runtime_path
:: + case "$runtime_path" in
:: + private_path=/project/prime/usr/lib/x86_64-linux-gnu/libxcb.so.1
:: + '[' '!' -e /project/prime/usr/lib/x86_64-linux-gnu/libxcb.so.1 ']'
:: + rm -f /project/prime/usr/lib/x86_64-linux-gnu/libxcb.so.1
:: + IFS=
:: + read -r runtime_path
:: + case "$runtime_path" in
:: + private_path=/project/prime/usr/lib/x86_64-linux-gnu/libxcb.so.1.1.0
:: + '[' '!' -e /project/prime/usr/lib/x86_64-linux-gnu/libxcb.so.1.1.0 ']'
:: + rm -f /project/prime/usr/lib/x86_64-linux-gnu/libxcb.so.1.1.0
:: + IFS=
:: + read -r runtime_path
:: + case "$runtime_path" in
:: + private_path=/project/prime/usr/share/gstreamer-1.0/presets/GstIirEqualizer10Bands.prs
:: + '[' '!' -e /project/prime/usr/share/gstreamer-1.0/presets/GstIirEqualizer10Bands.prs ']'
:: + rm -f /project/prime/usr/share/gstreamer-1.0/presets/GstIirEqualizer10Bands.prs
:: + IFS=
:: + read -r runtime_path
:: + case "$runtime_path" in
:: + private_path=/project/prime/usr/share/gstreamer-1.0/presets/GstIirEqualizer3Bands.prs
:: + '[' '!' -e /project/prime/usr/share/gstreamer-1.0/presets/GstIirEqualizer3Bands.prs ']'
:: + rm -f /project/prime/usr/share/gstreamer-1.0/presets/GstIirEqualizer3Bands.prs
:: + IFS=
:: + read -r runtime_path
:: + case "$runtime_path" in
:: + private_path=/project/prime/usr/share/gstreamer-1.0/presets/GstQTMux.prs
:: + '[' '!' -e /project/prime/usr/share/gstreamer-1.0/presets/GstQTMux.prs ']'
:: + rm -f /project/prime/usr/share/gstreamer-1.0/presets/GstQTMux.prs
:: + IFS=
:: + read -r runtime_path
:: + case "$runtime_path" in
:: + private_path=/project/prime/usr/share/gstreamer-1.0/presets/GstVP8Enc.prs
:: + '[' '!' -e /project/prime/usr/share/gstreamer-1.0/presets/GstVP8Enc.prs ']'
:: + rm -f /project/prime/usr/share/gstreamer-1.0/presets/GstVP8Enc.prs
:: + IFS=
:: + read -r runtime_path
:: + patchelf --set-rpath '$ORIGIN/lapack:$ORIGIN/blas:$ORIGIN:/snap/core24/current/lib/x86_64-linux-gnu' /project/prime/usr/lib/x86_64-linux-gnu/libsphinxbase.so.3.0.0
:: + rm -f /project/prime/usr/lib/x86_64-linux-gnu/caca/libgl_plugin.so /project/prime/usr/lib/x86_64-linux-gnu/caca/libgl_plugin.so.0 /project/prime/usr/lib/x86_64-linux-gnu/caca/libgl_plugin.so.0.0.0
:: + rm -f /project/prime/usr/lib/x86_64-linux-gnu/librsvg-2.so.2 /project/prime/usr/lib/x86_64-linux-gnu/librsvg-2.so.2.50.0
:: + for bundled_font in "/project/prime/share/busymark/fonts"/Noto*.ttf
:: + staged_font=/project/prime/usr/share/fonts/truetype/noto/NotoKufiArabic-Bold.ttf
:: + test -f /project/prime/usr/share/fonts/truetype/noto/NotoKufiArabic-Bold.ttf
:: + cmp -s /project/prime/share/busymark/fonts/NotoKufiArabic-Bold.ttf /project/prime/usr/share/fonts/truetype/noto/NotoKufiArabic-Bold.ttf
:: + for bundled_font in "/project/prime/share/busymark/fonts"/Noto*.ttf
:: + staged_font=/project/prime/usr/share/fonts/truetype/noto/NotoKufiArabic-Regular.ttf
:: + test -f /project/prime/usr/share/fonts/truetype/noto/NotoKufiArabic-Regular.ttf
:: + cmp -s /project/prime/share/busymark/fonts/NotoKufiArabic-Regular.ttf /project/prime/usr/share/fonts/truetype/noto/NotoKufiArabic-Regular.ttf
:: + for bundled_font in "/project/prime/share/busymark/fonts"/Noto*.ttf
:: + staged_font=/project/prime/usr/share/fonts/truetype/noto/NotoLoopedLao-Bold.ttf
:: + test -f /project/prime/usr/share/fonts/truetype/noto/NotoLoopedLao-Bold.ttf
:: + cmp -s /project/prime/share/busymark/fonts/NotoLoopedLao-Bold.ttf /project/prime/usr/share/fonts/truetype/noto/NotoLoopedLao-Bold.ttf
:: + for bundled_font in "/project/prime/share/busymark/fonts"/Noto*.ttf
:: + staged_font=/project/prime/usr/share/fonts/truetype/noto/NotoLoopedLao-Regular.ttf
:: + test -f /project/prime/usr/share/fonts/truetype/noto/NotoLoopedLao-Regular.ttf
:: + cmp -s /project/prime/share/busymark/fonts/NotoLoopedLao-Regular.ttf /project/prime/usr/share/fonts/truetype/noto/NotoLoopedLao-Regular.ttf
:: + for bundled_font in "/project/prime/share/busymark/fonts"/Noto*.ttf
:: + staged_font=/project/prime/usr/share/fonts/truetype/noto/NotoLoopedThai-Bold.ttf
:: + test -f /project/prime/usr/share/fonts/truetype/noto/NotoLoopedThai-Bold.ttf
:: + cmp -s /project/prime/share/busymark/fonts/NotoLoopedThai-Bold.ttf /project/prime/usr/share/fonts/truetype/noto/NotoLoopedThai-Bold.ttf
:: + for bundled_font in "/project/prime/share/busymark/fonts"/Noto*.ttf
:: + staged_font=/project/prime/usr/share/fonts/truetype/noto/NotoLoopedThai-Regular.ttf
:: + test -f /project/prime/usr/share/fonts/truetype/noto/NotoLoopedThai-Regular.ttf
:: + cmp -s /project/prime/share/busymark/fonts/NotoLoopedThai-Regular.ttf /project/prime/usr/share/fonts/truetype/noto/NotoLoopedThai-Regular.ttf
:: + for bundled_font in "/project/prime/share/busymark/fonts"/Noto*.ttf
:: + staged_font=/project/prime/usr/share/fonts/truetype/noto/NotoMono-Regular.ttf
:: + test -f /project/prime/usr/share/fonts/truetype/noto/NotoMono-Regular.ttf
:: + cmp -s /project/prime/share/busymark/fonts/NotoMono-Regular.ttf /project/prime/usr/share/fonts/truetype/noto/NotoMono-Regular.ttf
:: + for bundled_font in "/project/prime/share/busymark/fonts"/Noto*.ttf
:: + staged_font=/project/prime/usr/share/fonts/truetype/noto/NotoMusic-Regular.ttf
:: + test -f /project/prime/usr/share/fonts/truetype/noto/NotoMusic-Regular.ttf
:: + cmp -s /project/prime/share/busymark/fonts/NotoMusic-Regular.ttf /project/prime/usr/share/fonts/truetype/noto/NotoMusic-Regular.ttf
:: + for bundled_font in "/project/prime/share/busymark/fonts"/Noto*.ttf
:: + staged_font=/project/prime/usr/share/fonts/truetype/noto/NotoNaskhArabic-Bold.ttf
:: + test -f /project/prime/usr/share/fonts/truetype/noto/NotoNaskhArabic-Bold.ttf
:: + cmp -s /project/prime/share/busymark/fonts/NotoNaskhArabic-Bold.ttf /project/prime/usr/share/fonts/truetype/noto/NotoNaskhArabic-Bold.ttf
:: + for bundled_font in "/project/prime/share/busymark/fonts"/Noto*.ttf
:: + staged_font=/project/prime/usr/share/fonts/truetype/noto/NotoNaskhArabic-Regular.ttf
:: + test -f /project/prime/usr/share/fonts/truetype/noto/NotoNaskhArabic-Regular.ttf
:: + cmp -s /project/prime/share/busymark/fonts/NotoNaskhArabic-Regular.ttf /project/prime/usr/share/fonts/truetype/noto/NotoNaskhArabic-Regular.ttf
:: + for bundled_font in "/project/prime/share/busymark/fonts"/Noto*.ttf
:: + staged_font=/project/prime/usr/share/fonts/truetype/noto/NotoNastaliqUrdu-Bold.ttf
:: + test -f /project/prime/usr/share/fonts/truetype/noto/NotoNastaliqUrdu-Bold.ttf
:: + cmp -s /project/prime/share/busymark/fonts/NotoNastaliqUrdu-Bold.ttf /project/prime/usr/share/fonts/truetype/noto/NotoNastaliqUrdu-Bold.ttf
:: + for bundled_font in "/project/prime/share/busymark/fonts"/Noto*.ttf
:: + staged_font=/project/prime/usr/share/fonts/truetype/noto/NotoNastaliqUrdu-Regular.ttf
:: + test -f /project/prime/usr/share/fonts/truetype/noto/NotoNastaliqUrdu-Regular.ttf
:: + cmp -s /project/prime/share/busymark/fonts/NotoNastaliqUrdu-Regular.ttf /project/prime/usr/share/fonts/truetype/noto/NotoNastaliqUrdu-Regular.ttf
:: + for bundled_font in "/project/prime/share/busymark/fonts"/Noto*.ttf
:: + staged_font=/project/prime/usr/share/fonts/truetype/noto/NotoRashiHebrew-Bold.ttf
:: + test -f /project/prime/usr/share/fonts/truetype/noto/NotoRashiHebrew-Bold.ttf
:: + cmp -s /project/prime/share/busymark/fonts/NotoRashiHebrew-Bold.ttf /project/prime/usr/share/fonts/truetype/noto/NotoRashiHebrew-Bold.ttf
:: + for bundled_font in "/project/prime/share/busymark/fonts"/Noto*.ttf
:: + staged_font=/project/prime/usr/share/fonts/truetype/noto/NotoRashiHebrew-Regular.ttf
:: + test -f /project/prime/usr/share/fonts/truetype/noto/NotoRashiHebrew-Regular.ttf
:: + cmp -s /project/prime/share/busymark/fonts/NotoRashiHebrew-Regular.ttf /project/prime/usr/share/fonts/truetype/noto/NotoRashiHebrew-Regular.ttf
:: + for bundled_font in "/project/prime/share/busymark/fonts"/Noto*.ttf
:: + staged_font=/project/prime/usr/share/fonts/truetype/noto/NotoSans-Bold.ttf
:: + test -f /project/prime/usr/share/fonts/truetype/noto/NotoSans-Bold.ttf
:: + cmp -s /project/prime/share/busymark/fonts/NotoSans-Bold.ttf /project/prime/usr/share/fonts/truetype/noto/NotoSans-Bold.ttf
:: + for bundled_font in "/project/prime/share/busymark/fonts"/Noto*.ttf
:: + staged_font=/project/prime/usr/share/fonts/truetype/noto/NotoSans-BoldItalic.ttf
:: + test -f /project/prime/usr/share/fonts/truetype/noto/NotoSans-BoldItalic.ttf
:: + cmp -s /project/prime/share/busymark/fonts/NotoSans-BoldItalic.ttf /project/prime/usr/share/fonts/truetype/noto/NotoSans-BoldItalic.ttf
:: + for bundled_font in "/project/prime/share/busymark/fonts"/Noto*.ttf
:: + staged_font=/project/prime/usr/share/fonts/truetype/noto/NotoSans-Italic.ttf
:: + test -f /project/prime/usr/share/fonts/truetype/noto/NotoSans-Italic.ttf
:: + cmp -s /project/prime/share/busymark/fonts/NotoSans-Italic.ttf /project/prime/usr/share/fonts/truetype/noto/NotoSans-Italic.ttf
:: + for bundled_font in "/project/prime/share/busymark/fonts"/Noto*.ttf
:: + staged_font=/project/prime/usr/share/fonts/truetype/noto/NotoSans-Regular.ttf
:: + test -f /project/prime/usr/share/fonts/truetype/noto/NotoSans-Regular.ttf
:: + cmp -s /project/prime/share/busymark/fonts/NotoSans-Regular.ttf /project/prime/usr/share/fonts/truetype/noto/NotoSans-Regular.ttf
:: + for bundled_font in "/project/prime/share/busymark/fonts"/Noto*.ttf
:: + staged_font=/project/prime/usr/share/fonts/truetype/noto/NotoSansAdlam-Bold.ttf
:: + test -f /project/prime/usr/share/fonts/truetype/noto/NotoSansAdlam-Bold.ttf
:: + cmp -s /project/prime/share/busymark/fonts/NotoSansAdlam-Bold.ttf /project/prime/usr/share/fonts/truetype/noto/NotoSansAdlam-Bold.ttf
:: + for bundled_font in "/project/prime/share/busymark/fonts"/Noto*.ttf
:: + staged_font=/project/prime/usr/share/fonts/truetype/noto/NotoSansAdlam-Regular.ttf
:: + test -f /project/prime/usr/share/fonts/truetype/noto/NotoSansAdlam-Regular.ttf
:: + cmp -s /project/prime/share/busymark/fonts/NotoSansAdlam-Regular.ttf /project/prime/usr/share/fonts/truetype/noto/NotoSansAdlam-Regular.ttf
:: + for bundled_font in "/project/prime/share/busymark/fonts"/Noto*.ttf
:: + staged_font=/project/prime/usr/share/fonts/truetype/noto/NotoSansAdlamUnjoined-Bold.ttf
:: + test -f /project/prime/usr/share/fonts/truetype/noto/NotoSansAdlamUnjoined-Bold.ttf
:: + cmp -s /project/prime/share/busymark/fonts/NotoSansAdlamUnjoined-Bold.ttf /project/prime/usr/share/fonts/truetype/noto/NotoSansAdlamUnjoined-Bold.ttf
:: + for bundled_font in "/project/prime/share/busymark/fonts"/Noto*.ttf
:: + staged_font=/project/prime/usr/share/fonts/truetype/noto/NotoSansAdlamUnjoined-Regular.ttf
:: + test -f /project/prime/usr/share/fonts/truetype/noto/NotoSansAdlamUnjoined-Regular.ttf
:: + cmp -s /project/prime/share/busymark/fonts/NotoSansAdlamUnjoined-Regular.ttf /project/prime/usr/share/fonts/truetype/noto/NotoSansAdlamUnjoined-Regular.ttf
:: + for bundled_font in "/project/prime/share/busymark/fonts"/Noto*.ttf
:: + staged_font=/project/prime/usr/share/fonts/truetype/noto/NotoSansAnatolianHieroglyphs-Regular.ttf
:: + test -f /project/prime/usr/share/fonts/truetype/noto/NotoSansAnatolianHieroglyphs-Regular.ttf
:: + cmp -s /project/prime/share/busymark/fonts/NotoSansAnatolianHieroglyphs-Regular.ttf /project/prime/usr/share/fonts/truetype/noto/NotoSansAnatolianHieroglyphs-Regular.ttf
:: + for bundled_font in "/project/prime/share/busymark/fonts"/Noto*.ttf
:: + staged_font=/project/prime/usr/share/fonts/truetype/noto/NotoSansArabic-Bold.ttf
:: + test -f /project/prime/usr/share/fonts/truetype/noto/NotoSansArabic-Bold.ttf
:: + cmp -s /project/prime/share/busymark/fonts/NotoSansArabic-Bold.ttf /project/prime/usr/share/fonts/truetype/noto/NotoSansArabic-Bold.ttf
:: + for bundled_font in "/project/prime/share/busymark/fonts"/Noto*.ttf
:: + staged_font=/project/prime/usr/share/fonts/truetype/noto/NotoSansArabic-Regular.ttf
:: + test -f /project/prime/usr/share/fonts/truetype/noto/NotoSansArabic-Regular.ttf
:: + cmp -s /project/prime/share/busymark/fonts/NotoSansArabic-Regular.ttf /project/prime/usr/share/fonts/truetype/noto/NotoSansArabic-Regular.ttf
:: + for bundled_font in "/project/prime/share/busymark/fonts"/Noto*.ttf
:: + staged_font=/project/prime/usr/share/fonts/truetype/noto/NotoSansArmenian-Bold.ttf
:: + test -f /project/prime/usr/share/fonts/truetype/noto/NotoSansArmenian-Bold.ttf
:: + cmp -s /project/prime/share/busymark/fonts/NotoSansArmenian-Bold.ttf /project/prime/usr/share/fonts/truetype/noto/NotoSansArmenian-Bold.ttf
:: + for bundled_font in "/project/prime/share/busymark/fonts"/Noto*.ttf
:: + staged_font=/project/prime/usr/share/fonts/truetype/noto/NotoSansArmenian-Regular.ttf
:: + test -f /project/prime/usr/share/fonts/truetype/noto/NotoSansArmenian-Regular.ttf
:: + cmp -s /project/prime/share/busymark/fonts/NotoSansArmenian-Regular.ttf /project/prime/usr/share/fonts/truetype/noto/NotoSansArmenian-Regular.ttf
:: + for bundled_font in "/project/prime/share/busymark/fonts"/Noto*.ttf
:: + staged_font=/project/prime/usr/share/fonts/truetype/noto/NotoSansAvestan-Regular.ttf
:: + test -f /project/prime/usr/share/fonts/truetype/noto/NotoSansAvestan-Regular.ttf
:: + cmp -s /project/prime/share/busymark/fonts/NotoSansAvestan-Regular.ttf /project/prime/usr/share/fonts/truetype/noto/NotoSansAvestan-Regular.ttf
:: + for bundled_font in "/project/prime/share/busymark/fonts"/Noto*.ttf
:: + staged_font=/project/prime/usr/share/fonts/truetype/noto/NotoSansBalinese-Bold.ttf
:: + test -f /project/prime/usr/share/fonts/truetype/noto/NotoSansBalinese-Bold.ttf
:: + cmp -s /project/prime/share/busymark/fonts/NotoSansBalinese-Bold.ttf /project/prime/usr/share/fonts/truetype/noto/NotoSansBalinese-Bold.ttf
:: + for bundled_font in "/project/prime/share/busymark/fonts"/Noto*.ttf
:: + staged_font=/project/prime/usr/share/fonts/truetype/noto/NotoSansBalinese-Regular.ttf
:: + test -f /project/prime/usr/share/fonts/truetype/noto/NotoSansBalinese-Regular.ttf
:: + cmp -s /project/prime/share/busymark/fonts/NotoSansBalinese-Regular.ttf /project/prime/usr/share/fonts/truetype/noto/NotoSansBalinese-Regular.ttf
:: + for bundled_font in "/project/prime/share/busymark/fonts"/Noto*.ttf
:: + staged_font=/project/prime/usr/share/fonts/truetype/noto/NotoSansBamum-Bold.ttf
:: + test -f /project/prime/usr/share/fonts/truetype/noto/NotoSansBamum-Bold.ttf
:: + cmp -s /project/prime/share/busymark/fonts/NotoSansBamum-Bold.ttf /project/prime/usr/share/fonts/truetype/noto/NotoSansBamum-Bold.ttf
:: + for bundled_font in "/project/prime/share/busymark/fonts"/Noto*.ttf
:: + staged_font=/project/prime/usr/share/fonts/truetype/noto/NotoSansBamum-Regular.ttf
:: + test -f /project/prime/usr/share/fonts/truetype/noto/NotoSansBamum-Regular.ttf
:: + cmp -s /project/prime/share/busymark/fonts/NotoSansBamum-Regular.ttf /project/prime/usr/share/fonts/truetype/noto/NotoSansBamum-Regular.ttf
:: + for bundled_font in "/project/prime/share/busymark/fonts"/Noto*.ttf
:: + staged_font=/project/prime/usr/share/fonts/truetype/noto/NotoSansBassaVah-Regular.ttf
:: + test -f /project/prime/usr/share/fonts/truetype/noto/NotoSansBassaVah-Regular.ttf
:: + cmp -s /project/prime/share/busymark/fonts/NotoSansBassaVah-Regular.ttf /project/prime/usr/share/fonts/truetype/noto/NotoSansBassaVah-Regular.ttf
:: + for bundled_font in "/project/prime/share/busymark/fonts"/Noto*.ttf
:: + staged_font=/project/prime/usr/share/fonts/truetype/noto/NotoSansBatak-Regular.ttf
:: + test -f /project/prime/usr/share/fonts/truetype/noto/NotoSansBatak-Regular.ttf
:: + cmp -s /project/prime/share/busymark/fonts/NotoSansBatak-Regular.ttf /project/prime/usr/share/fonts/truetype/noto/NotoSansBatak-Regular.ttf
:: + for bundled_font in "/project/prime/share/busymark/fonts"/Noto*.ttf
:: + staged_font=/project/prime/usr/share/fonts/truetype/noto/NotoSansBengali-Bold.ttf
:: + test -f /project/prime/usr/share/fonts/truetype/noto/NotoSansBengali-Bold.ttf
:: + cmp -s /project/prime/share/busymark/fonts/NotoSansBengali-Bold.ttf /project/prime/usr/share/fonts/truetype/noto/NotoSansBengali-Bold.ttf
:: + for bundled_font in "/project/prime/share/busymark/fonts"/Noto*.ttf
:: + staged_font=/project/prime/usr/share/fonts/truetype/noto/NotoSansBengali-Regular.ttf
:: + test -f /project/prime/usr/share/fonts/truetype/noto/NotoSansBengali-Regular.ttf
:: + cmp -s /project/prime/share/busymark/fonts/NotoSansBengali-Regular.ttf /project/prime/usr/share/fonts/truetype/noto/NotoSansBengali-Regular.ttf
:: + for bundled_font in "/project/prime/share/busymark/fonts"/Noto*.ttf
:: + staged_font=/project/prime/usr/share/fonts/truetype/noto/NotoSansBhaiksuki-Regular.ttf
:: + test -f /project/prime/usr/share/fonts/truetype/noto/NotoSansBhaiksuki-Regular.ttf
:: + cmp -s /project/prime/share/busymark/fonts/NotoSansBhaiksuki-Regular.ttf /project/prime/usr/share/fonts/truetype/noto/NotoSansBhaiksuki-Regular.ttf
:: + for bundled_font in "/project/prime/share/busymark/fonts"/Noto*.ttf
:: + staged_font=/project/prime/usr/share/fonts/truetype/noto/NotoSansBrahmi-Regular.ttf
:: + test -f /project/prime/usr/share/fonts/truetype/noto/NotoSansBrahmi-Regular.ttf
:: + cmp -s /project/prime/share/busymark/fonts/NotoSansBrahmi-Regular.ttf /project/prime/usr/share/fonts/truetype/noto/NotoSansBrahmi-Regular.ttf
:: + for bundled_font in "/project/prime/share/busymark/fonts"/Noto*.ttf
:: + staged_font=/project/prime/usr/share/fonts/truetype/noto/NotoSansBuginese-Regular.ttf
:: + test -f /project/prime/usr/share/fonts/truetype/noto/NotoSansBuginese-Regular.ttf
:: + cmp -s /project/prime/share/busymark/fonts/NotoSansBuginese-Regular.ttf /project/prime/usr/share/fonts/truetype/noto/NotoSansBuginese-Regular.ttf
:: + for bundled_font in "/project/prime/share/busymark/fonts"/Noto*.ttf
:: + staged_font=/project/prime/usr/share/fonts/truetype/noto/NotoSansBuhid-Regular.ttf
:: + test -f /project/prime/usr/share/fonts/truetype/noto/NotoSansBuhid-Regular.ttf
:: + cmp -s /project/prime/share/busymark/fonts/NotoSansBuhid-Regular.ttf /project/prime/usr/share/fonts/truetype/noto/NotoSansBuhid-Regular.ttf
:: + for bundled_font in "/project/prime/share/busymark/fonts"/Noto*.ttf
:: + staged_font=/project/prime/usr/share/fonts/truetype/noto/NotoSansCanadianAboriginal-Bold.ttf
:: + test -f /project/prime/usr/share/fonts/truetype/noto/NotoSansCanadianAboriginal-Bold.ttf
:: + cmp -s /project/prime/share/busymark/fonts/NotoSansCanadianAboriginal-Bold.ttf /project/prime/usr/share/fonts/truetype/noto/NotoSansCanadianAboriginal-Bold.ttf
:: + for bundled_font in "/project/prime/share/busymark/fonts"/Noto*.ttf
:: + staged_font=/project/prime/usr/share/fonts/truetype/noto/NotoSansCanadianAboriginal-Regular.ttf
:: + test -f /project/prime/usr/share/fonts/truetype/noto/NotoSansCanadianAboriginal-Regular.ttf
:: + cmp -s /project/prime/share/busymark/fonts/NotoSansCanadianAboriginal-Regular.ttf /project/prime/usr/share/fonts/truetype/noto/NotoSansCanadianAboriginal-Regular.ttf
:: + for bundled_font in "/project/prime/share/busymark/fonts"/Noto*.ttf
:: + staged_font=/project/prime/usr/share/fonts/truetype/noto/NotoSansCarian-Regular.ttf
:: + test -f /project/prime/usr/share/fonts/truetype/noto/NotoSansCarian-Regular.ttf
:: + cmp -s /project/prime/share/busymark/fonts/NotoSansCarian-Regular.ttf /project/prime/usr/share/fonts/truetype/noto/NotoSansCarian-Regular.ttf
:: + for bundled_font in "/project/prime/share/busymark/fonts"/Noto*.ttf
:: + staged_font=/project/prime/usr/share/fonts/truetype/noto/NotoSansCaucasianAlbanian-Regular.ttf
:: + test -f /project/prime/usr/share/fonts/truetype/noto/NotoSansCaucasianAlbanian-Regular.ttf
:: + cmp -s /project/prime/share/busymark/fonts/NotoSansCaucasianAlbanian-Regular.ttf /project/prime/usr/share/fonts/truetype/noto/NotoSansCaucasianAlbanian-Regular.ttf
:: + for bundled_font in "/project/prime/share/busymark/fonts"/Noto*.ttf
:: + staged_font=/project/prime/usr/share/fonts/truetype/noto/NotoSansChakma-Regular.ttf
:: + test -f /project/prime/usr/share/fonts/truetype/noto/NotoSansChakma-Regular.ttf
:: + cmp -s /project/prime/share/busymark/fonts/NotoSansChakma-Regular.ttf /project/prime/usr/share/fonts/truetype/noto/NotoSansChakma-Regular.ttf
:: + for bundled_font in "/project/prime/share/busymark/fonts"/Noto*.ttf
:: + staged_font=/project/prime/usr/share/fonts/truetype/noto/NotoSansCham-Bold.ttf
:: + test -f /project/prime/usr/share/fonts/truetype/noto/NotoSansCham-Bold.ttf
:: + cmp -s /project/prime/share/busymark/fonts/NotoSansCham-Bold.ttf /project/prime/usr/share/fonts/truetype/noto/NotoSansCham-Bold.ttf
:: + for bundled_font in "/project/prime/share/busymark/fonts"/Noto*.ttf
:: + staged_font=/project/prime/usr/share/fonts/truetype/noto/NotoSansCham-Regular.ttf
:: + test -f /project/prime/usr/share/fonts/truetype/noto/NotoSansCham-Regular.ttf
:: + cmp -s /project/prime/share/busymark/fonts/NotoSansCham-Regular.ttf /project/prime/usr/share/fonts/truetype/noto/NotoSansCham-Regular.ttf
:: + for bundled_font in "/project/prime/share/busymark/fonts"/Noto*.ttf
:: + staged_font=/project/prime/usr/share/fonts/truetype/noto/NotoSansCherokee-Bold.ttf
:: + test -f /project/prime/usr/share/fonts/truetype/noto/NotoSansCherokee-Bold.ttf
:: + cmp -s /project/prime/share/busymark/fonts/NotoSansCherokee-Bold.ttf /project/prime/usr/share/fonts/truetype/noto/NotoSansCherokee-Bold.ttf
:: + for bundled_font in "/project/prime/share/busymark/fonts"/Noto*.ttf
:: + staged_font=/project/prime/usr/share/fonts/truetype/noto/NotoSansCherokee-Regular.ttf
:: + test -f /project/prime/usr/share/fonts/truetype/noto/NotoSansCherokee-Regular.ttf
:: + cmp -s /project/prime/share/busymark/fonts/NotoSansCherokee-Regular.ttf /project/prime/usr/share/fonts/truetype/noto/NotoSansCherokee-Regular.ttf
:: + for bundled_font in "/project/prime/share/busymark/fonts"/Noto*.ttf
:: + staged_font=/project/prime/usr/share/fonts/truetype/noto/NotoSansCoptic-Regular.ttf
:: + test -f /project/prime/usr/share/fonts/truetype/noto/NotoSansCoptic-Regular.ttf
:: + cmp -s /project/prime/share/busymark/fonts/NotoSansCoptic-Regular.ttf /project/prime/usr/share/fonts/truetype/noto/NotoSansCoptic-Regular.ttf
:: + for bundled_font in "/project/prime/share/busymark/fonts"/Noto*.ttf
:: + staged_font=/project/prime/usr/share/fonts/truetype/noto/NotoSansCuneiform-Regular.ttf
:: + test -f /project/prime/usr/share/fonts/truetype/noto/NotoSansCuneiform-Regular.ttf
:: + cmp -s /project/prime/share/busymark/fonts/NotoSansCuneiform-Regular.ttf /project/prime/usr/share/fonts/truetype/noto/NotoSansCuneiform-Regular.ttf
:: + for bundled_font in "/project/prime/share/busymark/fonts"/Noto*.ttf
:: + staged_font=/project/prime/usr/share/fonts/truetype/noto/NotoSansCypriot-Regular.ttf
:: + test -f /project/prime/usr/share/fonts/truetype/noto/NotoSansCypriot-Regular.ttf
:: + cmp -s /project/prime/share/busymark/fonts/NotoSansCypriot-Regular.ttf /project/prime/usr/share/fonts/truetype/noto/NotoSansCypriot-Regular.ttf
:: + for bundled_font in "/project/prime/share/busymark/fonts"/Noto*.ttf
:: + staged_font=/project/prime/usr/share/fonts/truetype/noto/NotoSansDeseret-Regular.ttf
:: + test -f /project/prime/usr/share/fonts/truetype/noto/NotoSansDeseret-Regular.ttf
:: + cmp -s /project/prime/share/busymark/fonts/NotoSansDeseret-Regular.ttf /project/prime/usr/share/fonts/truetype/noto/NotoSansDeseret-Regular.ttf
:: + for bundled_font in "/project/prime/share/busymark/fonts"/Noto*.ttf
:: + staged_font=/project/prime/usr/share/fonts/truetype/noto/NotoSansDevanagari-Bold.ttf
:: + test -f /project/prime/usr/share/fonts/truetype/noto/NotoSansDevanagari-Bold.ttf
:: + cmp -s /project/prime/share/busymark/fonts/NotoSansDevanagari-Bold.ttf /project/prime/usr/share/fonts/truetype/noto/NotoSansDevanagari-Bold.ttf
:: + for bundled_font in "/project/prime/share/busymark/fonts"/Noto*.ttf
:: + staged_font=/project/prime/usr/share/fonts/truetype/noto/NotoSansDevanagari-Regular.ttf
:: + test -f /project/prime/usr/share/fonts/truetype/noto/NotoSansDevanagari-Regular.ttf
:: + cmp -s /project/prime/share/busymark/fonts/NotoSansDevanagari-Regular.ttf /project/prime/usr/share/fonts/truetype/noto/NotoSansDevanagari-Regular.ttf
:: + for bundled_font in "/project/prime/share/busymark/fonts"/Noto*.ttf
:: + staged_font=/project/prime/usr/share/fonts/truetype/noto/NotoSansDisplay-Bold.ttf
:: + test -f /project/prime/usr/share/fonts/truetype/noto/NotoSansDisplay-Bold.ttf
:: + cmp -s /project/prime/share/busymark/fonts/NotoSansDisplay-Bold.ttf /project/prime/usr/share/fonts/truetype/noto/NotoSansDisplay-Bold.ttf
:: + for bundled_font in "/project/prime/share/busymark/fonts"/Noto*.ttf
:: + staged_font=/project/prime/usr/share/fonts/truetype/noto/NotoSansDisplay-BoldItalic.ttf
:: + test -f /project/prime/usr/share/fonts/truetype/noto/NotoSansDisplay-BoldItalic.ttf
:: + cmp -s /project/prime/share/busymark/fonts/NotoSansDisplay-BoldItalic.ttf /project/prime/usr/share/fonts/truetype/noto/NotoSansDisplay-BoldItalic.ttf
:: + for bundled_font in "/project/prime/share/busymark/fonts"/Noto*.ttf
:: + staged_font=/project/prime/usr/share/fonts/truetype/noto/NotoSansDisplay-Italic.ttf
:: + test -f /project/prime/usr/share/fonts/truetype/noto/NotoSansDisplay-Italic.ttf
:: + cmp -s /project/prime/share/busymark/fonts/NotoSansDisplay-Italic.ttf /project/prime/usr/share/fonts/truetype/noto/NotoSansDisplay-Italic.ttf
:: + for bundled_font in "/project/prime/share/busymark/fonts"/Noto*.ttf
:: + staged_font=/project/prime/usr/share/fonts/truetype/noto/NotoSansDisplay-Regular.ttf
:: + test -f /project/prime/usr/share/fonts/truetype/noto/NotoSansDisplay-Regular.ttf
:: + cmp -s /project/prime/share/busymark/fonts/NotoSansDisplay-Regular.ttf /project/prime/usr/share/fonts/truetype/noto/NotoSansDisplay-Regular.ttf
:: + for bundled_font in "/project/prime/share/busymark/fonts"/Noto*.ttf
:: + staged_font=/project/prime/usr/share/fonts/truetype/noto/NotoSansDuployan-Regular.ttf
:: + test -f /project/prime/usr/share/fonts/truetype/noto/NotoSansDuployan-Regular.ttf
:: + cmp -s /project/prime/share/busymark/fonts/NotoSansDuployan-Regular.ttf /project/prime/usr/share/fonts/truetype/noto/NotoSansDuployan-Regular.ttf
:: + for bundled_font in "/project/prime/share/busymark/fonts"/Noto*.ttf
:: + staged_font=/project/prime/usr/share/fonts/truetype/noto/NotoSansEgyptianHieroglyphs-Regular.ttf
:: + test -f /project/prime/usr/share/fonts/truetype/noto/NotoSansEgyptianHieroglyphs-Regular.ttf
:: + cmp -s /project/prime/share/busymark/fonts/NotoSansEgyptianHieroglyphs-Regular.ttf /project/prime/usr/share/fonts/truetype/noto/NotoSansEgyptianHieroglyphs-Regular.ttf
:: + for bundled_font in "/project/prime/share/busymark/fonts"/Noto*.ttf
:: + staged_font=/project/prime/usr/share/fonts/truetype/noto/NotoSansElbasan-Regular.ttf
:: + test -f /project/prime/usr/share/fonts/truetype/noto/NotoSansElbasan-Regular.ttf
:: + cmp -s /project/prime/share/busymark/fonts/NotoSansElbasan-Regular.ttf /project/prime/usr/share/fonts/truetype/noto/NotoSansElbasan-Regular.ttf
:: + for bundled_font in "/project/prime/share/busymark/fonts"/Noto*.ttf
:: + staged_font=/project/prime/usr/share/fonts/truetype/noto/NotoSansElymaic-Regular.ttf
:: + test -f /project/prime/usr/share/fonts/truetype/noto/NotoSansElymaic-Regular.ttf
:: + cmp -s /project/prime/share/busymark/fonts/NotoSansElymaic-Regular.ttf /project/prime/usr/share/fonts/truetype/noto/NotoSansElymaic-Regular.ttf
:: + for bundled_font in "/project/prime/share/busymark/fonts"/Noto*.ttf
:: + staged_font=/project/prime/usr/share/fonts/truetype/noto/NotoSansEthiopic-Bold.ttf
:: + test -f /project/prime/usr/share/fonts/truetype/noto/NotoSansEthiopic-Bold.ttf
:: + cmp -s /project/prime/share/busymark/fonts/NotoSansEthiopic-Bold.ttf /project/prime/usr/share/fonts/truetype/noto/NotoSansEthiopic-Bold.ttf
:: + for bundled_font in "/project/prime/share/busymark/fonts"/Noto*.ttf
:: + staged_font=/project/prime/usr/share/fonts/truetype/noto/NotoSansEthiopic-Regular.ttf
:: + test -f /project/prime/usr/share/fonts/truetype/noto/NotoSansEthiopic-Regular.ttf
:: + cmp -s /project/prime/share/busymark/fonts/NotoSansEthiopic-Regular.ttf /project/prime/usr/share/fonts/truetype/noto/NotoSansEthiopic-Regular.ttf
:: + for bundled_font in "/project/prime/share/busymark/fonts"/Noto*.ttf
:: + staged_font=/project/prime/usr/share/fonts/truetype/noto/NotoSansGeorgian-Bold.ttf
:: + test -f /project/prime/usr/share/fonts/truetype/noto/NotoSansGeorgian-Bold.ttf
:: + cmp -s /project/prime/share/busymark/fonts/NotoSansGeorgian-Bold.ttf /project/prime/usr/share/fonts/truetype/noto/NotoSansGeorgian-Bold.ttf
:: + for bundled_font in "/project/prime/share/busymark/fonts"/Noto*.ttf
:: + staged_font=/project/prime/usr/share/fonts/truetype/noto/NotoSansGeorgian-Regular.ttf
:: + test -f /project/prime/usr/share/fonts/truetype/noto/NotoSansGeorgian-Regular.ttf
:: + cmp -s /project/prime/share/busymark/fonts/NotoSansGeorgian-Regular.ttf /project/prime/usr/share/fonts/truetype/noto/NotoSansGeorgian-Regular.ttf
:: + for bundled_font in "/project/prime/share/busymark/fonts"/Noto*.ttf
:: + staged_font=/project/prime/usr/share/fonts/truetype/noto/NotoSansGlagolitic-Regular.ttf
:: + test -f /project/prime/usr/share/fonts/truetype/noto/NotoSansGlagolitic-Regular.ttf
:: + cmp -s /project/prime/share/busymark/fonts/NotoSansGlagolitic-Regular.ttf /project/prime/usr/share/fonts/truetype/noto/NotoSansGlagolitic-Regular.ttf
:: + for bundled_font in "/project/prime/share/busymark/fonts"/Noto*.ttf
:: + staged_font=/project/prime/usr/share/fonts/truetype/noto/NotoSansGothic-Regular.ttf
:: + test -f /project/prime/usr/share/fonts/truetype/noto/NotoSansGothic-Regular.ttf
:: + cmp -s /project/prime/share/busymark/fonts/NotoSansGothic-Regular.ttf /project/prime/usr/share/fonts/truetype/noto/NotoSansGothic-Regular.ttf
:: + for bundled_font in "/project/prime/share/busymark/fonts"/Noto*.ttf
:: + staged_font=/project/prime/usr/share/fonts/truetype/noto/NotoSansGrantha-Regular.ttf
:: + test -f /project/prime/usr/share/fonts/truetype/noto/NotoSansGrantha-Regular.ttf
:: + cmp -s /project/prime/share/busymark/fonts/NotoSansGrantha-Regular.ttf /project/prime/usr/share/fonts/truetype/noto/NotoSansGrantha-Regular.ttf
:: + for bundled_font in "/project/prime/share/busymark/fonts"/Noto*.ttf
:: + staged_font=/project/prime/usr/share/fonts/truetype/noto/NotoSansGujarati-Bold.ttf
:: + test -f /project/prime/usr/share/fonts/truetype/noto/NotoSansGujarati-Bold.ttf
:: + cmp -s /project/prime/share/busymark/fonts/NotoSansGujarati-Bold.ttf /project/prime/usr/share/fonts/truetype/noto/NotoSansGujarati-Bold.ttf
:: + for bundled_font in "/project/prime/share/busymark/fonts"/Noto*.ttf
:: + staged_font=/project/prime/usr/share/fonts/truetype/noto/NotoSansGujarati-Regular.ttf
:: + test -f /project/prime/usr/share/fonts/truetype/noto/NotoSansGujarati-Regular.ttf
:: + cmp -s /project/prime/share/busymark/fonts/NotoSansGujarati-Regular.ttf /project/prime/usr/share/fonts/truetype/noto/NotoSansGujarati-Regular.ttf
:: + for bundled_font in "/project/prime/share/busymark/fonts"/Noto*.ttf
:: + staged_font=/project/prime/usr/share/fonts/truetype/noto/NotoSansGunjalaGondi-Regular.ttf
:: + test -f /project/prime/usr/share/fonts/truetype/noto/NotoSansGunjalaGondi-Regular.ttf
:: + cmp -s /project/prime/share/busymark/fonts/NotoSansGunjalaGondi-Regular.ttf /project/prime/usr/share/fonts/truetype/noto/NotoSansGunjalaGondi-Regular.ttf
:: + for bundled_font in "/project/prime/share/busymark/fonts"/Noto*.ttf
:: + staged_font=/project/prime/usr/share/fonts/truetype/noto/NotoSansGurmukhi-Bold.ttf
:: + test -f /project/prime/usr/share/fonts/truetype/noto/NotoSansGurmukhi-Bold.ttf
:: + cmp -s /project/prime/share/busymark/fonts/NotoSansGurmukhi-Bold.ttf /project/prime/usr/share/fonts/truetype/noto/NotoSansGurmukhi-Bold.ttf
:: + for bundled_font in "/project/prime/share/busymark/fonts"/Noto*.ttf
:: + staged_font=/project/prime/usr/share/fonts/truetype/noto/NotoSansGurmukhi-Regular.ttf
:: + test -f /project/prime/usr/share/fonts/truetype/noto/NotoSansGurmukhi-Regular.ttf
:: + cmp -s /project/prime/share/busymark/fonts/NotoSansGurmukhi-Regular.ttf /project/prime/usr/share/fonts/truetype/noto/NotoSansGurmukhi-Regular.ttf
:: + for bundled_font in "/project/prime/share/busymark/fonts"/Noto*.ttf
:: + staged_font=/project/prime/usr/share/fonts/truetype/noto/NotoSansHanifiRohingya-Bold.ttf
:: + test -f /project/prime/usr/share/fonts/truetype/noto/NotoSansHanifiRohingya-Bold.ttf
:: + cmp -s /project/prime/share/busymark/fonts/NotoSansHanifiRohingya-Bold.ttf /project/prime/usr/share/fonts/truetype/noto/NotoSansHanifiRohingya-Bold.ttf
:: + for bundled_font in "/project/prime/share/busymark/fonts"/Noto*.ttf
:: + staged_font=/project/prime/usr/share/fonts/truetype/noto/NotoSansHanifiRohingya-Regular.ttf
:: + test -f /project/prime/usr/share/fonts/truetype/noto/NotoSansHanifiRohingya-Regular.ttf
:: + cmp -s /project/prime/share/busymark/fonts/NotoSansHanifiRohingya-Regular.ttf /project/prime/usr/share/fonts/truetype/noto/NotoSansHanifiRohingya-Regular.ttf
:: + for bundled_font in "/project/prime/share/busymark/fonts"/Noto*.ttf
:: + staged_font=/project/prime/usr/share/fonts/truetype/noto/NotoSansHanunoo-Regular.ttf
:: + test -f /project/prime/usr/share/fonts/truetype/noto/NotoSansHanunoo-Regular.ttf
:: + cmp -s /project/prime/share/busymark/fonts/NotoSansHanunoo-Regular.ttf /project/prime/usr/share/fonts/truetype/noto/NotoSansHanunoo-Regular.ttf
:: + for bundled_font in "/project/prime/share/busymark/fonts"/Noto*.ttf
:: + staged_font=/project/prime/usr/share/fonts/truetype/noto/NotoSansHatran-Regular.ttf
:: + test -f /project/prime/usr/share/fonts/truetype/noto/NotoSansHatran-Regular.ttf
:: + cmp -s /project/prime/share/busymark/fonts/NotoSansHatran-Regular.ttf /project/prime/usr/share/fonts/truetype/noto/NotoSansHatran-Regular.ttf
:: + for bundled_font in "/project/prime/share/busymark/fonts"/Noto*.ttf
:: + staged_font=/project/prime/usr/share/fonts/truetype/noto/NotoSansHebrew-Bold.ttf
:: + test -f /project/prime/usr/share/fonts/truetype/noto/NotoSansHebrew-Bold.ttf
:: + cmp -s /project/prime/share/busymark/fonts/NotoSansHebrew-Bold.ttf /project/prime/usr/share/fonts/truetype/noto/NotoSansHebrew-Bold.ttf
:: + for bundled_font in "/project/prime/share/busymark/fonts"/Noto*.ttf
:: + staged_font=/project/prime/usr/share/fonts/truetype/noto/NotoSansHebrew-Regular.ttf
:: + test -f /project/prime/usr/share/fonts/truetype/noto/NotoSansHebrew-Regular.ttf
:: + cmp -s /project/prime/share/busymark/fonts/NotoSansHebrew-Regular.ttf /project/prime/usr/share/fonts/truetype/noto/NotoSansHebrew-Regular.ttf
:: + for bundled_font in "/project/prime/share/busymark/fonts"/Noto*.ttf
:: + staged_font=/project/prime/usr/share/fonts/truetype/noto/NotoSansImperialAramaic-Regular.ttf
:: + test -f /project/prime/usr/share/fonts/truetype/noto/NotoSansImperialAramaic-Regular.ttf
:: + cmp -s /project/prime/share/busymark/fonts/NotoSansImperialAramaic-Regular.ttf /project/prime/usr/share/fonts/truetype/noto/NotoSansImperialAramaic-Regular.ttf
:: + for bundled_font in "/project/prime/share/busymark/fonts"/Noto*.ttf
:: + staged_font=/project/prime/usr/share/fonts/truetype/noto/NotoSansIndicSiyaqNumbers-Regular.ttf
:: + test -f /project/prime/usr/share/fonts/truetype/noto/NotoSansIndicSiyaqNumbers-Regular.ttf
:: + cmp -s /project/prime/share/busymark/fonts/NotoSansIndicSiyaqNumbers-Regular.ttf /project/prime/usr/share/fonts/truetype/noto/NotoSansIndicSiyaqNumbers-Regular.ttf
:: + for bundled_font in "/project/prime/share/busymark/fonts"/Noto*.ttf
:: + staged_font=/project/prime/usr/share/fonts/truetype/noto/NotoSansInscriptionalPahlavi-Regular.ttf
:: + test -f /project/prime/usr/share/fonts/truetype/noto/NotoSansInscriptionalPahlavi-Regular.ttf
:: + cmp -s /project/prime/share/busymark/fonts/NotoSansInscriptionalPahlavi-Regular.ttf /project/prime/usr/share/fonts/truetype/noto/NotoSansInscriptionalPahlavi-Regular.ttf
:: + for bundled_font in "/project/prime/share/busymark/fonts"/Noto*.ttf
:: + staged_font=/project/prime/usr/share/fonts/truetype/noto/NotoSansInscriptionalParthian-Regular.ttf
:: + test -f /project/prime/usr/share/fonts/truetype/noto/NotoSansInscriptionalParthian-Regular.ttf
:: + cmp -s /project/prime/share/busymark/fonts/NotoSansInscriptionalParthian-Regular.ttf /project/prime/usr/share/fonts/truetype/noto/NotoSansInscriptionalParthian-Regular.ttf
:: + for bundled_font in "/project/prime/share/busymark/fonts"/Noto*.ttf
:: + staged_font=/project/prime/usr/share/fonts/truetype/noto/NotoSansJavanese-Bold.ttf
:: + test -f /project/prime/usr/share/fonts/truetype/noto/NotoSansJavanese-Bold.ttf
:: + cmp -s /project/prime/share/busymark/fonts/NotoSansJavanese-Bold.ttf /project/prime/usr/share/fonts/truetype/noto/NotoSansJavanese-Bold.ttf
:: + for bundled_font in "/project/prime/share/busymark/fonts"/Noto*.ttf
:: + staged_font=/project/prime/usr/share/fonts/truetype/noto/NotoSansJavanese-Regular.ttf
:: + test -f /project/prime/usr/share/fonts/truetype/noto/NotoSansJavanese-Regular.ttf
:: + cmp -s /project/prime/share/busymark/fonts/NotoSansJavanese-Regular.ttf /project/prime/usr/share/fonts/truetype/noto/NotoSansJavanese-Regular.ttf
:: + for bundled_font in "/project/prime/share/busymark/fonts"/Noto*.ttf
:: + staged_font=/project/prime/usr/share/fonts/truetype/noto/NotoSansKaithi-Regular.ttf
:: + test -f /project/prime/usr/share/fonts/truetype/noto/NotoSansKaithi-Regular.ttf
:: + cmp -s /project/prime/share/busymark/fonts/NotoSansKaithi-Regular.ttf /project/prime/usr/share/fonts/truetype/noto/NotoSansKaithi-Regular.ttf
:: + for bundled_font in "/project/prime/share/busymark/fonts"/Noto*.ttf
:: + staged_font=/project/prime/usr/share/fonts/truetype/noto/NotoSansKannada-Bold.ttf
:: + test -f /project/prime/usr/share/fonts/truetype/noto/NotoSansKannada-Bold.ttf
:: + cmp -s /project/prime/share/busymark/fonts/NotoSansKannada-Bold.ttf /project/prime/usr/share/fonts/truetype/noto/NotoSansKannada-Bold.ttf
:: + for bundled_font in "/project/prime/share/busymark/fonts"/Noto*.ttf
:: + staged_font=/project/prime/usr/share/fonts/truetype/noto/NotoSansKannada-Regular.ttf
:: + test -f /project/prime/usr/share/fonts/truetype/noto/NotoSansKannada-Regular.ttf
:: + cmp -s /project/prime/share/busymark/fonts/NotoSansKannada-Regular.ttf /project/prime/usr/share/fonts/truetype/noto/NotoSansKannada-Regular.ttf
:: + for bundled_font in "/project/prime/share/busymark/fonts"/Noto*.ttf
:: + staged_font=/project/prime/usr/share/fonts/truetype/noto/NotoSansKayahLi-Bold.ttf
:: + test -f /project/prime/usr/share/fonts/truetype/noto/NotoSansKayahLi-Bold.ttf
:: + cmp -s /project/prime/share/busymark/fonts/NotoSansKayahLi-Bold.ttf /project/prime/usr/share/fonts/truetype/noto/NotoSansKayahLi-Bold.ttf
:: + for bundled_font in "/project/prime/share/busymark/fonts"/Noto*.ttf
:: + staged_font=/project/prime/usr/share/fonts/truetype/noto/NotoSansKayahLi-Regular.ttf
:: + test -f /project/prime/usr/share/fonts/truetype/noto/NotoSansKayahLi-Regular.ttf
:: + cmp -s /project/prime/share/busymark/fonts/NotoSansKayahLi-Regular.ttf /project/prime/usr/share/fonts/truetype/noto/NotoSansKayahLi-Regular.ttf
:: + for bundled_font in "/project/prime/share/busymark/fonts"/Noto*.ttf
:: + staged_font=/project/prime/usr/share/fonts/truetype/noto/NotoSansKharoshthi-Regular.ttf
:: + test -f /project/prime/usr/share/fonts/truetype/noto/NotoSansKharoshthi-Regular.ttf
:: + cmp -s /project/prime/share/busymark/fonts/NotoSansKharoshthi-Regular.ttf /project/prime/usr/share/fonts/truetype/noto/NotoSansKharoshthi-Regular.ttf
:: + for bundled_font in "/project/prime/share/busymark/fonts"/Noto*.ttf
:: + staged_font=/project/prime/usr/share/fonts/truetype/noto/NotoSansKhmer-Bold.ttf
:: + test -f /project/prime/usr/share/fonts/truetype/noto/NotoSansKhmer-Bold.ttf
:: + cmp -s /project/prime/share/busymark/fonts/NotoSansKhmer-Bold.ttf /project/prime/usr/share/fonts/truetype/noto/NotoSansKhmer-Bold.ttf
:: + for bundled_font in "/project/prime/share/busymark/fonts"/Noto*.ttf
:: + staged_font=/project/prime/usr/share/fonts/truetype/noto/NotoSansKhmer-Regular.ttf
:: + test -f /project/prime/usr/share/fonts/truetype/noto/NotoSansKhmer-Regular.ttf
:: + cmp -s /project/prime/share/busymark/fonts/NotoSansKhmer-Regular.ttf /project/prime/usr/share/fonts/truetype/noto/NotoSansKhmer-Regular.ttf
:: + for bundled_font in "/project/prime/share/busymark/fonts"/Noto*.ttf
:: + staged_font=/project/prime/usr/share/fonts/truetype/noto/NotoSansKhojki-Regular.ttf
:: + test -f /project/prime/usr/share/fonts/truetype/noto/NotoSansKhojki-Regular.ttf
:: + cmp -s /project/prime/share/busymark/fonts/NotoSansKhojki-Regular.ttf /project/prime/usr/share/fonts/truetype/noto/NotoSansKhojki-Regular.ttf
:: + for bundled_font in "/project/prime/share/busymark/fonts"/Noto*.ttf
:: + staged_font=/project/prime/usr/share/fonts/truetype/noto/NotoSansKhudawadi-Regular.ttf
:: + test -f /project/prime/usr/share/fonts/truetype/noto/NotoSansKhudawadi-Regular.ttf
:: + cmp -s /project/prime/share/busymark/fonts/NotoSansKhudawadi-Regular.ttf /project/prime/usr/share/fonts/truetype/noto/NotoSansKhudawadi-Regular.ttf
:: + for bundled_font in "/project/prime/share/busymark/fonts"/Noto*.ttf
:: + staged_font=/project/prime/usr/share/fonts/truetype/noto/NotoSansLao-Bold.ttf
:: + test -f /project/prime/usr/share/fonts/truetype/noto/NotoSansLao-Bold.ttf
:: + cmp -s /project/prime/share/busymark/fonts/NotoSansLao-Bold.ttf /project/prime/usr/share/fonts/truetype/noto/NotoSansLao-Bold.ttf
:: + for bundled_font in "/project/prime/share/busymark/fonts"/Noto*.ttf
:: + staged_font=/project/prime/usr/share/fonts/truetype/noto/NotoSansLao-Regular.ttf
:: + test -f /project/prime/usr/share/fonts/truetype/noto/NotoSansLao-Regular.ttf
:: + cmp -s /project/prime/share/busymark/fonts/NotoSansLao-Regular.ttf /project/prime/usr/share/fonts/truetype/noto/NotoSansLao-Regular.ttf
:: + for bundled_font in "/project/prime/share/busymark/fonts"/Noto*.ttf
:: + staged_font=/project/prime/usr/share/fonts/truetype/noto/NotoSansLepcha-Regular.ttf
:: + test -f /project/prime/usr/share/fonts/truetype/noto/NotoSansLepcha-Regular.ttf
:: + cmp -s /project/prime/share/busymark/fonts/NotoSansLepcha-Regular.ttf /project/prime/usr/share/fonts/truetype/noto/NotoSansLepcha-Regular.ttf
:: + for bundled_font in "/project/prime/share/busymark/fonts"/Noto*.ttf
:: + staged_font=/project/prime/usr/share/fonts/truetype/noto/NotoSansLimbu-Regular.ttf
:: + test -f /project/prime/usr/share/fonts/truetype/noto/NotoSansLimbu-Regular.ttf
:: + cmp -s /project/prime/share/busymark/fonts/NotoSansLimbu-Regular.ttf /project/prime/usr/share/fonts/truetype/noto/NotoSansLimbu-Regular.ttf
:: + for bundled_font in "/project/prime/share/busymark/fonts"/Noto*.ttf
:: + staged_font=/project/prime/usr/share/fonts/truetype/noto/NotoSansLinearA-Regular.ttf
:: + test -f /project/prime/usr/share/fonts/truetype/noto/NotoSansLinearA-Regular.ttf
:: + cmp -s /project/prime/share/busymark/fonts/NotoSansLinearA-Regular.ttf /project/prime/usr/share/fonts/truetype/noto/NotoSansLinearA-Regular.ttf
:: + for bundled_font in "/project/prime/share/busymark/fonts"/Noto*.ttf
:: + staged_font=/project/prime/usr/share/fonts/truetype/noto/NotoSansLinearB-Regular.ttf
:: + test -f /project/prime/usr/share/fonts/truetype/noto/NotoSansLinearB-Regular.ttf
:: + cmp -s /project/prime/share/busymark/fonts/NotoSansLinearB-Regular.ttf /project/prime/usr/share/fonts/truetype/noto/NotoSansLinearB-Regular.ttf
:: + for bundled_font in "/project/prime/share/busymark/fonts"/Noto*.ttf
:: + staged_font=/project/prime/usr/share/fonts/truetype/noto/NotoSansLisu-Bold.ttf
:: + test -f /project/prime/usr/share/fonts/truetype/noto/NotoSansLisu-Bold.ttf
:: + cmp -s /project/prime/share/busymark/fonts/NotoSansLisu-Bold.ttf /project/prime/usr/share/fonts/truetype/noto/NotoSansLisu-Bold.ttf
:: + for bundled_font in "/project/prime/share/busymark/fonts"/Noto*.ttf
:: + staged_font=/project/prime/usr/share/fonts/truetype/noto/NotoSansLisu-Regular.ttf
:: + test -f /project/prime/usr/share/fonts/truetype/noto/NotoSansLisu-Regular.ttf
:: + cmp -s /project/prime/share/busymark/fonts/NotoSansLisu-Regular.ttf /project/prime/usr/share/fonts/truetype/noto/NotoSansLisu-Regular.ttf
:: + for bundled_font in "/project/prime/share/busymark/fonts"/Noto*.ttf
:: + staged_font=/project/prime/usr/share/fonts/truetype/noto/NotoSansLycian-Regular.ttf
:: + test -f /project/prime/usr/share/fonts/truetype/noto/NotoSansLycian-Regular.ttf
:: + cmp -s /project/prime/share/busymark/fonts/NotoSansLycian-Regular.ttf /project/prime/usr/share/fonts/truetype/noto/NotoSansLycian-Regular.ttf
:: + for bundled_font in "/project/prime/share/busymark/fonts"/Noto*.ttf
:: + staged_font=/project/prime/usr/share/fonts/truetype/noto/NotoSansLydian-Regular.ttf
:: + test -f /project/prime/usr/share/fonts/truetype/noto/NotoSansLydian-Regular.ttf
:: + cmp -s /project/prime/share/busymark/fonts/NotoSansLydian-Regular.ttf /project/prime/usr/share/fonts/truetype/noto/NotoSansLydian-Regular.ttf
:: + for bundled_font in "/project/prime/share/busymark/fonts"/Noto*.ttf
:: + staged_font=/project/prime/usr/share/fonts/truetype/noto/NotoSansMahajani-Regular.ttf
:: + test -f /project/prime/usr/share/fonts/truetype/noto/NotoSansMahajani-Regular.ttf
:: + cmp -s /project/prime/share/busymark/fonts/NotoSansMahajani-Regular.ttf /project/prime/usr/share/fonts/truetype/noto/NotoSansMahajani-Regular.ttf
:: + for bundled_font in "/project/prime/share/busymark/fonts"/Noto*.ttf
:: + staged_font=/project/prime/usr/share/fonts/truetype/noto/NotoSansMalayalam-Bold.ttf
:: + test -f /project/prime/usr/share/fonts/truetype/noto/NotoSansMalayalam-Bold.ttf
:: + cmp -s /project/prime/share/busymark/fonts/NotoSansMalayalam-Bold.ttf /project/prime/usr/share/fonts/truetype/noto/NotoSansMalayalam-Bold.ttf
:: + for bundled_font in "/project/prime/share/busymark/fonts"/Noto*.ttf
:: + staged_font=/project/prime/usr/share/fonts/truetype/noto/NotoSansMalayalam-Regular.ttf
:: + test -f /project/prime/usr/share/fonts/truetype/noto/NotoSansMalayalam-Regular.ttf
:: + cmp -s /project/prime/share/busymark/fonts/NotoSansMalayalam-Regular.ttf /project/prime/usr/share/fonts/truetype/noto/NotoSansMalayalam-Regular.ttf
:: + for bundled_font in "/project/prime/share/busymark/fonts"/Noto*.ttf
:: + staged_font=/project/prime/usr/share/fonts/truetype/noto/NotoSansMandaic-Regular.ttf
:: + test -f /project/prime/usr/share/fonts/truetype/noto/NotoSansMandaic-Regular.ttf
:: + cmp -s /project/prime/share/busymark/fonts/NotoSansMandaic-Regular.ttf /project/prime/usr/share/fonts/truetype/noto/NotoSansMandaic-Regular.ttf
:: + for bundled_font in "/project/prime/share/busymark/fonts"/Noto*.ttf
:: + staged_font=/project/prime/usr/share/fonts/truetype/noto/NotoSansManichaean-Regular.ttf
:: + test -f /project/prime/usr/share/fonts/truetype/noto/NotoSansManichaean-Regular.ttf
:: + cmp -s /project/prime/share/busymark/fonts/NotoSansManichaean-Regular.ttf /project/prime/usr/share/fonts/truetype/noto/NotoSansManichaean-Regular.ttf
:: + for bundled_font in "/project/prime/share/busymark/fonts"/Noto*.ttf
:: + staged_font=/project/prime/usr/share/fonts/truetype/noto/NotoSansMarchen-Regular.ttf
:: + test -f /project/prime/usr/share/fonts/truetype/noto/NotoSansMarchen-Regular.ttf
:: + cmp -s /project/prime/share/busymark/fonts/NotoSansMarchen-Regular.ttf /project/prime/usr/share/fonts/truetype/noto/NotoSansMarchen-Regular.ttf
:: + for bundled_font in "/project/prime/share/busymark/fonts"/Noto*.ttf
:: + staged_font=/project/prime/usr/share/fonts/truetype/noto/NotoSansMasaramGondi-Regular.ttf
:: + test -f /project/prime/usr/share/fonts/truetype/noto/NotoSansMasaramGondi-Regular.ttf
:: + cmp -s /project/prime/share/busymark/fonts/NotoSansMasaramGondi-Regular.ttf /project/prime/usr/share/fonts/truetype/noto/NotoSansMasaramGondi-Regular.ttf
:: + for bundled_font in "/project/prime/share/busymark/fonts"/Noto*.ttf
:: + staged_font=/project/prime/usr/share/fonts/truetype/noto/NotoSansMath-Regular.ttf
:: + test -f /project/prime/usr/share/fonts/truetype/noto/NotoSansMath-Regular.ttf
:: + cmp -s /project/prime/share/busymark/fonts/NotoSansMath-Regular.ttf /project/prime/usr/share/fonts/truetype/noto/NotoSansMath-Regular.ttf
:: + for bundled_font in "/project/prime/share/busymark/fonts"/Noto*.ttf
:: + staged_font=/project/prime/usr/share/fonts/truetype/noto/NotoSansMayanNumerals-Regular.ttf
:: + test -f /project/prime/usr/share/fonts/truetype/noto/NotoSansMayanNumerals-Regular.ttf
:: + cmp -s /project/prime/share/busymark/fonts/NotoSansMayanNumerals-Regular.ttf /project/prime/usr/share/fonts/truetype/noto/NotoSansMayanNumerals-Regular.ttf
:: + for bundled_font in "/project/prime/share/busymark/fonts"/Noto*.ttf
:: + staged_font=/project/prime/usr/share/fonts/truetype/noto/NotoSansMedefaidrin-Bold.ttf
:: + test -f /project/prime/usr/share/fonts/truetype/noto/NotoSansMedefaidrin-Bold.ttf
:: + cmp -s /project/prime/share/busymark/fonts/NotoSansMedefaidrin-Bold.ttf /project/prime/usr/share/fonts/truetype/noto/NotoSansMedefaidrin-Bold.ttf
:: + for bundled_font in "/project/prime/share/busymark/fonts"/Noto*.ttf
:: + staged_font=/project/prime/usr/share/fonts/truetype/noto/NotoSansMedefaidrin-Regular.ttf
:: + test -f /project/prime/usr/share/fonts/truetype/noto/NotoSansMedefaidrin-Regular.ttf
:: + cmp -s /project/prime/share/busymark/fonts/NotoSansMedefaidrin-Regular.ttf /project/prime/usr/share/fonts/truetype/noto/NotoSansMedefaidrin-Regular.ttf
:: + for bundled_font in "/project/prime/share/busymark/fonts"/Noto*.ttf
:: + staged_font=/project/prime/usr/share/fonts/truetype/noto/NotoSansMeeteiMayek-Bold.ttf
:: + test -f /project/prime/usr/share/fonts/truetype/noto/NotoSansMeeteiMayek-Bold.ttf
:: + cmp -s /project/prime/share/busymark/fonts/NotoSansMeeteiMayek-Bold.ttf /project/prime/usr/share/fonts/truetype/noto/NotoSansMeeteiMayek-Bold.ttf
:: + for bundled_font in "/project/prime/share/busymark/fonts"/Noto*.ttf
:: + staged_font=/project/prime/usr/share/fonts/truetype/noto/NotoSansMeeteiMayek-Regular.ttf
:: + test -f /project/prime/usr/share/fonts/truetype/noto/NotoSansMeeteiMayek-Regular.ttf
:: + cmp -s /project/prime/share/busymark/fonts/NotoSansMeeteiMayek-Regular.ttf /project/prime/usr/share/fonts/truetype/noto/NotoSansMeeteiMayek-Regular.ttf
:: + for bundled_font in "/project/prime/share/busymark/fonts"/Noto*.ttf
:: + staged_font=/project/prime/usr/share/fonts/truetype/noto/NotoSansMendeKikakui-Regular.ttf
:: + test -f /project/prime/usr/share/fonts/truetype/noto/NotoSansMendeKikakui-Regular.ttf
:: + cmp -s /project/prime/share/busymark/fonts/NotoSansMendeKikakui-Regular.ttf /project/prime/usr/share/fonts/truetype/noto/NotoSansMendeKikakui-Regular.ttf
:: + for bundled_font in "/project/prime/share/busymark/fonts"/Noto*.ttf
:: + staged_font=/project/prime/usr/share/fonts/truetype/noto/NotoSansMeroitic-Regular.ttf
:: + test -f /project/prime/usr/share/fonts/truetype/noto/NotoSansMeroitic-Regular.ttf
:: + cmp -s /project/prime/share/busymark/fonts/NotoSansMeroitic-Regular.ttf /project/prime/usr/share/fonts/truetype/noto/NotoSansMeroitic-Regular.ttf
:: + for bundled_font in "/project/prime/share/busymark/fonts"/Noto*.ttf
:: + staged_font=/project/prime/usr/share/fonts/truetype/noto/NotoSansMiao-Regular.ttf
:: + test -f /project/prime/usr/share/fonts/truetype/noto/NotoSansMiao-Regular.ttf
:: + cmp -s /project/prime/share/busymark/fonts/NotoSansMiao-Regular.ttf /project/prime/usr/share/fonts/truetype/noto/NotoSansMiao-Regular.ttf
:: + for bundled_font in "/project/prime/share/busymark/fonts"/Noto*.ttf
:: + staged_font=/project/prime/usr/share/fonts/truetype/noto/NotoSansModi-Regular.ttf
:: + test -f /project/prime/usr/share/fonts/truetype/noto/NotoSansModi-Regular.ttf
:: + cmp -s /project/prime/share/busymark/fonts/NotoSansModi-Regular.ttf /project/prime/usr/share/fonts/truetype/noto/NotoSansModi-Regular.ttf
:: + for bundled_font in "/project/prime/share/busymark/fonts"/Noto*.ttf
:: + staged_font=/project/prime/usr/share/fonts/truetype/noto/NotoSansMongolian-Regular.ttf
:: + test -f /project/prime/usr/share/fonts/truetype/noto/NotoSansMongolian-Regular.ttf
:: + cmp -s /project/prime/share/busymark/fonts/NotoSansMongolian-Regular.ttf /project/prime/usr/share/fonts/truetype/noto/NotoSansMongolian-Regular.ttf
:: + for bundled_font in "/project/prime/share/busymark/fonts"/Noto*.ttf
:: + staged_font=/project/prime/usr/share/fonts/truetype/noto/NotoSansMono-Bold.ttf
:: + test -f /project/prime/usr/share/fonts/truetype/noto/NotoSansMono-Bold.ttf
:: + cmp -s /project/prime/share/busymark/fonts/NotoSansMono-Bold.ttf /project/prime/usr/share/fonts/truetype/noto/NotoSansMono-Bold.ttf
:: + for bundled_font in "/project/prime/share/busymark/fonts"/Noto*.ttf
:: + staged_font=/project/prime/usr/share/fonts/truetype/noto/NotoSansMono-Regular.ttf
:: + test -f /project/prime/usr/share/fonts/truetype/noto/NotoSansMono-Regular.ttf
:: + cmp -s /project/prime/share/busymark/fonts/NotoSansMono-Regular.ttf /project/prime/usr/share/fonts/truetype/noto/NotoSansMono-Regular.ttf
:: + for bundled_font in "/project/prime/share/busymark/fonts"/Noto*.ttf
:: + staged_font=/project/prime/usr/share/fonts/truetype/noto/NotoSansMro-Regular.ttf
:: + test -f /project/prime/usr/share/fonts/truetype/noto/NotoSansMro-Regular.ttf
:: + cmp -s /project/prime/share/busymark/fonts/NotoSansMro-Regular.ttf /project/prime/usr/share/fonts/truetype/noto/NotoSansMro-Regular.ttf
:: + for bundled_font in "/project/prime/share/busymark/fonts"/Noto*.ttf
:: + staged_font=/project/prime/usr/share/fonts/truetype/noto/NotoSansMultani-Regular.ttf
:: + test -f /project/prime/usr/share/fonts/truetype/noto/NotoSansMultani-Regular.ttf
:: + cmp -s /project/prime/share/busymark/fonts/NotoSansMultani-Regular.ttf /project/prime/usr/share/fonts/truetype/noto/NotoSansMultani-Regular.ttf
:: + for bundled_font in "/project/prime/share/busymark/fonts"/Noto*.ttf
:: + staged_font=/project/prime/usr/share/fonts/truetype/noto/NotoSansMyanmar-Bold.ttf
:: + test -f /project/prime/usr/share/fonts/truetype/noto/NotoSansMyanmar-Bold.ttf
:: + cmp -s /project/prime/share/busymark/fonts/NotoSansMyanmar-Bold.ttf /project/prime/usr/share/fonts/truetype/noto/NotoSansMyanmar-Bold.ttf
:: + for bundled_font in "/project/prime/share/busymark/fonts"/Noto*.ttf
:: + staged_font=/project/prime/usr/share/fonts/truetype/noto/NotoSansMyanmar-Regular.ttf
:: + test -f /project/prime/usr/share/fonts/truetype/noto/NotoSansMyanmar-Regular.ttf
:: + cmp -s /project/prime/share/busymark/fonts/NotoSansMyanmar-Regular.ttf /project/prime/usr/share/fonts/truetype/noto/NotoSansMyanmar-Regular.ttf
:: + for bundled_font in "/project/prime/share/busymark/fonts"/Noto*.ttf
:: + staged_font=/project/prime/usr/share/fonts/truetype/noto/NotoSansNKo-Regular.ttf
:: + test -f /project/prime/usr/share/fonts/truetype/noto/NotoSansNKo-Regular.ttf
:: + cmp -s /project/prime/share/busymark/fonts/NotoSansNKo-Regular.ttf /project/prime/usr/share/fonts/truetype/noto/NotoSansNKo-Regular.ttf
:: + for bundled_font in "/project/prime/share/busymark/fonts"/Noto*.ttf
:: + staged_font=/project/prime/usr/share/fonts/truetype/noto/NotoSansNabataean-Regular.ttf
:: + test -f /project/prime/usr/share/fonts/truetype/noto/NotoSansNabataean-Regular.ttf
:: + cmp -s /project/prime/share/busymark/fonts/NotoSansNabataean-Regular.ttf /project/prime/usr/share/fonts/truetype/noto/NotoSansNabataean-Regular.ttf
:: + for bundled_font in "/project/prime/share/busymark/fonts"/Noto*.ttf
:: + staged_font=/project/prime/usr/share/fonts/truetype/noto/NotoSansNewTaiLue-Regular.ttf
:: + test -f /project/prime/usr/share/fonts/truetype/noto/NotoSansNewTaiLue-Regular.ttf
:: + cmp -s /project/prime/share/busymark/fonts/NotoSansNewTaiLue-Regular.ttf /project/prime/usr/share/fonts/truetype/noto/NotoSansNewTaiLue-Regular.ttf
:: + for bundled_font in "/project/prime/share/busymark/fonts"/Noto*.ttf
:: + staged_font=/project/prime/usr/share/fonts/truetype/noto/NotoSansNewa-Regular.ttf
:: + test -f /project/prime/usr/share/fonts/truetype/noto/NotoSansNewa-Regular.ttf
:: + cmp -s /project/prime/share/busymark/fonts/NotoSansNewa-Regular.ttf /project/prime/usr/share/fonts/truetype/noto/NotoSansNewa-Regular.ttf
:: + for bundled_font in "/project/prime/share/busymark/fonts"/Noto*.ttf
:: + staged_font=/project/prime/usr/share/fonts/truetype/noto/NotoSansNushu-Regular.ttf
:: + test -f /project/prime/usr/share/fonts/truetype/noto/NotoSansNushu-Regular.ttf
:: + cmp -s /project/prime/share/busymark/fonts/NotoSansNushu-Regular.ttf /project/prime/usr/share/fonts/truetype/noto/NotoSansNushu-Regular.ttf
:: + for bundled_font in "/project/prime/share/busymark/fonts"/Noto*.ttf
:: + staged_font=/project/prime/usr/share/fonts/truetype/noto/NotoSansOgham-Regular.ttf
:: + test -f /project/prime/usr/share/fonts/truetype/noto/NotoSansOgham-Regular.ttf
:: + cmp -s /project/prime/share/busymark/fonts/NotoSansOgham-Regular.ttf /project/prime/usr/share/fonts/truetype/noto/NotoSansOgham-Regular.ttf
:: + for bundled_font in "/project/prime/share/busymark/fonts"/Noto*.ttf
:: + staged_font=/project/prime/usr/share/fonts/truetype/noto/NotoSansOlChiki-Bold.ttf
:: + test -f /project/prime/usr/share/fonts/truetype/noto/NotoSansOlChiki-Bold.ttf
:: + cmp -s /project/prime/share/busymark/fonts/NotoSansOlChiki-Bold.ttf /project/prime/usr/share/fonts/truetype/noto/NotoSansOlChiki-Bold.ttf
:: + for bundled_font in "/project/prime/share/busymark/fonts"/Noto*.ttf
:: + staged_font=/project/prime/usr/share/fonts/truetype/noto/NotoSansOlChiki-Regular.ttf
:: + test -f /project/prime/usr/share/fonts/truetype/noto/NotoSansOlChiki-Regular.ttf
:: + cmp -s /project/prime/share/busymark/fonts/NotoSansOlChiki-Regular.ttf /project/prime/usr/share/fonts/truetype/noto/NotoSansOlChiki-Regular.ttf
:: + for bundled_font in "/project/prime/share/busymark/fonts"/Noto*.ttf
:: + staged_font=/project/prime/usr/share/fonts/truetype/noto/NotoSansOldHungarian-Regular.ttf
:: + test -f /project/prime/usr/share/fonts/truetype/noto/NotoSansOldHungarian-Regular.ttf
:: + cmp -s /project/prime/share/busymark/fonts/NotoSansOldHungarian-Regular.ttf /project/prime/usr/share/fonts/truetype/noto/NotoSansOldHungarian-Regular.ttf
:: + for bundled_font in "/project/prime/share/busymark/fonts"/Noto*.ttf
:: + staged_font=/project/prime/usr/share/fonts/truetype/noto/NotoSansOldItalic-Regular.ttf
:: + test -f /project/prime/usr/share/fonts/truetype/noto/NotoSansOldItalic-Regular.ttf
:: + cmp -s /project/prime/share/busymark/fonts/NotoSansOldItalic-Regular.ttf /project/prime/usr/share/fonts/truetype/noto/NotoSansOldItalic-Regular.ttf
:: + for bundled_font in "/project/prime/share/busymark/fonts"/Noto*.ttf
:: + staged_font=/project/prime/usr/share/fonts/truetype/noto/NotoSansOldNorthArabian-Regular.ttf
:: + test -f /project/prime/usr/share/fonts/truetype/noto/NotoSansOldNorthArabian-Regular.ttf
:: + cmp -s /project/prime/share/busymark/fonts/NotoSansOldNorthArabian-Regular.ttf /project/prime/usr/share/fonts/truetype/noto/NotoSansOldNorthArabian-Regular.ttf
:: + for bundled_font in "/project/prime/share/busymark/fonts"/Noto*.ttf
:: + staged_font=/project/prime/usr/share/fonts/truetype/noto/NotoSansOldPermic-Regular.ttf
:: + test -f /project/prime/usr/share/fonts/truetype/noto/NotoSansOldPermic-Regular.ttf
:: + cmp -s /project/prime/share/busymark/fonts/NotoSansOldPermic-Regular.ttf /project/prime/usr/share/fonts/truetype/noto/NotoSansOldPermic-Regular.ttf
:: + for bundled_font in "/project/prime/share/busymark/fonts"/Noto*.ttf
:: + staged_font=/project/prime/usr/share/fonts/truetype/noto/NotoSansOldPersian-Regular.ttf
:: + test -f /project/prime/usr/share/fonts/truetype/noto/NotoSansOldPersian-Regular.ttf
:: + cmp -s /project/prime/share/busymark/fonts/NotoSansOldPersian-Regular.ttf /project/prime/usr/share/fonts/truetype/noto/NotoSansOldPersian-Regular.ttf
:: + for bundled_font in "/project/prime/share/busymark/fonts"/Noto*.ttf
:: + staged_font=/project/prime/usr/share/fonts/truetype/noto/NotoSansOldSogdian-Regular.ttf
:: + test -f /project/prime/usr/share/fonts/truetype/noto/NotoSansOldSogdian-Regular.ttf
:: + cmp -s /project/prime/share/busymark/fonts/NotoSansOldSogdian-Regular.ttf /project/prime/usr/share/fonts/truetype/noto/NotoSansOldSogdian-Regular.ttf
:: + for bundled_font in "/project/prime/share/busymark/fonts"/Noto*.ttf
:: + staged_font=/project/prime/usr/share/fonts/truetype/noto/NotoSansOldSouthArabian-Regular.ttf
:: + test -f /project/prime/usr/share/fonts/truetype/noto/NotoSansOldSouthArabian-Regular.ttf
:: + cmp -s /project/prime/share/busymark/fonts/NotoSansOldSouthArabian-Regular.ttf /project/prime/usr/share/fonts/truetype/noto/NotoSansOldSouthArabian-Regular.ttf
:: + for bundled_font in "/project/prime/share/busymark/fonts"/Noto*.ttf
:: + staged_font=/project/prime/usr/share/fonts/truetype/noto/NotoSansOldTurkic-Regular.ttf
:: + test -f /project/prime/usr/share/fonts/truetype/noto/NotoSansOldTurkic-Regular.ttf
:: + cmp -s /project/prime/share/busymark/fonts/NotoSansOldTurkic-Regular.ttf /project/prime/usr/share/fonts/truetype/noto/NotoSansOldTurkic-Regular.ttf
:: + for bundled_font in "/project/prime/share/busymark/fonts"/Noto*.ttf
:: + staged_font=/project/prime/usr/share/fonts/truetype/noto/NotoSansOriya-Bold.ttf
:: + test -f /project/prime/usr/share/fonts/truetype/noto/NotoSansOriya-Bold.ttf
:: + cmp -s /project/prime/share/busymark/fonts/NotoSansOriya-Bold.ttf /project/prime/usr/share/fonts/truetype/noto/NotoSansOriya-Bold.ttf
:: + for bundled_font in "/project/prime/share/busymark/fonts"/Noto*.ttf
:: + staged_font=/project/prime/usr/share/fonts/truetype/noto/NotoSansOriya-Regular.ttf
:: + test -f /project/prime/usr/share/fonts/truetype/noto/NotoSansOriya-Regular.ttf
:: + cmp -s /project/prime/share/busymark/fonts/NotoSansOriya-Regular.ttf /project/prime/usr/share/fonts/truetype/noto/NotoSansOriya-Regular.ttf
:: + for bundled_font in "/project/prime/share/busymark/fonts"/Noto*.ttf
:: + staged_font=/project/prime/usr/share/fonts/truetype/noto/NotoSansOsage-Regular.ttf
:: + test -f /project/prime/usr/share/fonts/truetype/noto/NotoSansOsage-Regular.ttf
:: + cmp -s /project/prime/share/busymark/fonts/NotoSansOsage-Regular.ttf /project/prime/usr/share/fonts/truetype/noto/NotoSansOsage-Regular.ttf
:: + for bundled_font in "/project/prime/share/busymark/fonts"/Noto*.ttf
:: + staged_font=/project/prime/usr/share/fonts/truetype/noto/NotoSansOsmanya-Regular.ttf
:: + test -f /project/prime/usr/share/fonts/truetype/noto/NotoSansOsmanya-Regular.ttf
:: + cmp -s /project/prime/share/busymark/fonts/NotoSansOsmanya-Regular.ttf /project/prime/usr/share/fonts/truetype/noto/NotoSansOsmanya-Regular.ttf
:: + for bundled_font in "/project/prime/share/busymark/fonts"/Noto*.ttf
:: + staged_font=/project/prime/usr/share/fonts/truetype/noto/NotoSansPahawhHmong-Regular.ttf
:: + test -f /project/prime/usr/share/fonts/truetype/noto/NotoSansPahawhHmong-Regular.ttf
:: + cmp -s /project/prime/share/busymark/fonts/NotoSansPahawhHmong-Regular.ttf /project/prime/usr/share/fonts/truetype/noto/NotoSansPahawhHmong-Regular.ttf
:: + for bundled_font in "/project/prime/share/busymark/fonts"/Noto*.ttf
:: + staged_font=/project/prime/usr/share/fonts/truetype/noto/NotoSansPalmyrene-Regular.ttf
:: + test -f /project/prime/usr/share/fonts/truetype/noto/NotoSansPalmyrene-Regular.ttf
:: + cmp -s /project/prime/share/busymark/fonts/NotoSansPalmyrene-Regular.ttf /project/prime/usr/share/fonts/truetype/noto/NotoSansPalmyrene-Regular.ttf
:: + for bundled_font in "/project/prime/share/busymark/fonts"/Noto*.ttf
:: + staged_font=/project/prime/usr/share/fonts/truetype/noto/NotoSansPauCinHau-Regular.ttf
:: + test -f /project/prime/usr/share/fonts/truetype/noto/NotoSansPauCinHau-Regular.ttf
:: + cmp -s /project/prime/share/busymark/fonts/NotoSansPauCinHau-Regular.ttf /project/prime/usr/share/fonts/truetype/noto/NotoSansPauCinHau-Regular.ttf
:: + for bundled_font in "/project/prime/share/busymark/fonts"/Noto*.ttf
:: + staged_font=/project/prime/usr/share/fonts/truetype/noto/NotoSansPhagsPa-Regular.ttf
:: + test -f /project/prime/usr/share/fonts/truetype/noto/NotoSansPhagsPa-Regular.ttf
:: + cmp -s /project/prime/share/busymark/fonts/NotoSansPhagsPa-Regular.ttf /project/prime/usr/share/fonts/truetype/noto/NotoSansPhagsPa-Regular.ttf
:: + for bundled_font in "/project/prime/share/busymark/fonts"/Noto*.ttf
:: + staged_font=/project/prime/usr/share/fonts/truetype/noto/NotoSansPhoenician-Regular.ttf
:: + test -f /project/prime/usr/share/fonts/truetype/noto/NotoSansPhoenician-Regular.ttf
:: + cmp -s /project/prime/share/busymark/fonts/NotoSansPhoenician-Regular.ttf /project/prime/usr/share/fonts/truetype/noto/NotoSansPhoenician-Regular.ttf
:: + for bundled_font in "/project/prime/share/busymark/fonts"/Noto*.ttf
:: + staged_font=/project/prime/usr/share/fonts/truetype/noto/NotoSansPsalterPahlavi-Regular.ttf
:: + test -f /project/prime/usr/share/fonts/truetype/noto/NotoSansPsalterPahlavi-Regular.ttf
:: + cmp -s /project/prime/share/busymark/fonts/NotoSansPsalterPahlavi-Regular.ttf /project/prime/usr/share/fonts/truetype/noto/NotoSansPsalterPahlavi-Regular.ttf
:: + for bundled_font in "/project/prime/share/busymark/fonts"/Noto*.ttf
:: + staged_font=/project/prime/usr/share/fonts/truetype/noto/NotoSansRejang-Regular.ttf
:: + test -f /project/prime/usr/share/fonts/truetype/noto/NotoSansRejang-Regular.ttf
:: + cmp -s /project/prime/share/busymark/fonts/NotoSansRejang-Regular.ttf /project/prime/usr/share/fonts/truetype/noto/NotoSansRejang-Regular.ttf
:: + for bundled_font in "/project/prime/share/busymark/fonts"/Noto*.ttf
:: + staged_font=/project/prime/usr/share/fonts/truetype/noto/NotoSansRunic-Regular.ttf
:: + test -f /project/prime/usr/share/fonts/truetype/noto/NotoSansRunic-Regular.ttf
:: + cmp -s /project/prime/share/busymark/fonts/NotoSansRunic-Regular.ttf /project/prime/usr/share/fonts/truetype/noto/NotoSansRunic-Regular.ttf
:: + for bundled_font in "/project/prime/share/busymark/fonts"/Noto*.ttf
:: + staged_font=/project/prime/usr/share/fonts/truetype/noto/NotoSansSamaritan-Regular.ttf
:: + test -f /project/prime/usr/share/fonts/truetype/noto/NotoSansSamaritan-Regular.ttf
:: + cmp -s /project/prime/share/busymark/fonts/NotoSansSamaritan-Regular.ttf /project/prime/usr/share/fonts/truetype/noto/NotoSansSamaritan-Regular.ttf
:: + for bundled_font in "/project/prime/share/busymark/fonts"/Noto*.ttf
:: + staged_font=/project/prime/usr/share/fonts/truetype/noto/NotoSansSaurashtra-Regular.ttf
:: + test -f /project/prime/usr/share/fonts/truetype/noto/NotoSansSaurashtra-Regular.ttf
:: + cmp -s /project/prime/share/busymark/fonts/NotoSansSaurashtra-Regular.ttf /project/prime/usr/share/fonts/truetype/noto/NotoSansSaurashtra-Regular.ttf
:: + for bundled_font in "/project/prime/share/busymark/fonts"/Noto*.ttf
:: + staged_font=/project/prime/usr/share/fonts/truetype/noto/NotoSansSharada-Regular.ttf
:: + test -f /project/prime/usr/share/fonts/truetype/noto/NotoSansSharada-Regular.ttf
:: + cmp -s /project/prime/share/busymark/fonts/NotoSansSharada-Regular.ttf /project/prime/usr/share/fonts/truetype/noto/NotoSansSharada-Regular.ttf
:: + for bundled_font in "/project/prime/share/busymark/fonts"/Noto*.ttf
:: + staged_font=/project/prime/usr/share/fonts/truetype/noto/NotoSansShavian-Regular.ttf
:: + test -f /project/prime/usr/share/fonts/truetype/noto/NotoSansShavian-Regular.ttf
:: + cmp -s /project/prime/share/busymark/fonts/NotoSansShavian-Regular.ttf /project/prime/usr/share/fonts/truetype/noto/NotoSansShavian-Regular.ttf
:: + for bundled_font in "/project/prime/share/busymark/fonts"/Noto*.ttf
:: + staged_font=/project/prime/usr/share/fonts/truetype/noto/NotoSansSiddham-Regular.ttf
:: + test -f /project/prime/usr/share/fonts/truetype/noto/NotoSansSiddham-Regular.ttf
:: + cmp -s /project/prime/share/busymark/fonts/NotoSansSiddham-Regular.ttf /project/prime/usr/share/fonts/truetype/noto/NotoSansSiddham-Regular.ttf
:: + for bundled_font in "/project/prime/share/busymark/fonts"/Noto*.ttf
:: + staged_font=/project/prime/usr/share/fonts/truetype/noto/NotoSansSignWriting-Regular.ttf
:: + test -f /project/prime/usr/share/fonts/truetype/noto/NotoSansSignWriting-Regular.ttf
:: + cmp -s /project/prime/share/busymark/fonts/NotoSansSignWriting-Regular.ttf /project/prime/usr/share/fonts/truetype/noto/NotoSansSignWriting-Regular.ttf
:: + for bundled_font in "/project/prime/share/busymark/fonts"/Noto*.ttf
:: + staged_font=/project/prime/usr/share/fonts/truetype/noto/NotoSansSinhala-Bold.ttf
:: + test -f /project/prime/usr/share/fonts/truetype/noto/NotoSansSinhala-Bold.ttf
:: + cmp -s /project/prime/share/busymark/fonts/NotoSansSinhala-Bold.ttf /project/prime/usr/share/fonts/truetype/noto/NotoSansSinhala-Bold.ttf
:: + for bundled_font in "/project/prime/share/busymark/fonts"/Noto*.ttf
:: + staged_font=/project/prime/usr/share/fonts/truetype/noto/NotoSansSinhala-Regular.ttf
:: + test -f /project/prime/usr/share/fonts/truetype/noto/NotoSansSinhala-Regular.ttf
:: + cmp -s /project/prime/share/busymark/fonts/NotoSansSinhala-Regular.ttf /project/prime/usr/share/fonts/truetype/noto/NotoSansSinhala-Regular.ttf
:: + for bundled_font in "/project/prime/share/busymark/fonts"/Noto*.ttf
:: + staged_font=/project/prime/usr/share/fonts/truetype/noto/NotoSansSogdian-Regular.ttf
:: + test -f /project/prime/usr/share/fonts/truetype/noto/NotoSansSogdian-Regular.ttf
:: + cmp -s /project/prime/share/busymark/fonts/NotoSansSogdian-Regular.ttf /project/prime/usr/share/fonts/truetype/noto/NotoSansSogdian-Regular.ttf
:: + for bundled_font in "/project/prime/share/busymark/fonts"/Noto*.ttf
:: + staged_font=/project/prime/usr/share/fonts/truetype/noto/NotoSansSoraSompeng-Bold.ttf
:: + test -f /project/prime/usr/share/fonts/truetype/noto/NotoSansSoraSompeng-Bold.ttf
:: + cmp -s /project/prime/share/busymark/fonts/NotoSansSoraSompeng-Bold.ttf /project/prime/usr/share/fonts/truetype/noto/NotoSansSoraSompeng-Bold.ttf
:: + for bundled_font in "/project/prime/share/busymark/fonts"/Noto*.ttf
:: + staged_font=/project/prime/usr/share/fonts/truetype/noto/NotoSansSoraSompeng-Regular.ttf
:: + test -f /project/prime/usr/share/fonts/truetype/noto/NotoSansSoraSompeng-Regular.ttf
:: + cmp -s /project/prime/share/busymark/fonts/NotoSansSoraSompeng-Regular.ttf /project/prime/usr/share/fonts/truetype/noto/NotoSansSoraSompeng-Regular.ttf
:: + for bundled_font in "/project/prime/share/busymark/fonts"/Noto*.ttf
:: + staged_font=/project/prime/usr/share/fonts/truetype/noto/NotoSansSoyombo-Regular.ttf
:: + test -f /project/prime/usr/share/fonts/truetype/noto/NotoSansSoyombo-Regular.ttf
:: + cmp -s /project/prime/share/busymark/fonts/NotoSansSoyombo-Regular.ttf /project/prime/usr/share/fonts/truetype/noto/NotoSansSoyombo-Regular.ttf
:: + for bundled_font in "/project/prime/share/busymark/fonts"/Noto*.ttf
:: + staged_font=/project/prime/usr/share/fonts/truetype/noto/NotoSansSundanese-Bold.ttf
:: + test -f /project/prime/usr/share/fonts/truetype/noto/NotoSansSundanese-Bold.ttf
:: + cmp -s /project/prime/share/busymark/fonts/NotoSansSundanese-Bold.ttf /project/prime/usr/share/fonts/truetype/noto/NotoSansSundanese-Bold.ttf
:: + for bundled_font in "/project/prime/share/busymark/fonts"/Noto*.ttf
:: + staged_font=/project/prime/usr/share/fonts/truetype/noto/NotoSansSundanese-Regular.ttf
:: + test -f /project/prime/usr/share/fonts/truetype/noto/NotoSansSundanese-Regular.ttf
:: + cmp -s /project/prime/share/busymark/fonts/NotoSansSundanese-Regular.ttf /project/prime/usr/share/fonts/truetype/noto/NotoSansSundanese-Regular.ttf
:: + for bundled_font in "/project/prime/share/busymark/fonts"/Noto*.ttf
:: + staged_font=/project/prime/usr/share/fonts/truetype/noto/NotoSansSylotiNagri-Regular.ttf
:: + test -f /project/prime/usr/share/fonts/truetype/noto/NotoSansSylotiNagri-Regular.ttf
:: + cmp -s /project/prime/share/busymark/fonts/NotoSansSylotiNagri-Regular.ttf /project/prime/usr/share/fonts/truetype/noto/NotoSansSylotiNagri-Regular.ttf
:: + for bundled_font in "/project/prime/share/busymark/fonts"/Noto*.ttf
:: + staged_font=/project/prime/usr/share/fonts/truetype/noto/NotoSansSymbols-Bold.ttf
:: + test -f /project/prime/usr/share/fonts/truetype/noto/NotoSansSymbols-Bold.ttf
:: + cmp -s /project/prime/share/busymark/fonts/NotoSansSymbols-Bold.ttf /project/prime/usr/share/fonts/truetype/noto/NotoSansSymbols-Bold.ttf
:: + for bundled_font in "/project/prime/share/busymark/fonts"/Noto*.ttf
:: + staged_font=/project/prime/usr/share/fonts/truetype/noto/NotoSansSymbols-Regular.ttf
:: + test -f /project/prime/usr/share/fonts/truetype/noto/NotoSansSymbols-Regular.ttf
:: + cmp -s /project/prime/share/busymark/fonts/NotoSansSymbols-Regular.ttf /project/prime/usr/share/fonts/truetype/noto/NotoSansSymbols-Regular.ttf
:: + for bundled_font in "/project/prime/share/busymark/fonts"/Noto*.ttf
:: + staged_font=/project/prime/usr/share/fonts/truetype/noto/NotoSansSymbols2-Regular.ttf
:: + test -f /project/prime/usr/share/fonts/truetype/noto/NotoSansSymbols2-Regular.ttf
:: + cmp -s /project/prime/share/busymark/fonts/NotoSansSymbols2-Regular.ttf /project/prime/usr/share/fonts/truetype/noto/NotoSansSymbols2-Regular.ttf
:: + for bundled_font in "/project/prime/share/busymark/fonts"/Noto*.ttf
:: + staged_font=/project/prime/usr/share/fonts/truetype/noto/NotoSansSyriac-Regular.ttf
:: + test -f /project/prime/usr/share/fonts/truetype/noto/NotoSansSyriac-Regular.ttf
:: + cmp -s /project/prime/share/busymark/fonts/NotoSansSyriac-Regular.ttf /project/prime/usr/share/fonts/truetype/noto/NotoSansSyriac-Regular.ttf
:: + for bundled_font in "/project/prime/share/busymark/fonts"/Noto*.ttf
:: + staged_font=/project/prime/usr/share/fonts/truetype/noto/NotoSansTagalog-Regular.ttf
:: + test -f /project/prime/usr/share/fonts/truetype/noto/NotoSansTagalog-Regular.ttf
:: + cmp -s /project/prime/share/busymark/fonts/NotoSansTagalog-Regular.ttf /project/prime/usr/share/fonts/truetype/noto/NotoSansTagalog-Regular.ttf
:: + for bundled_font in "/project/prime/share/busymark/fonts"/Noto*.ttf
:: + staged_font=/project/prime/usr/share/fonts/truetype/noto/NotoSansTagbanwa-Regular.ttf
:: + test -f /project/prime/usr/share/fonts/truetype/noto/NotoSansTagbanwa-Regular.ttf
:: + cmp -s /project/prime/share/busymark/fonts/NotoSansTagbanwa-Regular.ttf /project/prime/usr/share/fonts/truetype/noto/NotoSansTagbanwa-Regular.ttf
:: + for bundled_font in "/project/prime/share/busymark/fonts"/Noto*.ttf
:: + staged_font=/project/prime/usr/share/fonts/truetype/noto/NotoSansTaiLe-Regular.ttf
:: + test -f /project/prime/usr/share/fonts/truetype/noto/NotoSansTaiLe-Regular.ttf
:: + cmp -s /project/prime/share/busymark/fonts/NotoSansTaiLe-Regular.ttf /project/prime/usr/share/fonts/truetype/noto/NotoSansTaiLe-Regular.ttf
:: + for bundled_font in "/project/prime/share/busymark/fonts"/Noto*.ttf
:: + staged_font=/project/prime/usr/share/fonts/truetype/noto/NotoSansTaiTham-Bold.ttf
:: + test -f /project/prime/usr/share/fonts/truetype/noto/NotoSansTaiTham-Bold.ttf
:: + cmp -s /project/prime/share/busymark/fonts/NotoSansTaiTham-Bold.ttf /project/prime/usr/share/fonts/truetype/noto/NotoSansTaiTham-Bold.ttf
:: + for bundled_font in "/project/prime/share/busymark/fonts"/Noto*.ttf
:: + staged_font=/project/prime/usr/share/fonts/truetype/noto/NotoSansTaiTham-Regular.ttf
:: + test -f /project/prime/usr/share/fonts/truetype/noto/NotoSansTaiTham-Regular.ttf
:: + cmp -s /project/prime/share/busymark/fonts/NotoSansTaiTham-Regular.ttf /project/prime/usr/share/fonts/truetype/noto/NotoSansTaiTham-Regular.ttf
:: + for bundled_font in "/project/prime/share/busymark/fonts"/Noto*.ttf
:: + staged_font=/project/prime/usr/share/fonts/truetype/noto/NotoSansTaiViet-Regular.ttf
:: + test -f /project/prime/usr/share/fonts/truetype/noto/NotoSansTaiViet-Regular.ttf
:: + cmp -s /project/prime/share/busymark/fonts/NotoSansTaiViet-Regular.ttf /project/prime/usr/share/fonts/truetype/noto/NotoSansTaiViet-Regular.ttf
:: + for bundled_font in "/project/prime/share/busymark/fonts"/Noto*.ttf
:: + staged_font=/project/prime/usr/share/fonts/truetype/noto/NotoSansTakri-Regular.ttf
:: + test -f /project/prime/usr/share/fonts/truetype/noto/NotoSansTakri-Regular.ttf
:: + cmp -s /project/prime/share/busymark/fonts/NotoSansTakri-Regular.ttf /project/prime/usr/share/fonts/truetype/noto/NotoSansTakri-Regular.ttf
:: + for bundled_font in "/project/prime/share/busymark/fonts"/Noto*.ttf
:: + staged_font=/project/prime/usr/share/fonts/truetype/noto/NotoSansTamil-Bold.ttf
:: + test -f /project/prime/usr/share/fonts/truetype/noto/NotoSansTamil-Bold.ttf
:: + cmp -s /project/prime/share/busymark/fonts/NotoSansTamil-Bold.ttf /project/prime/usr/share/fonts/truetype/noto/NotoSansTamil-Bold.ttf
:: + for bundled_font in "/project/prime/share/busymark/fonts"/Noto*.ttf
:: + staged_font=/project/prime/usr/share/fonts/truetype/noto/NotoSansTamil-Regular.ttf
:: + test -f /project/prime/usr/share/fonts/truetype/noto/NotoSansTamil-Regular.ttf
:: + cmp -s /project/prime/share/busymark/fonts/NotoSansTamil-Regular.ttf /project/prime/usr/share/fonts/truetype/noto/NotoSansTamil-Regular.ttf
:: + for bundled_font in "/project/prime/share/busymark/fonts"/Noto*.ttf
:: + staged_font=/project/prime/usr/share/fonts/truetype/noto/NotoSansTamilSupplement-Regular.ttf
:: + test -f /project/prime/usr/share/fonts/truetype/noto/NotoSansTamilSupplement-Regular.ttf
:: + cmp -s /project/prime/share/busymark/fonts/NotoSansTamilSupplement-Regular.ttf /project/prime/usr/share/fonts/truetype/noto/NotoSansTamilSupplement-Regular.ttf
:: + for bundled_font in "/project/prime/share/busymark/fonts"/Noto*.ttf
:: + staged_font=/project/prime/usr/share/fonts/truetype/noto/NotoSansTelugu-Bold.ttf
:: + test -f /project/prime/usr/share/fonts/truetype/noto/NotoSansTelugu-Bold.ttf
:: + cmp -s /project/prime/share/busymark/fonts/NotoSansTelugu-Bold.ttf /project/prime/usr/share/fonts/truetype/noto/NotoSansTelugu-Bold.ttf
:: + for bundled_font in "/project/prime/share/busymark/fonts"/Noto*.ttf
:: + staged_font=/project/prime/usr/share/fonts/truetype/noto/NotoSansTelugu-Regular.ttf
:: + test -f /project/prime/usr/share/fonts/truetype/noto/NotoSansTelugu-Regular.ttf
:: + cmp -s /project/prime/share/busymark/fonts/NotoSansTelugu-Regular.ttf /project/prime/usr/share/fonts/truetype/noto/NotoSansTelugu-Regular.ttf
:: + for bundled_font in "/project/prime/share/busymark/fonts"/Noto*.ttf
:: + staged_font=/project/prime/usr/share/fonts/truetype/noto/NotoSansThaana-Bold.ttf
:: + test -f /project/prime/usr/share/fonts/truetype/noto/NotoSansThaana-Bold.ttf
:: + cmp -s /project/prime/share/busymark/fonts/NotoSansThaana-Bold.ttf /project/prime/usr/share/fonts/truetype/noto/NotoSansThaana-Bold.ttf
:: + for bundled_font in "/project/prime/share/busymark/fonts"/Noto*.ttf
:: + staged_font=/project/prime/usr/share/fonts/truetype/noto/NotoSansThaana-Regular.ttf
:: + test -f /project/prime/usr/share/fonts/truetype/noto/NotoSansThaana-Regular.ttf
:: + cmp -s /project/prime/share/busymark/fonts/NotoSansThaana-Regular.ttf /project/prime/usr/share/fonts/truetype/noto/NotoSansThaana-Regular.ttf
:: + for bundled_font in "/project/prime/share/busymark/fonts"/Noto*.ttf
:: + staged_font=/project/prime/usr/share/fonts/truetype/noto/NotoSansThai-Bold.ttf
:: + test -f /project/prime/usr/share/fonts/truetype/noto/NotoSansThai-Bold.ttf
:: + cmp -s /project/prime/share/busymark/fonts/NotoSansThai-Bold.ttf /project/prime/usr/share/fonts/truetype/noto/NotoSansThai-Bold.ttf
:: + for bundled_font in "/project/prime/share/busymark/fonts"/Noto*.ttf
:: + staged_font=/project/prime/usr/share/fonts/truetype/noto/NotoSansThai-Regular.ttf
:: + test -f /project/prime/usr/share/fonts/truetype/noto/NotoSansThai-Regular.ttf
:: + cmp -s /project/prime/share/busymark/fonts/NotoSansThai-Regular.ttf /project/prime/usr/share/fonts/truetype/noto/NotoSansThai-Regular.ttf
:: + for bundled_font in "/project/prime/share/busymark/fonts"/Noto*.ttf
:: + staged_font=/project/prime/usr/share/fonts/truetype/noto/NotoSansTifinagh-Regular.ttf
:: + test -f /project/prime/usr/share/fonts/truetype/noto/NotoSansTifinagh-Regular.ttf
:: + cmp -s /project/prime/share/busymark/fonts/NotoSansTifinagh-Regular.ttf /project/prime/usr/share/fonts/truetype/noto/NotoSansTifinagh-Regular.ttf
:: + for bundled_font in "/project/prime/share/busymark/fonts"/Noto*.ttf
:: + staged_font=/project/prime/usr/share/fonts/truetype/noto/NotoSansTifinaghAPT-Regular.ttf
:: + test -f /project/prime/usr/share/fonts/truetype/noto/NotoSansTifinaghAPT-Regular.ttf
:: + cmp -s /project/prime/share/busymark/fonts/NotoSansTifinaghAPT-Regular.ttf /project/prime/usr/share/fonts/truetype/noto/NotoSansTifinaghAPT-Regular.ttf
:: + for bundled_font in "/project/prime/share/busymark/fonts"/Noto*.ttf
:: + staged_font=/project/prime/usr/share/fonts/truetype/noto/NotoSansTifinaghAdrar-Regular.ttf
:: + test -f /project/prime/usr/share/fonts/truetype/noto/NotoSansTifinaghAdrar-Regular.ttf
:: + cmp -s /project/prime/share/busymark/fonts/NotoSansTifinaghAdrar-Regular.ttf /project/prime/usr/share/fonts/truetype/noto/NotoSansTifinaghAdrar-Regular.ttf
:: + for bundled_font in "/project/prime/share/busymark/fonts"/Noto*.ttf
:: + staged_font=/project/prime/usr/share/fonts/truetype/noto/NotoSansTifinaghAgrawImazighen-Regular.ttf
:: + test -f /project/prime/usr/share/fonts/truetype/noto/NotoSansTifinaghAgrawImazighen-Regular.ttf
:: + cmp -s /project/prime/share/busymark/fonts/NotoSansTifinaghAgrawImazighen-Regular.ttf /project/prime/usr/share/fonts/truetype/noto/NotoSansTifinaghAgrawImazighen-Regular.ttf
:: + for bundled_font in "/project/prime/share/busymark/fonts"/Noto*.ttf
:: + staged_font=/project/prime/usr/share/fonts/truetype/noto/NotoSansTifinaghAhaggar-Regular.ttf
:: + test -f /project/prime/usr/share/fonts/truetype/noto/NotoSansTifinaghAhaggar-Regular.ttf
:: + cmp -s /project/prime/share/busymark/fonts/NotoSansTifinaghAhaggar-Regular.ttf /project/prime/usr/share/fonts/truetype/noto/NotoSansTifinaghAhaggar-Regular.ttf
:: + for bundled_font in "/project/prime/share/busymark/fonts"/Noto*.ttf
:: + staged_font=/project/prime/usr/share/fonts/truetype/noto/NotoSansTifinaghAir-Regular.ttf
:: + test -f /project/prime/usr/share/fonts/truetype/noto/NotoSansTifinaghAir-Regular.ttf
:: + cmp -s /project/prime/share/busymark/fonts/NotoSansTifinaghAir-Regular.ttf /project/prime/usr/share/fonts/truetype/noto/NotoSansTifinaghAir-Regular.ttf
:: + for bundled_font in "/project/prime/share/busymark/fonts"/Noto*.ttf
:: + staged_font=/project/prime/usr/share/fonts/truetype/noto/NotoSansTifinaghAzawagh-Regular.ttf
:: + test -f /project/prime/usr/share/fonts/truetype/noto/NotoSansTifinaghAzawagh-Regular.ttf
:: + cmp -s /project/prime/share/busymark/fonts/NotoSansTifinaghAzawagh-Regular.ttf /project/prime/usr/share/fonts/truetype/noto/NotoSansTifinaghAzawagh-Regular.ttf
:: + for bundled_font in "/project/prime/share/busymark/fonts"/Noto*.ttf
:: + staged_font=/project/prime/usr/share/fonts/truetype/noto/NotoSansTifinaghGhat-Regular.ttf
:: + test -f /project/prime/usr/share/fonts/truetype/noto/NotoSansTifinaghGhat-Regular.ttf
:: + cmp -s /project/prime/share/busymark/fonts/NotoSansTifinaghGhat-Regular.ttf /project/prime/usr/share/fonts/truetype/noto/NotoSansTifinaghGhat-Regular.ttf
:: + for bundled_font in "/project/prime/share/busymark/fonts"/Noto*.ttf
:: + staged_font=/project/prime/usr/share/fonts/truetype/noto/NotoSansTifinaghHawad-Regular.ttf
:: + test -f /project/prime/usr/share/fonts/truetype/noto/NotoSansTifinaghHawad-Regular.ttf
:: + cmp -s /project/prime/share/busymark/fonts/NotoSansTifinaghHawad-Regular.ttf /project/prime/usr/share/fonts/truetype/noto/NotoSansTifinaghHawad-Regular.ttf
:: + for bundled_font in "/project/prime/share/busymark/fonts"/Noto*.ttf
:: + staged_font=/project/prime/usr/share/fonts/truetype/noto/NotoSansTifinaghRhissaIxa-Regular.ttf
:: + test -f /project/prime/usr/share/fonts/truetype/noto/NotoSansTifinaghRhissaIxa-Regular.ttf
:: + cmp -s /project/prime/share/busymark/fonts/NotoSansTifinaghRhissaIxa-Regular.ttf /project/prime/usr/share/fonts/truetype/noto/NotoSansTifinaghRhissaIxa-Regular.ttf
:: + for bundled_font in "/project/prime/share/busymark/fonts"/Noto*.ttf
:: + staged_font=/project/prime/usr/share/fonts/truetype/noto/NotoSansTifinaghSIL-Regular.ttf
:: + test -f /project/prime/usr/share/fonts/truetype/noto/NotoSansTifinaghSIL-Regular.ttf
:: + cmp -s /project/prime/share/busymark/fonts/NotoSansTifinaghSIL-Regular.ttf /project/prime/usr/share/fonts/truetype/noto/NotoSansTifinaghSIL-Regular.ttf
:: + for bundled_font in "/project/prime/share/busymark/fonts"/Noto*.ttf
:: + staged_font=/project/prime/usr/share/fonts/truetype/noto/NotoSansTifinaghTawellemmet-Regular.ttf
:: + test -f /project/prime/usr/share/fonts/truetype/noto/NotoSansTifinaghTawellemmet-Regular.ttf
:: + cmp -s /project/prime/share/busymark/fonts/NotoSansTifinaghTawellemmet-Regular.ttf /project/prime/usr/share/fonts/truetype/noto/NotoSansTifinaghTawellemmet-Regular.ttf
:: + for bundled_font in "/project/prime/share/busymark/fonts"/Noto*.ttf
:: + staged_font=/project/prime/usr/share/fonts/truetype/noto/NotoSansTirhuta-Regular.ttf
:: + test -f /project/prime/usr/share/fonts/truetype/noto/NotoSansTirhuta-Regular.ttf
:: + cmp -s /project/prime/share/busymark/fonts/NotoSansTirhuta-Regular.ttf /project/prime/usr/share/fonts/truetype/noto/NotoSansTirhuta-Regular.ttf
:: + for bundled_font in "/project/prime/share/busymark/fonts"/Noto*.ttf
:: + staged_font=/project/prime/usr/share/fonts/truetype/noto/NotoSansUgaritic-Regular.ttf
:: + test -f /project/prime/usr/share/fonts/truetype/noto/NotoSansUgaritic-Regular.ttf
:: + cmp -s /project/prime/share/busymark/fonts/NotoSansUgaritic-Regular.ttf /project/prime/usr/share/fonts/truetype/noto/NotoSansUgaritic-Regular.ttf
:: + for bundled_font in "/project/prime/share/busymark/fonts"/Noto*.ttf
:: + staged_font=/project/prime/usr/share/fonts/truetype/noto/NotoSansVai-Regular.ttf
:: + test -f /project/prime/usr/share/fonts/truetype/noto/NotoSansVai-Regular.ttf
:: + cmp -s /project/prime/share/busymark/fonts/NotoSansVai-Regular.ttf /project/prime/usr/share/fonts/truetype/noto/NotoSansVai-Regular.ttf
:: + for bundled_font in "/project/prime/share/busymark/fonts"/Noto*.ttf
:: + staged_font=/project/prime/usr/share/fonts/truetype/noto/NotoSansWancho-Regular.ttf
:: + test -f /project/prime/usr/share/fonts/truetype/noto/NotoSansWancho-Regular.ttf
:: + cmp -s /project/prime/share/busymark/fonts/NotoSansWancho-Regular.ttf /project/prime/usr/share/fonts/truetype/noto/NotoSansWancho-Regular.ttf
:: + for bundled_font in "/project/prime/share/busymark/fonts"/Noto*.ttf
:: + staged_font=/project/prime/usr/share/fonts/truetype/noto/NotoSansWarangCiti-Regular.ttf
:: + test -f /project/prime/usr/share/fonts/truetype/noto/NotoSansWarangCiti-Regular.ttf
:: + cmp -s /project/prime/share/busymark/fonts/NotoSansWarangCiti-Regular.ttf /project/prime/usr/share/fonts/truetype/noto/NotoSansWarangCiti-Regular.ttf
:: + for bundled_font in "/project/prime/share/busymark/fonts"/Noto*.ttf
:: + staged_font=/project/prime/usr/share/fonts/truetype/noto/NotoSansYi-Regular.ttf
:: + test -f /project/prime/usr/share/fonts/truetype/noto/NotoSansYi-Regular.ttf
:: + cmp -s /project/prime/share/busymark/fonts/NotoSansYi-Regular.ttf /project/prime/usr/share/fonts/truetype/noto/NotoSansYi-Regular.ttf
:: + for bundled_font in "/project/prime/share/busymark/fonts"/Noto*.ttf
:: + staged_font=/project/prime/usr/share/fonts/truetype/noto/NotoSansZanabazarSquare-Regular.ttf
:: + test -f /project/prime/usr/share/fonts/truetype/noto/NotoSansZanabazarSquare-Regular.ttf
:: + cmp -s /project/prime/share/busymark/fonts/NotoSansZanabazarSquare-Regular.ttf /project/prime/usr/share/fonts/truetype/noto/NotoSansZanabazarSquare-Regular.ttf
:: + for bundled_font in "/project/prime/share/busymark/fonts"/Noto*.ttf
:: + staged_font=/project/prime/usr/share/fonts/truetype/noto/NotoSerif-Bold.ttf
:: + test -f /project/prime/usr/share/fonts/truetype/noto/NotoSerif-Bold.ttf
:: + cmp -s /project/prime/share/busymark/fonts/NotoSerif-Bold.ttf /project/prime/usr/share/fonts/truetype/noto/NotoSerif-Bold.ttf
:: + for bundled_font in "/project/prime/share/busymark/fonts"/Noto*.ttf
:: + staged_font=/project/prime/usr/share/fonts/truetype/noto/NotoSerif-BoldItalic.ttf
:: + test -f /project/prime/usr/share/fonts/truetype/noto/NotoSerif-BoldItalic.ttf
:: + cmp -s /project/prime/share/busymark/fonts/NotoSerif-BoldItalic.ttf /project/prime/usr/share/fonts/truetype/noto/NotoSerif-BoldItalic.ttf
:: + for bundled_font in "/project/prime/share/busymark/fonts"/Noto*.ttf
:: + staged_font=/project/prime/usr/share/fonts/truetype/noto/NotoSerif-Italic.ttf
:: + test -f /project/prime/usr/share/fonts/truetype/noto/NotoSerif-Italic.ttf
:: + cmp -s /project/prime/share/busymark/fonts/NotoSerif-Italic.ttf /project/prime/usr/share/fonts/truetype/noto/NotoSerif-Italic.ttf
:: + for bundled_font in "/project/prime/share/busymark/fonts"/Noto*.ttf
:: + staged_font=/project/prime/usr/share/fonts/truetype/noto/NotoSerif-Regular.ttf
:: + test -f /project/prime/usr/share/fonts/truetype/noto/NotoSerif-Regular.ttf
:: + cmp -s /project/prime/share/busymark/fonts/NotoSerif-Regular.ttf /project/prime/usr/share/fonts/truetype/noto/NotoSerif-Regular.ttf
:: + for bundled_font in "/project/prime/share/busymark/fonts"/Noto*.ttf
:: + staged_font=/project/prime/usr/share/fonts/truetype/noto/NotoSerifAhom-Regular.ttf
:: + test -f /project/prime/usr/share/fonts/truetype/noto/NotoSerifAhom-Regular.ttf
:: + cmp -s /project/prime/share/busymark/fonts/NotoSerifAhom-Regular.ttf /project/prime/usr/share/fonts/truetype/noto/NotoSerifAhom-Regular.ttf
:: + for bundled_font in "/project/prime/share/busymark/fonts"/Noto*.ttf
:: + staged_font=/project/prime/usr/share/fonts/truetype/noto/NotoSerifArmenian-Bold.ttf
:: + test -f /project/prime/usr/share/fonts/truetype/noto/NotoSerifArmenian-Bold.ttf
:: + cmp -s /project/prime/share/busymark/fonts/NotoSerifArmenian-Bold.ttf /project/prime/usr/share/fonts/truetype/noto/NotoSerifArmenian-Bold.ttf
:: + for bundled_font in "/project/prime/share/busymark/fonts"/Noto*.ttf
:: + staged_font=/project/prime/usr/share/fonts/truetype/noto/NotoSerifArmenian-Regular.ttf
:: + test -f /project/prime/usr/share/fonts/truetype/noto/NotoSerifArmenian-Regular.ttf
:: + cmp -s /project/prime/share/busymark/fonts/NotoSerifArmenian-Regular.ttf /project/prime/usr/share/fonts/truetype/noto/NotoSerifArmenian-Regular.ttf
:: + for bundled_font in "/project/prime/share/busymark/fonts"/Noto*.ttf
:: + staged_font=/project/prime/usr/share/fonts/truetype/noto/NotoSerifBalinese-Regular.ttf
:: + test -f /project/prime/usr/share/fonts/truetype/noto/NotoSerifBalinese-Regular.ttf
:: + cmp -s /project/prime/share/busymark/fonts/NotoSerifBalinese-Regular.ttf /project/prime/usr/share/fonts/truetype/noto/NotoSerifBalinese-Regular.ttf
:: + for bundled_font in "/project/prime/share/busymark/fonts"/Noto*.ttf
:: + staged_font=/project/prime/usr/share/fonts/truetype/noto/NotoSerifBengali-Bold.ttf
:: + test -f /project/prime/usr/share/fonts/truetype/noto/NotoSerifBengali-Bold.ttf
:: + cmp -s /project/prime/share/busymark/fonts/NotoSerifBengali-Bold.ttf /project/prime/usr/share/fonts/truetype/noto/NotoSerifBengali-Bold.ttf
:: + for bundled_font in "/project/prime/share/busymark/fonts"/Noto*.ttf
:: + staged_font=/project/prime/usr/share/fonts/truetype/noto/NotoSerifBengali-Regular.ttf
:: + test -f /project/prime/usr/share/fonts/truetype/noto/NotoSerifBengali-Regular.ttf
:: + cmp -s /project/prime/share/busymark/fonts/NotoSerifBengali-Regular.ttf /project/prime/usr/share/fonts/truetype/noto/NotoSerifBengali-Regular.ttf
:: + for bundled_font in "/project/prime/share/busymark/fonts"/Noto*.ttf
:: + staged_font=/project/prime/usr/share/fonts/truetype/noto/NotoSerifDevanagari-Bold.ttf
:: + test -f /project/prime/usr/share/fonts/truetype/noto/NotoSerifDevanagari-Bold.ttf
:: + cmp -s /project/prime/share/busymark/fonts/NotoSerifDevanagari-Bold.ttf /project/prime/usr/share/fonts/truetype/noto/NotoSerifDevanagari-Bold.ttf
:: + for bundled_font in "/project/prime/share/busymark/fonts"/Noto*.ttf
:: + staged_font=/project/prime/usr/share/fonts/truetype/noto/NotoSerifDevanagari-Regular.ttf
:: + test -f /project/prime/usr/share/fonts/truetype/noto/NotoSerifDevanagari-Regular.ttf
:: + cmp -s /project/prime/share/busymark/fonts/NotoSerifDevanagari-Regular.ttf /project/prime/usr/share/fonts/truetype/noto/NotoSerifDevanagari-Regular.ttf
:: + for bundled_font in "/project/prime/share/busymark/fonts"/Noto*.ttf
:: + staged_font=/project/prime/usr/share/fonts/truetype/noto/NotoSerifDisplay-Bold.ttf
:: + test -f /project/prime/usr/share/fonts/truetype/noto/NotoSerifDisplay-Bold.ttf
:: + cmp -s /project/prime/share/busymark/fonts/NotoSerifDisplay-Bold.ttf /project/prime/usr/share/fonts/truetype/noto/NotoSerifDisplay-Bold.ttf
:: + for bundled_font in "/project/prime/share/busymark/fonts"/Noto*.ttf
:: + staged_font=/project/prime/usr/share/fonts/truetype/noto/NotoSerifDisplay-BoldItalic.ttf
:: + test -f /project/prime/usr/share/fonts/truetype/noto/NotoSerifDisplay-BoldItalic.ttf
:: + cmp -s /project/prime/share/busymark/fonts/NotoSerifDisplay-BoldItalic.ttf /project/prime/usr/share/fonts/truetype/noto/NotoSerifDisplay-BoldItalic.ttf
:: + for bundled_font in "/project/prime/share/busymark/fonts"/Noto*.ttf
:: + staged_font=/project/prime/usr/share/fonts/truetype/noto/NotoSerifDisplay-Italic.ttf
:: + test -f /project/prime/usr/share/fonts/truetype/noto/NotoSerifDisplay-Italic.ttf
:: + cmp -s /project/prime/share/busymark/fonts/NotoSerifDisplay-Italic.ttf /project/prime/usr/share/fonts/truetype/noto/NotoSerifDisplay-Italic.ttf
:: + for bundled_font in "/project/prime/share/busymark/fonts"/Noto*.ttf
:: + staged_font=/project/prime/usr/share/fonts/truetype/noto/NotoSerifDisplay-Regular.ttf
:: + test -f /project/prime/usr/share/fonts/truetype/noto/NotoSerifDisplay-Regular.ttf
:: + cmp -s /project/prime/share/busymark/fonts/NotoSerifDisplay-Regular.ttf /project/prime/usr/share/fonts/truetype/noto/NotoSerifDisplay-Regular.ttf
:: + for bundled_font in "/project/prime/share/busymark/fonts"/Noto*.ttf
:: + staged_font=/project/prime/usr/share/fonts/truetype/noto/NotoSerifDogra-Regular.ttf
:: + test -f /project/prime/usr/share/fonts/truetype/noto/NotoSerifDogra-Regular.ttf
:: + cmp -s /project/prime/share/busymark/fonts/NotoSerifDogra-Regular.ttf /project/prime/usr/share/fonts/truetype/noto/NotoSerifDogra-Regular.ttf
:: + for bundled_font in "/project/prime/share/busymark/fonts"/Noto*.ttf
:: + staged_font=/project/prime/usr/share/fonts/truetype/noto/NotoSerifEthiopic-Bold.ttf
:: + test -f /project/prime/usr/share/fonts/truetype/noto/NotoSerifEthiopic-Bold.ttf
:: + cmp -s /project/prime/share/busymark/fonts/NotoSerifEthiopic-Bold.ttf /project/prime/usr/share/fonts/truetype/noto/NotoSerifEthiopic-Bold.ttf
:: + for bundled_font in "/project/prime/share/busymark/fonts"/Noto*.ttf
:: + staged_font=/project/prime/usr/share/fonts/truetype/noto/NotoSerifEthiopic-Regular.ttf
:: + test -f /project/prime/usr/share/fonts/truetype/noto/NotoSerifEthiopic-Regular.ttf
:: + cmp -s /project/prime/share/busymark/fonts/NotoSerifEthiopic-Regular.ttf /project/prime/usr/share/fonts/truetype/noto/NotoSerifEthiopic-Regular.ttf
:: + for bundled_font in "/project/prime/share/busymark/fonts"/Noto*.ttf
:: + staged_font=/project/prime/usr/share/fonts/truetype/noto/NotoSerifGeorgian-Bold.ttf
:: + test -f /project/prime/usr/share/fonts/truetype/noto/NotoSerifGeorgian-Bold.ttf
:: + cmp -s /project/prime/share/busymark/fonts/NotoSerifGeorgian-Bold.ttf /project/prime/usr/share/fonts/truetype/noto/NotoSerifGeorgian-Bold.ttf
:: + for bundled_font in "/project/prime/share/busymark/fonts"/Noto*.ttf
:: + staged_font=/project/prime/usr/share/fonts/truetype/noto/NotoSerifGeorgian-Regular.ttf
:: + test -f /project/prime/usr/share/fonts/truetype/noto/NotoSerifGeorgian-Regular.ttf
:: + cmp -s /project/prime/share/busymark/fonts/NotoSerifGeorgian-Regular.ttf /project/prime/usr/share/fonts/truetype/noto/NotoSerifGeorgian-Regular.ttf
:: + for bundled_font in "/project/prime/share/busymark/fonts"/Noto*.ttf
:: + staged_font=/project/prime/usr/share/fonts/truetype/noto/NotoSerifGrantha-Regular.ttf
:: + test -f /project/prime/usr/share/fonts/truetype/noto/NotoSerifGrantha-Regular.ttf
:: + cmp -s /project/prime/share/busymark/fonts/NotoSerifGrantha-Regular.ttf /project/prime/usr/share/fonts/truetype/noto/NotoSerifGrantha-Regular.ttf
:: + for bundled_font in "/project/prime/share/busymark/fonts"/Noto*.ttf
:: + staged_font=/project/prime/usr/share/fonts/truetype/noto/NotoSerifGujarati-Bold.ttf
:: + test -f /project/prime/usr/share/fonts/truetype/noto/NotoSerifGujarati-Bold.ttf
:: + cmp -s /project/prime/share/busymark/fonts/NotoSerifGujarati-Bold.ttf /project/prime/usr/share/fonts/truetype/noto/NotoSerifGujarati-Bold.ttf
:: + for bundled_font in "/project/prime/share/busymark/fonts"/Noto*.ttf
:: + staged_font=/project/prime/usr/share/fonts/truetype/noto/NotoSerifGujarati-Regular.ttf
:: + test -f /project/prime/usr/share/fonts/truetype/noto/NotoSerifGujarati-Regular.ttf
:: + cmp -s /project/prime/share/busymark/fonts/NotoSerifGujarati-Regular.ttf /project/prime/usr/share/fonts/truetype/noto/NotoSerifGujarati-Regular.ttf
:: + for bundled_font in "/project/prime/share/busymark/fonts"/Noto*.ttf
:: + staged_font=/project/prime/usr/share/fonts/truetype/noto/NotoSerifGurmukhi-Bold.ttf
:: + test -f /project/prime/usr/share/fonts/truetype/noto/NotoSerifGurmukhi-Bold.ttf
:: + cmp -s /project/prime/share/busymark/fonts/NotoSerifGurmukhi-Bold.ttf /project/prime/usr/share/fonts/truetype/noto/NotoSerifGurmukhi-Bold.ttf
:: + for bundled_font in "/project/prime/share/busymark/fonts"/Noto*.ttf
:: + staged_font=/project/prime/usr/share/fonts/truetype/noto/NotoSerifGurmukhi-Regular.ttf
:: + test -f /project/prime/usr/share/fonts/truetype/noto/NotoSerifGurmukhi-Regular.ttf
:: + cmp -s /project/prime/share/busymark/fonts/NotoSerifGurmukhi-Regular.ttf /project/prime/usr/share/fonts/truetype/noto/NotoSerifGurmukhi-Regular.ttf
:: + for bundled_font in "/project/prime/share/busymark/fonts"/Noto*.ttf
:: + staged_font=/project/prime/usr/share/fonts/truetype/noto/NotoSerifHebrew-Bold.ttf
:: + test -f /project/prime/usr/share/fonts/truetype/noto/NotoSerifHebrew-Bold.ttf
:: + cmp -s /project/prime/share/busymark/fonts/NotoSerifHebrew-Bold.ttf /project/prime/usr/share/fonts/truetype/noto/NotoSerifHebrew-Bold.ttf
:: + for bundled_font in "/project/prime/share/busymark/fonts"/Noto*.ttf
:: + staged_font=/project/prime/usr/share/fonts/truetype/noto/NotoSerifHebrew-Regular.ttf
:: + test -f /project/prime/usr/share/fonts/truetype/noto/NotoSerifHebrew-Regular.ttf
:: + cmp -s /project/prime/share/busymark/fonts/NotoSerifHebrew-Regular.ttf /project/prime/usr/share/fonts/truetype/noto/NotoSerifHebrew-Regular.ttf
:: + for bundled_font in "/project/prime/share/busymark/fonts"/Noto*.ttf
:: + staged_font=/project/prime/usr/share/fonts/truetype/noto/NotoSerifKannada-Bold.ttf
:: + test -f /project/prime/usr/share/fonts/truetype/noto/NotoSerifKannada-Bold.ttf
:: + cmp -s /project/prime/share/busymark/fonts/NotoSerifKannada-Bold.ttf /project/prime/usr/share/fonts/truetype/noto/NotoSerifKannada-Bold.ttf
:: + for bundled_font in "/project/prime/share/busymark/fonts"/Noto*.ttf
:: + staged_font=/project/prime/usr/share/fonts/truetype/noto/NotoSerifKannada-Regular.ttf
:: + test -f /project/prime/usr/share/fonts/truetype/noto/NotoSerifKannada-Regular.ttf
:: + cmp -s /project/prime/share/busymark/fonts/NotoSerifKannada-Regular.ttf /project/prime/usr/share/fonts/truetype/noto/NotoSerifKannada-Regular.ttf
:: + for bundled_font in "/project/prime/share/busymark/fonts"/Noto*.ttf
:: + staged_font=/project/prime/usr/share/fonts/truetype/noto/NotoSerifKhmer-Bold.ttf
:: + test -f /project/prime/usr/share/fonts/truetype/noto/NotoSerifKhmer-Bold.ttf
:: + cmp -s /project/prime/share/busymark/fonts/NotoSerifKhmer-Bold.ttf /project/prime/usr/share/fonts/truetype/noto/NotoSerifKhmer-Bold.ttf
:: + for bundled_font in "/project/prime/share/busymark/fonts"/Noto*.ttf
:: + staged_font=/project/prime/usr/share/fonts/truetype/noto/NotoSerifKhmer-Regular.ttf
:: + test -f /project/prime/usr/share/fonts/truetype/noto/NotoSerifKhmer-Regular.ttf
:: + cmp -s /project/prime/share/busymark/fonts/NotoSerifKhmer-Regular.ttf /project/prime/usr/share/fonts/truetype/noto/NotoSerifKhmer-Regular.ttf
:: + for bundled_font in "/project/prime/share/busymark/fonts"/Noto*.ttf
:: + staged_font=/project/prime/usr/share/fonts/truetype/noto/NotoSerifKhojki-Bold.ttf
:: + test -f /project/prime/usr/share/fonts/truetype/noto/NotoSerifKhojki-Bold.ttf
:: + cmp -s /project/prime/share/busymark/fonts/NotoSerifKhojki-Bold.ttf /project/prime/usr/share/fonts/truetype/noto/NotoSerifKhojki-Bold.ttf
:: + for bundled_font in "/project/prime/share/busymark/fonts"/Noto*.ttf
:: + staged_font=/project/prime/usr/share/fonts/truetype/noto/NotoSerifKhojki-Regular.ttf
:: + test -f /project/prime/usr/share/fonts/truetype/noto/NotoSerifKhojki-Regular.ttf
:: + cmp -s /project/prime/share/busymark/fonts/NotoSerifKhojki-Regular.ttf /project/prime/usr/share/fonts/truetype/noto/NotoSerifKhojki-Regular.ttf
:: + for bundled_font in "/project/prime/share/busymark/fonts"/Noto*.ttf
:: + staged_font=/project/prime/usr/share/fonts/truetype/noto/NotoSerifLao-Bold.ttf
:: + test -f /project/prime/usr/share/fonts/truetype/noto/NotoSerifLao-Bold.ttf
:: + cmp -s /project/prime/share/busymark/fonts/NotoSerifLao-Bold.ttf /project/prime/usr/share/fonts/truetype/noto/NotoSerifLao-Bold.ttf
:: + for bundled_font in "/project/prime/share/busymark/fonts"/Noto*.ttf
:: + staged_font=/project/prime/usr/share/fonts/truetype/noto/NotoSerifLao-Regular.ttf
:: + test -f /project/prime/usr/share/fonts/truetype/noto/NotoSerifLao-Regular.ttf
:: + cmp -s /project/prime/share/busymark/fonts/NotoSerifLao-Regular.ttf /project/prime/usr/share/fonts/truetype/noto/NotoSerifLao-Regular.ttf
:: + for bundled_font in "/project/prime/share/busymark/fonts"/Noto*.ttf
:: + staged_font=/project/prime/usr/share/fonts/truetype/noto/NotoSerifMalayalam-Bold.ttf
:: + test -f /project/prime/usr/share/fonts/truetype/noto/NotoSerifMalayalam-Bold.ttf
:: + cmp -s /project/prime/share/busymark/fonts/NotoSerifMalayalam-Bold.ttf /project/prime/usr/share/fonts/truetype/noto/NotoSerifMalayalam-Bold.ttf
:: + for bundled_font in "/project/prime/share/busymark/fonts"/Noto*.ttf
:: + staged_font=/project/prime/usr/share/fonts/truetype/noto/NotoSerifMalayalam-Regular.ttf
:: + test -f /project/prime/usr/share/fonts/truetype/noto/NotoSerifMalayalam-Regular.ttf
:: + cmp -s /project/prime/share/busymark/fonts/NotoSerifMalayalam-Regular.ttf /project/prime/usr/share/fonts/truetype/noto/NotoSerifMalayalam-Regular.ttf
:: + for bundled_font in "/project/prime/share/busymark/fonts"/Noto*.ttf
:: + staged_font=/project/prime/usr/share/fonts/truetype/noto/NotoSerifMyanmar-Bold.ttf
:: + test -f /project/prime/usr/share/fonts/truetype/noto/NotoSerifMyanmar-Bold.ttf
:: + cmp -s /project/prime/share/busymark/fonts/NotoSerifMyanmar-Bold.ttf /project/prime/usr/share/fonts/truetype/noto/NotoSerifMyanmar-Bold.ttf
:: + for bundled_font in "/project/prime/share/busymark/fonts"/Noto*.ttf
:: + staged_font=/project/prime/usr/share/fonts/truetype/noto/NotoSerifMyanmar-Regular.ttf
:: + test -f /project/prime/usr/share/fonts/truetype/noto/NotoSerifMyanmar-Regular.ttf
:: + cmp -s /project/prime/share/busymark/fonts/NotoSerifMyanmar-Regular.ttf /project/prime/usr/share/fonts/truetype/noto/NotoSerifMyanmar-Regular.ttf
:: + for bundled_font in "/project/prime/share/busymark/fonts"/Noto*.ttf
:: + staged_font=/project/prime/usr/share/fonts/truetype/noto/NotoSerifNyiakengPuachueHmong-Bold.ttf
:: + test -f /project/prime/usr/share/fonts/truetype/noto/NotoSerifNyiakengPuachueHmong-Bold.ttf
:: + cmp -s /project/prime/share/busymark/fonts/NotoSerifNyiakengPuachueHmong-Bold.ttf /project/prime/usr/share/fonts/truetype/noto/NotoSerifNyiakengPuachueHmong-Bold.ttf
:: + for bundled_font in "/project/prime/share/busymark/fonts"/Noto*.ttf
:: + staged_font=/project/prime/usr/share/fonts/truetype/noto/NotoSerifNyiakengPuachueHmong-Regular.ttf
:: + test -f /project/prime/usr/share/fonts/truetype/noto/NotoSerifNyiakengPuachueHmong-Regular.ttf
:: + cmp -s /project/prime/share/busymark/fonts/NotoSerifNyiakengPuachueHmong-Regular.ttf /project/prime/usr/share/fonts/truetype/noto/NotoSerifNyiakengPuachueHmong-Regular.ttf
:: + for bundled_font in "/project/prime/share/busymark/fonts"/Noto*.ttf
:: + staged_font=/project/prime/usr/share/fonts/truetype/noto/NotoSerifSinhala-Bold.ttf
:: + test -f /project/prime/usr/share/fonts/truetype/noto/NotoSerifSinhala-Bold.ttf
:: + cmp -s /project/prime/share/busymark/fonts/NotoSerifSinhala-Bold.ttf /project/prime/usr/share/fonts/truetype/noto/NotoSerifSinhala-Bold.ttf
:: + for bundled_font in "/project/prime/share/busymark/fonts"/Noto*.ttf
:: + staged_font=/project/prime/usr/share/fonts/truetype/noto/NotoSerifSinhala-Regular.ttf
:: + test -f /project/prime/usr/share/fonts/truetype/noto/NotoSerifSinhala-Regular.ttf
:: + cmp -s /project/prime/share/busymark/fonts/NotoSerifSinhala-Regular.ttf /project/prime/usr/share/fonts/truetype/noto/NotoSerifSinhala-Regular.ttf
:: + for bundled_font in "/project/prime/share/busymark/fonts"/Noto*.ttf
:: + staged_font=/project/prime/usr/share/fonts/truetype/noto/NotoSerifTamil-Bold.ttf
:: + test -f /project/prime/usr/share/fonts/truetype/noto/NotoSerifTamil-Bold.ttf
:: + cmp -s /project/prime/share/busymark/fonts/NotoSerifTamil-Bold.ttf /project/prime/usr/share/fonts/truetype/noto/NotoSerifTamil-Bold.ttf
:: + for bundled_font in "/project/prime/share/busymark/fonts"/Noto*.ttf
:: + staged_font=/project/prime/usr/share/fonts/truetype/noto/NotoSerifTamil-Regular.ttf
:: + test -f /project/prime/usr/share/fonts/truetype/noto/NotoSerifTamil-Regular.ttf
:: + cmp -s /project/prime/share/busymark/fonts/NotoSerifTamil-Regular.ttf /project/prime/usr/share/fonts/truetype/noto/NotoSerifTamil-Regular.ttf
:: + for bundled_font in "/project/prime/share/busymark/fonts"/Noto*.ttf
:: + staged_font=/project/prime/usr/share/fonts/truetype/noto/NotoSerifTamilSlanted-Bold.ttf
:: + test -f /project/prime/usr/share/fonts/truetype/noto/NotoSerifTamilSlanted-Bold.ttf
:: + cmp -s /project/prime/share/busymark/fonts/NotoSerifTamilSlanted-Bold.ttf /project/prime/usr/share/fonts/truetype/noto/NotoSerifTamilSlanted-Bold.ttf
:: + for bundled_font in "/project/prime/share/busymark/fonts"/Noto*.ttf
:: + staged_font=/project/prime/usr/share/fonts/truetype/noto/NotoSerifTamilSlanted-Regular.ttf
:: + test -f /project/prime/usr/share/fonts/truetype/noto/NotoSerifTamilSlanted-Regular.ttf
:: + cmp -s /project/prime/share/busymark/fonts/NotoSerifTamilSlanted-Regular.ttf /project/prime/usr/share/fonts/truetype/noto/NotoSerifTamilSlanted-Regular.ttf
:: + for bundled_font in "/project/prime/share/busymark/fonts"/Noto*.ttf
:: + staged_font=/project/prime/usr/share/fonts/truetype/noto/NotoSerifTangut-Regular.ttf
:: + test -f /project/prime/usr/share/fonts/truetype/noto/NotoSerifTangut-Regular.ttf
:: + cmp -s /project/prime/share/busymark/fonts/NotoSerifTangut-Regular.ttf /project/prime/usr/share/fonts/truetype/noto/NotoSerifTangut-Regular.ttf
:: + for bundled_font in "/project/prime/share/busymark/fonts"/Noto*.ttf
:: + staged_font=/project/prime/usr/share/fonts/truetype/noto/NotoSerifTelugu-Bold.ttf
:: + test -f /project/prime/usr/share/fonts/truetype/noto/NotoSerifTelugu-Bold.ttf
:: + cmp -s /project/prime/share/busymark/fonts/NotoSerifTelugu-Bold.ttf /project/prime/usr/share/fonts/truetype/noto/NotoSerifTelugu-Bold.ttf
:: + for bundled_font in "/project/prime/share/busymark/fonts"/Noto*.ttf
:: + staged_font=/project/prime/usr/share/fonts/truetype/noto/NotoSerifTelugu-Regular.ttf
:: + test -f /project/prime/usr/share/fonts/truetype/noto/NotoSerifTelugu-Regular.ttf
:: + cmp -s /project/prime/share/busymark/fonts/NotoSerifTelugu-Regular.ttf /project/prime/usr/share/fonts/truetype/noto/NotoSerifTelugu-Regular.ttf
:: + for bundled_font in "/project/prime/share/busymark/fonts"/Noto*.ttf
:: + staged_font=/project/prime/usr/share/fonts/truetype/noto/NotoSerifThai-Bold.ttf
:: + test -f /project/prime/usr/share/fonts/truetype/noto/NotoSerifThai-Bold.ttf
:: + cmp -s /project/prime/share/busymark/fonts/NotoSerifThai-Bold.ttf /project/prime/usr/share/fonts/truetype/noto/NotoSerifThai-Bold.ttf
:: + for bundled_font in "/project/prime/share/busymark/fonts"/Noto*.ttf
:: + staged_font=/project/prime/usr/share/fonts/truetype/noto/NotoSerifThai-Regular.ttf
:: + test -f /project/prime/usr/share/fonts/truetype/noto/NotoSerifThai-Regular.ttf
:: + cmp -s /project/prime/share/busymark/fonts/NotoSerifThai-Regular.ttf /project/prime/usr/share/fonts/truetype/noto/NotoSerifThai-Regular.ttf
:: + for bundled_font in "/project/prime/share/busymark/fonts"/Noto*.ttf
:: + staged_font=/project/prime/usr/share/fonts/truetype/noto/NotoSerifTibetan-Bold.ttf
:: + test -f /project/prime/usr/share/fonts/truetype/noto/NotoSerifTibetan-Bold.ttf
:: + cmp -s /project/prime/share/busymark/fonts/NotoSerifTibetan-Bold.ttf /project/prime/usr/share/fonts/truetype/noto/NotoSerifTibetan-Bold.ttf
:: + for bundled_font in "/project/prime/share/busymark/fonts"/Noto*.ttf
:: + staged_font=/project/prime/usr/share/fonts/truetype/noto/NotoSerifTibetan-Regular.ttf
:: + test -f /project/prime/usr/share/fonts/truetype/noto/NotoSerifTibetan-Regular.ttf
:: + cmp -s /project/prime/share/busymark/fonts/NotoSerifTibetan-Regular.ttf /project/prime/usr/share/fonts/truetype/noto/NotoSerifTibetan-Regular.ttf
:: + for bundled_font in "/project/prime/share/busymark/fonts"/Noto*.ttf
:: + staged_font=/project/prime/usr/share/fonts/truetype/noto/NotoSerifYezidi-Bold.ttf
:: + test -f /project/prime/usr/share/fonts/truetype/noto/NotoSerifYezidi-Bold.ttf
:: + cmp -s /project/prime/share/busymark/fonts/NotoSerifYezidi-Bold.ttf /project/prime/usr/share/fonts/truetype/noto/NotoSerifYezidi-Bold.ttf
:: + for bundled_font in "/project/prime/share/busymark/fonts"/Noto*.ttf
:: + staged_font=/project/prime/usr/share/fonts/truetype/noto/NotoSerifYezidi-Regular.ttf
:: + test -f /project/prime/usr/share/fonts/truetype/noto/NotoSerifYezidi-Regular.ttf
:: + cmp -s /project/prime/share/busymark/fonts/NotoSerifYezidi-Regular.ttf /project/prime/usr/share/fonts/truetype/noto/NotoSerifYezidi-Regular.ttf
:: + for bundled_font in "/project/prime/share/busymark/fonts"/Noto*.ttf
:: + staged_font=/project/prime/usr/share/fonts/truetype/noto/NotoTraditionalNushu-Regular.ttf
:: + test -f /project/prime/usr/share/fonts/truetype/noto/NotoTraditionalNushu-Regular.ttf
:: + cmp -s /project/prime/share/busymark/fonts/NotoTraditionalNushu-Regular.ttf /project/prime/usr/share/fonts/truetype/noto/NotoTraditionalNushu-Regular.ttf
:: + rm -rf /project/prime/share/busymark/fonts
:: + ln -s ../../usr/share/fonts/truetype/noto /project/prime/share/busymark/fonts
:: + mkdir -p /project/prime/share/themes /project/prime/share/icons
:: + for resource_kind in themes icons
:: + for staged_resource in "/project/prime/usr/share/$resource_kind"/Yaru*
:: + test -e /project/prime/usr/share/themes/Yaru
:: + resource_name=Yaru
:: + linked_resource=/project/prime/share/themes/Yaru
:: + rm -rf /project/prime/share/themes/Yaru
:: + ln -s ../../usr/share/themes/Yaru /project/prime/share/themes/Yaru
:: + for staged_resource in "/project/prime/usr/share/$resource_kind"/Yaru*
:: + test -e /project/prime/usr/share/themes/Yaru-bark
:: + resource_name=Yaru-bark
:: + linked_resource=/project/prime/share/themes/Yaru-bark
:: + rm -rf /project/prime/share/themes/Yaru-bark
:: + ln -s ../../usr/share/themes/Yaru-bark /project/prime/share/themes/Yaru-bark
:: + for staged_resource in "/project/prime/usr/share/$resource_kind"/Yaru*
:: + test -e /project/prime/usr/share/themes/Yaru-bark-dark
:: + resource_name=Yaru-bark-dark
:: + linked_resource=/project/prime/share/themes/Yaru-bark-dark
:: + rm -rf /project/prime/share/themes/Yaru-bark-dark
:: + ln -s ../../usr/share/themes/Yaru-bark-dark /project/prime/share/themes/Yaru-bark-dark
:: + for staged_resource in "/project/prime/usr/share/$resource_kind"/Yaru*
:: + test -e /project/prime/usr/share/themes/Yaru-blue
:: + resource_name=Yaru-blue
:: + linked_resource=/project/prime/share/themes/Yaru-blue
:: + rm -rf /project/prime/share/themes/Yaru-blue
:: + ln -s ../../usr/share/themes/Yaru-blue /project/prime/share/themes/Yaru-blue
:: + for staged_resource in "/project/prime/usr/share/$resource_kind"/Yaru*
:: + test -e /project/prime/usr/share/themes/Yaru-blue-dark
:: + resource_name=Yaru-blue-dark
:: + linked_resource=/project/prime/share/themes/Yaru-blue-dark
:: + rm -rf /project/prime/share/themes/Yaru-blue-dark
:: + ln -s ../../usr/share/themes/Yaru-blue-dark /project/prime/share/themes/Yaru-blue-dark
:: + for staged_resource in "/project/prime/usr/share/$resource_kind"/Yaru*
:: + test -e /project/prime/usr/share/themes/Yaru-dark
:: + resource_name=Yaru-dark
:: + linked_resource=/project/prime/share/themes/Yaru-dark
:: + rm -rf /project/prime/share/themes/Yaru-dark
:: + ln -s ../../usr/share/themes/Yaru-dark /project/prime/share/themes/Yaru-dark
:: + for staged_resource in "/project/prime/usr/share/$resource_kind"/Yaru*
:: + test -e /project/prime/usr/share/themes/Yaru-dark-hdpi
:: + resource_name=Yaru-dark-hdpi
:: + linked_resource=/project/prime/share/themes/Yaru-dark-hdpi
:: + rm -rf /project/prime/share/themes/Yaru-dark-hdpi
:: + ln -s ../../usr/share/themes/Yaru-dark-hdpi /project/prime/share/themes/Yaru-dark-hdpi
:: + for staged_resource in "/project/prime/usr/share/$resource_kind"/Yaru*
:: + test -e /project/prime/usr/share/themes/Yaru-dark-xhdpi
:: + resource_name=Yaru-dark-xhdpi
:: + linked_resource=/project/prime/share/themes/Yaru-dark-xhdpi
:: + rm -rf /project/prime/share/themes/Yaru-dark-xhdpi
:: + ln -s ../../usr/share/themes/Yaru-dark-xhdpi /project/prime/share/themes/Yaru-dark-xhdpi
:: + for staged_resource in "/project/prime/usr/share/$resource_kind"/Yaru*
:: + test -e /project/prime/usr/share/themes/Yaru-hdpi
:: + resource_name=Yaru-hdpi
:: + linked_resource=/project/prime/share/themes/Yaru-hdpi
:: + rm -rf /project/prime/share/themes/Yaru-hdpi
:: + ln -s ../../usr/share/themes/Yaru-hdpi /project/prime/share/themes/Yaru-hdpi
:: + for staged_resource in "/project/prime/usr/share/$resource_kind"/Yaru*
:: + test -e /project/prime/usr/share/themes/Yaru-magenta
:: + resource_name=Yaru-magenta
:: + linked_resource=/project/prime/share/themes/Yaru-magenta
:: + rm -rf /project/prime/share/themes/Yaru-magenta
:: + ln -s ../../usr/share/themes/Yaru-magenta /project/prime/share/themes/Yaru-magenta
:: + for staged_resource in "/project/prime/usr/share/$resource_kind"/Yaru*
:: + test -e /project/prime/usr/share/themes/Yaru-magenta-dark
:: + resource_name=Yaru-magenta-dark
:: + linked_resource=/project/prime/share/themes/Yaru-magenta-dark
:: + rm -rf /project/prime/share/themes/Yaru-magenta-dark
:: + ln -s ../../usr/share/themes/Yaru-magenta-dark /project/prime/share/themes/Yaru-magenta-dark
:: + for staged_resource in "/project/prime/usr/share/$resource_kind"/Yaru*
:: + test -e /project/prime/usr/share/themes/Yaru-olive
:: + resource_name=Yaru-olive
:: + linked_resource=/project/prime/share/themes/Yaru-olive
:: + rm -rf /project/prime/share/themes/Yaru-olive
:: + ln -s ../../usr/share/themes/Yaru-olive /project/prime/share/themes/Yaru-olive
:: + for staged_resource in "/project/prime/usr/share/$resource_kind"/Yaru*
:: + test -e /project/prime/usr/share/themes/Yaru-olive-dark
:: + resource_name=Yaru-olive-dark
:: + linked_resource=/project/prime/share/themes/Yaru-olive-dark
:: + rm -rf /project/prime/share/themes/Yaru-olive-dark
:: + ln -s ../../usr/share/themes/Yaru-olive-dark /project/prime/share/themes/Yaru-olive-dark
:: + for staged_resource in "/project/prime/usr/share/$resource_kind"/Yaru*
:: + test -e /project/prime/usr/share/themes/Yaru-prussiangreen
:: + resource_name=Yaru-prussiangreen
:: + linked_resource=/project/prime/share/themes/Yaru-prussiangreen
:: + rm -rf /project/prime/share/themes/Yaru-prussiangreen
:: + ln -s ../../usr/share/themes/Yaru-prussiangreen /project/prime/share/themes/Yaru-prussiangreen
:: + for staged_resource in "/project/prime/usr/share/$resource_kind"/Yaru*
:: + test -e /project/prime/usr/share/themes/Yaru-prussiangreen-dark
:: + resource_name=Yaru-prussiangreen-dark
:: + linked_resource=/project/prime/share/themes/Yaru-prussiangreen-dark
:: + rm -rf /project/prime/share/themes/Yaru-prussiangreen-dark
:: + ln -s ../../usr/share/themes/Yaru-prussiangreen-dark /project/prime/share/themes/Yaru-prussiangreen-dark
:: + for staged_resource in "/project/prime/usr/share/$resource_kind"/Yaru*
:: + test -e /project/prime/usr/share/themes/Yaru-purple
:: + resource_name=Yaru-purple
:: + linked_resource=/project/prime/share/themes/Yaru-purple
:: + rm -rf /project/prime/share/themes/Yaru-purple
:: + ln -s ../../usr/share/themes/Yaru-purple /project/prime/share/themes/Yaru-purple
:: + for staged_resource in "/project/prime/usr/share/$resource_kind"/Yaru*
:: + test -e /project/prime/usr/share/themes/Yaru-purple-dark
:: + resource_name=Yaru-purple-dark
:: + linked_resource=/project/prime/share/themes/Yaru-purple-dark
:: + rm -rf /project/prime/share/themes/Yaru-purple-dark
:: + ln -s ../../usr/share/themes/Yaru-purple-dark /project/prime/share/themes/Yaru-purple-dark
:: + for staged_resource in "/project/prime/usr/share/$resource_kind"/Yaru*
:: + test -e /project/prime/usr/share/themes/Yaru-red
:: + resource_name=Yaru-red
:: + linked_resource=/project/prime/share/themes/Yaru-red
:: + rm -rf /project/prime/share/themes/Yaru-red
:: + ln -s ../../usr/share/themes/Yaru-red /project/prime/share/themes/Yaru-red
:: + for staged_resource in "/project/prime/usr/share/$resource_kind"/Yaru*
:: + test -e /project/prime/usr/share/themes/Yaru-red-dark
:: + resource_name=Yaru-red-dark
:: + linked_resource=/project/prime/share/themes/Yaru-red-dark
:: + rm -rf /project/prime/share/themes/Yaru-red-dark
:: + ln -s ../../usr/share/themes/Yaru-red-dark /project/prime/share/themes/Yaru-red-dark
:: + for staged_resource in "/project/prime/usr/share/$resource_kind"/Yaru*
:: + test -e /project/prime/usr/share/themes/Yaru-sage
:: + resource_name=Yaru-sage
:: + linked_resource=/project/prime/share/themes/Yaru-sage
:: + rm -rf /project/prime/share/themes/Yaru-sage
:: + ln -s ../../usr/share/themes/Yaru-sage /project/prime/share/themes/Yaru-sage
:: + for staged_resource in "/project/prime/usr/share/$resource_kind"/Yaru*
:: + test -e /project/prime/usr/share/themes/Yaru-sage-dark
:: + resource_name=Yaru-sage-dark
:: + linked_resource=/project/prime/share/themes/Yaru-sage-dark
:: + rm -rf /project/prime/share/themes/Yaru-sage-dark
:: + ln -s ../../usr/share/themes/Yaru-sage-dark /project/prime/share/themes/Yaru-sage-dark
:: + for staged_resource in "/project/prime/usr/share/$resource_kind"/Yaru*
:: + test -e /project/prime/usr/share/themes/Yaru-viridian
:: + resource_name=Yaru-viridian
:: + linked_resource=/project/prime/share/themes/Yaru-viridian
:: + rm -rf /project/prime/share/themes/Yaru-viridian
:: + ln -s ../../usr/share/themes/Yaru-viridian /project/prime/share/themes/Yaru-viridian
:: + for staged_resource in "/project/prime/usr/share/$resource_kind"/Yaru*
:: + test -e /project/prime/usr/share/themes/Yaru-viridian-dark
:: + resource_name=Yaru-viridian-dark
:: + linked_resource=/project/prime/share/themes/Yaru-viridian-dark
:: + rm -rf /project/prime/share/themes/Yaru-viridian-dark
:: + ln -s ../../usr/share/themes/Yaru-viridian-dark /project/prime/share/themes/Yaru-viridian-dark
:: + for staged_resource in "/project/prime/usr/share/$resource_kind"/Yaru*
:: + test -e /project/prime/usr/share/themes/Yaru-xhdpi
:: + resource_name=Yaru-xhdpi
:: + linked_resource=/project/prime/share/themes/Yaru-xhdpi
:: + rm -rf /project/prime/share/themes/Yaru-xhdpi
:: + ln -s ../../usr/share/themes/Yaru-xhdpi /project/prime/share/themes/Yaru-xhdpi
:: + for resource_kind in themes icons
:: + for staged_resource in "/project/prime/usr/share/$resource_kind"/Yaru*
:: + test -e /project/prime/usr/share/icons/Yaru
:: + resource_name=Yaru
:: + linked_resource=/project/prime/share/icons/Yaru
:: + rm -rf /project/prime/share/icons/Yaru
:: + ln -s ../../usr/share/icons/Yaru /project/prime/share/icons/Yaru
:: + for staged_resource in "/project/prime/usr/share/$resource_kind"/Yaru*
:: + test -e /project/prime/usr/share/icons/Yaru-bark
:: + resource_name=Yaru-bark
:: + linked_resource=/project/prime/share/icons/Yaru-bark
:: + rm -rf /project/prime/share/icons/Yaru-bark
:: + ln -s ../../usr/share/icons/Yaru-bark /project/prime/share/icons/Yaru-bark
:: + for staged_resource in "/project/prime/usr/share/$resource_kind"/Yaru*
:: + test -e /project/prime/usr/share/icons/Yaru-bark-dark
:: + resource_name=Yaru-bark-dark
:: + linked_resource=/project/prime/share/icons/Yaru-bark-dark
:: + rm -rf /project/prime/share/icons/Yaru-bark-dark
:: + ln -s ../../usr/share/icons/Yaru-bark-dark /project/prime/share/icons/Yaru-bark-dark
:: + for staged_resource in "/project/prime/usr/share/$resource_kind"/Yaru*
:: + test -e /project/prime/usr/share/icons/Yaru-blue
:: + resource_name=Yaru-blue
:: + linked_resource=/project/prime/share/icons/Yaru-blue
:: + rm -rf /project/prime/share/icons/Yaru-blue
:: + ln -s ../../usr/share/icons/Yaru-blue /project/prime/share/icons/Yaru-blue
:: + for staged_resource in "/project/prime/usr/share/$resource_kind"/Yaru*
:: + test -e /project/prime/usr/share/icons/Yaru-blue-dark
:: + resource_name=Yaru-blue-dark
:: + linked_resource=/project/prime/share/icons/Yaru-blue-dark
:: + rm -rf /project/prime/share/icons/Yaru-blue-dark
:: + ln -s ../../usr/share/icons/Yaru-blue-dark /project/prime/share/icons/Yaru-blue-dark
:: + for staged_resource in "/project/prime/usr/share/$resource_kind"/Yaru*
:: + test -e /project/prime/usr/share/icons/Yaru-dark
:: + resource_name=Yaru-dark
:: + linked_resource=/project/prime/share/icons/Yaru-dark
:: + rm -rf /project/prime/share/icons/Yaru-dark
:: + ln -s ../../usr/share/icons/Yaru-dark /project/prime/share/icons/Yaru-dark
:: + for staged_resource in "/project/prime/usr/share/$resource_kind"/Yaru*
:: + test -e /project/prime/usr/share/icons/Yaru-magenta
:: + resource_name=Yaru-magenta
:: + linked_resource=/project/prime/share/icons/Yaru-magenta
:: + rm -rf /project/prime/share/icons/Yaru-magenta
:: + ln -s ../../usr/share/icons/Yaru-magenta /project/prime/share/icons/Yaru-magenta
:: + for staged_resource in "/project/prime/usr/share/$resource_kind"/Yaru*
:: + test -e /project/prime/usr/share/icons/Yaru-magenta-dark
:: + resource_name=Yaru-magenta-dark
:: + linked_resource=/project/prime/share/icons/Yaru-magenta-dark
:: + rm -rf /project/prime/share/icons/Yaru-magenta-dark
:: + ln -s ../../usr/share/icons/Yaru-magenta-dark /project/prime/share/icons/Yaru-magenta-dark
:: + for staged_resource in "/project/prime/usr/share/$resource_kind"/Yaru*
:: + test -e /project/prime/usr/share/icons/Yaru-olive
:: + resource_name=Yaru-olive
:: + linked_resource=/project/prime/share/icons/Yaru-olive
:: + rm -rf /project/prime/share/icons/Yaru-olive
:: + ln -s ../../usr/share/icons/Yaru-olive /project/prime/share/icons/Yaru-olive
:: + for staged_resource in "/project/prime/usr/share/$resource_kind"/Yaru*
:: + test -e /project/prime/usr/share/icons/Yaru-olive-dark
:: + resource_name=Yaru-olive-dark
:: + linked_resource=/project/prime/share/icons/Yaru-olive-dark
:: + rm -rf /project/prime/share/icons/Yaru-olive-dark
:: + ln -s ../../usr/share/icons/Yaru-olive-dark /project/prime/share/icons/Yaru-olive-dark
:: + for staged_resource in "/project/prime/usr/share/$resource_kind"/Yaru*
:: + test -e /project/prime/usr/share/icons/Yaru-prussiangreen
:: + resource_name=Yaru-prussiangreen
:: + linked_resource=/project/prime/share/icons/Yaru-prussiangreen
:: + rm -rf /project/prime/share/icons/Yaru-prussiangreen
:: + ln -s ../../usr/share/icons/Yaru-prussiangreen /project/prime/share/icons/Yaru-prussiangreen
:: + for staged_resource in "/project/prime/usr/share/$resource_kind"/Yaru*
:: + test -e /project/prime/usr/share/icons/Yaru-prussiangreen-dark
:: + resource_name=Yaru-prussiangreen-dark
:: + linked_resource=/project/prime/share/icons/Yaru-prussiangreen-dark
:: + rm -rf /project/prime/share/icons/Yaru-prussiangreen-dark
:: + ln -s ../../usr/share/icons/Yaru-prussiangreen-dark /project/prime/share/icons/Yaru-prussiangreen-dark
:: + for staged_resource in "/project/prime/usr/share/$resource_kind"/Yaru*
:: + test -e /project/prime/usr/share/icons/Yaru-purple
:: + resource_name=Yaru-purple
:: + linked_resource=/project/prime/share/icons/Yaru-purple
:: + rm -rf /project/prime/share/icons/Yaru-purple
:: + ln -s ../../usr/share/icons/Yaru-purple /project/prime/share/icons/Yaru-purple
:: + for staged_resource in "/project/prime/usr/share/$resource_kind"/Yaru*
:: + test -e /project/prime/usr/share/icons/Yaru-purple-dark
:: + resource_name=Yaru-purple-dark
:: + linked_resource=/project/prime/share/icons/Yaru-purple-dark
:: + rm -rf /project/prime/share/icons/Yaru-purple-dark
:: + ln -s ../../usr/share/icons/Yaru-purple-dark /project/prime/share/icons/Yaru-purple-dark
:: + for staged_resource in "/project/prime/usr/share/$resource_kind"/Yaru*
:: + test -e /project/prime/usr/share/icons/Yaru-red
:: + resource_name=Yaru-red
:: + linked_resource=/project/prime/share/icons/Yaru-red
:: + rm -rf /project/prime/share/icons/Yaru-red
:: + ln -s ../../usr/share/icons/Yaru-red /project/prime/share/icons/Yaru-red
:: + for staged_resource in "/project/prime/usr/share/$resource_kind"/Yaru*
:: + test -e /project/prime/usr/share/icons/Yaru-red-dark
:: + resource_name=Yaru-red-dark
:: + linked_resource=/project/prime/share/icons/Yaru-red-dark
:: + rm -rf /project/prime/share/icons/Yaru-red-dark
:: + ln -s ../../usr/share/icons/Yaru-red-dark /project/prime/share/icons/Yaru-red-dark
:: + for staged_resource in "/project/prime/usr/share/$resource_kind"/Yaru*
:: + test -e /project/prime/usr/share/icons/Yaru-sage
:: + resource_name=Yaru-sage
:: + linked_resource=/project/prime/share/icons/Yaru-sage
:: + rm -rf /project/prime/share/icons/Yaru-sage
:: + ln -s ../../usr/share/icons/Yaru-sage /project/prime/share/icons/Yaru-sage
:: + for staged_resource in "/project/prime/usr/share/$resource_kind"/Yaru*
:: + test -e /project/prime/usr/share/icons/Yaru-sage-dark
:: + resource_name=Yaru-sage-dark
:: + linked_resource=/project/prime/share/icons/Yaru-sage-dark
:: + rm -rf /project/prime/share/icons/Yaru-sage-dark
:: + ln -s ../../usr/share/icons/Yaru-sage-dark /project/prime/share/icons/Yaru-sage-dark
:: + for staged_resource in "/project/prime/usr/share/$resource_kind"/Yaru*
:: + test -e /project/prime/usr/share/icons/Yaru-viridian
:: + resource_name=Yaru-viridian
:: + linked_resource=/project/prime/share/icons/Yaru-viridian
:: + rm -rf /project/prime/share/icons/Yaru-viridian
:: + ln -s ../../usr/share/icons/Yaru-viridian /project/prime/share/icons/Yaru-viridian
:: + for staged_resource in "/project/prime/usr/share/$resource_kind"/Yaru*
:: + test -e /project/prime/usr/share/icons/Yaru-viridian-dark
:: + resource_name=Yaru-viridian-dark
:: + linked_resource=/project/prime/share/icons/Yaru-viridian-dark
:: + rm -rf /project/prime/share/icons/Yaru-viridian-dark
:: + ln -s ../../usr/share/icons/Yaru-viridian-dark /project/prime/share/icons/Yaru-viridian-dark
:: + install -Dm644 /project/linux/io.busystack.busymark.desktop /project/prime/share/applications/io.busystack.busymark.desktop
:: + install -Dm644 /project/assets/branding/busymark_logo.svg /project/prime/meta/gui/io.busystack.busymark.svg
:: + install -Dm644 /project/assets/branding/busymark_logo.svg /project/prime/meta/gui/icon.svg
:: + install -Dm644 /project/linux/io.busystack.busymark.metainfo.xml /project/prime/share/metainfo/io.busystack.busymark.metainfo.xml
:: + install -Dm644 /project/assets/branding/busymark_logo.svg /project/prime/share/icons/hicolor/scalable/apps/io.busystack.busymark.svg
Priming gnome/sdk
Packing...
Reading snap metadata...
Running linters...
Running linter: classic
Running linter: library
Lint warnings:
- library: libEGL_mesa.so.0: unused library 'usr/lib/x86_64-linux-gnu/libEGL_mesa.so.0.0.0'. (https://documentation.ubuntu.com/snapcraft/stable/how-to/debugging/use-the-library-linter)
- library: libGLX_mesa.so.0: unused library 'usr/lib/x86_64-linux-gnu/libGLX_mesa.so.0.0.0'. (https://documentation.ubuntu.com/snapcraft/stable/how-to/debugging/use-the-library-linter)
- library: libOpenEXRUtil-3_1.so.30: unused library 'usr/lib/x86_64-linux-gnu/libOpenEXRUtil-3_1.so.30.5.1'. (https://documentation.ubuntu.com/snapcraft/stable/how-to/debugging/use-the-library-linter)
- library: libSoundTouchDll.so.1: unused library 'usr/lib/x86_64-linux-gnu/libSoundTouchDll.so.1.0.0'. (https://documentation.ubuntu.com/snapcraft/stable/how-to/debugging/use-the-library-linter)
- library: libXtst.so.6: unused library 'usr/lib/x86_64-linux-gnu/libXtst.so.6.1.0'. (https://documentation.ubuntu.com/snapcraft/stable/how-to/debugging/use-the-library-linter)
- library: libaa.so.1: unused library 'usr/lib/x86_64-linux-gnu/libaa.so.1.0.4'. (https://documentation.ubuntu.com/snapcraft/stable/how-to/debugging/use-the-library-linter)
- library: libavc1394.so.0: unused library 'usr/lib/x86_64-linux-gnu/libavc1394.so.0.3.0'. (https://documentation.ubuntu.com/snapcraft/stable/how-to/debugging/use-the-library-linter)
- library: libcaca++.so.0: unused library 'usr/lib/x86_64-linux-gnu/libcaca++.so.0.99.20'. (https://documentation.ubuntu.com/snapcraft/stable/how-to/debugging/use-the-library-linter)
- library: libcdda_paranoia.so.0: unused library 'usr/lib/x86_64-linux-gnu/libcdda_paranoia.so.0.10.2'. (https://documentation.ubuntu.com/snapcraft/stable/how-to/debugging/use-the-library-linter)
- library: libcjson_utils.so.1: unused library 'usr/lib/x86_64-linux-gnu/libcjson_utils.so.1.7.17'. (https://documentation.ubuntu.com/snapcraft/stable/how-to/debugging/use-the-library-linter)
- library: libcolord.so.2: unused library 'usr/lib/x86_64-linux-gnu/libcolord.so.2.0.5'. (https://documentation.ubuntu.com/snapcraft/stable/how-to/debugging/use-the-library-linter)
- library: libcolordprivate.so.2: unused library 'usr/lib/x86_64-linux-gnu/libcolordprivate.so.2.0.5'. (https://documentation.ubuntu.com/snapcraft/stable/how-to/debugging/use-the-library-linter)
- library: libdconf.so.1: unused library 'usr/lib/x86_64-linux-gnu/libdconf.so.1.0.0'. (https://documentation.ubuntu.com/snapcraft/stable/how-to/debugging/use-the-library-linter)
- library: libdv.so.4: unused library 'usr/lib/x86_64-linux-gnu/libdv.so.4.0.3'. (https://documentation.ubuntu.com/snapcraft/stable/how-to/debugging/use-the-library-linter)
- library: libexslt.so.0: unused library 'usr/lib/x86_64-linux-gnu/libexslt.so.0.8.21'. (https://documentation.ubuntu.com/snapcraft/stable/how-to/debugging/use-the-library-linter)
- library: libfaad_drm.so.2: unused library 'usr/lib/x86_64-linux-gnu/libfaad_drm.so.2.11.1'. (https://documentation.ubuntu.com/snapcraft/stable/how-to/debugging/use-the-library-linter)
- library: libfftw3_omp.so.3: unused library 'usr/lib/x86_64-linux-gnu/libfftw3_omp.so.3.6.10'. (https://documentation.ubuntu.com/snapcraft/stable/how-to/debugging/use-the-library-linter)
- library: libfftw3_threads.so.3: unused library 'usr/lib/x86_64-linux-gnu/libfftw3_threads.so.3.6.10'. (https://documentation.ubuntu.com/snapcraft/stable/how-to/debugging/use-the-library-linter)
- library: libflite_cmu_grapheme_lang.so.1: unused library 'usr/lib/x86_64-linux-gnu/libflite_cmu_grapheme_lang.so.2.2'. (https://documentation.ubuntu.com/snapcraft/stable/how-to/debugging/use-the-library-linter)
- library: libflite_cmu_grapheme_lex.so.1: unused library 'usr/lib/x86_64-linux-gnu/libflite_cmu_grapheme_lex.so.2.2'. (https://documentation.ubuntu.com/snapcraft/stable/how-to/debugging/use-the-library-linter)
- library: libflite_cmu_indic_lex.so.1: unused library 'usr/lib/x86_64-linux-gnu/libflite_cmu_indic_lex.so.2.2'. (https://documentation.ubuntu.com/snapcraft/stable/how-to/debugging/use-the-library-linter)
- library: libflite_cmu_time_awb.so.1: unused library 'usr/lib/x86_64-linux-gnu/libflite_cmu_time_awb.so.2.2'. (https://documentation.ubuntu.com/snapcraft/stable/how-to/debugging/use-the-library-linter)
- library: libform.so.6: unused library 'usr/lib/x86_64-linux-gnu/libform.so.6.4'. (https://documentation.ubuntu.com/snapcraft/stable/how-to/debugging/use-the-library-linter)
- library: libfreebl3.so: unused library 'usr/lib/x86_64-linux-gnu/libfreebl3.so'. (https://documentation.ubuntu.com/snapcraft/stable/how-to/debugging/use-the-library-linter)
- library: libfreeblpriv3.so: unused library 'usr/lib/x86_64-linux-gnu/libfreeblpriv3.so'. (https://documentation.ubuntu.com/snapcraft/stable/how-to/debugging/use-the-library-linter)
- library: libgstdxva-1.0.so.0: unused library 'usr/lib/x86_64-linux-gnu/libgstdxva-1.0.so.0.2402.0'. (https://documentation.ubuntu.com/snapcraft/stable/how-to/debugging/use-the-library-linter)
- library: libgstplayer-1.0.so.0: unused library 'usr/lib/x86_64-linux-gnu/libgstplayer-1.0.so.0.2402.0'. (https://documentation.ubuntu.com/snapcraft/stable/how-to/debugging/use-the-library-linter)
- library: libgsttranscoder-1.0.so.0: unused library 'usr/lib/x86_64-linux-gnu/libgsttranscoder-1.0.so.0'. (https://documentation.ubuntu.com/snapcraft/stable/how-to/debugging/use-the-library-linter)
- library: libhwy_contrib.so.1: unused library 'usr/lib/x86_64-linux-gnu/libhwy_contrib.so.1.0.7'. (https://documentation.ubuntu.com/snapcraft/stable/how-to/debugging/use-the-library-linter)
- library: libhwy_test.so.1: unused library 'usr/lib/x86_64-linux-gnu/libhwy_test.so.1.0.7'. (https://documentation.ubuntu.com/snapcraft/stable/how-to/debugging/use-the-library-linter)
- library: libicuio.so.74: unused library 'usr/lib/x86_64-linux-gnu/libicuio.so.74.2'. (https://documentation.ubuntu.com/snapcraft/stable/how-to/debugging/use-the-library-linter)
- library: libicutest.so.74: unused library 'usr/lib/x86_64-linux-gnu/libicutest.so.74.2'. (https://documentation.ubuntu.com/snapcraft/stable/how-to/debugging/use-the-library-linter)
- library: libiec61883.so.0: unused library 'usr/lib/x86_64-linux-gnu/libiec61883.so.0.1.1'. (https://documentation.ubuntu.com/snapcraft/stable/how-to/debugging/use-the-library-linter)
- library: libjacknet.so.0: unused library 'usr/lib/x86_64-linux-gnu/libjacknet.so.0.1.0'. (https://documentation.ubuntu.com/snapcraft/stable/how-to/debugging/use-the-library-linter)
- library: libjackserver.so.0: unused library 'usr/lib/x86_64-linux-gnu/libjackserver.so.0.1.0'. (https://documentation.ubuntu.com/snapcraft/stable/how-to/debugging/use-the-library-linter)
- library: libmenu.so.6: unused library 'usr/lib/x86_64-linux-gnu/libmenu.so.6.4'. (https://documentation.ubuntu.com/snapcraft/stable/how-to/debugging/use-the-library-linter)
- library: libmfx-tracer.so.1: unused library 'usr/lib/x86_64-linux-gnu/libmfx-tracer.so.1.35'. (https://documentation.ubuntu.com/snapcraft/stable/how-to/debugging/use-the-library-linter)
- library: libmfxhw64.so.1: unused library 'usr/lib/x86_64-linux-gnu/libmfxhw64.so.1.35'. (https://documentation.ubuntu.com/snapcraft/stable/how-to/debugging/use-the-library-linter)
- library: libmpeg2convert.so.0: unused library 'usr/lib/x86_64-linux-gnu/libmpeg2convert.so.0.0.0'. (https://documentation.ubuntu.com/snapcraft/stable/how-to/debugging/use-the-library-linter)
- library: libnssckbi.so: unused library 'usr/lib/x86_64-linux-gnu/libnssckbi.so'. (https://documentation.ubuntu.com/snapcraft/stable/how-to/debugging/use-the-library-linter)
- library: libnssdbm3.so: unused library 'usr/lib/x86_64-linux-gnu/libnssdbm3.so'. (https://documentation.ubuntu.com/snapcraft/stable/how-to/debugging/use-the-library-linter)
- library: liborc-test-0.4.so.0: unused library 'usr/lib/x86_64-linux-gnu/liborc-test-0.4.so.0.38.0'. (https://documentation.ubuntu.com/snapcraft/stable/how-to/debugging/use-the-library-linter)
- library: libpanel.so.6: unused library 'usr/lib/x86_64-linux-gnu/libpanel.so.6.4'. (https://documentation.ubuntu.com/snapcraft/stable/how-to/debugging/use-the-library-linter)
- library: librom1394.so.0: unused library 'usr/lib/x86_64-linux-gnu/librom1394.so.0.3.0'. (https://documentation.ubuntu.com/snapcraft/stable/how-to/debugging/use-the-library-linter)
- library: libshout.so.3: unused library 'usr/lib/x86_64-linux-gnu/libshout.so.3.2.0'. (https://documentation.ubuntu.com/snapcraft/stable/how-to/debugging/use-the-library-linter)
- library: libsmime3.so: unused library 'usr/lib/x86_64-linux-gnu/libsmime3.so'. (https://documentation.ubuntu.com/snapcraft/stable/how-to/debugging/use-the-library-linter)
- library: libsoftokn3.so: unused library 'usr/lib/x86_64-linux-gnu/libsoftokn3.so'. (https://documentation.ubuntu.com/snapcraft/stable/how-to/debugging/use-the-library-linter)
- library: libsphinxad.so.3: unused library 'usr/lib/x86_64-linux-gnu/libsphinxad.so.3.0.0'. (https://documentation.ubuntu.com/snapcraft/stable/how-to/debugging/use-the-library-linter)
- library: libssl3.so: unused library 'usr/lib/x86_64-linux-gnu/libssl3.so'. (https://documentation.ubuntu.com/snapcraft/stable/how-to/debugging/use-the-library-linter)
- library: libtag.so.1: unused library 'usr/lib/x86_64-linux-gnu/libtag.so.1.19.1'. (https://documentation.ubuntu.com/snapcraft/stable/how-to/debugging/use-the-library-linter)
- library: libunwind-coredump.so.0: unused library 'usr/lib/x86_64-linux-gnu/libunwind-coredump.so.0.0.0'. (https://documentation.ubuntu.com/snapcraft/stable/how-to/debugging/use-the-library-linter)
- library: libunwind-ptrace.so.0: unused library 'usr/lib/x86_64-linux-gnu/libunwind-ptrace.so.0.0.0'. (https://documentation.ubuntu.com/snapcraft/stable/how-to/debugging/use-the-library-linter)
- library: libunwind-x86_64.so.8: unused library 'usr/lib/x86_64-linux-gnu/libunwind-x86_64.so.8.0.1'. (https://documentation.ubuntu.com/snapcraft/stable/how-to/debugging/use-the-library-linter)
- library: libvisual-0.4.so.0: unused library 'usr/lib/x86_64-linux-gnu/libvisual-0.4.so.0.0.0'. (https://documentation.ubuntu.com/snapcraft/stable/how-to/debugging/use-the-library-linter)
- library: libwavpack.so.1: unused library 'usr/lib/x86_64-linux-gnu/libwavpack.so.1.2.5'. (https://documentation.ubuntu.com/snapcraft/stable/how-to/debugging/use-the-library-linter)
- library: libzvbi-chains.so.0: unused library 'usr/lib/x86_64-linux-gnu/libzvbi-chains.so.0.0.0'. (https://documentation.ubuntu.com/snapcraft/stable/how-to/debugging/use-the-library-linter)
Creating snap package...
Packed busymark_0.6.1_amd64.snap
